solid OpenSCAD_Model
  facet normal -1 0 0
    outer loop
      vertex -110 -16 104.6
      vertex -110 -15.21 116.4
      vertex -110 -15.21 104.6
    endloop
  endfacet
  facet normal -1 -0 0
    outer loop
      vertex -110 -15.21 116.4
      vertex -110 -16 104.6
      vertex -110 -16 116.4
    endloop
  endfacet
  facet normal -1 0 0
    outer loop
      vertex -110 -16 91.6
      vertex -110 -15.21 103.4
      vertex -110 -15.21 91.6
    endloop
  endfacet
  facet normal -1 -0 0
    outer loop
      vertex -110 -15.21 103.4
      vertex -110 -16 91.6
      vertex -110 -16 103.4
    endloop
  endfacet
  facet normal -1 0 0
    outer loop
      vertex -110 -16 78.6
      vertex -110 -15.21 90.4
      vertex -110 -15.21 78.6
    endloop
  endfacet
  facet normal -1 -0 0
    outer loop
      vertex -110 -15.21 90.4
      vertex -110 -16 78.6
      vertex -110 -16 90.4
    endloop
  endfacet
  facet normal -1 0 0
    outer loop
      vertex -110 -16 65.6
      vertex -110 -15.21 77.4
      vertex -110 -15.21 65.6
    endloop
  endfacet
  facet normal -1 -0 0
    outer loop
      vertex -110 -15.21 77.4
      vertex -110 -16 65.6
      vertex -110 -16 77.4
    endloop
  endfacet
  facet normal -1 0 0
    outer loop
      vertex -110 -16 52.6
      vertex -110 -15.21 64.4
      vertex -110 -15.21 52.6
    endloop
  endfacet
  facet normal -1 -0 0
    outer loop
      vertex -110 -15.21 64.4
      vertex -110 -16 52.6
      vertex -110 -16 64.4
    endloop
  endfacet
  facet normal -1 0 0
    outer loop
      vertex -110 -16 39.6
      vertex -110 -15.21 51.4
      vertex -110 -15.21 39.6
    endloop
  endfacet
  facet normal -1 -0 0
    outer loop
      vertex -110 -15.21 51.4
      vertex -110 -16 39.6
      vertex -110 -16 51.4
    endloop
  endfacet
  facet normal -1 0 0
    outer loop
      vertex -110 -16 26.6
      vertex -110 -15.21 38.4
      vertex -110 -15.21 26.6
    endloop
  endfacet
  facet normal -1 -0 0
    outer loop
      vertex -110 -15.21 38.4
      vertex -110 -16 26.6
      vertex -110 -16 38.4
    endloop
  endfacet
  facet normal -1 0 0
    outer loop
      vertex -110 -16 13.6
      vertex -110 -15.21 25.4
      vertex -110 -15.21 13.6
    endloop
  endfacet
  facet normal -1 -0 0
    outer loop
      vertex -110 -15.21 25.4
      vertex -110 -16 13.6
      vertex -110 -16 25.4
    endloop
  endfacet
  facet normal -1 0 0
    outer loop
      vertex -110 -15.21 64.4
      vertex -110 15.21 64.4
      vertex -110 -15.21 52.6
    endloop
  endfacet
  facet normal -1 0 0
    outer loop
      vertex -110 -15.21 65.6
      vertex -110 15.21 65.6
      vertex -110 -15.21 64.4
    endloop
  endfacet
  facet normal -1 0 0
    outer loop
      vertex -110 16 0
      vertex -110 15.21 12.4
      vertex -110 16 12.4
    endloop
  endfacet
  facet normal -1 0 0
    outer loop
      vertex -110 -15.21 13.6
      vertex -110 15.21 13.6
      vertex -110 15.21 12.4
    endloop
  endfacet
  facet normal -1 0 -0
    outer loop
      vertex -110 6.25 34.25
      vertex -110 15.21 13.6
      vertex -110 -15.21 13.6
    endloop
  endfacet
  facet normal -1 0 0
    outer loop
      vertex -110 15.21 25.4
      vertex -110 6.25 34.25
      vertex -110 15.21 26.6
    endloop
  endfacet
  facet normal -1 0 0
    outer loop
      vertex -110 15.21 26.6
      vertex -110 6.25 34.25
      vertex -110 15.21 38.4
    endloop
  endfacet
  facet normal -1 0 0
    outer loop
      vertex -110 6.25 41.75
      vertex -110 15.21 38.4
      vertex -110 6.25 34.25
    endloop
  endfacet
  facet normal -1 0 0
    outer loop
      vertex -110 15.21 38.4
      vertex -110 6.25 41.75
      vertex -110 15.21 39.6
    endloop
  endfacet
  facet normal -1 0 0
    outer loop
      vertex -110 15.21 39.6
      vertex -110 6.25 41.75
      vertex -110 15.21 51.4
    endloop
  endfacet
  facet normal -1 0 0
    outer loop
      vertex -110 -6.25 41.75
      vertex -110 15.21 52.6
      vertex -110 6.25 41.75
    endloop
  endfacet
  facet normal -1 0 0
    outer loop
      vertex -110 -15.21 52.6
      vertex -110 15.21 52.6
      vertex -110 -6.25 41.75
    endloop
  endfacet
  facet normal -1 0 0
    outer loop
      vertex -110 15.21 52.6
      vertex -110 -15.21 52.6
      vertex -110 15.21 64.4
    endloop
  endfacet
  facet normal -1 0 0
    outer loop
      vertex -110 15.21 65.6
      vertex -110 6.25 84.25
      vertex -110 15.21 77.4
    endloop
  endfacet
  facet normal -1 0 0
    outer loop
      vertex -110 15.21 77.4
      vertex -110 6.25 84.25
      vertex -110 15.21 78.6
    endloop
  endfacet
  facet normal -1 0 0
    outer loop
      vertex -110 15.21 78.6
      vertex -110 6.25 84.25
      vertex -110 15.21 90.4
    endloop
  endfacet
  facet normal -1 0 0
    outer loop
      vertex -110 6.25 91.75
      vertex -110 15.21 90.4
      vertex -110 6.25 84.25
    endloop
  endfacet
  facet normal -1 0 0
    outer loop
      vertex -110 15.21 90.4
      vertex -110 6.25 91.75
      vertex -110 15.21 91.6
    endloop
  endfacet
  facet normal -1 -0 0
    outer loop
      vertex -110 15.21 103.4
      vertex -110 6.25 91.75
      vertex -110 15.21 104.6
    endloop
  endfacet
  facet normal -1 0 0
    outer loop
      vertex -110 -15.21 104.6
      vertex -110 15.21 104.6
      vertex -110 6.25 91.75
    endloop
  endfacet
  facet normal -1 -0 0
    outer loop
      vertex -110 15.21 51.4
      vertex -110 6.25 41.75
      vertex -110 15.21 52.6
    endloop
  endfacet
  facet normal -1 0 0
    outer loop
      vertex -110 -15.21 12.4
      vertex -110 15.21 12.4
      vertex -110 16 0
    endloop
  endfacet
  facet normal -1 0 0
    outer loop
      vertex -110 15.21 13.6
      vertex -110 6.25 34.25
      vertex -110 15.21 25.4
    endloop
  endfacet
  facet normal -1 0 0
    outer loop
      vertex -110 -15.21 38.4
      vertex -110 -6.25 41.75
      vertex -110 -6.25 34.25
    endloop
  endfacet
  facet normal -1 0 0
    outer loop
      vertex -110 15.21 65.6
      vertex -110 -15.21 65.6
      vertex -110 6.25 84.25
    endloop
  endfacet
  facet normal -1 -0 0
    outer loop
      vertex -110 6.25 84.25
      vertex -110 -15.21 65.6
      vertex -110 -6.25 84.25
    endloop
  endfacet
  facet normal -1 0 0
    outer loop
      vertex -110 -15.21 25.4
      vertex -110 -6.25 34.25
      vertex -110 -15.21 13.6
    endloop
  endfacet
  facet normal -1 -0 0
    outer loop
      vertex -110 6.25 34.25
      vertex -110 -15.21 13.6
      vertex -110 -6.25 34.25
    endloop
  endfacet
  facet normal -1 0 0
    outer loop
      vertex -110 15.21 12.4
      vertex -110 -15.21 12.4
      vertex -110 -15.21 13.6
    endloop
  endfacet
  facet normal -1 0 0
    outer loop
      vertex -110 -16 0
      vertex -110 -15.21 12.4
      vertex -110 16 0
    endloop
  endfacet
  facet normal -1 -0 0
    outer loop
      vertex -110 -15.21 12.4
      vertex -110 -16 0
      vertex -110 -16 12.4
    endloop
  endfacet
  facet normal -1 0 0
    outer loop
      vertex -110 15.21 13.6
      vertex -110 16 25.4
      vertex -110 16 13.6
    endloop
  endfacet
  facet normal -1 -0 0
    outer loop
      vertex -110 16 25.4
      vertex -110 15.21 13.6
      vertex -110 15.21 25.4
    endloop
  endfacet
  facet normal -1 0 0
    outer loop
      vertex -110 15.21 26.6
      vertex -110 16 38.4
      vertex -110 16 26.6
    endloop
  endfacet
  facet normal -1 -0 0
    outer loop
      vertex -110 16 38.4
      vertex -110 15.21 26.6
      vertex -110 15.21 38.4
    endloop
  endfacet
  facet normal -1 0 0
    outer loop
      vertex -110 15.21 39.6
      vertex -110 16 51.4
      vertex -110 16 39.6
    endloop
  endfacet
  facet normal -1 -0 0
    outer loop
      vertex -110 16 51.4
      vertex -110 15.21 39.6
      vertex -110 15.21 51.4
    endloop
  endfacet
  facet normal -1 0 0
    outer loop
      vertex -110 15.21 52.6
      vertex -110 16 64.4
      vertex -110 16 52.6
    endloop
  endfacet
  facet normal -1 -0 0
    outer loop
      vertex -110 16 64.4
      vertex -110 15.21 52.6
      vertex -110 15.21 64.4
    endloop
  endfacet
  facet normal -1 0 0
    outer loop
      vertex -110 15.21 65.6
      vertex -110 16 77.4
      vertex -110 16 65.6
    endloop
  endfacet
  facet normal -1 -0 0
    outer loop
      vertex -110 16 77.4
      vertex -110 15.21 65.6
      vertex -110 15.21 77.4
    endloop
  endfacet
  facet normal -1 0 0
    outer loop
      vertex -110 15.21 78.6
      vertex -110 16 90.4
      vertex -110 16 78.6
    endloop
  endfacet
  facet normal -1 -0 0
    outer loop
      vertex -110 16 90.4
      vertex -110 15.21 78.6
      vertex -110 15.21 90.4
    endloop
  endfacet
  facet normal -1 0 0
    outer loop
      vertex -110 15.21 91.6
      vertex -110 16 103.4
      vertex -110 16 91.6
    endloop
  endfacet
  facet normal -1 -0 0
    outer loop
      vertex -110 16 103.4
      vertex -110 15.21 91.6
      vertex -110 15.21 103.4
    endloop
  endfacet
  facet normal -1 0 0
    outer loop
      vertex -110 15.21 104.6
      vertex -110 16 116.4
      vertex -110 16 104.6
    endloop
  endfacet
  facet normal -1 -0 0
    outer loop
      vertex -110 16 116.4
      vertex -110 15.21 104.6
      vertex -110 15.21 116.4
    endloop
  endfacet
  facet normal -1 0 0
    outer loop
      vertex -110 11 125
      vertex -110 16 117.6
      vertex -110 15.21 117.6
    endloop
  endfacet
  facet normal -1 0 0
    outer loop
      vertex -110 16 117.6
      vertex -110 11 125
      vertex -110 16 130
    endloop
  endfacet
  facet normal -1 -0 0
    outer loop
      vertex -110 16 130
      vertex -110 11 125
      vertex -110 11 130
    endloop
  endfacet
  facet normal -1 0 0
    outer loop
      vertex -110 15.21 91.6
      vertex -110 6.25 91.75
      vertex -110 15.21 103.4
    endloop
  endfacet
  facet normal -1 0 0
    outer loop
      vertex -110 15.21 104.6
      vertex -110 -15.21 104.6
      vertex -110 15.21 116.4
    endloop
  endfacet
  facet normal -1 0 0
    outer loop
      vertex -110 -15.21 104.6
      vertex -110 6.25 91.75
      vertex -110 -6.25 91.75
    endloop
  endfacet
  facet normal -1 0 0
    outer loop
      vertex -110 -15.21 116.4
      vertex -110 15.21 116.4
      vertex -110 -15.21 104.6
    endloop
  endfacet
  facet normal -1 0 0
    outer loop
      vertex -110 15.21 116.4
      vertex -110 11 125
      vertex -110 15.21 117.6
    endloop
  endfacet
  facet normal -1 0 0
    outer loop
      vertex -110 -15.21 26.6
      vertex -110 -6.25 34.25
      vertex -110 -15.21 25.4
    endloop
  endfacet
  facet normal -1 0 0
    outer loop
      vertex -110 -15.21 38.4
      vertex -110 -6.25 34.25
      vertex -110 -15.21 26.6
    endloop
  endfacet
  facet normal -1 0 0
    outer loop
      vertex -110 -6.25 41.75
      vertex -110 -15.21 38.4
      vertex -110 -15.21 39.6
    endloop
  endfacet
  facet normal -1 -0 0
    outer loop
      vertex -110 -6.25 41.75
      vertex -110 -15.21 39.6
      vertex -110 -15.21 51.4
    endloop
  endfacet
  facet normal -1 0 0
    outer loop
      vertex -110 -6.25 41.75
      vertex -110 -15.21 51.4
      vertex -110 -15.21 52.6
    endloop
  endfacet
  facet normal -1 0 0
    outer loop
      vertex -110 15.21 64.4
      vertex -110 -15.21 64.4
      vertex -110 15.21 65.6
    endloop
  endfacet
  facet normal -1 0 0
    outer loop
      vertex -110 -15.21 77.4
      vertex -110 -6.25 84.25
      vertex -110 -15.21 65.6
    endloop
  endfacet
  facet normal -1 0 0
    outer loop
      vertex -110 -15.21 78.6
      vertex -110 -6.25 84.25
      vertex -110 -15.21 77.4
    endloop
  endfacet
  facet normal -1 0 0
    outer loop
      vertex -110 -15.21 90.4
      vertex -110 -6.25 84.25
      vertex -110 -15.21 78.6
    endloop
  endfacet
  facet normal -1 0 0
    outer loop
      vertex -110 -6.25 84.25
      vertex -110 -15.21 90.4
      vertex -110 -6.25 91.75
    endloop
  endfacet
  facet normal -1 0 0
    outer loop
      vertex -110 -15.21 91.6
      vertex -110 -6.25 91.75
      vertex -110 -15.21 90.4
    endloop
  endfacet
  facet normal -1 0 0
    outer loop
      vertex -110 -15.21 103.4
      vertex -110 -6.25 91.75
      vertex -110 -15.21 91.6
    endloop
  endfacet
  facet normal -1 0 0
    outer loop
      vertex -110 -15.21 104.6
      vertex -110 -6.25 91.75
      vertex -110 -15.21 103.4
    endloop
  endfacet
  facet normal -1 0 -0
    outer loop
      vertex -110 -11 125
      vertex -110 15.21 116.4
      vertex -110 -15.21 116.4
    endloop
  endfacet
  facet normal -1 -0 -0
    outer loop
      vertex -110 11 125
      vertex -110 15.21 116.4
      vertex -110 -11 125
    endloop
  endfacet
  facet normal -1 0 0
    outer loop
      vertex -110 -15.21 117.6
      vertex -110 -11 125
      vertex -110 -15.21 116.4
    endloop
  endfacet
  facet normal -1 0 0
    outer loop
      vertex -110 -16 117.6
      vertex -110 -11 125
      vertex -110 -15.21 117.6
    endloop
  endfacet
  facet normal -1 -0 0
    outer loop
      vertex -110 -11 125
      vertex -110 -16 117.6
      vertex -110 -16 130
    endloop
  endfacet
  facet normal -1 0 0
    outer loop
      vertex -110 -11 125
      vertex -110 -16 130
      vertex -110 -11 130
    endloop
  endfacet
  facet normal -0 0 1
    outer loop
      vertex 102 -11 130
      vertex 110 -16 130
      vertex 110 -11 130
    endloop
  endfacet
  facet normal 0 0 1
    outer loop
      vertex 110 -16 130
      vertex 102 -11 130
      vertex 102 -16 130
    endloop
  endfacet
  facet normal -0 0 1
    outer loop
      vertex -110 -11 130
      vertex -102 -16 130
      vertex -102 -11 130
    endloop
  endfacet
  facet normal 0 0 1
    outer loop
      vertex -102 -16 130
      vertex -110 -11 130
      vertex -110 -16 130
    endloop
  endfacet
  facet normal -0 0 1
    outer loop
      vertex -87 -11 130
      vertex -75 -16 130
      vertex -75 -11 130
    endloop
  endfacet
  facet normal 0 0 1
    outer loop
      vertex -75 -16 130
      vertex -87 -11 130
      vertex -87 -16 130
    endloop
  endfacet
  facet normal -0 0 1
    outer loop
      vertex -60 -11 130
      vertex -48 -16 130
      vertex -48 -11 130
    endloop
  endfacet
  facet normal 0 0 1
    outer loop
      vertex -48 -16 130
      vertex -60 -11 130
      vertex -60 -16 130
    endloop
  endfacet
  facet normal -0 0 1
    outer loop
      vertex -33 -11 130
      vertex -21 -16 130
      vertex -21 -11 130
    endloop
  endfacet
  facet normal 0 0 1
    outer loop
      vertex -21 -16 130
      vertex -33 -11 130
      vertex -33 -16 130
    endloop
  endfacet
  facet normal -0 0 1
    outer loop
      vertex 75 -11 130
      vertex 87 -16 130
      vertex 87 -11 130
    endloop
  endfacet
  facet normal 0 0 1
    outer loop
      vertex 87 -16 130
      vertex 75 -11 130
      vertex 75 -16 130
    endloop
  endfacet
  facet normal -0 0 1
    outer loop
      vertex 48 -11 130
      vertex 60 -16 130
      vertex 60 -11 130
    endloop
  endfacet
  facet normal 0 0 1
    outer loop
      vertex 60 -16 130
      vertex 48 -11 130
      vertex 48 -16 130
    endloop
  endfacet
  facet normal -0 0 1
    outer loop
      vertex 21 -11 130
      vertex 33 -16 130
      vertex 33 -11 130
    endloop
  endfacet
  facet normal 0 0 1
    outer loop
      vertex 33 -16 130
      vertex 21 -11 130
      vertex 21 -16 130
    endloop
  endfacet
  facet normal -0 0 1
    outer loop
      vertex -6 -11 130
      vertex 6 -16 130
      vertex 6 -11 130
    endloop
  endfacet
  facet normal 0 0 1
    outer loop
      vertex 6 -16 130
      vertex -6 -11 130
      vertex -6 -16 130
    endloop
  endfacet
  facet normal 1 -0 0
    outer loop
      vertex 110 -16 25.4
      vertex 110 -15.21 13.6
      vertex 110 -15.21 25.4
    endloop
  endfacet
  facet normal 1 0 0
    outer loop
      vertex 110 -15.21 13.6
      vertex 110 -16 25.4
      vertex 110 -16 13.6
    endloop
  endfacet
  facet normal 1 -0 0
    outer loop
      vertex 110 -16 38.4
      vertex 110 -15.21 26.6
      vertex 110 -15.21 38.4
    endloop
  endfacet
  facet normal 1 0 0
    outer loop
      vertex 110 -15.21 26.6
      vertex 110 -16 38.4
      vertex 110 -16 26.6
    endloop
  endfacet
  facet normal 1 -0 0
    outer loop
      vertex 110 -16 51.4
      vertex 110 -15.21 39.6
      vertex 110 -15.21 51.4
    endloop
  endfacet
  facet normal 1 0 0
    outer loop
      vertex 110 -15.21 39.6
      vertex 110 -16 51.4
      vertex 110 -16 39.6
    endloop
  endfacet
  facet normal 1 -0 0
    outer loop
      vertex 110 -16 64.4
      vertex 110 -15.21 52.6
      vertex 110 -15.21 64.4
    endloop
  endfacet
  facet normal 1 0 0
    outer loop
      vertex 110 -15.21 52.6
      vertex 110 -16 64.4
      vertex 110 -16 52.6
    endloop
  endfacet
  facet normal 1 -0 0
    outer loop
      vertex 110 -16 77.4
      vertex 110 -15.21 65.6
      vertex 110 -15.21 77.4
    endloop
  endfacet
  facet normal 1 0 0
    outer loop
      vertex 110 -15.21 65.6
      vertex 110 -16 77.4
      vertex 110 -16 65.6
    endloop
  endfacet
  facet normal 1 -0 0
    outer loop
      vertex 110 -16 90.4
      vertex 110 -15.21 78.6
      vertex 110 -15.21 90.4
    endloop
  endfacet
  facet normal 1 0 0
    outer loop
      vertex 110 -15.21 78.6
      vertex 110 -16 90.4
      vertex 110 -16 78.6
    endloop
  endfacet
  facet normal 1 -0 0
    outer loop
      vertex 110 -16 103.4
      vertex 110 -15.21 91.6
      vertex 110 -15.21 103.4
    endloop
  endfacet
  facet normal 1 0 0
    outer loop
      vertex 110 -15.21 91.6
      vertex 110 -16 103.4
      vertex 110 -16 91.6
    endloop
  endfacet
  facet normal 1 -0 0
    outer loop
      vertex 110 -16 116.4
      vertex 110 -15.21 104.6
      vertex 110 -15.21 116.4
    endloop
  endfacet
  facet normal 1 0 0
    outer loop
      vertex 110 -15.21 104.6
      vertex 110 -16 116.4
      vertex 110 -16 104.6
    endloop
  endfacet
  facet normal 1 -0 0
    outer loop
      vertex 110 -16 130
      vertex 110 -11 125
      vertex 110 -11 130
    endloop
  endfacet
  facet normal 1 0 0
    outer loop
      vertex 110 -16 117.6
      vertex 110 -11 125
      vertex 110 -16 130
    endloop
  endfacet
  facet normal 1 0 0
    outer loop
      vertex 110 -11 125
      vertex 110 -16 117.6
      vertex 110 -15.21 117.6
    endloop
  endfacet
  facet normal 1 -0 0
    outer loop
      vertex 110 11 125
      vertex 110 16 117.6
      vertex 110 16 130
    endloop
  endfacet
  facet normal 1 0 0
    outer loop
      vertex 110 11 125
      vertex 110 15.21 116.4
      vertex 110 15.21 117.6
    endloop
  endfacet
  facet normal 1 0 0
    outer loop
      vertex 110 15.21 116.4
      vertex 110 -15.21 116.4
      vertex 110 15.21 104.6
    endloop
  endfacet
  facet normal 1 0 -0
    outer loop
      vertex 110 6.25 91.75
      vertex 110 15.21 104.6
      vertex 110 -15.21 104.6
    endloop
  endfacet
  facet normal 1 0 0
    outer loop
      vertex 110 15.21 103.4
      vertex 110 6.25 91.75
      vertex 110 15.21 91.6
    endloop
  endfacet
  facet normal 1 0 0
    outer loop
      vertex 110 15.21 91.6
      vertex 110 6.25 91.75
      vertex 110 15.21 90.4
    endloop
  endfacet
  facet normal 1 0 0
    outer loop
      vertex 110 6.25 84.25
      vertex 110 15.21 90.4
      vertex 110 6.25 91.75
    endloop
  endfacet
  facet normal 1 0 0
    outer loop
      vertex 110 15.21 90.4
      vertex 110 6.25 84.25
      vertex 110 15.21 78.6
    endloop
  endfacet
  facet normal 1 0 0
    outer loop
      vertex 110 15.21 78.6
      vertex 110 6.25 84.25
      vertex 110 15.21 77.4
    endloop
  endfacet
  facet normal 1 0 0
    outer loop
      vertex 110 15.21 77.4
      vertex 110 6.25 84.25
      vertex 110 15.21 65.6
    endloop
  endfacet
  facet normal 1 0 0
    outer loop
      vertex 110 15.21 65.6
      vertex 110 -15.21 65.6
      vertex 110 15.21 64.4
    endloop
  endfacet
  facet normal 1 0 0
    outer loop
      vertex 110 -15.21 64.4
      vertex 110 15.21 64.4
      vertex 110 -15.21 65.6
    endloop
  endfacet
  facet normal 1 0 0
    outer loop
      vertex 110 -15.21 65.6
      vertex 110 6.25 84.25
      vertex 110 -6.25 84.25
    endloop
  endfacet
  facet normal 1 0 0
    outer loop
      vertex 110 15.21 51.4
      vertex 110 6.25 41.75
      vertex 110 15.21 39.6
    endloop
  endfacet
  facet normal 1 0 0
    outer loop
      vertex 110 15.21 39.6
      vertex 110 6.25 41.75
      vertex 110 15.21 38.4
    endloop
  endfacet
  facet normal 1 0 0
    outer loop
      vertex 110 6.25 34.25
      vertex 110 15.21 38.4
      vertex 110 6.25 41.75
    endloop
  endfacet
  facet normal 1 0 0
    outer loop
      vertex 110 15.21 38.4
      vertex 110 6.25 34.25
      vertex 110 15.21 26.6
    endloop
  endfacet
  facet normal 1 0 0
    outer loop
      vertex 110 16 117.6
      vertex 110 11 125
      vertex 110 15.21 117.6
    endloop
  endfacet
  facet normal 1 0 0
    outer loop
      vertex 110 11 125
      vertex 110 16 130
      vertex 110 11 130
    endloop
  endfacet
  facet normal 1 -0 0
    outer loop
      vertex 110 15.21 116.4
      vertex 110 16 104.6
      vertex 110 16 116.4
    endloop
  endfacet
  facet normal 1 0 0
    outer loop
      vertex 110 16 104.6
      vertex 110 15.21 116.4
      vertex 110 15.21 104.6
    endloop
  endfacet
  facet normal 1 -0 0
    outer loop
      vertex 110 15.21 103.4
      vertex 110 16 91.6
      vertex 110 16 103.4
    endloop
  endfacet
  facet normal 1 0 0
    outer loop
      vertex 110 16 91.6
      vertex 110 15.21 103.4
      vertex 110 15.21 91.6
    endloop
  endfacet
  facet normal 1 -0 0
    outer loop
      vertex 110 15.21 90.4
      vertex 110 16 78.6
      vertex 110 16 90.4
    endloop
  endfacet
  facet normal 1 0 0
    outer loop
      vertex 110 16 78.6
      vertex 110 15.21 90.4
      vertex 110 15.21 78.6
    endloop
  endfacet
  facet normal 1 -0 0
    outer loop
      vertex 110 15.21 77.4
      vertex 110 16 65.6
      vertex 110 16 77.4
    endloop
  endfacet
  facet normal 1 0 0
    outer loop
      vertex 110 16 65.6
      vertex 110 15.21 77.4
      vertex 110 15.21 65.6
    endloop
  endfacet
  facet normal 1 -0 0
    outer loop
      vertex 110 15.21 64.4
      vertex 110 16 52.6
      vertex 110 16 64.4
    endloop
  endfacet
  facet normal 1 0 0
    outer loop
      vertex 110 16 52.6
      vertex 110 15.21 64.4
      vertex 110 15.21 52.6
    endloop
  endfacet
  facet normal 1 -0 0
    outer loop
      vertex 110 15.21 51.4
      vertex 110 16 39.6
      vertex 110 16 51.4
    endloop
  endfacet
  facet normal 1 0 0
    outer loop
      vertex 110 16 39.6
      vertex 110 15.21 51.4
      vertex 110 15.21 39.6
    endloop
  endfacet
  facet normal 1 -0 0
    outer loop
      vertex 110 15.21 38.4
      vertex 110 16 26.6
      vertex 110 16 38.4
    endloop
  endfacet
  facet normal 1 0 0
    outer loop
      vertex 110 16 26.6
      vertex 110 15.21 38.4
      vertex 110 15.21 26.6
    endloop
  endfacet
  facet normal 1 -0 0
    outer loop
      vertex 110 15.21 25.4
      vertex 110 16 13.6
      vertex 110 16 25.4
    endloop
  endfacet
  facet normal 1 0 0
    outer loop
      vertex 110 16 13.6
      vertex 110 15.21 25.4
      vertex 110 15.21 13.6
    endloop
  endfacet
  facet normal 1 -0 0
    outer loop
      vertex 110 15.21 12.4
      vertex 110 16 0
      vertex 110 16 12.4
    endloop
  endfacet
  facet normal 1 0 0
    outer loop
      vertex 110 15.21 116.4
      vertex 110 11 125
      vertex 110 -15.21 116.4
    endloop
  endfacet
  facet normal 1 0 0
    outer loop
      vertex 110 -15.21 65.6
      vertex 110 15.21 65.6
      vertex 110 6.25 84.25
    endloop
  endfacet
  facet normal 1 0 0
    outer loop
      vertex 110 15.21 26.6
      vertex 110 6.25 34.25
      vertex 110 15.21 25.4
    endloop
  endfacet
  facet normal 1 0 0
    outer loop
      vertex 110 15.21 25.4
      vertex 110 6.25 34.25
      vertex 110 15.21 13.6
    endloop
  endfacet
  facet normal 1 0 0
    outer loop
      vertex 110 -15.21 13.6
      vertex 110 15.21 13.6
      vertex 110 6.25 34.25
    endloop
  endfacet
  facet normal 1 0 0
    outer loop
      vertex 110 15.21 13.6
      vertex 110 -15.21 13.6
      vertex 110 15.21 12.4
    endloop
  endfacet
  facet normal 1 0 0
    outer loop
      vertex 110 -15.21 13.6
      vertex 110 6.25 34.25
      vertex 110 -6.25 34.25
    endloop
  endfacet
  facet normal 1 -0 0
    outer loop
      vertex 110 -15.21 103.4
      vertex 110 -6.25 91.75
      vertex 110 -15.21 104.6
    endloop
  endfacet
  facet normal 1 0 0
    outer loop
      vertex 110 -15.21 91.6
      vertex 110 -6.25 91.75
      vertex 110 -15.21 103.4
    endloop
  endfacet
  facet normal 1 0 0
    outer loop
      vertex 110 -15.21 90.4
      vertex 110 -6.25 91.75
      vertex 110 -15.21 91.6
    endloop
  endfacet
  facet normal 1 0 0
    outer loop
      vertex 110 -6.25 91.75
      vertex 110 -15.21 90.4
      vertex 110 -6.25 84.25
    endloop
  endfacet
  facet normal 1 0 0
    outer loop
      vertex 110 -15.21 78.6
      vertex 110 -6.25 84.25
      vertex 110 -15.21 90.4
    endloop
  endfacet
  facet normal 1 0 0
    outer loop
      vertex 110 -15.21 77.4
      vertex 110 -6.25 84.25
      vertex 110 -15.21 78.6
    endloop
  endfacet
  facet normal 1 0 0
    outer loop
      vertex 110 -15.21 65.6
      vertex 110 -6.25 84.25
      vertex 110 -15.21 77.4
    endloop
  endfacet
  facet normal 1 0 0
    outer loop
      vertex 110 -15.21 52.6
      vertex 110 15.21 52.6
      vertex 110 -15.21 64.4
    endloop
  endfacet
  facet normal 1 0 -0
    outer loop
      vertex 110 -6.25 41.75
      vertex 110 15.21 52.6
      vertex 110 -15.21 52.6
    endloop
  endfacet
  facet normal 1 0 -0
    outer loop
      vertex 110 6.25 41.75
      vertex 110 15.21 52.6
      vertex 110 -6.25 41.75
    endloop
  endfacet
  facet normal 1 -0 0
    outer loop
      vertex 110 -15.21 51.4
      vertex 110 -6.25 41.75
      vertex 110 -15.21 52.6
    endloop
  endfacet
  facet normal 1 0 0
    outer loop
      vertex 110 -15.21 39.6
      vertex 110 -6.25 41.75
      vertex 110 -15.21 51.4
    endloop
  endfacet
  facet normal 1 0 0
    outer loop
      vertex 110 -15.21 38.4
      vertex 110 -6.25 41.75
      vertex 110 -15.21 39.6
    endloop
  endfacet
  facet normal 1 0 0
    outer loop
      vertex 110 -6.25 41.75
      vertex 110 -15.21 38.4
      vertex 110 -6.25 34.25
    endloop
  endfacet
  facet normal 1 0 0
    outer loop
      vertex 110 -15.21 26.6
      vertex 110 -6.25 34.25
      vertex 110 -15.21 38.4
    endloop
  endfacet
  facet normal 1 0 0
    outer loop
      vertex 110 -15.21 25.4
      vertex 110 -6.25 34.25
      vertex 110 -15.21 26.6
    endloop
  endfacet
  facet normal 1 0 0
    outer loop
      vertex 110 -15.21 13.6
      vertex 110 -6.25 34.25
      vertex 110 -15.21 25.4
    endloop
  endfacet
  facet normal 1 0 0
    outer loop
      vertex 110 -15.21 12.4
      vertex 110 15.21 12.4
      vertex 110 -15.21 13.6
    endloop
  endfacet
  facet normal 1 0 0
    outer loop
      vertex 110 15.21 12.4
      vertex 110 -15.21 12.4
      vertex 110 16 0
    endloop
  endfacet
  facet normal 1 0 0
    outer loop
      vertex 110 -16 0
      vertex 110 -15.21 12.4
      vertex 110 -16 12.4
    endloop
  endfacet
  facet normal 1 0 0
    outer loop
      vertex 110 -15.21 12.4
      vertex 110 -16 0
      vertex 110 16 0
    endloop
  endfacet
  facet normal 1 0 0
    outer loop
      vertex 110 15.21 64.4
      vertex 110 -15.21 64.4
      vertex 110 15.21 52.6
    endloop
  endfacet
  facet normal 1 0 0
    outer loop
      vertex 110 15.21 52.6
      vertex 110 6.25 41.75
      vertex 110 15.21 51.4
    endloop
  endfacet
  facet normal 1 -0 0
    outer loop
      vertex 110 -11 125
      vertex 110 -15.21 116.4
      vertex 110 11 125
    endloop
  endfacet
  facet normal 1 0 0
    outer loop
      vertex 110 15.21 104.6
      vertex 110 -15.21 116.4
      vertex 110 -15.21 104.6
    endloop
  endfacet
  facet normal 1 0 0
    outer loop
      vertex 110 15.21 104.6
      vertex 110 6.25 91.75
      vertex 110 15.21 103.4
    endloop
  endfacet
  facet normal 1 0 0
    outer loop
      vertex 110 6.25 91.75
      vertex 110 -15.21 104.6
      vertex 110 -6.25 91.75
    endloop
  endfacet
  facet normal 1 0 0
    outer loop
      vertex 110 -15.21 116.4
      vertex 110 -11 125
      vertex 110 -15.21 117.6
    endloop
  endfacet
  facet normal 0 1 -0
    outer loop
      vertex 110 -11 125
      vertex 102 -11 130
      vertex 110 -11 130
    endloop
  endfacet
  facet normal 0 1 0
    outer loop
      vertex 102 -11 130
      vertex 110 -11 125
      vertex 87 -11 130
    endloop
  endfacet
  facet normal 0 1 0
    outer loop
      vertex 87 -11 130
      vertex 110 -11 125
      vertex 75 -11 130
    endloop
  endfacet
  facet normal 0 1 0
    outer loop
      vertex 75 -11 130
      vertex 110 -11 125
      vertex 60 -11 130
    endloop
  endfacet
  facet normal 0 1 0
    outer loop
      vertex 60 -11 130
      vertex 110 -11 125
      vertex 48 -11 130
    endloop
  endfacet
  facet normal 0 1 0
    outer loop
      vertex 48 -11 130
      vertex 110 -11 125
      vertex 33 -11 130
    endloop
  endfacet
  facet normal 0 1 0
    outer loop
      vertex 33 -11 130
      vertex 110 -11 125
      vertex 21 -11 130
    endloop
  endfacet
  facet normal 0 1 0
    outer loop
      vertex 21 -11 130
      vertex 110 -11 125
      vertex 6 -11 130
    endloop
  endfacet
  facet normal 0 1 0
    outer loop
      vertex 6 -11 130
      vertex 110 -11 125
      vertex -6 -11 130
    endloop
  endfacet
  facet normal 0 1 0
    outer loop
      vertex -110 -11 125
      vertex -6 -11 130
      vertex 110 -11 125
    endloop
  endfacet
  facet normal 0 1 0
    outer loop
      vertex -6 -11 130
      vertex -110 -11 125
      vertex -21 -11 130
    endloop
  endfacet
  facet normal 0 1 0
    outer loop
      vertex -21 -11 130
      vertex -110 -11 125
      vertex -33 -11 130
    endloop
  endfacet
  facet normal 0 1 0
    outer loop
      vertex -33 -11 130
      vertex -110 -11 125
      vertex -48 -11 130
    endloop
  endfacet
  facet normal 0 1 0
    outer loop
      vertex -48 -11 130
      vertex -110 -11 125
      vertex -60 -11 130
    endloop
  endfacet
  facet normal 0 1 0
    outer loop
      vertex -60 -11 130
      vertex -110 -11 125
      vertex -75 -11 130
    endloop
  endfacet
  facet normal 0 1 0
    outer loop
      vertex -75 -11 130
      vertex -110 -11 125
      vertex -87 -11 130
    endloop
  endfacet
  facet normal 0 1 0
    outer loop
      vertex -87 -11 130
      vertex -110 -11 125
      vertex -102 -11 130
    endloop
  endfacet
  facet normal 0 1 0
    outer loop
      vertex -102 -11 130
      vertex -110 -11 125
      vertex -110 -11 130
    endloop
  endfacet
  facet normal 0 1 -0
    outer loop
      vertex 102 -11 130
      vertex 87 -11 140
      vertex 102 -11 140
    endloop
  endfacet
  facet normal 0 1 0
    outer loop
      vertex 87 -11 140
      vertex 102 -11 130
      vertex 87 -11 130
    endloop
  endfacet
  facet normal 0 1 -0
    outer loop
      vertex 75 -11 130
      vertex 60 -11 140
      vertex 75 -11 140
    endloop
  endfacet
  facet normal 0 1 0
    outer loop
      vertex 60 -11 140
      vertex 75 -11 130
      vertex 60 -11 130
    endloop
  endfacet
  facet normal 0 1 -0
    outer loop
      vertex 48 -11 130
      vertex 33 -11 140
      vertex 48 -11 140
    endloop
  endfacet
  facet normal 0 1 0
    outer loop
      vertex 33 -11 140
      vertex 48 -11 130
      vertex 33 -11 130
    endloop
  endfacet
  facet normal 0 1 -0
    outer loop
      vertex 21 -11 130
      vertex 6 -11 140
      vertex 21 -11 140
    endloop
  endfacet
  facet normal 0 1 0
    outer loop
      vertex 6 -11 140
      vertex 21 -11 130
      vertex 6 -11 130
    endloop
  endfacet
  facet normal 0 1 -0
    outer loop
      vertex -6 -11 130
      vertex -21 -11 140
      vertex -6 -11 140
    endloop
  endfacet
  facet normal 0 1 0
    outer loop
      vertex -21 -11 140
      vertex -6 -11 130
      vertex -21 -11 130
    endloop
  endfacet
  facet normal 0 1 -0
    outer loop
      vertex -33 -11 130
      vertex -48 -11 140
      vertex -33 -11 140
    endloop
  endfacet
  facet normal 0 1 0
    outer loop
      vertex -48 -11 140
      vertex -33 -11 130
      vertex -48 -11 130
    endloop
  endfacet
  facet normal 0 1 -0
    outer loop
      vertex -60 -11 130
      vertex -75 -11 140
      vertex -60 -11 140
    endloop
  endfacet
  facet normal 0 1 0
    outer loop
      vertex -75 -11 140
      vertex -60 -11 130
      vertex -75 -11 130
    endloop
  endfacet
  facet normal 0 1 -0
    outer loop
      vertex -87 -11 130
      vertex -102 -11 140
      vertex -87 -11 140
    endloop
  endfacet
  facet normal 0 1 0
    outer loop
      vertex -102 -11 140
      vertex -87 -11 130
      vertex -102 -11 130
    endloop
  endfacet
  facet normal -0 0 1
    outer loop
      vertex -110 11 125
      vertex 110 -11 125
      vertex 110 11 125
    endloop
  endfacet
  facet normal 0 0 1
    outer loop
      vertex 110 -11 125
      vertex -110 11 125
      vertex -110 -11 125
    endloop
  endfacet
  facet normal 0 -1 0
    outer loop
      vertex -110 -16 0
      vertex -98.6 -16 12.4
      vertex -110 -16 12.4
    endloop
  endfacet
  facet normal 0 -1 -0
    outer loop
      vertex -98.6 -16 12.4
      vertex -110 -16 0
      vertex -98.6 -16 0
    endloop
  endfacet
  facet normal 0 -1 0
    outer loop
      vertex 94.6 -16 0
      vertex 110 -16 12.4
      vertex 94.6 -16 12.4
    endloop
  endfacet
  facet normal 0 -1 -0
    outer loop
      vertex 110 -16 12.4
      vertex 94.6 -16 0
      vertex 110 -16 0
    endloop
  endfacet
  facet normal 0 -1 0
    outer loop
      vertex -110 -16 117.6
      vertex -102 -16 130
      vertex -110 -16 130
    endloop
  endfacet
  facet normal 0 -1 -0
    outer loop
      vertex -102 -16 130
      vertex -110 -16 117.6
      vertex -87 -16 130
    endloop
  endfacet
  facet normal 0 -1 -0
    outer loop
      vertex -87 -16 130
      vertex -110 -16 117.6
      vertex -75 -16 130
    endloop
  endfacet
  facet normal 0 -1 -0
    outer loop
      vertex -75 -16 130
      vertex -110 -16 117.6
      vertex -60 -16 130
    endloop
  endfacet
  facet normal 0 -1 -0
    outer loop
      vertex -60 -16 130
      vertex -110 -16 117.6
      vertex -48 -16 130
    endloop
  endfacet
  facet normal 0 -1 -0
    outer loop
      vertex -48 -16 130
      vertex -110 -16 117.6
      vertex -33 -16 130
    endloop
  endfacet
  facet normal 0 -1 -0
    outer loop
      vertex -33 -16 130
      vertex -110 -16 117.6
      vertex -21 -16 130
    endloop
  endfacet
  facet normal 0 -1 -0
    outer loop
      vertex -21 -16 130
      vertex -110 -16 117.6
      vertex -6 -16 130
    endloop
  endfacet
  facet normal 0 -1 -0
    outer loop
      vertex -6 -16 130
      vertex -110 -16 117.6
      vertex 6 -16 130
    endloop
  endfacet
  facet normal 0 -1 0
    outer loop
      vertex 110 -16 117.6
      vertex 6 -16 130
      vertex -110 -16 117.6
    endloop
  endfacet
  facet normal 0 -1 0
    outer loop
      vertex 6 -16 130
      vertex 110 -16 117.6
      vertex 21 -16 130
    endloop
  endfacet
  facet normal 0 -1 0
    outer loop
      vertex 21 -16 130
      vertex 110 -16 117.6
      vertex 33 -16 130
    endloop
  endfacet
  facet normal 0 -1 0
    outer loop
      vertex 33 -16 130
      vertex 110 -16 117.6
      vertex 48 -16 130
    endloop
  endfacet
  facet normal 0 -1 0
    outer loop
      vertex 48 -16 130
      vertex 110 -16 117.6
      vertex 60 -16 130
    endloop
  endfacet
  facet normal 0 -1 0
    outer loop
      vertex 60 -16 130
      vertex 110 -16 117.6
      vertex 75 -16 130
    endloop
  endfacet
  facet normal 0 -1 0
    outer loop
      vertex 75 -16 130
      vertex 110 -16 117.6
      vertex 87 -16 130
    endloop
  endfacet
  facet normal 0 -1 0
    outer loop
      vertex 87 -16 130
      vertex 110 -16 117.6
      vertex 102 -16 130
    endloop
  endfacet
  facet normal 0 -1 0
    outer loop
      vertex 102 -16 130
      vertex 110 -16 117.6
      vertex 110 -16 130
    endloop
  endfacet
  facet normal 0 -1 0
    outer loop
      vertex -102 -16 130
      vertex -87 -16 140
      vertex -102 -16 140
    endloop
  endfacet
  facet normal 0 -1 -0
    outer loop
      vertex -87 -16 140
      vertex -102 -16 130
      vertex -87 -16 130
    endloop
  endfacet
  facet normal 0 -1 0
    outer loop
      vertex -75 -16 130
      vertex -60 -16 140
      vertex -75 -16 140
    endloop
  endfacet
  facet normal 0 -1 -0
    outer loop
      vertex -60 -16 140
      vertex -75 -16 130
      vertex -60 -16 130
    endloop
  endfacet
  facet normal 0 -1 0
    outer loop
      vertex -48 -16 130
      vertex -33 -16 140
      vertex -48 -16 140
    endloop
  endfacet
  facet normal 0 -1 -0
    outer loop
      vertex -33 -16 140
      vertex -48 -16 130
      vertex -33 -16 130
    endloop
  endfacet
  facet normal 0 -1 0
    outer loop
      vertex -21 -16 130
      vertex -6 -16 140
      vertex -21 -16 140
    endloop
  endfacet
  facet normal 0 -1 -0
    outer loop
      vertex -6 -16 140
      vertex -21 -16 130
      vertex -6 -16 130
    endloop
  endfacet
  facet normal 0 -1 0
    outer loop
      vertex 6 -16 130
      vertex 21 -16 140
      vertex 6 -16 140
    endloop
  endfacet
  facet normal 0 -1 -0
    outer loop
      vertex 21 -16 140
      vertex 6 -16 130
      vertex 21 -16 130
    endloop
  endfacet
  facet normal 0 -1 0
    outer loop
      vertex 33 -16 130
      vertex 48 -16 140
      vertex 33 -16 140
    endloop
  endfacet
  facet normal 0 -1 -0
    outer loop
      vertex 48 -16 140
      vertex 33 -16 130
      vertex 48 -16 130
    endloop
  endfacet
  facet normal 0 -1 0
    outer loop
      vertex 60 -16 130
      vertex 75 -16 140
      vertex 60 -16 140
    endloop
  endfacet
  facet normal 0 -1 -0
    outer loop
      vertex 75 -16 140
      vertex 60 -16 130
      vertex 75 -16 130
    endloop
  endfacet
  facet normal 0 -1 0
    outer loop
      vertex 87 -16 130
      vertex 102 -16 140
      vertex 87 -16 140
    endloop
  endfacet
  facet normal 0 -1 -0
    outer loop
      vertex 102 -16 140
      vertex 87 -16 130
      vertex 102 -16 130
    endloop
  endfacet
  facet normal 0 -1 0
    outer loop
      vertex -97.4 -16 0
      vertex -74.6 -16 12.4
      vertex -97.4 -16 12.4
    endloop
  endfacet
  facet normal 0 -1 -0
    outer loop
      vertex -74.6 -16 12.4
      vertex -97.4 -16 0
      vertex -74.6 -16 0
    endloop
  endfacet
  facet normal 0 -1 0
    outer loop
      vertex -73.4 -16 0
      vertex -50.6 -16 12.4
      vertex -73.4 -16 12.4
    endloop
  endfacet
  facet normal 0 -1 -0
    outer loop
      vertex -50.6 -16 12.4
      vertex -73.4 -16 0
      vertex -50.6 -16 0
    endloop
  endfacet
  facet normal 0 -1 0
    outer loop
      vertex -49.4 -16 12.4
      vertex -46 -16 12
      vertex -46 -16 12.4
    endloop
  endfacet
  facet normal 0 -1 -0
    outer loop
      vertex -46 -16 12
      vertex -49.4 -16 0
      vertex -40 -16 12
    endloop
  endfacet
  facet normal 0 -1 0
    outer loop
      vertex -49.4 -16 0
      vertex -46 -16 12
      vertex -49.4 -16 12.4
    endloop
  endfacet
  facet normal 0 -1 0
    outer loop
      vertex -40 -16 12
      vertex -35 -16 12.4
      vertex -40 -16 12.4
    endloop
  endfacet
  facet normal 0 -1 0
    outer loop
      vertex -35 -16 0
      vertex -40 -16 12
      vertex -49.4 -16 0
    endloop
  endfacet
  facet normal 0 -1 0
    outer loop
      vertex -40 -16 12
      vertex -35 -16 0
      vertex -35 -16 12.4
    endloop
  endfacet
  facet normal 0 -1 0
    outer loop
      vertex 35 -16 12.4
      vertex 40 -16 12
      vertex 40 -16 12.4
    endloop
  endfacet
  facet normal 0 -1 0
    outer loop
      vertex 35 -16 0
      vertex 40 -16 12
      vertex 35 -16 12.4
    endloop
  endfacet
  facet normal 0 -1 0
    outer loop
      vertex 45.4 -16 0
      vertex 40 -16 12
      vertex 35 -16 0
    endloop
  endfacet
  facet normal 0 -1 0
    outer loop
      vertex 40 -16 12
      vertex 45.4 -16 0
      vertex 45.4 -16 12
    endloop
  endfacet
  facet normal 0 -1 0
    outer loop
      vertex 46.6 -16 0
      vertex 69.4 -16 12.4
      vertex 46.6 -16 12.4
    endloop
  endfacet
  facet normal 0 -1 -0
    outer loop
      vertex 69.4 -16 12.4
      vertex 46.6 -16 0
      vertex 69.4 -16 0
    endloop
  endfacet
  facet normal 0 -1 0
    outer loop
      vertex 70.6 -16 0
      vertex 93.4 -16 12.4
      vertex 70.6 -16 12.4
    endloop
  endfacet
  facet normal 0 -1 -0
    outer loop
      vertex 93.4 -16 12.4
      vertex 70.6 -16 0
      vertex 93.4 -16 0
    endloop
  endfacet
  facet normal 0 -1 0
    outer loop
      vertex -110 -16 13.6
      vertex -86.6 -16 25.4
      vertex -110 -16 25.4
    endloop
  endfacet
  facet normal 0 -1 -0
    outer loop
      vertex -86.6 -16 25.4
      vertex -110 -16 13.6
      vertex -86.6 -16 13.6
    endloop
  endfacet
  facet normal 0 -1 0
    outer loop
      vertex -110 -16 26.6
      vertex -98.6 -16 38.4
      vertex -110 -16 38.4
    endloop
  endfacet
  facet normal 0 -1 -0
    outer loop
      vertex -98.6 -16 38.4
      vertex -110 -16 26.6
      vertex -98.6 -16 26.6
    endloop
  endfacet
  facet normal 0 -1 0
    outer loop
      vertex 94.6 -16 26.6
      vertex 110 -16 38.4
      vertex 94.6 -16 38.4
    endloop
  endfacet
  facet normal 0 -1 -0
    outer loop
      vertex 110 -16 38.4
      vertex 94.6 -16 26.6
      vertex 110 -16 26.6
    endloop
  endfacet
  facet normal 0 -1 0
    outer loop
      vertex 106.6 -16 13.6
      vertex 110 -16 25.4
      vertex 106.6 -16 25.4
    endloop
  endfacet
  facet normal 0 -1 -0
    outer loop
      vertex 110 -16 25.4
      vertex 106.6 -16 13.6
      vertex 110 -16 13.6
    endloop
  endfacet
  facet normal 0 -1 0
    outer loop
      vertex -110 -16 52.6
      vertex -98.6 -16 64.4
      vertex -110 -16 64.4
    endloop
  endfacet
  facet normal 0 -1 -0
    outer loop
      vertex -98.6 -16 64.4
      vertex -110 -16 52.6
      vertex -98.6 -16 52.6
    endloop
  endfacet
  facet normal 0 -1 0
    outer loop
      vertex -110 -16 39.6
      vertex -86.6 -16 51.4
      vertex -110 -16 51.4
    endloop
  endfacet
  facet normal 0 -1 -0
    outer loop
      vertex -86.6 -16 51.4
      vertex -110 -16 39.6
      vertex -86.6 -16 39.6
    endloop
  endfacet
  facet normal 0 -1 0
    outer loop
      vertex 106.6 -16 39.6
      vertex 110 -16 51.4
      vertex 106.6 -16 51.4
    endloop
  endfacet
  facet normal 0 -1 -0
    outer loop
      vertex 110 -16 51.4
      vertex 106.6 -16 39.6
      vertex 110 -16 39.6
    endloop
  endfacet
  facet normal 0 -1 0
    outer loop
      vertex 94.6 -16 52.6
      vertex 110 -16 64.4
      vertex 94.6 -16 64.4
    endloop
  endfacet
  facet normal 0 -1 -0
    outer loop
      vertex 110 -16 64.4
      vertex 94.6 -16 52.6
      vertex 110 -16 52.6
    endloop
  endfacet
  facet normal 0 -1 0
    outer loop
      vertex -110 -16 65.6
      vertex -86.6 -16 77.4
      vertex -110 -16 77.4
    endloop
  endfacet
  facet normal 0 -1 -0
    outer loop
      vertex -86.6 -16 77.4
      vertex -110 -16 65.6
      vertex -86.6 -16 65.6
    endloop
  endfacet
  facet normal 0 -1 0
    outer loop
      vertex -110 -16 78.6
      vertex -98.6 -16 90.4
      vertex -110 -16 90.4
    endloop
  endfacet
  facet normal 0 -1 -0
    outer loop
      vertex -98.6 -16 90.4
      vertex -110 -16 78.6
      vertex -98.6 -16 78.6
    endloop
  endfacet
  facet normal 0 -1 0
    outer loop
      vertex 106.6 -16 65.6
      vertex 110 -16 77.4
      vertex 106.6 -16 77.4
    endloop
  endfacet
  facet normal 0 -1 -0
    outer loop
      vertex 110 -16 77.4
      vertex 106.6 -16 65.6
      vertex 110 -16 65.6
    endloop
  endfacet
  facet normal 0 -1 0
    outer loop
      vertex 94.6 -16 78.6
      vertex 110 -16 90.4
      vertex 94.6 -16 90.4
    endloop
  endfacet
  facet normal 0 -1 -0
    outer loop
      vertex 110 -16 90.4
      vertex 94.6 -16 78.6
      vertex 110 -16 78.6
    endloop
  endfacet
  facet normal 0 -1 0
    outer loop
      vertex -110 -16 91.6
      vertex -86.6 -16 103.4
      vertex -110 -16 103.4
    endloop
  endfacet
  facet normal 0 -1 -0
    outer loop
      vertex -86.6 -16 103.4
      vertex -110 -16 91.6
      vertex -86.6 -16 91.6
    endloop
  endfacet
  facet normal 0 -1 0
    outer loop
      vertex 106.6 -16 91.6
      vertex 110 -16 103.4
      vertex 106.6 -16 103.4
    endloop
  endfacet
  facet normal 0 -1 -0
    outer loop
      vertex 110 -16 103.4
      vertex 106.6 -16 91.6
      vertex 110 -16 91.6
    endloop
  endfacet
  facet normal 0 -1 0
    outer loop
      vertex -110 -16 104.6
      vertex -98.6 -16 116.4
      vertex -110 -16 116.4
    endloop
  endfacet
  facet normal 0 -1 -0
    outer loop
      vertex -98.6 -16 116.4
      vertex -110 -16 104.6
      vertex -98.6 -16 104.6
    endloop
  endfacet
  facet normal 0 -1 0
    outer loop
      vertex 94.6 -16 104.6
      vertex 110 -16 116.4
      vertex 94.6 -16 116.4
    endloop
  endfacet
  facet normal 0 -1 -0
    outer loop
      vertex 110 -16 116.4
      vertex 94.6 -16 104.6
      vertex 110 -16 104.6
    endloop
  endfacet
  facet normal 0 -1 0
    outer loop
      vertex -85.4 -16 13.6
      vertex -62.6 -16 25.4
      vertex -85.4 -16 25.4
    endloop
  endfacet
  facet normal 0 -1 -0
    outer loop
      vertex -62.6 -16 25.4
      vertex -85.4 -16 13.6
      vertex -62.6 -16 13.6
    endloop
  endfacet
  facet normal 0 -1 0
    outer loop
      vertex -61.4 -16 13.6
      vertex -46 -16 25.4
      vertex -61.4 -16 25.4
    endloop
  endfacet
  facet normal 0 -1 -0
    outer loop
      vertex -46 -16 25.4
      vertex -61.4 -16 13.6
      vertex -46 -16 13.6
    endloop
  endfacet
  facet normal 0 -1 0
    outer loop
      vertex -40 -16 13.6
      vertex -38.6 -16 25.4
      vertex -40 -16 25.4
    endloop
  endfacet
  facet normal 0 -1 -0
    outer loop
      vertex -38.6 -16 25.4
      vertex -40 -16 13.6
      vertex -38.6 -16 13.6
    endloop
  endfacet
  facet normal 0 -1 0
    outer loop
      vertex -37.4 -16 13.6
      vertex -35 -16 25.4
      vertex -37.4 -16 25.4
    endloop
  endfacet
  facet normal 0 -1 -0
    outer loop
      vertex -35 -16 25.4
      vertex -37.4 -16 13.6
      vertex -35 -16 13.6
    endloop
  endfacet
  facet normal 0 -1 0
    outer loop
      vertex 46 -16 13.6
      vertex 57.4 -16 25.4
      vertex 46 -16 25.4
    endloop
  endfacet
  facet normal 0 -1 -0
    outer loop
      vertex 57.4 -16 25.4
      vertex 46 -16 13.6
      vertex 57.4 -16 13.6
    endloop
  endfacet
  facet normal 0 -1 0
    outer loop
      vertex 58.6 -16 13.6
      vertex 81.4 -16 25.4
      vertex 58.6 -16 25.4
    endloop
  endfacet
  facet normal 0 -1 -0
    outer loop
      vertex 81.4 -16 25.4
      vertex 58.6 -16 13.6
      vertex 81.4 -16 13.6
    endloop
  endfacet
  facet normal 0 -1 0
    outer loop
      vertex 82.6 -16 13.6
      vertex 105.4 -16 25.4
      vertex 82.6 -16 25.4
    endloop
  endfacet
  facet normal 0 -1 -0
    outer loop
      vertex 105.4 -16 25.4
      vertex 82.6 -16 13.6
      vertex 105.4 -16 13.6
    endloop
  endfacet
  facet normal 0 -1 0
    outer loop
      vertex -97.4 -16 26.6
      vertex -74.6 -16 38.4
      vertex -97.4 -16 38.4
    endloop
  endfacet
  facet normal 0 -1 -0
    outer loop
      vertex -74.6 -16 38.4
      vertex -97.4 -16 26.6
      vertex -74.6 -16 26.6
    endloop
  endfacet
  facet normal 0 -1 0
    outer loop
      vertex -73.4 -16 26.6
      vertex -50.6 -16 38.4
      vertex -73.4 -16 38.4
    endloop
  endfacet
  facet normal 0 -1 -0
    outer loop
      vertex -50.6 -16 38.4
      vertex -73.4 -16 26.6
      vertex -50.6 -16 26.6
    endloop
  endfacet
  facet normal 0 -1 0
    outer loop
      vertex -49.4 -16 26.6
      vertex -46 -16 38.4
      vertex -49.4 -16 38.4
    endloop
  endfacet
  facet normal 0 -1 -0
    outer loop
      vertex -46 -16 38.4
      vertex -49.4 -16 26.6
      vertex -46 -16 26.6
    endloop
  endfacet
  facet normal 0 -1 0
    outer loop
      vertex 46.6 -16 26.6
      vertex 69.4 -16 38.4
      vertex 46.6 -16 38.4
    endloop
  endfacet
  facet normal 0 -1 -0
    outer loop
      vertex 69.4 -16 38.4
      vertex 46.6 -16 26.6
      vertex 69.4 -16 26.6
    endloop
  endfacet
  facet normal 0 -1 0
    outer loop
      vertex 70.6 -16 26.6
      vertex 93.4 -16 38.4
      vertex 70.6 -16 38.4
    endloop
  endfacet
  facet normal 0 -1 -0
    outer loop
      vertex 93.4 -16 38.4
      vertex 70.6 -16 26.6
      vertex 93.4 -16 26.6
    endloop
  endfacet
  facet normal 0 -1 0
    outer loop
      vertex -97.4 -16 52.6
      vertex -74.6 -16 64.4
      vertex -97.4 -16 64.4
    endloop
  endfacet
  facet normal 0 -1 -0
    outer loop
      vertex -74.6 -16 64.4
      vertex -97.4 -16 52.6
      vertex -74.6 -16 52.6
    endloop
  endfacet
  facet normal 0 -1 0
    outer loop
      vertex -85.4 -16 39.6
      vertex -62.6 -16 51.4
      vertex -85.4 -16 51.4
    endloop
  endfacet
  facet normal 0 -1 -0
    outer loop
      vertex -62.6 -16 51.4
      vertex -85.4 -16 39.6
      vertex -62.6 -16 39.6
    endloop
  endfacet
  facet normal 0 -1 0
    outer loop
      vertex -73.4 -16 52.6
      vertex -50.6 -16 64.4
      vertex -73.4 -16 64.4
    endloop
  endfacet
  facet normal 0 -1 -0
    outer loop
      vertex -50.6 -16 64.4
      vertex -73.4 -16 52.6
      vertex -50.6 -16 52.6
    endloop
  endfacet
  facet normal 0 -1 0
    outer loop
      vertex -61.4 -16 39.6
      vertex -46 -16 51.4
      vertex -61.4 -16 51.4
    endloop
  endfacet
  facet normal 0 -1 -0
    outer loop
      vertex -46 -16 51.4
      vertex -61.4 -16 39.6
      vertex -46 -16 39.6
    endloop
  endfacet
  facet normal 0 -1 0
    outer loop
      vertex -49.4 -16 52.6
      vertex -46 -16 64.4
      vertex -49.4 -16 64.4
    endloop
  endfacet
  facet normal 0 -1 -0
    outer loop
      vertex -46 -16 64.4
      vertex -49.4 -16 52.6
      vertex -46 -16 52.6
    endloop
  endfacet
  facet normal 0 -1 0
    outer loop
      vertex -40 -16 39.6
      vertex -38.6 -16 51.4
      vertex -40 -16 51.4
    endloop
  endfacet
  facet normal 0 -1 -0
    outer loop
      vertex -38.6 -16 51.4
      vertex -40 -16 39.6
      vertex -38.6 -16 39.6
    endloop
  endfacet
  facet normal 0 -1 0
    outer loop
      vertex -37.4 -16 39.6
      vertex -35 -16 51.4
      vertex -37.4 -16 51.4
    endloop
  endfacet
  facet normal 0 -1 -0
    outer loop
      vertex -35 -16 51.4
      vertex -37.4 -16 39.6
      vertex -35 -16 39.6
    endloop
  endfacet
  facet normal 0 -1 0
    outer loop
      vertex 46.6 -16 52.6
      vertex 69.4 -16 64.4
      vertex 46.6 -16 64.4
    endloop
  endfacet
  facet normal 0 -1 -0
    outer loop
      vertex 69.4 -16 64.4
      vertex 46.6 -16 52.6
      vertex 69.4 -16 52.6
    endloop
  endfacet
  facet normal 0 -1 0
    outer loop
      vertex 46 -16 39.6
      vertex 57.4 -16 51.4
      vertex 46 -16 51.4
    endloop
  endfacet
  facet normal 0 -1 -0
    outer loop
      vertex 57.4 -16 51.4
      vertex 46 -16 39.6
      vertex 57.4 -16 39.6
    endloop
  endfacet
  facet normal 0 -1 0
    outer loop
      vertex 58.6 -16 39.6
      vertex 81.4 -16 51.4
      vertex 58.6 -16 51.4
    endloop
  endfacet
  facet normal 0 -1 -0
    outer loop
      vertex 81.4 -16 51.4
      vertex 58.6 -16 39.6
      vertex 81.4 -16 39.6
    endloop
  endfacet
  facet normal 0 -1 0
    outer loop
      vertex 70.6 -16 52.6
      vertex 93.4 -16 64.4
      vertex 70.6 -16 64.4
    endloop
  endfacet
  facet normal 0 -1 -0
    outer loop
      vertex 93.4 -16 64.4
      vertex 70.6 -16 52.6
      vertex 93.4 -16 52.6
    endloop
  endfacet
  facet normal 0 -1 0
    outer loop
      vertex 82.6 -16 39.6
      vertex 105.4 -16 51.4
      vertex 82.6 -16 51.4
    endloop
  endfacet
  facet normal 0 -1 -0
    outer loop
      vertex 105.4 -16 51.4
      vertex 82.6 -16 39.6
      vertex 105.4 -16 39.6
    endloop
  endfacet
  facet normal 0 -1 0
    outer loop
      vertex -97.4 -16 78.6
      vertex -74.6 -16 90.4
      vertex -97.4 -16 90.4
    endloop
  endfacet
  facet normal 0 -1 -0
    outer loop
      vertex -74.6 -16 90.4
      vertex -97.4 -16 78.6
      vertex -74.6 -16 78.6
    endloop
  endfacet
  facet normal 0 -1 0
    outer loop
      vertex -85.4 -16 65.6
      vertex -62.6 -16 77.4
      vertex -85.4 -16 77.4
    endloop
  endfacet
  facet normal 0 -1 -0
    outer loop
      vertex -62.6 -16 77.4
      vertex -85.4 -16 65.6
      vertex -62.6 -16 65.6
    endloop
  endfacet
  facet normal 0 -1 0
    outer loop
      vertex -73.4 -16 78.6
      vertex -50.6 -16 90.4
      vertex -73.4 -16 90.4
    endloop
  endfacet
  facet normal 0 -1 -0
    outer loop
      vertex -50.6 -16 90.4
      vertex -73.4 -16 78.6
      vertex -50.6 -16 78.6
    endloop
  endfacet
  facet normal 0 -1 0
    outer loop
      vertex -61.4 -16 65.6
      vertex -46 -16 77.4
      vertex -61.4 -16 77.4
    endloop
  endfacet
  facet normal 0 -1 -0
    outer loop
      vertex -46 -16 77.4
      vertex -61.4 -16 65.6
      vertex -46 -16 65.6
    endloop
  endfacet
  facet normal 0 -1 0
    outer loop
      vertex -49.4 -16 78.6
      vertex -46 -16 90.4
      vertex -49.4 -16 90.4
    endloop
  endfacet
  facet normal 0 -1 -0
    outer loop
      vertex -46 -16 90.4
      vertex -49.4 -16 78.6
      vertex -46 -16 78.6
    endloop
  endfacet
  facet normal 0 -1 0
    outer loop
      vertex -40 -16 65.6
      vertex -38.6 -16 77.4
      vertex -40 -16 77.4
    endloop
  endfacet
  facet normal 0 -1 -0
    outer loop
      vertex -38.6 -16 77.4
      vertex -40 -16 65.6
      vertex -38.6 -16 65.6
    endloop
  endfacet
  facet normal 0 -1 0
    outer loop
      vertex -37.4 -16 77.4
      vertex -35 -16 76
      vertex -34.9266 -16 77.4
    endloop
  endfacet
  facet normal 0 -1 0
    outer loop
      vertex -37.4 -16 65.6
      vertex -35 -16 76
      vertex -37.4 -16 77.4
    endloop
  endfacet
  facet normal 0 -1 -0
    outer loop
      vertex -35 -16 76
      vertex -37.4 -16 65.6
      vertex -35 -16 65.6
    endloop
  endfacet
  facet normal 0 -1 0
    outer loop
      vertex 46.6 -16 78.6
      vertex 69.4 -16 90.4
      vertex 46.6 -16 90.4
    endloop
  endfacet
  facet normal 0 -1 -0
    outer loop
      vertex 69.4 -16 90.4
      vertex 46.6 -16 78.6
      vertex 69.4 -16 78.6
    endloop
  endfacet
  facet normal 0 -1 0
    outer loop
      vertex 46 -16 65.6
      vertex 57.4 -16 77.4
      vertex 46 -16 77.4
    endloop
  endfacet
  facet normal 0 -1 -0
    outer loop
      vertex 57.4 -16 77.4
      vertex 46 -16 65.6
      vertex 57.4 -16 65.6
    endloop
  endfacet
  facet normal 0 -1 0
    outer loop
      vertex 58.6 -16 65.6
      vertex 81.4 -16 77.4
      vertex 58.6 -16 77.4
    endloop
  endfacet
  facet normal 0 -1 -0
    outer loop
      vertex 81.4 -16 77.4
      vertex 58.6 -16 65.6
      vertex 81.4 -16 65.6
    endloop
  endfacet
  facet normal 0 -1 0
    outer loop
      vertex 70.6 -16 78.6
      vertex 93.4 -16 90.4
      vertex 70.6 -16 90.4
    endloop
  endfacet
  facet normal 0 -1 -0
    outer loop
      vertex 93.4 -16 90.4
      vertex 70.6 -16 78.6
      vertex 93.4 -16 78.6
    endloop
  endfacet
  facet normal 0 -1 0
    outer loop
      vertex 82.6 -16 65.6
      vertex 105.4 -16 77.4
      vertex 82.6 -16 77.4
    endloop
  endfacet
  facet normal 0 -1 -0
    outer loop
      vertex 105.4 -16 77.4
      vertex 82.6 -16 65.6
      vertex 105.4 -16 65.6
    endloop
  endfacet
  facet normal 0 -1 0
    outer loop
      vertex -85.4 -16 91.6
      vertex -62.6 -16 103.4
      vertex -85.4 -16 103.4
    endloop
  endfacet
  facet normal 0 -1 -0
    outer loop
      vertex -62.6 -16 103.4
      vertex -85.4 -16 91.6
      vertex -62.6 -16 91.6
    endloop
  endfacet
  facet normal 0 -1 0
    outer loop
      vertex -61.4 -16 103.4
      vertex -47.4174 -16 94.4303
      vertex -46 -16 103.4
    endloop
  endfacet
  facet normal 0 -1 0
    outer loop
      vertex -61.4 -16 103.4
      vertex -47.6451 -16 94.1439
      vertex -47.4174 -16 94.4303
    endloop
  endfacet
  facet normal 0 -1 0
    outer loop
      vertex -61.4 -16 103.4
      vertex -48.0225 -16 93.6695
      vertex -47.6451 -16 94.1439
    endloop
  endfacet
  facet normal 0 -1 0
    outer loop
      vertex -61.4 -16 91.6
      vertex -48.0225 -16 93.6695
      vertex -61.4 -16 103.4
    endloop
  endfacet
  facet normal 0 -1 -0
    outer loop
      vertex -48.0225 -16 93.6695
      vertex -61.4 -16 91.6
      vertex -48.0225 -16 93.0695
    endloop
  endfacet
  facet normal 0 -1 -0
    outer loop
      vertex -48.0225 -16 93.0695
      vertex -61.4 -16 91.6
      vertex -47.6451 -16 92.595
    endloop
  endfacet
  facet normal 0 -1 -0
    outer loop
      vertex -47.6451 -16 92.595
      vertex -61.4 -16 91.6
      vertex -47.4174 -16 92.3086
    endloop
  endfacet
  facet normal 0 -1 0
    outer loop
      vertex -46 -16 91.6
      vertex -47.4174 -16 92.3086
      vertex -61.4 -16 91.6
    endloop
  endfacet
  facet normal 0 -1 0
    outer loop
      vertex -47.4174 -16 92.3086
      vertex -46 -16 91.6
      vertex -46 -16 92.3086
    endloop
  endfacet
  facet normal 0 -1 -0
    outer loop
      vertex -46 -16 103.4
      vertex -47.4174 -16 94.4303
      vertex -46 -16 94.4303
    endloop
  endfacet
  facet normal 0 -1 0
    outer loop
      vertex -40 -16 91.6
      vertex -38.6 -16 92.3086
      vertex -40 -16 92.3086
    endloop
  endfacet
  facet normal 0 -1 -0
    outer loop
      vertex -38.6 -16 92.3086
      vertex -40 -16 91.6
      vertex -38.6 -16 91.6
    endloop
  endfacet
  facet normal 0 -1 0
    outer loop
      vertex -37.2433 -16 94.1397
      vertex -33.0157 -16 101.751
      vertex -37.4 -16 101.751
    endloop
  endfacet
  facet normal 0 -1 0
    outer loop
      vertex -33.0157 -16 101.751
      vertex -28.3156 -16 96.5725
      vertex -26.0101 -16 99.4196
    endloop
  endfacet
  facet normal 0 -1 0
    outer loop
      vertex -37.2433 -16 94.1397
      vertex -37.4 -16 101.751
      vertex -37.4 -16 94.1862
    endloop
  endfacet
  facet normal 0 -1 0
    outer loop
      vertex -30.3109 -16 93.5
      vertex -33.0157 -16 101.751
      vertex -37.2433 -16 94.1397
    endloop
  endfacet
  facet normal 0 -1 0
    outer loop
      vertex -33.0157 -16 101.751
      vertex -30.3109 -16 93.5
      vertex -28.3156 -16 96.5725
    endloop
  endfacet
  facet normal 0 -1 0
    outer loop
      vertex -31.279 -16 91.6
      vertex -37.2433 -16 94.1397
      vertex -37.2433 -16 92.5992
    endloop
  endfacet
  facet normal 0 -1 0
    outer loop
      vertex -37.4 -16 91.6
      vertex -37.2433 -16 92.5992
      vertex -37.4 -16 92.5527
    endloop
  endfacet
  facet normal 0 -1 -0
    outer loop
      vertex -37.2433 -16 92.5992
      vertex -37.4 -16 91.6
      vertex -31.279 -16 91.6
    endloop
  endfacet
  facet normal 0 -1 0
    outer loop
      vertex -37.2433 -16 94.1397
      vertex -31.279 -16 91.6
      vertex -30.3109 -16 93.5
    endloop
  endfacet
  facet normal 0 -1 0
    outer loop
      vertex -26.0101 -16 99.4196
      vertex -31.8481 -16 103.4
      vertex -31.8481 -16 102.041
    endloop
  endfacet
  facet normal 0 -1 0
    outer loop
      vertex -31.8481 -16 103.4
      vertex -23.4196 -16 102.01
      vertex -21.7031 -16 103.4
    endloop
  endfacet
  facet normal 0 -1 0
    outer loop
      vertex -26.0101 -16 99.4196
      vertex -31.8481 -16 102.041
      vertex -32.088 -16 101.982
    endloop
  endfacet
  facet normal 0 -1 0
    outer loop
      vertex -26.0101 -16 99.4196
      vertex -32.088 -16 101.982
      vertex -33.0157 -16 101.751
    endloop
  endfacet
  facet normal 0 -1 0
    outer loop
      vertex -31.8481 -16 103.4
      vertex -26.0101 -16 99.4196
      vertex -23.4196 -16 102.01
    endloop
  endfacet
  facet normal 0 -1 0
    outer loop
      vertex 46 -16 91.6
      vertex 57.4 -16 103.4
      vertex 46 -16 103.4
    endloop
  endfacet
  facet normal 0 -1 -0
    outer loop
      vertex 57.4 -16 103.4
      vertex 46 -16 91.6
      vertex 57.4 -16 91.6
    endloop
  endfacet
  facet normal 0 -1 0
    outer loop
      vertex 58.6 -16 91.6
      vertex 81.4 -16 103.4
      vertex 58.6 -16 103.4
    endloop
  endfacet
  facet normal 0 -1 -0
    outer loop
      vertex 81.4 -16 103.4
      vertex 58.6 -16 91.6
      vertex 81.4 -16 91.6
    endloop
  endfacet
  facet normal 0 -1 0
    outer loop
      vertex 82.6 -16 91.6
      vertex 105.4 -16 103.4
      vertex 82.6 -16 103.4
    endloop
  endfacet
  facet normal 0 -1 -0
    outer loop
      vertex 105.4 -16 103.4
      vertex 82.6 -16 91.6
      vertex 105.4 -16 91.6
    endloop
  endfacet
  facet normal 0 -1 0
    outer loop
      vertex -97.4 -16 104.6
      vertex -74.6 -16 116.4
      vertex -97.4 -16 116.4
    endloop
  endfacet
  facet normal 0 -1 -0
    outer loop
      vertex -74.6 -16 116.4
      vertex -97.4 -16 104.6
      vertex -74.6 -16 104.6
    endloop
  endfacet
  facet normal 0 -1 0
    outer loop
      vertex -73.4 -16 104.6
      vertex -50.6 -16 116.4
      vertex -73.4 -16 116.4
    endloop
  endfacet
  facet normal 0 -1 -0
    outer loop
      vertex -50.6 -16 116.4
      vertex -73.4 -16 104.6
      vertex -50.6 -16 104.6
    endloop
  endfacet
  facet normal 0 -1 0
    outer loop
      vertex 7.27691 -16 110.235
      vertex 45.4 -16 116.4
      vertex 3.6585 -16 110.808
    endloop
  endfacet
  facet normal 0 -1 0
    outer loop
      vertex 10.8156 -16 109.287
      vertex 45.4 -16 116.4
      vertex 7.27691 -16 110.235
    endloop
  endfacet
  facet normal 0 -1 0
    outer loop
      vertex 14.2358 -16 107.974
      vertex 45.4 -16 116.4
      vertex 10.8156 -16 109.287
    endloop
  endfacet
  facet normal 0 -1 0
    outer loop
      vertex 45.4 -16 116.4
      vertex 14.2358 -16 107.974
      vertex 40 -16 111
    endloop
  endfacet
  facet normal 0 -1 0
    outer loop
      vertex 17.5 -16 106.311
      vertex 40 -16 111
      vertex 14.2358 -16 107.974
    endloop
  endfacet
  facet normal 0 -1 0
    outer loop
      vertex 20.1345 -16 104.6
      vertex 40 -16 111
      vertex 17.5 -16 106.311
    endloop
  endfacet
  facet normal 0 -1 -0
    outer loop
      vertex 40 -16 111
      vertex 20.1345 -16 104.6
      vertex 40 -16 104.6
    endloop
  endfacet
  facet normal 0 -1 0
    outer loop
      vertex -16.5483 -16 115.912
      vertex -3.6585 -16 110.808
      vertex 0 -16 111
    endloop
  endfacet
  facet normal 0 -1 0
    outer loop
      vertex -16.5483 -16 114.372
      vertex -7.27691 -16 110.235
      vertex -3.6585 -16 110.808
    endloop
  endfacet
  facet normal 0 -1 0
    outer loop
      vertex -17.5 -16 106.311
      vertex -24.42 -16 111.032
      vertex -24.42 -16 109.491
    endloop
  endfacet
  facet normal 0 -1 0
    outer loop
      vertex -20.1345 -16 104.6
      vertex -24.42 -16 109.491
      vertex -24.9145 -16 109.401
    endloop
  endfacet
  facet normal 0 -1 0
    outer loop
      vertex -16.5483 -16 114.372
      vertex -10.8156 -16 109.287
      vertex -7.27691 -16 110.235
    endloop
  endfacet
  facet normal 0 -1 0
    outer loop
      vertex -20.1345 -16 104.6
      vertex -24.9145 -16 109.401
      vertex -26.0195 -16 109.201
    endloop
  endfacet
  facet normal 0 -1 0
    outer loop
      vertex -16.5483 -16 114.372
      vertex -14.2358 -16 107.974
      vertex -10.8156 -16 109.287
    endloop
  endfacet
  facet normal 0 -1 0
    outer loop
      vertex -49.4 -16 116.4
      vertex -21.4339 -16 116.203
      vertex 45.4 -16 116.4
    endloop
  endfacet
  facet normal 0 -1 0
    outer loop
      vertex -32.4143 -16 111.322
      vertex -21.4339 -16 116.203
      vertex -49.4 -16 116.4
    endloop
  endfacet
  facet normal 0 -1 0
    outer loop
      vertex -26.0195 -16 111.322
      vertex -21.4339 -16 116.203
      vertex -32.4143 -16 111.322
    endloop
  endfacet
  facet normal 0 -1 -0
    outer loop
      vertex -21.4339 -16 116.203
      vertex -26.0195 -16 111.322
      vertex -21.4339 -16 115.96
    endloop
  endfacet
  facet normal 0 -1 0
    outer loop
      vertex -24.9145 -16 111.122
      vertex -21.4339 -16 114.325
      vertex -26.0195 -16 111.322
    endloop
  endfacet
  facet normal 0 -1 -0
    outer loop
      vertex -21.4339 -16 115.96
      vertex -26.0195 -16 111.322
      vertex -21.4339 -16 114.325
    endloop
  endfacet
  facet normal 0 -1 0
    outer loop
      vertex -40 -16 111
      vertex -32.4143 -16 111.322
      vertex -49.4 -16 116.4
    endloop
  endfacet
  facet normal 0 -1 0
    outer loop
      vertex -40 -16 111
      vertex -49.4 -16 116.4
      vertex -46 -16 111
    endloop
  endfacet
  facet normal 0 -1 0
    outer loop
      vertex -49.4 -16 104.6
      vertex -46 -16 111
      vertex -49.4 -16 116.4
    endloop
  endfacet
  facet normal 0 -1 -0
    outer loop
      vertex -46 -16 111
      vertex -49.4 -16 104.6
      vertex -46 -16 104.6
    endloop
  endfacet
  facet normal 0 -1 0
    outer loop
      vertex -19.4428 -16 116.203
      vertex 45.4 -16 116.4
      vertex -21.4339 -16 116.203
    endloop
  endfacet
  facet normal 0 -1 0
    outer loop
      vertex -16.5483 -16 115.912
      vertex 45.4 -16 116.4
      vertex -19.4428 -16 116.203
    endloop
  endfacet
  facet normal 0 -1 0
    outer loop
      vertex -3.6585 -16 110.808
      vertex -16.5483 -16 115.912
      vertex -16.5483 -16 114.372
    endloop
  endfacet
  facet normal 0 -1 0
    outer loop
      vertex -17.5 -16 106.311
      vertex -19.4428 -16 114.081
      vertex -24.42 -16 111.032
    endloop
  endfacet
  facet normal 0 -1 -0
    outer loop
      vertex -21.4339 -16 114.325
      vertex -24.9145 -16 111.122
      vertex -21.4339 -16 114.081
    endloop
  endfacet
  facet normal 0 -1 0
    outer loop
      vertex -24.42 -16 111.032
      vertex -21.4339 -16 114.081
      vertex -24.9145 -16 111.122
    endloop
  endfacet
  facet normal 0 -1 -0
    outer loop
      vertex -21.4339 -16 114.081
      vertex -24.42 -16 111.032
      vertex -19.4428 -16 114.081
    endloop
  endfacet
  facet normal 0 -1 0
    outer loop
      vertex -19.4428 -16 114.081
      vertex -17.5 -16 106.311
      vertex -16.5483 -16 114.372
    endloop
  endfacet
  facet normal 0 -1 0
    outer loop
      vertex 3.6585 -16 110.808
      vertex -16.5483 -16 115.912
      vertex 0 -16 111
    endloop
  endfacet
  facet normal 0 -1 0
    outer loop
      vertex -16.5483 -16 115.912
      vertex 3.6585 -16 110.808
      vertex 45.4 -16 116.4
    endloop
  endfacet
  facet normal 0 -1 -0
    outer loop
      vertex 45.4 -16 116.4
      vertex 40 -16 111
      vertex 45.4 -16 111
    endloop
  endfacet
  facet normal 0 -1 -0
    outer loop
      vertex -32.4143 -16 111.322
      vertex -40 -16 111
      vertex -32.4143 -16 111.018
    endloop
  endfacet
  facet normal 0 -1 0
    outer loop
      vertex -40 -16 111
      vertex -32.4143 -16 110.177
      vertex -32.4143 -16 111.018
    endloop
  endfacet
  facet normal 0 -1 0
    outer loop
      vertex -40 -16 111
      vertex -32.4143 -16 109.962
      vertex -32.4143 -16 110.177
    endloop
  endfacet
  facet normal 0 -1 0
    outer loop
      vertex -40 -16 111
      vertex -32.4143 -16 109.505
      vertex -32.4143 -16 109.962
    endloop
  endfacet
  facet normal 0 -1 0
    outer loop
      vertex -40 -16 111
      vertex -32.4143 -16 109.201
      vertex -32.4143 -16 109.505
    endloop
  endfacet
  facet normal 0 -1 0
    outer loop
      vertex -20.1345 -16 104.6
      vertex -26.0195 -16 109.201
      vertex -32.4143 -16 109.201
    endloop
  endfacet
  facet normal 0 -1 -0
    outer loop
      vertex -16.5483 -16 114.372
      vertex -17.5 -16 106.311
      vertex -14.2358 -16 107.974
    endloop
  endfacet
  facet normal 0 -1 0
    outer loop
      vertex -40 -16 104.6
      vertex -32.4143 -16 109.201
      vertex -40 -16 111
    endloop
  endfacet
  facet normal 0 -1 0
    outer loop
      vertex -20.1345 -16 104.6
      vertex -32.4143 -16 109.201
      vertex -40 -16 104.6
    endloop
  endfacet
  facet normal 0 -1 0
    outer loop
      vertex -24.42 -16 109.491
      vertex -20.1345 -16 104.6
      vertex -17.5 -16 106.311
    endloop
  endfacet
  facet normal 0 -1 0
    outer loop
      vertex 46.6 -16 104.6
      vertex 69.4 -16 116.4
      vertex 46.6 -16 116.4
    endloop
  endfacet
  facet normal 0 -1 -0
    outer loop
      vertex 69.4 -16 116.4
      vertex 46.6 -16 104.6
      vertex 69.4 -16 104.6
    endloop
  endfacet
  facet normal 0 -1 0
    outer loop
      vertex 70.6 -16 104.6
      vertex 93.4 -16 116.4
      vertex 70.6 -16 116.4
    endloop
  endfacet
  facet normal 0 -1 -0
    outer loop
      vertex 93.4 -16 116.4
      vertex 70.6 -16 104.6
      vertex 93.4 -16 104.6
    endloop
  endfacet
  facet normal 0 -1 0
    outer loop
      vertex -40 -16 26.6
      vertex -35 -16 38.4
      vertex -40 -16 38.4
    endloop
  endfacet
  facet normal 0 -1 -0
    outer loop
      vertex -35 -16 38.4
      vertex -40 -16 26.6
      vertex -35 -16 26.6
    endloop
  endfacet
  facet normal 0 -1 0
    outer loop
      vertex 35 -16 26.6
      vertex 40 -16 38.4
      vertex 35 -16 38.4
    endloop
  endfacet
  facet normal 0 -1 -0
    outer loop
      vertex 40 -16 38.4
      vertex 35 -16 26.6
      vertex 40 -16 26.6
    endloop
  endfacet
  facet normal 0 -1 0
    outer loop
      vertex -40 -16 52.6
      vertex -35 -16 64.4
      vertex -40 -16 64.4
    endloop
  endfacet
  facet normal 0 -1 -0
    outer loop
      vertex -35 -16 64.4
      vertex -40 -16 52.6
      vertex -35 -16 52.6
    endloop
  endfacet
  facet normal 0 -1 0
    outer loop
      vertex 35 -16 52.6
      vertex 40 -16 64.4
      vertex 35 -16 64.4
    endloop
  endfacet
  facet normal 0 -1 -0
    outer loop
      vertex 40 -16 64.4
      vertex 35 -16 52.6
      vertex 40 -16 52.6
    endloop
  endfacet
  facet normal 0 -1 0
    outer loop
      vertex 35 -16 13.6
      vertex 40 -16 25.4
      vertex 35 -16 25.4
    endloop
  endfacet
  facet normal 0 -1 -0
    outer loop
      vertex 40 -16 25.4
      vertex 35 -16 13.6
      vertex 40 -16 13.6
    endloop
  endfacet
  facet normal 0 -1 0
    outer loop
      vertex 35 -16 39.6
      vertex 40 -16 51.4
      vertex 35 -16 51.4
    endloop
  endfacet
  facet normal 0 -1 -0
    outer loop
      vertex 40 -16 51.4
      vertex 35 -16 39.6
      vertex 40 -16 39.6
    endloop
  endfacet
  facet normal 0 -1 0
    outer loop
      vertex 35 -16 76
      vertex 40 -16 77.4
      vertex 34.9266 -16 77.4
    endloop
  endfacet
  facet normal 0 -1 0
    outer loop
      vertex 40 -16 65.6
      vertex 35 -16 76
      vertex 35 -16 65.6
    endloop
  endfacet
  facet normal 0 -1 0
    outer loop
      vertex 35 -16 76
      vertex 40 -16 65.6
      vertex 40 -16 77.4
    endloop
  endfacet
  facet normal 0 -1 0
    outer loop
      vertex -40 -16 90.4
      vertex -31.9741 -16 90.2358
      vertex -31.8904 -16 90.4
    endloop
  endfacet
  facet normal 0 -1 0
    outer loop
      vertex -40 -16 90.4
      vertex -33.287 -16 86.8156
      vertex -31.9741 -16 90.2358
    endloop
  endfacet
  facet normal 0 -1 0
    outer loop
      vertex -40 -16 90.4
      vertex -34.2352 -16 83.2769
      vertex -33.287 -16 86.8156
    endloop
  endfacet
  facet normal 0 -1 0
    outer loop
      vertex -40 -16 78.6
      vertex -34.2352 -16 83.2769
      vertex -40 -16 90.4
    endloop
  endfacet
  facet normal 0 -1 0
    outer loop
      vertex -34.2352 -16 83.2769
      vertex -40 -16 78.6
      vertex -34.8083 -16 79.6585
    endloop
  endfacet
  facet normal 0 -1 0
    outer loop
      vertex -34.8083 -16 79.6585
      vertex -40 -16 78.6
      vertex -34.8637 -16 78.6
    endloop
  endfacet
  facet normal 0 -1 0
    outer loop
      vertex 31.9741 -16 90.2358
      vertex 40 -16 90.4
      vertex 31.8904 -16 90.4
    endloop
  endfacet
  facet normal 0 -1 0
    outer loop
      vertex 33.287 -16 86.8156
      vertex 40 -16 90.4
      vertex 31.9741 -16 90.2358
    endloop
  endfacet
  facet normal 0 -1 0
    outer loop
      vertex 34.2352 -16 83.2769
      vertex 40 -16 90.4
      vertex 33.287 -16 86.8156
    endloop
  endfacet
  facet normal 0 -1 0
    outer loop
      vertex 40 -16 78.6
      vertex 34.2352 -16 83.2769
      vertex 34.8083 -16 79.6585
    endloop
  endfacet
  facet normal 0 -1 0
    outer loop
      vertex 40 -16 78.6
      vertex 34.8083 -16 79.6585
      vertex 34.8637 -16 78.6
    endloop
  endfacet
  facet normal 0 -1 0
    outer loop
      vertex 34.2352 -16 83.2769
      vertex 40 -16 78.6
      vertex 40 -16 90.4
    endloop
  endfacet
  facet normal 0 -1 0
    outer loop
      vertex 23.4196 -16 102.01
      vertex 40 -16 103.4
      vertex 21.7031 -16 103.4
    endloop
  endfacet
  facet normal 0 -1 0
    outer loop
      vertex 26.0101 -16 99.4196
      vertex 40 -16 103.4
      vertex 23.4196 -16 102.01
    endloop
  endfacet
  facet normal 0 -1 0
    outer loop
      vertex 28.3156 -16 96.5725
      vertex 40 -16 103.4
      vertex 26.0101 -16 99.4196
    endloop
  endfacet
  facet normal 0 -1 0
    outer loop
      vertex 30.3109 -16 93.5
      vertex 40 -16 103.4
      vertex 28.3156 -16 96.5725
    endloop
  endfacet
  facet normal 0 -1 0
    outer loop
      vertex 40 -16 91.6
      vertex 30.3109 -16 93.5
      vertex 31.279 -16 91.6
    endloop
  endfacet
  facet normal 0 -1 0
    outer loop
      vertex 30.3109 -16 93.5
      vertex 40 -16 91.6
      vertex 40 -16 103.4
    endloop
  endfacet
  facet normal 0 -1 0
    outer loop
      vertex -40 -16 94.4303
      vertex -38.6 -16 101.751
      vertex -40 -16 101.751
    endloop
  endfacet
  facet normal 0 -1 -0
    outer loop
      vertex -38.6 -16 101.751
      vertex -40 -16 94.4303
      vertex -38.6 -16 94.4303
    endloop
  endfacet
  facet normal -0 0 1
    outer loop
      vertex 102 16 130
      vertex 110 11 130
      vertex 110 16 130
    endloop
  endfacet
  facet normal 0 0 1
    outer loop
      vertex 110 11 130
      vertex 102 16 130
      vertex 102 11 130
    endloop
  endfacet
  facet normal -0 0 1
    outer loop
      vertex -110 16 130
      vertex -102 11 130
      vertex -102 16 130
    endloop
  endfacet
  facet normal 0 0 1
    outer loop
      vertex -102 11 130
      vertex -110 16 130
      vertex -110 11 130
    endloop
  endfacet
  facet normal -0 0 1
    outer loop
      vertex -87 16 130
      vertex -75 11 130
      vertex -75 16 130
    endloop
  endfacet
  facet normal 0 0 1
    outer loop
      vertex -75 11 130
      vertex -87 16 130
      vertex -87 11 130
    endloop
  endfacet
  facet normal -0 0 1
    outer loop
      vertex -60 16 130
      vertex -48 11 130
      vertex -48 16 130
    endloop
  endfacet
  facet normal 0 0 1
    outer loop
      vertex -48 11 130
      vertex -60 16 130
      vertex -60 11 130
    endloop
  endfacet
  facet normal -0 0 1
    outer loop
      vertex -33 16 130
      vertex -21 11 130
      vertex -21 16 130
    endloop
  endfacet
  facet normal 0 0 1
    outer loop
      vertex -21 11 130
      vertex -33 16 130
      vertex -33 11 130
    endloop
  endfacet
  facet normal -0 0 1
    outer loop
      vertex 75 16 130
      vertex 87 11 130
      vertex 87 16 130
    endloop
  endfacet
  facet normal 0 0 1
    outer loop
      vertex 87 11 130
      vertex 75 16 130
      vertex 75 11 130
    endloop
  endfacet
  facet normal -0 0 1
    outer loop
      vertex 48 16 130
      vertex 60 11 130
      vertex 60 16 130
    endloop
  endfacet
  facet normal 0 0 1
    outer loop
      vertex 60 11 130
      vertex 48 16 130
      vertex 48 11 130
    endloop
  endfacet
  facet normal -0 0 1
    outer loop
      vertex 21 16 130
      vertex 33 11 130
      vertex 33 16 130
    endloop
  endfacet
  facet normal 0 0 1
    outer loop
      vertex 33 11 130
      vertex 21 16 130
      vertex 21 11 130
    endloop
  endfacet
  facet normal -0 0 1
    outer loop
      vertex -6 16 130
      vertex 6 11 130
      vertex 6 16 130
    endloop
  endfacet
  facet normal 0 0 1
    outer loop
      vertex 6 11 130
      vertex -6 16 130
      vertex -6 11 130
    endloop
  endfacet
  facet normal 0 1 -0
    outer loop
      vertex 110 16 0
      vertex 94.6 16 12.4
      vertex 110 16 12.4
    endloop
  endfacet
  facet normal 0 1 0
    outer loop
      vertex 94.6 16 12.4
      vertex 110 16 0
      vertex 94.6 16 0
    endloop
  endfacet
  facet normal 0 1 -0
    outer loop
      vertex -98.6 16 0
      vertex -110 16 12.4
      vertex -98.6 16 12.4
    endloop
  endfacet
  facet normal 0 1 0
    outer loop
      vertex -110 16 12.4
      vertex -98.6 16 0
      vertex -110 16 0
    endloop
  endfacet
  facet normal 0 1 -0
    outer loop
      vertex 110 16 117.6
      vertex 102 16 130
      vertex 110 16 130
    endloop
  endfacet
  facet normal 0 1 0
    outer loop
      vertex 102 16 130
      vertex 110 16 117.6
      vertex 87 16 130
    endloop
  endfacet
  facet normal 0 1 0
    outer loop
      vertex 87 16 130
      vertex 110 16 117.6
      vertex 75 16 130
    endloop
  endfacet
  facet normal 0 1 0
    outer loop
      vertex 75 16 130
      vertex 110 16 117.6
      vertex 60 16 130
    endloop
  endfacet
  facet normal 0 1 0
    outer loop
      vertex 60 16 130
      vertex 110 16 117.6
      vertex 48 16 130
    endloop
  endfacet
  facet normal 0 1 0
    outer loop
      vertex 48 16 130
      vertex 110 16 117.6
      vertex 33 16 130
    endloop
  endfacet
  facet normal 0 1 0
    outer loop
      vertex 33 16 130
      vertex 110 16 117.6
      vertex 21 16 130
    endloop
  endfacet
  facet normal 0 1 0
    outer loop
      vertex 21 16 130
      vertex 110 16 117.6
      vertex 6 16 130
    endloop
  endfacet
  facet normal 0 1 0
    outer loop
      vertex 6 16 130
      vertex 110 16 117.6
      vertex -6 16 130
    endloop
  endfacet
  facet normal 0 1 0
    outer loop
      vertex -110 16 117.6
      vertex -6 16 130
      vertex 110 16 117.6
    endloop
  endfacet
  facet normal 0 1 0
    outer loop
      vertex -6 16 130
      vertex -110 16 117.6
      vertex -21 16 130
    endloop
  endfacet
  facet normal 0 1 0
    outer loop
      vertex -21 16 130
      vertex -110 16 117.6
      vertex -33 16 130
    endloop
  endfacet
  facet normal 0 1 0
    outer loop
      vertex -33 16 130
      vertex -110 16 117.6
      vertex -48 16 130
    endloop
  endfacet
  facet normal 0 1 0
    outer loop
      vertex -48 16 130
      vertex -110 16 117.6
      vertex -60 16 130
    endloop
  endfacet
  facet normal 0 1 0
    outer loop
      vertex -60 16 130
      vertex -110 16 117.6
      vertex -75 16 130
    endloop
  endfacet
  facet normal 0 1 0
    outer loop
      vertex -75 16 130
      vertex -110 16 117.6
      vertex -87 16 130
    endloop
  endfacet
  facet normal 0 1 0
    outer loop
      vertex -87 16 130
      vertex -110 16 117.6
      vertex -102 16 130
    endloop
  endfacet
  facet normal 0 1 0
    outer loop
      vertex -102 16 130
      vertex -110 16 117.6
      vertex -110 16 130
    endloop
  endfacet
  facet normal 0 1 -0
    outer loop
      vertex 102 16 130
      vertex 87 16 140
      vertex 102 16 140
    endloop
  endfacet
  facet normal 0 1 0
    outer loop
      vertex 87 16 140
      vertex 102 16 130
      vertex 87 16 130
    endloop
  endfacet
  facet normal 0 1 -0
    outer loop
      vertex 75 16 130
      vertex 60 16 140
      vertex 75 16 140
    endloop
  endfacet
  facet normal 0 1 0
    outer loop
      vertex 60 16 140
      vertex 75 16 130
      vertex 60 16 130
    endloop
  endfacet
  facet normal 0 1 -0
    outer loop
      vertex 48 16 130
      vertex 33 16 140
      vertex 48 16 140
    endloop
  endfacet
  facet normal 0 1 0
    outer loop
      vertex 33 16 140
      vertex 48 16 130
      vertex 33 16 130
    endloop
  endfacet
  facet normal 0 1 -0
    outer loop
      vertex 21 16 130
      vertex 6 16 140
      vertex 21 16 140
    endloop
  endfacet
  facet normal 0 1 0
    outer loop
      vertex 6 16 140
      vertex 21 16 130
      vertex 6 16 130
    endloop
  endfacet
  facet normal 0 1 -0
    outer loop
      vertex -6 16 130
      vertex -21 16 140
      vertex -6 16 140
    endloop
  endfacet
  facet normal 0 1 0
    outer loop
      vertex -21 16 140
      vertex -6 16 130
      vertex -21 16 130
    endloop
  endfacet
  facet normal 0 1 -0
    outer loop
      vertex -33 16 130
      vertex -48 16 140
      vertex -33 16 140
    endloop
  endfacet
  facet normal 0 1 0
    outer loop
      vertex -48 16 140
      vertex -33 16 130
      vertex -48 16 130
    endloop
  endfacet
  facet normal 0 1 -0
    outer loop
      vertex -60 16 130
      vertex -75 16 140
      vertex -60 16 140
    endloop
  endfacet
  facet normal 0 1 0
    outer loop
      vertex -75 16 140
      vertex -60 16 130
      vertex -75 16 130
    endloop
  endfacet
  facet normal 0 1 -0
    outer loop
      vertex -87 16 130
      vertex -102 16 140
      vertex -87 16 140
    endloop
  endfacet
  facet normal 0 1 0
    outer loop
      vertex -102 16 140
      vertex -87 16 130
      vertex -102 16 130
    endloop
  endfacet
  facet normal 0 1 -0
    outer loop
      vertex -74.6 16 0
      vertex -97.4 16 12.4
      vertex -74.6 16 12.4
    endloop
  endfacet
  facet normal 0 1 0
    outer loop
      vertex -97.4 16 12.4
      vertex -74.6 16 0
      vertex -97.4 16 0
    endloop
  endfacet
  facet normal 0 1 -0
    outer loop
      vertex -50.6 16 0
      vertex -73.4 16 12.4
      vertex -50.6 16 12.4
    endloop
  endfacet
  facet normal 0 1 0
    outer loop
      vertex -73.4 16 12.4
      vertex -50.6 16 0
      vertex -73.4 16 0
    endloop
  endfacet
  facet normal 0 1 -0
    outer loop
      vertex -35 16 0
      vertex -49.4 16 12.4
      vertex -35 16 12.4
    endloop
  endfacet
  facet normal 0 1 0
    outer loop
      vertex -49.4 16 12.4
      vertex -35 16 0
      vertex -49.4 16 0
    endloop
  endfacet
  facet normal 0 1 -0
    outer loop
      vertex 45.4 16 0
      vertex 35 16 12.4
      vertex 45.4 16 12.4
    endloop
  endfacet
  facet normal 0 1 0
    outer loop
      vertex 35 16 12.4
      vertex 45.4 16 0
      vertex 35 16 0
    endloop
  endfacet
  facet normal 0 1 -0
    outer loop
      vertex 69.4 16 0
      vertex 46.6 16 12.4
      vertex 69.4 16 12.4
    endloop
  endfacet
  facet normal 0 1 0
    outer loop
      vertex 46.6 16 12.4
      vertex 69.4 16 0
      vertex 46.6 16 0
    endloop
  endfacet
  facet normal 0 1 -0
    outer loop
      vertex 93.4 16 0
      vertex 70.6 16 12.4
      vertex 93.4 16 12.4
    endloop
  endfacet
  facet normal 0 1 0
    outer loop
      vertex 70.6 16 12.4
      vertex 93.4 16 0
      vertex 70.6 16 0
    endloop
  endfacet
  facet normal 0 1 -0
    outer loop
      vertex -98.6 16 26.6
      vertex -110 16 38.4
      vertex -98.6 16 38.4
    endloop
  endfacet
  facet normal 0 1 0
    outer loop
      vertex -110 16 38.4
      vertex -98.6 16 26.6
      vertex -110 16 26.6
    endloop
  endfacet
  facet normal 0 1 -0
    outer loop
      vertex -86.6 16 13.6
      vertex -110 16 25.4
      vertex -86.6 16 25.4
    endloop
  endfacet
  facet normal 0 1 0
    outer loop
      vertex -110 16 25.4
      vertex -86.6 16 13.6
      vertex -110 16 13.6
    endloop
  endfacet
  facet normal 0 1 -0
    outer loop
      vertex 110 16 26.6
      vertex 94.6 16 38.4
      vertex 110 16 38.4
    endloop
  endfacet
  facet normal 0 1 0
    outer loop
      vertex 94.6 16 38.4
      vertex 110 16 26.6
      vertex 94.6 16 26.6
    endloop
  endfacet
  facet normal 0 1 -0
    outer loop
      vertex 110 16 13.6
      vertex 106.6 16 25.4
      vertex 110 16 25.4
    endloop
  endfacet
  facet normal 0 1 0
    outer loop
      vertex 106.6 16 25.4
      vertex 110 16 13.6
      vertex 106.6 16 13.6
    endloop
  endfacet
  facet normal 0 1 -0
    outer loop
      vertex -86.6 16 39.6
      vertex -110 16 51.4
      vertex -86.6 16 51.4
    endloop
  endfacet
  facet normal 0 1 0
    outer loop
      vertex -110 16 51.4
      vertex -86.6 16 39.6
      vertex -110 16 39.6
    endloop
  endfacet
  facet normal 0 1 -0
    outer loop
      vertex -98.6 16 52.6
      vertex -110 16 64.4
      vertex -98.6 16 64.4
    endloop
  endfacet
  facet normal 0 1 0
    outer loop
      vertex -110 16 64.4
      vertex -98.6 16 52.6
      vertex -110 16 52.6
    endloop
  endfacet
  facet normal 0 1 -0
    outer loop
      vertex 110 16 39.6
      vertex 106.6 16 51.4
      vertex 110 16 51.4
    endloop
  endfacet
  facet normal 0 1 0
    outer loop
      vertex 106.6 16 51.4
      vertex 110 16 39.6
      vertex 106.6 16 39.6
    endloop
  endfacet
  facet normal 0 1 -0
    outer loop
      vertex 110 16 52.6
      vertex 94.6 16 64.4
      vertex 110 16 64.4
    endloop
  endfacet
  facet normal 0 1 0
    outer loop
      vertex 94.6 16 64.4
      vertex 110 16 52.6
      vertex 94.6 16 52.6
    endloop
  endfacet
  facet normal 0 1 -0
    outer loop
      vertex -86.6 16 65.6
      vertex -110 16 77.4
      vertex -86.6 16 77.4
    endloop
  endfacet
  facet normal 0 1 0
    outer loop
      vertex -110 16 77.4
      vertex -86.6 16 65.6
      vertex -110 16 65.6
    endloop
  endfacet
  facet normal 0 1 -0
    outer loop
      vertex -98.6 16 78.6
      vertex -110 16 90.4
      vertex -98.6 16 90.4
    endloop
  endfacet
  facet normal 0 1 0
    outer loop
      vertex -110 16 90.4
      vertex -98.6 16 78.6
      vertex -110 16 78.6
    endloop
  endfacet
  facet normal 0 1 -0
    outer loop
      vertex 110 16 65.6
      vertex 106.6 16 77.4
      vertex 110 16 77.4
    endloop
  endfacet
  facet normal 0 1 0
    outer loop
      vertex 106.6 16 77.4
      vertex 110 16 65.6
      vertex 106.6 16 65.6
    endloop
  endfacet
  facet normal 0 1 -0
    outer loop
      vertex 110 16 78.6
      vertex 94.6 16 90.4
      vertex 110 16 90.4
    endloop
  endfacet
  facet normal 0 1 0
    outer loop
      vertex 94.6 16 90.4
      vertex 110 16 78.6
      vertex 94.6 16 78.6
    endloop
  endfacet
  facet normal 0 1 -0
    outer loop
      vertex -86.6 16 91.6
      vertex -110 16 103.4
      vertex -86.6 16 103.4
    endloop
  endfacet
  facet normal 0 1 0
    outer loop
      vertex -110 16 103.4
      vertex -86.6 16 91.6
      vertex -110 16 91.6
    endloop
  endfacet
  facet normal 0 1 -0
    outer loop
      vertex 110 16 91.6
      vertex 106.6 16 103.4
      vertex 110 16 103.4
    endloop
  endfacet
  facet normal 0 1 0
    outer loop
      vertex 106.6 16 103.4
      vertex 110 16 91.6
      vertex 106.6 16 91.6
    endloop
  endfacet
  facet normal 0 1 -0
    outer loop
      vertex -98.6 16 104.6
      vertex -110 16 116.4
      vertex -98.6 16 116.4
    endloop
  endfacet
  facet normal 0 1 0
    outer loop
      vertex -110 16 116.4
      vertex -98.6 16 104.6
      vertex -110 16 104.6
    endloop
  endfacet
  facet normal 0 1 -0
    outer loop
      vertex 110 16 104.6
      vertex 94.6 16 116.4
      vertex 110 16 116.4
    endloop
  endfacet
  facet normal 0 1 0
    outer loop
      vertex 94.6 16 116.4
      vertex 110 16 104.6
      vertex 94.6 16 104.6
    endloop
  endfacet
  facet normal 0 1 -0
    outer loop
      vertex -62.6 16 13.6
      vertex -85.4 16 25.4
      vertex -62.6 16 25.4
    endloop
  endfacet
  facet normal 0 1 0
    outer loop
      vertex -85.4 16 25.4
      vertex -62.6 16 13.6
      vertex -85.4 16 13.6
    endloop
  endfacet
  facet normal 0 1 -0
    outer loop
      vertex -38.6 16 13.6
      vertex -61.4 16 25.4
      vertex -38.6 16 25.4
    endloop
  endfacet
  facet normal 0 1 0
    outer loop
      vertex -61.4 16 25.4
      vertex -38.6 16 13.6
      vertex -61.4 16 13.6
    endloop
  endfacet
  facet normal 0 1 -0
    outer loop
      vertex -35 16 13.6
      vertex -37.4 16 25.4
      vertex -35 16 25.4
    endloop
  endfacet
  facet normal 0 1 0
    outer loop
      vertex -37.4 16 25.4
      vertex -35 16 13.6
      vertex -37.4 16 13.6
    endloop
  endfacet
  facet normal 0 1 -0
    outer loop
      vertex 57.4 16 13.6
      vertex 35 16 25.4
      vertex 57.4 16 25.4
    endloop
  endfacet
  facet normal 0 1 0
    outer loop
      vertex 35 16 25.4
      vertex 57.4 16 13.6
      vertex 35 16 13.6
    endloop
  endfacet
  facet normal 0 1 -0
    outer loop
      vertex 81.4 16 13.6
      vertex 58.6 16 25.4
      vertex 81.4 16 25.4
    endloop
  endfacet
  facet normal 0 1 0
    outer loop
      vertex 58.6 16 25.4
      vertex 81.4 16 13.6
      vertex 58.6 16 13.6
    endloop
  endfacet
  facet normal 0 1 -0
    outer loop
      vertex 105.4 16 13.6
      vertex 82.6 16 25.4
      vertex 105.4 16 25.4
    endloop
  endfacet
  facet normal 0 1 0
    outer loop
      vertex 82.6 16 25.4
      vertex 105.4 16 13.6
      vertex 82.6 16 13.6
    endloop
  endfacet
  facet normal 0 1 -0
    outer loop
      vertex -74.6 16 26.6
      vertex -97.4 16 38.4
      vertex -74.6 16 38.4
    endloop
  endfacet
  facet normal 0 1 0
    outer loop
      vertex -97.4 16 38.4
      vertex -74.6 16 26.6
      vertex -97.4 16 26.6
    endloop
  endfacet
  facet normal 0 1 -0
    outer loop
      vertex -50.6 16 26.6
      vertex -73.4 16 38.4
      vertex -50.6 16 38.4
    endloop
  endfacet
  facet normal 0 1 0
    outer loop
      vertex -73.4 16 38.4
      vertex -50.6 16 26.6
      vertex -73.4 16 26.6
    endloop
  endfacet
  facet normal 0 1 -0
    outer loop
      vertex -35 16 26.6
      vertex -49.4 16 38.4
      vertex -35 16 38.4
    endloop
  endfacet
  facet normal 0 1 0
    outer loop
      vertex -49.4 16 38.4
      vertex -35 16 26.6
      vertex -49.4 16 26.6
    endloop
  endfacet
  facet normal 0 1 -0
    outer loop
      vertex 45.4 16 26.6
      vertex 35 16 38.4
      vertex 45.4 16 38.4
    endloop
  endfacet
  facet normal 0 1 0
    outer loop
      vertex 35 16 38.4
      vertex 45.4 16 26.6
      vertex 35 16 26.6
    endloop
  endfacet
  facet normal 0 1 -0
    outer loop
      vertex 69.4 16 26.6
      vertex 46.6 16 38.4
      vertex 69.4 16 38.4
    endloop
  endfacet
  facet normal 0 1 0
    outer loop
      vertex 46.6 16 38.4
      vertex 69.4 16 26.6
      vertex 46.6 16 26.6
    endloop
  endfacet
  facet normal 0 1 -0
    outer loop
      vertex 93.4 16 26.6
      vertex 70.6 16 38.4
      vertex 93.4 16 38.4
    endloop
  endfacet
  facet normal 0 1 0
    outer loop
      vertex 70.6 16 38.4
      vertex 93.4 16 26.6
      vertex 70.6 16 26.6
    endloop
  endfacet
  facet normal 0 1 -0
    outer loop
      vertex -74.6 16 52.6
      vertex -97.4 16 64.4
      vertex -74.6 16 64.4
    endloop
  endfacet
  facet normal 0 1 0
    outer loop
      vertex -97.4 16 64.4
      vertex -74.6 16 52.6
      vertex -97.4 16 52.6
    endloop
  endfacet
  facet normal 0 1 -0
    outer loop
      vertex -62.6 16 39.6
      vertex -85.4 16 51.4
      vertex -62.6 16 51.4
    endloop
  endfacet
  facet normal 0 1 0
    outer loop
      vertex -85.4 16 51.4
      vertex -62.6 16 39.6
      vertex -85.4 16 39.6
    endloop
  endfacet
  facet normal 0 1 -0
    outer loop
      vertex -50.6 16 52.6
      vertex -73.4 16 64.4
      vertex -50.6 16 64.4
    endloop
  endfacet
  facet normal 0 1 0
    outer loop
      vertex -73.4 16 64.4
      vertex -50.6 16 52.6
      vertex -73.4 16 52.6
    endloop
  endfacet
  facet normal 0 1 -0
    outer loop
      vertex -38.6 16 39.6
      vertex -61.4 16 51.4
      vertex -38.6 16 51.4
    endloop
  endfacet
  facet normal 0 1 0
    outer loop
      vertex -61.4 16 51.4
      vertex -38.6 16 39.6
      vertex -61.4 16 39.6
    endloop
  endfacet
  facet normal 0 1 -0
    outer loop
      vertex -35 16 52.6
      vertex -49.4 16 64.4
      vertex -35 16 64.4
    endloop
  endfacet
  facet normal 0 1 0
    outer loop
      vertex -49.4 16 64.4
      vertex -35 16 52.6
      vertex -49.4 16 52.6
    endloop
  endfacet
  facet normal 0 1 -0
    outer loop
      vertex -35 16 39.6
      vertex -37.4 16 51.4
      vertex -35 16 51.4
    endloop
  endfacet
  facet normal 0 1 0
    outer loop
      vertex -37.4 16 51.4
      vertex -35 16 39.6
      vertex -37.4 16 39.6
    endloop
  endfacet
  facet normal 0 1 -0
    outer loop
      vertex 45.4 16 52.6
      vertex 35 16 64.4
      vertex 45.4 16 64.4
    endloop
  endfacet
  facet normal 0 1 0
    outer loop
      vertex 35 16 64.4
      vertex 45.4 16 52.6
      vertex 35 16 52.6
    endloop
  endfacet
  facet normal 0 1 -0
    outer loop
      vertex 69.4 16 52.6
      vertex 46.6 16 64.4
      vertex 69.4 16 64.4
    endloop
  endfacet
  facet normal 0 1 0
    outer loop
      vertex 46.6 16 64.4
      vertex 69.4 16 52.6
      vertex 46.6 16 52.6
    endloop
  endfacet
  facet normal 0 1 -0
    outer loop
      vertex 57.4 16 39.6
      vertex 35 16 51.4
      vertex 57.4 16 51.4
    endloop
  endfacet
  facet normal 0 1 0
    outer loop
      vertex 35 16 51.4
      vertex 57.4 16 39.6
      vertex 35 16 39.6
    endloop
  endfacet
  facet normal 0 1 -0
    outer loop
      vertex 81.4 16 39.6
      vertex 58.6 16 51.4
      vertex 81.4 16 51.4
    endloop
  endfacet
  facet normal 0 1 0
    outer loop
      vertex 58.6 16 51.4
      vertex 81.4 16 39.6
      vertex 58.6 16 39.6
    endloop
  endfacet
  facet normal 0 1 -0
    outer loop
      vertex 93.4 16 52.6
      vertex 70.6 16 64.4
      vertex 93.4 16 64.4
    endloop
  endfacet
  facet normal 0 1 0
    outer loop
      vertex 70.6 16 64.4
      vertex 93.4 16 52.6
      vertex 70.6 16 52.6
    endloop
  endfacet
  facet normal 0 1 -0
    outer loop
      vertex 105.4 16 39.6
      vertex 82.6 16 51.4
      vertex 105.4 16 51.4
    endloop
  endfacet
  facet normal 0 1 0
    outer loop
      vertex 82.6 16 51.4
      vertex 105.4 16 39.6
      vertex 82.6 16 39.6
    endloop
  endfacet
  facet normal 0 1 -0
    outer loop
      vertex -74.6 16 78.6
      vertex -97.4 16 90.4
      vertex -74.6 16 90.4
    endloop
  endfacet
  facet normal 0 1 0
    outer loop
      vertex -97.4 16 90.4
      vertex -74.6 16 78.6
      vertex -97.4 16 78.6
    endloop
  endfacet
  facet normal 0 1 -0
    outer loop
      vertex -62.6 16 65.6
      vertex -85.4 16 77.4
      vertex -62.6 16 77.4
    endloop
  endfacet
  facet normal 0 1 0
    outer loop
      vertex -85.4 16 77.4
      vertex -62.6 16 65.6
      vertex -85.4 16 65.6
    endloop
  endfacet
  facet normal 0 1 -0
    outer loop
      vertex -50.6 16 78.6
      vertex -73.4 16 90.4
      vertex -50.6 16 90.4
    endloop
  endfacet
  facet normal 0 1 0
    outer loop
      vertex -73.4 16 90.4
      vertex -50.6 16 78.6
      vertex -73.4 16 78.6
    endloop
  endfacet
  facet normal 0 1 -0
    outer loop
      vertex -38.6 16 65.6
      vertex -61.4 16 77.4
      vertex -38.6 16 77.4
    endloop
  endfacet
  facet normal 0 1 0
    outer loop
      vertex -61.4 16 77.4
      vertex -38.6 16 65.6
      vertex -61.4 16 65.6
    endloop
  endfacet
  facet normal 0 1 -0
    outer loop
      vertex -31.9741 16 90.2358
      vertex -49.4 16 90.4
      vertex -31.8904 16 90.4
    endloop
  endfacet
  facet normal 0 1 -0
    outer loop
      vertex -33.287 16 86.8156
      vertex -49.4 16 90.4
      vertex -31.9741 16 90.2358
    endloop
  endfacet
  facet normal 0 1 -0
    outer loop
      vertex -34.2352 16 83.2769
      vertex -49.4 16 90.4
      vertex -33.287 16 86.8156
    endloop
  endfacet
  facet normal 0 1 0
    outer loop
      vertex -49.4 16 78.6
      vertex -34.2352 16 83.2769
      vertex -34.8083 16 79.6585
    endloop
  endfacet
  facet normal 0 1 0
    outer loop
      vertex -49.4 16 78.6
      vertex -34.8083 16 79.6585
      vertex -34.8637 16 78.6
    endloop
  endfacet
  facet normal 0 1 0
    outer loop
      vertex -34.2352 16 83.2769
      vertex -49.4 16 78.6
      vertex -49.4 16 90.4
    endloop
  endfacet
  facet normal 0 1 -0
    outer loop
      vertex -35 16 76
      vertex -37.4 16 77.4
      vertex -34.9266 16 77.4
    endloop
  endfacet
  facet normal 0 1 0
    outer loop
      vertex -37.4 16 65.6
      vertex -35 16 76
      vertex -35 16 65.6
    endloop
  endfacet
  facet normal 0 1 0
    outer loop
      vertex -35 16 76
      vertex -37.4 16 65.6
      vertex -37.4 16 77.4
    endloop
  endfacet
  facet normal 0 1 0
    outer loop
      vertex 45.4 16 90.4
      vertex 31.9741 16 90.2358
      vertex 31.8904 16 90.4
    endloop
  endfacet
  facet normal 0 1 0
    outer loop
      vertex 45.4 16 90.4
      vertex 33.287 16 86.8156
      vertex 31.9741 16 90.2358
    endloop
  endfacet
  facet normal 0 1 0
    outer loop
      vertex 45.4 16 90.4
      vertex 34.2352 16 83.2769
      vertex 33.287 16 86.8156
    endloop
  endfacet
  facet normal 0 1 -0
    outer loop
      vertex 45.4 16 78.6
      vertex 34.2352 16 83.2769
      vertex 45.4 16 90.4
    endloop
  endfacet
  facet normal 0 1 0
    outer loop
      vertex 34.2352 16 83.2769
      vertex 45.4 16 78.6
      vertex 34.8083 16 79.6585
    endloop
  endfacet
  facet normal 0 1 0
    outer loop
      vertex 34.8083 16 79.6585
      vertex 45.4 16 78.6
      vertex 34.8637 16 78.6
    endloop
  endfacet
  facet normal 0 1 -0
    outer loop
      vertex 69.4 16 78.6
      vertex 46.6 16 90.4
      vertex 69.4 16 90.4
    endloop
  endfacet
  facet normal 0 1 0
    outer loop
      vertex 46.6 16 90.4
      vertex 69.4 16 78.6
      vertex 46.6 16 78.6
    endloop
  endfacet
  facet normal 0 1 0
    outer loop
      vertex 57.4 16 77.4
      vertex 35 16 76
      vertex 34.9266 16 77.4
    endloop
  endfacet
  facet normal 0 1 -0
    outer loop
      vertex 57.4 16 65.6
      vertex 35 16 76
      vertex 57.4 16 77.4
    endloop
  endfacet
  facet normal 0 1 0
    outer loop
      vertex 35 16 76
      vertex 57.4 16 65.6
      vertex 35 16 65.6
    endloop
  endfacet
  facet normal 0 1 -0
    outer loop
      vertex 81.4 16 65.6
      vertex 58.6 16 77.4
      vertex 81.4 16 77.4
    endloop
  endfacet
  facet normal 0 1 0
    outer loop
      vertex 58.6 16 77.4
      vertex 81.4 16 65.6
      vertex 58.6 16 65.6
    endloop
  endfacet
  facet normal 0 1 -0
    outer loop
      vertex 93.4 16 78.6
      vertex 70.6 16 90.4
      vertex 93.4 16 90.4
    endloop
  endfacet
  facet normal 0 1 0
    outer loop
      vertex 70.6 16 90.4
      vertex 93.4 16 78.6
      vertex 70.6 16 78.6
    endloop
  endfacet
  facet normal 0 1 -0
    outer loop
      vertex 105.4 16 65.6
      vertex 82.6 16 77.4
      vertex 105.4 16 77.4
    endloop
  endfacet
  facet normal 0 1 0
    outer loop
      vertex 82.6 16 77.4
      vertex 105.4 16 65.6
      vertex 82.6 16 65.6
    endloop
  endfacet
  facet normal 0 1 -0
    outer loop
      vertex -62.6 16 91.6
      vertex -85.4 16 103.4
      vertex -62.6 16 103.4
    endloop
  endfacet
  facet normal 0 1 0
    outer loop
      vertex -85.4 16 103.4
      vertex -62.6 16 91.6
      vertex -85.4 16 91.6
    endloop
  endfacet
  facet normal 0 1 -0
    outer loop
      vertex -38.6 16 91.6
      vertex -61.4 16 103.4
      vertex -38.6 16 103.4
    endloop
  endfacet
  facet normal 0 1 0
    outer loop
      vertex -61.4 16 103.4
      vertex -38.6 16 91.6
      vertex -61.4 16 91.6
    endloop
  endfacet
  facet normal 0 1 -0
    outer loop
      vertex -23.4196 16 102.01
      vertex -37.4 16 103.4
      vertex -21.7031 16 103.4
    endloop
  endfacet
  facet normal 0 1 -0
    outer loop
      vertex -26.0101 16 99.4196
      vertex -37.4 16 103.4
      vertex -23.4196 16 102.01
    endloop
  endfacet
  facet normal 0 1 -0
    outer loop
      vertex -28.3156 16 96.5725
      vertex -37.4 16 103.4
      vertex -26.0101 16 99.4196
    endloop
  endfacet
  facet normal 0 1 -0
    outer loop
      vertex -30.3109 16 93.5
      vertex -37.4 16 103.4
      vertex -28.3156 16 96.5725
    endloop
  endfacet
  facet normal 0 1 0
    outer loop
      vertex -37.4 16 91.6
      vertex -30.3109 16 93.5
      vertex -31.279 16 91.6
    endloop
  endfacet
  facet normal 0 1 0
    outer loop
      vertex -30.3109 16 93.5
      vertex -37.4 16 91.6
      vertex -37.4 16 103.4
    endloop
  endfacet
  facet normal 0 1 0
    outer loop
      vertex 57.4 16 103.4
      vertex 23.4196 16 102.01
      vertex 21.7031 16 103.4
    endloop
  endfacet
  facet normal 0 1 0
    outer loop
      vertex 57.4 16 103.4
      vertex 26.0101 16 99.4196
      vertex 23.4196 16 102.01
    endloop
  endfacet
  facet normal 0 1 0
    outer loop
      vertex 57.4 16 103.4
      vertex 28.3156 16 96.5725
      vertex 26.0101 16 99.4196
    endloop
  endfacet
  facet normal 0 1 0
    outer loop
      vertex 57.4 16 103.4
      vertex 30.3109 16 93.5
      vertex 28.3156 16 96.5725
    endloop
  endfacet
  facet normal 0 1 0
    outer loop
      vertex 31.279 16 91.6
      vertex 57.4 16 103.4
      vertex 57.4 16 91.6
    endloop
  endfacet
  facet normal 0 1 0
    outer loop
      vertex 57.4 16 103.4
      vertex 31.279 16 91.6
      vertex 30.3109 16 93.5
    endloop
  endfacet
  facet normal 0 1 -0
    outer loop
      vertex 81.4 16 91.6
      vertex 58.6 16 103.4
      vertex 81.4 16 103.4
    endloop
  endfacet
  facet normal 0 1 0
    outer loop
      vertex 58.6 16 103.4
      vertex 81.4 16 91.6
      vertex 58.6 16 91.6
    endloop
  endfacet
  facet normal 0 1 -0
    outer loop
      vertex 105.4 16 91.6
      vertex 82.6 16 103.4
      vertex 105.4 16 103.4
    endloop
  endfacet
  facet normal 0 1 0
    outer loop
      vertex 82.6 16 103.4
      vertex 105.4 16 91.6
      vertex 82.6 16 91.6
    endloop
  endfacet
  facet normal 0 1 -0
    outer loop
      vertex -74.6 16 104.6
      vertex -97.4 16 116.4
      vertex -74.6 16 116.4
    endloop
  endfacet
  facet normal 0 1 0
    outer loop
      vertex -97.4 16 116.4
      vertex -74.6 16 104.6
      vertex -97.4 16 104.6
    endloop
  endfacet
  facet normal 0 1 -0
    outer loop
      vertex -50.6 16 104.6
      vertex -73.4 16 116.4
      vertex -50.6 16 116.4
    endloop
  endfacet
  facet normal 0 1 0
    outer loop
      vertex -73.4 16 116.4
      vertex -50.6 16 104.6
      vertex -73.4 16 104.6
    endloop
  endfacet
  facet normal 0 1 0
    outer loop
      vertex 45.4 16 116.4
      vertex 0 16 111
      vertex -49.4 16 116.4
    endloop
  endfacet
  facet normal 0 1 0
    outer loop
      vertex 45.4 16 116.4
      vertex 3.6585 16 110.808
      vertex 0 16 111
    endloop
  endfacet
  facet normal 0 1 0
    outer loop
      vertex 45.4 16 116.4
      vertex 7.27691 16 110.235
      vertex 3.6585 16 110.808
    endloop
  endfacet
  facet normal 0 1 0
    outer loop
      vertex 45.4 16 116.4
      vertex 10.8156 16 109.287
      vertex 7.27691 16 110.235
    endloop
  endfacet
  facet normal 0 1 0
    outer loop
      vertex 45.4 16 116.4
      vertex 14.2358 16 107.974
      vertex 10.8156 16 109.287
    endloop
  endfacet
  facet normal 0 1 0
    outer loop
      vertex 45.4 16 116.4
      vertex 17.5 16 106.311
      vertex 14.2358 16 107.974
    endloop
  endfacet
  facet normal 0 1 0
    outer loop
      vertex 20.1345 16 104.6
      vertex 45.4 16 116.4
      vertex 45.4 16 104.6
    endloop
  endfacet
  facet normal 0 1 0
    outer loop
      vertex 45.4 16 116.4
      vertex 20.1345 16 104.6
      vertex 17.5 16 106.311
    endloop
  endfacet
  facet normal 0 1 -0
    outer loop
      vertex -3.6585 16 110.808
      vertex -49.4 16 116.4
      vertex 0 16 111
    endloop
  endfacet
  facet normal 0 1 -0
    outer loop
      vertex -7.27691 16 110.235
      vertex -49.4 16 116.4
      vertex -3.6585 16 110.808
    endloop
  endfacet
  facet normal 0 1 -0
    outer loop
      vertex -10.8156 16 109.287
      vertex -49.4 16 116.4
      vertex -7.27691 16 110.235
    endloop
  endfacet
  facet normal 0 1 -0
    outer loop
      vertex -14.2358 16 107.974
      vertex -49.4 16 116.4
      vertex -10.8156 16 109.287
    endloop
  endfacet
  facet normal 0 1 -0
    outer loop
      vertex -17.5 16 106.311
      vertex -49.4 16 116.4
      vertex -14.2358 16 107.974
    endloop
  endfacet
  facet normal 0 1 -0
    outer loop
      vertex -20.1345 16 104.6
      vertex -49.4 16 116.4
      vertex -17.5 16 106.311
    endloop
  endfacet
  facet normal 0 1 0
    outer loop
      vertex -49.4 16 116.4
      vertex -20.1345 16 104.6
      vertex -49.4 16 104.6
    endloop
  endfacet
  facet normal 0 1 -0
    outer loop
      vertex 69.4 16 104.6
      vertex 46.6 16 116.4
      vertex 69.4 16 116.4
    endloop
  endfacet
  facet normal 0 1 0
    outer loop
      vertex 46.6 16 116.4
      vertex 69.4 16 104.6
      vertex 46.6 16 104.6
    endloop
  endfacet
  facet normal 0 1 -0
    outer loop
      vertex 93.4 16 104.6
      vertex 70.6 16 116.4
      vertex 93.4 16 116.4
    endloop
  endfacet
  facet normal 0 1 0
    outer loop
      vertex 70.6 16 116.4
      vertex 93.4 16 104.6
      vertex 70.6 16 104.6
    endloop
  endfacet
  facet normal 0 -1 0
    outer loop
      vertex -110 11 125
      vertex -102 11 130
      vertex -110 11 130
    endloop
  endfacet
  facet normal 0 -1 -0
    outer loop
      vertex -102 11 130
      vertex -110 11 125
      vertex -87 11 130
    endloop
  endfacet
  facet normal 0 -1 -0
    outer loop
      vertex -87 11 130
      vertex -110 11 125
      vertex -75 11 130
    endloop
  endfacet
  facet normal 0 -1 -0
    outer loop
      vertex -75 11 130
      vertex -110 11 125
      vertex -60 11 130
    endloop
  endfacet
  facet normal 0 -1 -0
    outer loop
      vertex -60 11 130
      vertex -110 11 125
      vertex -48 11 130
    endloop
  endfacet
  facet normal 0 -1 -0
    outer loop
      vertex -48 11 130
      vertex -110 11 125
      vertex -33 11 130
    endloop
  endfacet
  facet normal 0 -1 -0
    outer loop
      vertex -33 11 130
      vertex -110 11 125
      vertex -21 11 130
    endloop
  endfacet
  facet normal 0 -1 -0
    outer loop
      vertex -21 11 130
      vertex -110 11 125
      vertex -6 11 130
    endloop
  endfacet
  facet normal 0 -1 -0
    outer loop
      vertex -6 11 130
      vertex -110 11 125
      vertex 6 11 130
    endloop
  endfacet
  facet normal 0 -1 0
    outer loop
      vertex 110 11 125
      vertex 6 11 130
      vertex -110 11 125
    endloop
  endfacet
  facet normal 0 -1 0
    outer loop
      vertex 6 11 130
      vertex 110 11 125
      vertex 21 11 130
    endloop
  endfacet
  facet normal 0 -1 0
    outer loop
      vertex 21 11 130
      vertex 110 11 125
      vertex 33 11 130
    endloop
  endfacet
  facet normal 0 -1 0
    outer loop
      vertex 33 11 130
      vertex 110 11 125
      vertex 48 11 130
    endloop
  endfacet
  facet normal 0 -1 0
    outer loop
      vertex 48 11 130
      vertex 110 11 125
      vertex 60 11 130
    endloop
  endfacet
  facet normal 0 -1 0
    outer loop
      vertex 60 11 130
      vertex 110 11 125
      vertex 75 11 130
    endloop
  endfacet
  facet normal 0 -1 0
    outer loop
      vertex 75 11 130
      vertex 110 11 125
      vertex 87 11 130
    endloop
  endfacet
  facet normal 0 -1 0
    outer loop
      vertex 87 11 130
      vertex 110 11 125
      vertex 102 11 130
    endloop
  endfacet
  facet normal 0 -1 0
    outer loop
      vertex 102 11 130
      vertex 110 11 125
      vertex 110 11 130
    endloop
  endfacet
  facet normal 0 -1 0
    outer loop
      vertex -102 11 130
      vertex -87 11 140
      vertex -102 11 140
    endloop
  endfacet
  facet normal 0 -1 -0
    outer loop
      vertex -87 11 140
      vertex -102 11 130
      vertex -87 11 130
    endloop
  endfacet
  facet normal 0 -1 0
    outer loop
      vertex -75 11 130
      vertex -60 11 140
      vertex -75 11 140
    endloop
  endfacet
  facet normal 0 -1 -0
    outer loop
      vertex -60 11 140
      vertex -75 11 130
      vertex -60 11 130
    endloop
  endfacet
  facet normal 0 -1 0
    outer loop
      vertex -48 11 130
      vertex -33 11 140
      vertex -48 11 140
    endloop
  endfacet
  facet normal 0 -1 -0
    outer loop
      vertex -33 11 140
      vertex -48 11 130
      vertex -33 11 130
    endloop
  endfacet
  facet normal 0 -1 0
    outer loop
      vertex -21 11 130
      vertex -6 11 140
      vertex -21 11 140
    endloop
  endfacet
  facet normal 0 -1 -0
    outer loop
      vertex -6 11 140
      vertex -21 11 130
      vertex -6 11 130
    endloop
  endfacet
  facet normal 0 -1 0
    outer loop
      vertex 6 11 130
      vertex 21 11 140
      vertex 6 11 140
    endloop
  endfacet
  facet normal 0 -1 -0
    outer loop
      vertex 21 11 140
      vertex 6 11 130
      vertex 21 11 130
    endloop
  endfacet
  facet normal 0 -1 0
    outer loop
      vertex 33 11 130
      vertex 48 11 140
      vertex 33 11 140
    endloop
  endfacet
  facet normal 0 -1 -0
    outer loop
      vertex 48 11 140
      vertex 33 11 130
      vertex 48 11 130
    endloop
  endfacet
  facet normal 0 -1 0
    outer loop
      vertex 60 11 130
      vertex 75 11 140
      vertex 60 11 140
    endloop
  endfacet
  facet normal 0 -1 -0
    outer loop
      vertex 75 11 140
      vertex 60 11 130
      vertex 75 11 130
    endloop
  endfacet
  facet normal 0 -1 0
    outer loop
      vertex 87 11 130
      vertex 102 11 140
      vertex 87 11 140
    endloop
  endfacet
  facet normal 0 -1 -0
    outer loop
      vertex 102 11 140
      vertex 87 11 130
      vertex 102 11 130
    endloop
  endfacet
  facet normal -1 0 0
    outer loop
      vertex -102 -16 130
      vertex -102 -11 140
      vertex -102 -11 130
    endloop
  endfacet
  facet normal -1 -0 0
    outer loop
      vertex -102 -11 140
      vertex -102 -16 130
      vertex -102 -16 140
    endloop
  endfacet
  facet normal -0 0 1
    outer loop
      vertex -102 -11 140
      vertex -87 -16 140
      vertex -87 -11 140
    endloop
  endfacet
  facet normal 0 0 1
    outer loop
      vertex -87 -16 140
      vertex -102 -11 140
      vertex -102 -16 140
    endloop
  endfacet
  facet normal 1 -0 0
    outer loop
      vertex -87 -16 140
      vertex -87 -11 130
      vertex -87 -11 140
    endloop
  endfacet
  facet normal 1 0 0
    outer loop
      vertex -87 -11 130
      vertex -87 -16 140
      vertex -87 -16 130
    endloop
  endfacet
  facet normal -1 0 0
    outer loop
      vertex -102 11 130
      vertex -102 16 140
      vertex -102 16 130
    endloop
  endfacet
  facet normal -1 -0 0
    outer loop
      vertex -102 16 140
      vertex -102 11 130
      vertex -102 11 140
    endloop
  endfacet
  facet normal -0 0 1
    outer loop
      vertex -102 16 140
      vertex -87 11 140
      vertex -87 16 140
    endloop
  endfacet
  facet normal 0 0 1
    outer loop
      vertex -87 11 140
      vertex -102 16 140
      vertex -102 11 140
    endloop
  endfacet
  facet normal 1 -0 0
    outer loop
      vertex -87 11 140
      vertex -87 16 130
      vertex -87 16 140
    endloop
  endfacet
  facet normal 1 0 0
    outer loop
      vertex -87 16 130
      vertex -87 11 140
      vertex -87 11 130
    endloop
  endfacet
  facet normal -1 0 0
    outer loop
      vertex -75 -16 130
      vertex -75 -11 140
      vertex -75 -11 130
    endloop
  endfacet
  facet normal -1 -0 0
    outer loop
      vertex -75 -11 140
      vertex -75 -16 130
      vertex -75 -16 140
    endloop
  endfacet
  facet normal -0 0 1
    outer loop
      vertex -75 -11 140
      vertex -60 -16 140
      vertex -60 -11 140
    endloop
  endfacet
  facet normal 0 0 1
    outer loop
      vertex -60 -16 140
      vertex -75 -11 140
      vertex -75 -16 140
    endloop
  endfacet
  facet normal 1 -0 0
    outer loop
      vertex -60 -16 140
      vertex -60 -11 130
      vertex -60 -11 140
    endloop
  endfacet
  facet normal 1 0 0
    outer loop
      vertex -60 -11 130
      vertex -60 -16 140
      vertex -60 -16 130
    endloop
  endfacet
  facet normal -1 0 0
    outer loop
      vertex -75 11 130
      vertex -75 16 140
      vertex -75 16 130
    endloop
  endfacet
  facet normal -1 -0 0
    outer loop
      vertex -75 16 140
      vertex -75 11 130
      vertex -75 11 140
    endloop
  endfacet
  facet normal -0 0 1
    outer loop
      vertex -75 16 140
      vertex -60 11 140
      vertex -60 16 140
    endloop
  endfacet
  facet normal 0 0 1
    outer loop
      vertex -60 11 140
      vertex -75 16 140
      vertex -75 11 140
    endloop
  endfacet
  facet normal 1 -0 0
    outer loop
      vertex -60 11 140
      vertex -60 16 130
      vertex -60 16 140
    endloop
  endfacet
  facet normal 1 0 0
    outer loop
      vertex -60 16 130
      vertex -60 11 140
      vertex -60 11 130
    endloop
  endfacet
  facet normal -1 0 0
    outer loop
      vertex -48 -16 130
      vertex -48 -11 140
      vertex -48 -11 130
    endloop
  endfacet
  facet normal -1 -0 0
    outer loop
      vertex -48 -11 140
      vertex -48 -16 130
      vertex -48 -16 140
    endloop
  endfacet
  facet normal -0 0 1
    outer loop
      vertex -48 -11 140
      vertex -33 -16 140
      vertex -33 -11 140
    endloop
  endfacet
  facet normal 0 0 1
    outer loop
      vertex -33 -16 140
      vertex -48 -11 140
      vertex -48 -16 140
    endloop
  endfacet
  facet normal 1 -0 0
    outer loop
      vertex -33 -16 140
      vertex -33 -11 130
      vertex -33 -11 140
    endloop
  endfacet
  facet normal 1 0 0
    outer loop
      vertex -33 -11 130
      vertex -33 -16 140
      vertex -33 -16 130
    endloop
  endfacet
  facet normal -1 0 0
    outer loop
      vertex -48 11 130
      vertex -48 16 140
      vertex -48 16 130
    endloop
  endfacet
  facet normal -1 -0 0
    outer loop
      vertex -48 16 140
      vertex -48 11 130
      vertex -48 11 140
    endloop
  endfacet
  facet normal -0 0 1
    outer loop
      vertex -48 16 140
      vertex -33 11 140
      vertex -33 16 140
    endloop
  endfacet
  facet normal 0 0 1
    outer loop
      vertex -33 11 140
      vertex -48 16 140
      vertex -48 11 140
    endloop
  endfacet
  facet normal 1 -0 0
    outer loop
      vertex -33 11 140
      vertex -33 16 130
      vertex -33 16 140
    endloop
  endfacet
  facet normal 1 0 0
    outer loop
      vertex -33 16 130
      vertex -33 11 140
      vertex -33 11 130
    endloop
  endfacet
  facet normal -1 0 0
    outer loop
      vertex -21 -16 130
      vertex -21 -11 140
      vertex -21 -11 130
    endloop
  endfacet
  facet normal -1 -0 0
    outer loop
      vertex -21 -11 140
      vertex -21 -16 130
      vertex -21 -16 140
    endloop
  endfacet
  facet normal -0 0 1
    outer loop
      vertex -21 -11 140
      vertex -6 -16 140
      vertex -6 -11 140
    endloop
  endfacet
  facet normal 0 0 1
    outer loop
      vertex -6 -16 140
      vertex -21 -11 140
      vertex -21 -16 140
    endloop
  endfacet
  facet normal 1 -0 0
    outer loop
      vertex -6 -16 140
      vertex -6 -11 130
      vertex -6 -11 140
    endloop
  endfacet
  facet normal 1 0 0
    outer loop
      vertex -6 -11 130
      vertex -6 -16 140
      vertex -6 -16 130
    endloop
  endfacet
  facet normal -1 0 0
    outer loop
      vertex -21 11 130
      vertex -21 16 140
      vertex -21 16 130
    endloop
  endfacet
  facet normal -1 -0 0
    outer loop
      vertex -21 16 140
      vertex -21 11 130
      vertex -21 11 140
    endloop
  endfacet
  facet normal -0 0 1
    outer loop
      vertex -21 16 140
      vertex -6 11 140
      vertex -6 16 140
    endloop
  endfacet
  facet normal 0 0 1
    outer loop
      vertex -6 11 140
      vertex -21 16 140
      vertex -21 11 140
    endloop
  endfacet
  facet normal 1 -0 0
    outer loop
      vertex -6 11 140
      vertex -6 16 130
      vertex -6 16 140
    endloop
  endfacet
  facet normal 1 0 0
    outer loop
      vertex -6 16 130
      vertex -6 11 140
      vertex -6 11 130
    endloop
  endfacet
  facet normal -1 0 0
    outer loop
      vertex 6 -16 130
      vertex 6 -11 140
      vertex 6 -11 130
    endloop
  endfacet
  facet normal -1 -0 0
    outer loop
      vertex 6 -11 140
      vertex 6 -16 130
      vertex 6 -16 140
    endloop
  endfacet
  facet normal -0 0 1
    outer loop
      vertex 6 -11 140
      vertex 21 -16 140
      vertex 21 -11 140
    endloop
  endfacet
  facet normal 0 0 1
    outer loop
      vertex 21 -16 140
      vertex 6 -11 140
      vertex 6 -16 140
    endloop
  endfacet
  facet normal 1 -0 0
    outer loop
      vertex 21 -16 140
      vertex 21 -11 130
      vertex 21 -11 140
    endloop
  endfacet
  facet normal 1 0 0
    outer loop
      vertex 21 -11 130
      vertex 21 -16 140
      vertex 21 -16 130
    endloop
  endfacet
  facet normal -1 0 0
    outer loop
      vertex 6 11 130
      vertex 6 16 140
      vertex 6 16 130
    endloop
  endfacet
  facet normal -1 -0 0
    outer loop
      vertex 6 16 140
      vertex 6 11 130
      vertex 6 11 140
    endloop
  endfacet
  facet normal -0 0 1
    outer loop
      vertex 6 16 140
      vertex 21 11 140
      vertex 21 16 140
    endloop
  endfacet
  facet normal 0 0 1
    outer loop
      vertex 21 11 140
      vertex 6 16 140
      vertex 6 11 140
    endloop
  endfacet
  facet normal 1 -0 0
    outer loop
      vertex 21 11 140
      vertex 21 16 130
      vertex 21 16 140
    endloop
  endfacet
  facet normal 1 0 0
    outer loop
      vertex 21 16 130
      vertex 21 11 140
      vertex 21 11 130
    endloop
  endfacet
  facet normal -1 0 0
    outer loop
      vertex 33 -16 130
      vertex 33 -11 140
      vertex 33 -11 130
    endloop
  endfacet
  facet normal -1 -0 0
    outer loop
      vertex 33 -11 140
      vertex 33 -16 130
      vertex 33 -16 140
    endloop
  endfacet
  facet normal -0 0 1
    outer loop
      vertex 33 -11 140
      vertex 48 -16 140
      vertex 48 -11 140
    endloop
  endfacet
  facet normal 0 0 1
    outer loop
      vertex 48 -16 140
      vertex 33 -11 140
      vertex 33 -16 140
    endloop
  endfacet
  facet normal 1 -0 0
    outer loop
      vertex 48 -16 140
      vertex 48 -11 130
      vertex 48 -11 140
    endloop
  endfacet
  facet normal 1 0 0
    outer loop
      vertex 48 -11 130
      vertex 48 -16 140
      vertex 48 -16 130
    endloop
  endfacet
  facet normal -1 0 0
    outer loop
      vertex 33 11 130
      vertex 33 16 140
      vertex 33 16 130
    endloop
  endfacet
  facet normal -1 -0 0
    outer loop
      vertex 33 16 140
      vertex 33 11 130
      vertex 33 11 140
    endloop
  endfacet
  facet normal -0 0 1
    outer loop
      vertex 33 16 140
      vertex 48 11 140
      vertex 48 16 140
    endloop
  endfacet
  facet normal 0 0 1
    outer loop
      vertex 48 11 140
      vertex 33 16 140
      vertex 33 11 140
    endloop
  endfacet
  facet normal 1 -0 0
    outer loop
      vertex 48 11 140
      vertex 48 16 130
      vertex 48 16 140
    endloop
  endfacet
  facet normal 1 0 0
    outer loop
      vertex 48 16 130
      vertex 48 11 140
      vertex 48 11 130
    endloop
  endfacet
  facet normal -1 0 0
    outer loop
      vertex 60 -16 130
      vertex 60 -11 140
      vertex 60 -11 130
    endloop
  endfacet
  facet normal -1 -0 0
    outer loop
      vertex 60 -11 140
      vertex 60 -16 130
      vertex 60 -16 140
    endloop
  endfacet
  facet normal -0 0 1
    outer loop
      vertex 60 -11 140
      vertex 75 -16 140
      vertex 75 -11 140
    endloop
  endfacet
  facet normal 0 0 1
    outer loop
      vertex 75 -16 140
      vertex 60 -11 140
      vertex 60 -16 140
    endloop
  endfacet
  facet normal 1 -0 0
    outer loop
      vertex 75 -16 140
      vertex 75 -11 130
      vertex 75 -11 140
    endloop
  endfacet
  facet normal 1 0 0
    outer loop
      vertex 75 -11 130
      vertex 75 -16 140
      vertex 75 -16 130
    endloop
  endfacet
  facet normal -1 0 0
    outer loop
      vertex 60 11 130
      vertex 60 16 140
      vertex 60 16 130
    endloop
  endfacet
  facet normal -1 -0 0
    outer loop
      vertex 60 16 140
      vertex 60 11 130
      vertex 60 11 140
    endloop
  endfacet
  facet normal -0 0 1
    outer loop
      vertex 60 16 140
      vertex 75 11 140
      vertex 75 16 140
    endloop
  endfacet
  facet normal 0 0 1
    outer loop
      vertex 75 11 140
      vertex 60 16 140
      vertex 60 11 140
    endloop
  endfacet
  facet normal 1 -0 0
    outer loop
      vertex 75 11 140
      vertex 75 16 130
      vertex 75 16 140
    endloop
  endfacet
  facet normal 1 0 0
    outer loop
      vertex 75 16 130
      vertex 75 11 140
      vertex 75 11 130
    endloop
  endfacet
  facet normal -1 0 0
    outer loop
      vertex 87 -16 130
      vertex 87 -11 140
      vertex 87 -11 130
    endloop
  endfacet
  facet normal -1 -0 0
    outer loop
      vertex 87 -11 140
      vertex 87 -16 130
      vertex 87 -16 140
    endloop
  endfacet
  facet normal -0 0 1
    outer loop
      vertex 87 -11 140
      vertex 102 -16 140
      vertex 102 -11 140
    endloop
  endfacet
  facet normal 0 0 1
    outer loop
      vertex 102 -16 140
      vertex 87 -11 140
      vertex 87 -16 140
    endloop
  endfacet
  facet normal 1 -0 0
    outer loop
      vertex 102 -16 140
      vertex 102 -11 130
      vertex 102 -11 140
    endloop
  endfacet
  facet normal 1 0 0
    outer loop
      vertex 102 -11 130
      vertex 102 -16 140
      vertex 102 -16 130
    endloop
  endfacet
  facet normal -1 0 0
    outer loop
      vertex 87 11 130
      vertex 87 16 140
      vertex 87 16 130
    endloop
  endfacet
  facet normal -1 -0 0
    outer loop
      vertex 87 16 140
      vertex 87 11 130
      vertex 87 11 140
    endloop
  endfacet
  facet normal -0 0 1
    outer loop
      vertex 87 16 140
      vertex 102 11 140
      vertex 102 16 140
    endloop
  endfacet
  facet normal 0 0 1
    outer loop
      vertex 102 11 140
      vertex 87 16 140
      vertex 87 11 140
    endloop
  endfacet
  facet normal 1 -0 0
    outer loop
      vertex 102 11 140
      vertex 102 16 130
      vertex 102 16 140
    endloop
  endfacet
  facet normal 1 0 0
    outer loop
      vertex 102 16 130
      vertex 102 11 140
      vertex 102 11 130
    endloop
  endfacet
  facet normal 0 0 -1
    outer loop
      vertex -110 -16 0
      vertex -98.6 -15.21 0
      vertex -98.6 -16 0
    endloop
  endfacet
  facet normal -0 0 -1
    outer loop
      vertex -98.6 -15.21 0
      vertex -110 -16 0
      vertex -98.6 15.21 0
    endloop
  endfacet
  facet normal 0 0 -1
    outer loop
      vertex -110 16 0
      vertex -98.6 15.21 0
      vertex -110 -16 0
    endloop
  endfacet
  facet normal 0 0 -1
    outer loop
      vertex -98.6 15.21 0
      vertex -110 16 0
      vertex -98.6 16 0
    endloop
  endfacet
  facet normal 0 0 -1
    outer loop
      vertex -98.6 -15.21 0
      vertex -97.4 15.21 0
      vertex -97.4 -15.21 0
    endloop
  endfacet
  facet normal -0 0 -1
    outer loop
      vertex -97.4 15.21 0
      vertex -98.6 -15.21 0
      vertex -98.6 15.21 0
    endloop
  endfacet
  facet normal 0 0 -1
    outer loop
      vertex -97.4 -15.21 0
      vertex -74.6 -15.21 0
      vertex -74.6 -16 0
    endloop
  endfacet
  facet normal 0 0 -1
    outer loop
      vertex -74.6 -15.21 0
      vertex -97.4 -15.21 0
      vertex -74.6 15.21 0
    endloop
  endfacet
  facet normal 0 0 -1
    outer loop
      vertex -97.4 -15.21 0
      vertex -74.6 -16 0
      vertex -97.4 -16 0
    endloop
  endfacet
  facet normal 0 0 -1
    outer loop
      vertex -97.4 15.21 0
      vertex -74.6 15.21 0
      vertex -97.4 -15.21 0
    endloop
  endfacet
  facet normal 0 0 -1
    outer loop
      vertex -74.6 15.21 0
      vertex -97.4 15.21 0
      vertex -74.6 16 0
    endloop
  endfacet
  facet normal -0 0 -1
    outer loop
      vertex -74.6 16 0
      vertex -97.4 15.21 0
      vertex -97.4 16 0
    endloop
  endfacet
  facet normal 0 0 -1
    outer loop
      vertex -74.6 -15.21 0
      vertex -73.4 15.21 0
      vertex -73.4 -15.21 0
    endloop
  endfacet
  facet normal -0 0 -1
    outer loop
      vertex -73.4 15.21 0
      vertex -74.6 -15.21 0
      vertex -74.6 15.21 0
    endloop
  endfacet
  facet normal 0 0 -1
    outer loop
      vertex -73.4 -15.21 0
      vertex -50.6 -15.21 0
      vertex -50.6 -16 0
    endloop
  endfacet
  facet normal 0 0 -1
    outer loop
      vertex -50.6 -15.21 0
      vertex -73.4 -15.21 0
      vertex -50.6 15.21 0
    endloop
  endfacet
  facet normal 0 0 -1
    outer loop
      vertex -73.4 -15.21 0
      vertex -50.6 -16 0
      vertex -73.4 -16 0
    endloop
  endfacet
  facet normal 0 0 -1
    outer loop
      vertex -73.4 15.21 0
      vertex -50.6 15.21 0
      vertex -73.4 -15.21 0
    endloop
  endfacet
  facet normal 0 0 -1
    outer loop
      vertex -50.6 15.21 0
      vertex -73.4 15.21 0
      vertex -50.6 16 0
    endloop
  endfacet
  facet normal -0 0 -1
    outer loop
      vertex -50.6 16 0
      vertex -73.4 15.21 0
      vertex -73.4 16 0
    endloop
  endfacet
  facet normal 0 0 -1
    outer loop
      vertex -50.6 -15.21 0
      vertex -49.4 15.21 0
      vertex -49.4 -15.21 0
    endloop
  endfacet
  facet normal -0 0 -1
    outer loop
      vertex -49.4 15.21 0
      vertex -50.6 -15.21 0
      vertex -50.6 15.21 0
    endloop
  endfacet
  facet normal 0 0 -1
    outer loop
      vertex -49.4 -15.21 0
      vertex -35 -16 0
      vertex -49.4 -16 0
    endloop
  endfacet
  facet normal 0 0 -1
    outer loop
      vertex -35 -16 0
      vertex -49.4 -15.21 0
      vertex -35 16 0
    endloop
  endfacet
  facet normal 0 0 -1
    outer loop
      vertex -49.4 15.21 0
      vertex -35 16 0
      vertex -49.4 -15.21 0
    endloop
  endfacet
  facet normal -0 0 -1
    outer loop
      vertex -35 16 0
      vertex -49.4 15.21 0
      vertex -49.4 16 0
    endloop
  endfacet
  facet normal 0 0 -1
    outer loop
      vertex 35 -16 0
      vertex 45.4 -15.21 0
      vertex 45.4 -16 0
    endloop
  endfacet
  facet normal -0 0 -1
    outer loop
      vertex 45.4 -15.21 0
      vertex 35 -16 0
      vertex 45.4 15.21 0
    endloop
  endfacet
  facet normal 0 0 -1
    outer loop
      vertex 35 16 0
      vertex 45.4 15.21 0
      vertex 35 -16 0
    endloop
  endfacet
  facet normal 0 0 -1
    outer loop
      vertex 45.4 15.21 0
      vertex 35 16 0
      vertex 45.4 16 0
    endloop
  endfacet
  facet normal 0 0 -1
    outer loop
      vertex 45.4 -15.21 0
      vertex 46.6 15.21 0
      vertex 46.6 -15.21 0
    endloop
  endfacet
  facet normal -0 0 -1
    outer loop
      vertex 46.6 15.21 0
      vertex 45.4 -15.21 0
      vertex 45.4 15.21 0
    endloop
  endfacet
  facet normal 0 0 -1
    outer loop
      vertex 46.6 -15.21 0
      vertex 69.4 -15.21 0
      vertex 69.4 -16 0
    endloop
  endfacet
  facet normal 0 0 -1
    outer loop
      vertex 69.4 -15.21 0
      vertex 46.6 -15.21 0
      vertex 69.4 15.21 0
    endloop
  endfacet
  facet normal 0 0 -1
    outer loop
      vertex 46.6 -15.21 0
      vertex 69.4 -16 0
      vertex 46.6 -16 0
    endloop
  endfacet
  facet normal 0 0 -1
    outer loop
      vertex 46.6 15.21 0
      vertex 69.4 15.21 0
      vertex 46.6 -15.21 0
    endloop
  endfacet
  facet normal 0 0 -1
    outer loop
      vertex 69.4 15.21 0
      vertex 46.6 15.21 0
      vertex 69.4 16 0
    endloop
  endfacet
  facet normal -0 0 -1
    outer loop
      vertex 69.4 16 0
      vertex 46.6 15.21 0
      vertex 46.6 16 0
    endloop
  endfacet
  facet normal 0 0 -1
    outer loop
      vertex 69.4 -15.21 0
      vertex 70.6 15.21 0
      vertex 70.6 -15.21 0
    endloop
  endfacet
  facet normal -0 0 -1
    outer loop
      vertex 70.6 15.21 0
      vertex 69.4 -15.21 0
      vertex 69.4 15.21 0
    endloop
  endfacet
  facet normal 0 0 -1
    outer loop
      vertex 70.6 -15.21 0
      vertex 93.4 -15.21 0
      vertex 93.4 -16 0
    endloop
  endfacet
  facet normal 0 0 -1
    outer loop
      vertex 93.4 -15.21 0
      vertex 70.6 -15.21 0
      vertex 93.4 15.21 0
    endloop
  endfacet
  facet normal 0 0 -1
    outer loop
      vertex 70.6 -15.21 0
      vertex 93.4 -16 0
      vertex 70.6 -16 0
    endloop
  endfacet
  facet normal 0 0 -1
    outer loop
      vertex 70.6 15.21 0
      vertex 93.4 15.21 0
      vertex 70.6 -15.21 0
    endloop
  endfacet
  facet normal 0 0 -1
    outer loop
      vertex 93.4 15.21 0
      vertex 70.6 15.21 0
      vertex 93.4 16 0
    endloop
  endfacet
  facet normal -0 0 -1
    outer loop
      vertex 93.4 16 0
      vertex 70.6 15.21 0
      vertex 70.6 16 0
    endloop
  endfacet
  facet normal 0 0 -1
    outer loop
      vertex 93.4 -15.21 0
      vertex 94.6 15.21 0
      vertex 94.6 -15.21 0
    endloop
  endfacet
  facet normal -0 0 -1
    outer loop
      vertex 94.6 15.21 0
      vertex 93.4 -15.21 0
      vertex 93.4 15.21 0
    endloop
  endfacet
  facet normal 0 0 -1
    outer loop
      vertex 94.6 -15.21 0
      vertex 110 -16 0
      vertex 94.6 -16 0
    endloop
  endfacet
  facet normal 0 0 -1
    outer loop
      vertex 110 -16 0
      vertex 94.6 -15.21 0
      vertex 110 16 0
    endloop
  endfacet
  facet normal 0 0 -1
    outer loop
      vertex 94.6 15.21 0
      vertex 110 16 0
      vertex 94.6 -15.21 0
    endloop
  endfacet
  facet normal -0 0 -1
    outer loop
      vertex 110 16 0
      vertex 94.6 15.21 0
      vertex 94.6 16 0
    endloop
  endfacet
  facet normal 0 0 -1
    outer loop
      vertex -110 -6.25 41.75
      vertex -101.99 6.25 41.75
      vertex -101.99 -6.25 41.75
    endloop
  endfacet
  facet normal -0 0 -1
    outer loop
      vertex -101.99 6.25 41.75
      vertex -110 -6.25 41.75
      vertex -110 6.25 41.75
    endloop
  endfacet
  facet normal -1 0 0
    outer loop
      vertex -101.99 -6.25 34.25
      vertex -101.99 6.25 41.75
      vertex -101.99 6.25 34.25
    endloop
  endfacet
  facet normal -1 -0 0
    outer loop
      vertex -101.99 6.25 41.75
      vertex -101.99 -6.25 34.25
      vertex -101.99 -6.25 41.75
    endloop
  endfacet
  facet normal 0 -1 0
    outer loop
      vertex -110 6.25 34.25
      vertex -101.99 6.25 41.75
      vertex -110 6.25 41.75
    endloop
  endfacet
  facet normal 0 -1 -0
    outer loop
      vertex -101.99 6.25 41.75
      vertex -110 6.25 34.25
      vertex -101.99 6.25 34.25
    endloop
  endfacet
  facet normal -0 0 1
    outer loop
      vertex -110 6.25 34.25
      vertex -101.99 -6.25 34.25
      vertex -101.99 6.25 34.25
    endloop
  endfacet
  facet normal 0 0 1
    outer loop
      vertex -101.99 -6.25 34.25
      vertex -110 6.25 34.25
      vertex -110 -6.25 34.25
    endloop
  endfacet
  facet normal 0 1 -0
    outer loop
      vertex -101.99 -6.25 34.25
      vertex -110 -6.25 41.75
      vertex -101.99 -6.25 41.75
    endloop
  endfacet
  facet normal 0 1 0
    outer loop
      vertex -110 -6.25 41.75
      vertex -101.99 -6.25 34.25
      vertex -110 -6.25 34.25
    endloop
  endfacet
  facet normal 0 0 -1
    outer loop
      vertex -110 -6.25 91.75
      vertex -101.99 6.25 91.75
      vertex -101.99 -6.25 91.75
    endloop
  endfacet
  facet normal -0 0 -1
    outer loop
      vertex -101.99 6.25 91.75
      vertex -110 -6.25 91.75
      vertex -110 6.25 91.75
    endloop
  endfacet
  facet normal -1 0 0
    outer loop
      vertex -101.99 -6.25 84.25
      vertex -101.99 6.25 91.75
      vertex -101.99 6.25 84.25
    endloop
  endfacet
  facet normal -1 -0 0
    outer loop
      vertex -101.99 6.25 91.75
      vertex -101.99 -6.25 84.25
      vertex -101.99 -6.25 91.75
    endloop
  endfacet
  facet normal 0 -1 0
    outer loop
      vertex -110 6.25 84.25
      vertex -101.99 6.25 91.75
      vertex -110 6.25 91.75
    endloop
  endfacet
  facet normal 0 -1 -0
    outer loop
      vertex -101.99 6.25 91.75
      vertex -110 6.25 84.25
      vertex -101.99 6.25 84.25
    endloop
  endfacet
  facet normal -0 0 1
    outer loop
      vertex -110 6.25 84.25
      vertex -101.99 -6.25 84.25
      vertex -101.99 6.25 84.25
    endloop
  endfacet
  facet normal 0 0 1
    outer loop
      vertex -101.99 -6.25 84.25
      vertex -110 6.25 84.25
      vertex -110 -6.25 84.25
    endloop
  endfacet
  facet normal 0 1 -0
    outer loop
      vertex -101.99 -6.25 84.25
      vertex -110 -6.25 91.75
      vertex -101.99 -6.25 91.75
    endloop
  endfacet
  facet normal 0 1 0
    outer loop
      vertex -110 -6.25 91.75
      vertex -101.99 -6.25 84.25
      vertex -110 -6.25 84.25
    endloop
  endfacet
  facet normal 1 -0 0
    outer loop
      vertex 102 -6.25 41.75
      vertex 102 6.25 34.25
      vertex 102 6.25 41.75
    endloop
  endfacet
  facet normal 1 0 0
    outer loop
      vertex 102 6.25 34.25
      vertex 102 -6.25 41.75
      vertex 102 -6.25 34.25
    endloop
  endfacet
  facet normal 0 0 -1
    outer loop
      vertex 102 -6.25 41.75
      vertex 110 6.25 41.75
      vertex 110 -6.25 41.75
    endloop
  endfacet
  facet normal -0 0 -1
    outer loop
      vertex 110 6.25 41.75
      vertex 102 -6.25 41.75
      vertex 102 6.25 41.75
    endloop
  endfacet
  facet normal -0 0 1
    outer loop
      vertex 102 6.25 34.25
      vertex 110 -6.25 34.25
      vertex 110 6.25 34.25
    endloop
  endfacet
  facet normal 0 0 1
    outer loop
      vertex 110 -6.25 34.25
      vertex 102 6.25 34.25
      vertex 102 -6.25 34.25
    endloop
  endfacet
  facet normal 0 1 -0
    outer loop
      vertex 110 -6.25 34.25
      vertex 102 -6.25 41.75
      vertex 110 -6.25 41.75
    endloop
  endfacet
  facet normal 0 1 0
    outer loop
      vertex 102 -6.25 41.75
      vertex 110 -6.25 34.25
      vertex 102 -6.25 34.25
    endloop
  endfacet
  facet normal 0 -1 0
    outer loop
      vertex 102 6.25 34.25
      vertex 110 6.25 41.75
      vertex 102 6.25 41.75
    endloop
  endfacet
  facet normal 0 -1 -0
    outer loop
      vertex 110 6.25 41.75
      vertex 102 6.25 34.25
      vertex 110 6.25 34.25
    endloop
  endfacet
  facet normal 1 -0 0
    outer loop
      vertex 102 -6.25 91.75
      vertex 102 6.25 84.25
      vertex 102 6.25 91.75
    endloop
  endfacet
  facet normal 1 0 0
    outer loop
      vertex 102 6.25 84.25
      vertex 102 -6.25 91.75
      vertex 102 -6.25 84.25
    endloop
  endfacet
  facet normal 0 0 -1
    outer loop
      vertex 102 -6.25 91.75
      vertex 110 6.25 91.75
      vertex 110 -6.25 91.75
    endloop
  endfacet
  facet normal -0 0 -1
    outer loop
      vertex 110 6.25 91.75
      vertex 102 -6.25 91.75
      vertex 102 6.25 91.75
    endloop
  endfacet
  facet normal -0 0 1
    outer loop
      vertex 102 6.25 84.25
      vertex 110 -6.25 84.25
      vertex 110 6.25 84.25
    endloop
  endfacet
  facet normal 0 0 1
    outer loop
      vertex 110 -6.25 84.25
      vertex 102 6.25 84.25
      vertex 102 -6.25 84.25
    endloop
  endfacet
  facet normal 0 1 -0
    outer loop
      vertex 110 -6.25 84.25
      vertex 102 -6.25 91.75
      vertex 110 -6.25 91.75
    endloop
  endfacet
  facet normal 0 1 0
    outer loop
      vertex 102 -6.25 91.75
      vertex 110 -6.25 84.25
      vertex 102 -6.25 84.25
    endloop
  endfacet
  facet normal 0 -1 0
    outer loop
      vertex 102 6.25 84.25
      vertex 110 6.25 91.75
      vertex 102 6.25 91.75
    endloop
  endfacet
  facet normal 0 -1 -0
    outer loop
      vertex 110 6.25 91.75
      vertex 102 6.25 84.25
      vertex 110 6.25 84.25
    endloop
  endfacet
  facet normal 0 0 -1
    outer loop
      vertex 106.6 -16 13.6
      vertex 110 -15.21 13.6
      vertex 110 -16 13.6
    endloop
  endfacet
  facet normal -0 0 -1
    outer loop
      vertex 110 -15.21 13.6
      vertex 106.6 -16 13.6
      vertex 106.6 -15.21 13.6
    endloop
  endfacet
  facet normal 0 0 -1
    outer loop
      vertex -110 -16 13.6
      vertex -86.6 -15.21 13.6
      vertex -86.6 -16 13.6
    endloop
  endfacet
  facet normal -0 0 -1
    outer loop
      vertex -86.6 -15.21 13.6
      vertex -110 -16 13.6
      vertex -110 -15.21 13.6
    endloop
  endfacet
  facet normal 0 0 -1
    outer loop
      vertex -85.4 -16 13.6
      vertex -62.6 -15.21 13.6
      vertex -62.6 -16 13.6
    endloop
  endfacet
  facet normal -0 0 -1
    outer loop
      vertex -62.6 -15.21 13.6
      vertex -85.4 -16 13.6
      vertex -85.4 -15.21 13.6
    endloop
  endfacet
  facet normal 0 0 -1
    outer loop
      vertex -61.4 -16 13.6
      vertex -46 -15.21 13.6
      vertex -46 -16 13.6
    endloop
  endfacet
  facet normal -0 0 -1
    outer loop
      vertex -46 -15.21 13.6
      vertex -61.4 -16 13.6
      vertex -61.4 -15.21 13.6
    endloop
  endfacet
  facet normal 0 0 -1
    outer loop
      vertex -40 -16 13.6
      vertex -38.6 -15.21 13.6
      vertex -38.6 -16 13.6
    endloop
  endfacet
  facet normal -0 0 -1
    outer loop
      vertex -38.6 -15.21 13.6
      vertex -40 -16 13.6
      vertex -40 -15.21 13.6
    endloop
  endfacet
  facet normal 0 0 -1
    outer loop
      vertex -37.4 -16 13.6
      vertex -35 -15.21 13.6
      vertex -35 -16 13.6
    endloop
  endfacet
  facet normal -0 0 -1
    outer loop
      vertex -35 -15.21 13.6
      vertex -37.4 -16 13.6
      vertex -37.4 -15.21 13.6
    endloop
  endfacet
  facet normal 0 0 -1
    outer loop
      vertex 46 -16 13.6
      vertex 57.4 -15.21 13.6
      vertex 57.4 -16 13.6
    endloop
  endfacet
  facet normal -0 0 -1
    outer loop
      vertex 57.4 -15.21 13.6
      vertex 46 -16 13.6
      vertex 46 -15.21 13.6
    endloop
  endfacet
  facet normal 0 0 -1
    outer loop
      vertex 58.6 -16 13.6
      vertex 81.4 -15.21 13.6
      vertex 81.4 -16 13.6
    endloop
  endfacet
  facet normal -0 0 -1
    outer loop
      vertex 81.4 -15.21 13.6
      vertex 58.6 -16 13.6
      vertex 58.6 -15.21 13.6
    endloop
  endfacet
  facet normal 0 0 -1
    outer loop
      vertex 82.6 -16 13.6
      vertex 105.4 -15.21 13.6
      vertex 105.4 -16 13.6
    endloop
  endfacet
  facet normal -0 0 -1
    outer loop
      vertex 105.4 -15.21 13.6
      vertex 82.6 -16 13.6
      vertex 82.6 -15.21 13.6
    endloop
  endfacet
  facet normal 0 0 -1
    outer loop
      vertex 35 -16 13.6
      vertex 40 -15.21 13.6
      vertex 40 -16 13.6
    endloop
  endfacet
  facet normal -0 0 -1
    outer loop
      vertex 40 -15.21 13.6
      vertex 35 -16 13.6
      vertex 35 -15.21 13.6
    endloop
  endfacet
  facet normal 0 -1 0
    outer loop
      vertex 45.4 -15.21 12
      vertex 45.4 -15.21 0
      vertex 46 -15.21 12
    endloop
  endfacet
  facet normal 0 -1 0
    outer loop
      vertex 93.4 -15.21 0
      vertex 94.6 -15.21 12.4
      vertex 93.4 -15.21 12.4
    endloop
  endfacet
  facet normal 0 -1 -0
    outer loop
      vertex 94.6 -15.21 12.4
      vertex 93.4 -15.21 0
      vertex 94.6 -15.21 0
    endloop
  endfacet
  facet normal 0 -1 0
    outer loop
      vertex 69.4 -15.21 0
      vertex 70.6 -15.21 12.4
      vertex 69.4 -15.21 12.4
    endloop
  endfacet
  facet normal 0 -1 -0
    outer loop
      vertex 70.6 -15.21 12.4
      vertex 69.4 -15.21 0
      vertex 70.6 -15.21 0
    endloop
  endfacet
  facet normal 0 -1 0
    outer loop
      vertex -50.6 -15.21 0
      vertex -49.4 -15.21 12.4
      vertex -50.6 -15.21 12.4
    endloop
  endfacet
  facet normal 0 -1 -0
    outer loop
      vertex -49.4 -15.21 12.4
      vertex -50.6 -15.21 0
      vertex -49.4 -15.21 0
    endloop
  endfacet
  facet normal 0 -1 0
    outer loop
      vertex -74.6 -15.21 0
      vertex -73.4 -15.21 12.4
      vertex -74.6 -15.21 12.4
    endloop
  endfacet
  facet normal 0 -1 -0
    outer loop
      vertex -73.4 -15.21 12.4
      vertex -74.6 -15.21 0
      vertex -73.4 -15.21 0
    endloop
  endfacet
  facet normal 0 -1 0
    outer loop
      vertex -98.6 -15.21 0
      vertex -97.4 -15.21 12.4
      vertex -98.6 -15.21 12.4
    endloop
  endfacet
  facet normal 0 -1 -0
    outer loop
      vertex -97.4 -15.21 12.4
      vertex -98.6 -15.21 0
      vertex -97.4 -15.21 0
    endloop
  endfacet
  facet normal 0 -1 0
    outer loop
      vertex 46.6 -15.21 12.4
      vertex 57.4 -15.21 13.6
      vertex 46 -15.21 13.6
    endloop
  endfacet
  facet normal 0 -1 -0
    outer loop
      vertex 57.4 -15.21 13.6
      vertex 46.6 -15.21 12.4
      vertex 58.6 -15.21 13.6
    endloop
  endfacet
  facet normal 0 -1 0
    outer loop
      vertex 58.6 -15.21 13.6
      vertex 69.4 -15.21 12.4
      vertex 81.4 -15.21 13.6
    endloop
  endfacet
  facet normal 0 -1 0
    outer loop
      vertex 70.6 -15.21 12.4
      vertex 81.4 -15.21 13.6
      vertex 69.4 -15.21 12.4
    endloop
  endfacet
  facet normal 0 -1 0
    outer loop
      vertex 93.4 -15.21 12.4
      vertex 82.6 -15.21 13.6
      vertex 70.6 -15.21 12.4
    endloop
  endfacet
  facet normal 0 -1 0
    outer loop
      vertex 82.6 -15.21 13.6
      vertex 93.4 -15.21 12.4
      vertex 105.4 -15.21 13.6
    endloop
  endfacet
  facet normal 0 -1 -0
    outer loop
      vertex 58.6 -15.21 13.6
      vertex 46.6 -15.21 12.4
      vertex 69.4 -15.21 12.4
    endloop
  endfacet
  facet normal 0 -1 0
    outer loop
      vertex 46 -15.21 12
      vertex 46.6 -15.21 12.4
      vertex 46 -15.21 13.6
    endloop
  endfacet
  facet normal 0 -1 0
    outer loop
      vertex 46.6 -15.21 0
      vertex 46 -15.21 12
      vertex 45.4 -15.21 0
    endloop
  endfacet
  facet normal 0 -1 0
    outer loop
      vertex 46 -15.21 12
      vertex 46.6 -15.21 0
      vertex 46.6 -15.21 12.4
    endloop
  endfacet
  facet normal 0 -1 0
    outer loop
      vertex -97.4 -15.21 12.4
      vertex -86.6 -15.21 13.6
      vertex -110 -15.21 13.6
    endloop
  endfacet
  facet normal 0 -1 -0
    outer loop
      vertex -86.6 -15.21 13.6
      vertex -97.4 -15.21 12.4
      vertex -85.4 -15.21 13.6
    endloop
  endfacet
  facet normal 0 -1 0
    outer loop
      vertex -85.4 -15.21 13.6
      vertex -74.6 -15.21 12.4
      vertex -62.6 -15.21 13.6
    endloop
  endfacet
  facet normal 0 -1 0
    outer loop
      vertex -73.4 -15.21 12.4
      vertex -62.6 -15.21 13.6
      vertex -74.6 -15.21 12.4
    endloop
  endfacet
  facet normal 0 -1 0
    outer loop
      vertex -98.6 -15.21 12.4
      vertex -110 -15.21 13.6
      vertex -110 -15.21 12.4
    endloop
  endfacet
  facet normal 0 -1 0
    outer loop
      vertex -97.4 -15.21 12.4
      vertex -110 -15.21 13.6
      vertex -98.6 -15.21 12.4
    endloop
  endfacet
  facet normal 0 -1 -0
    outer loop
      vertex -85.4 -15.21 13.6
      vertex -97.4 -15.21 12.4
      vertex -74.6 -15.21 12.4
    endloop
  endfacet
  facet normal 0 -1 -0
    outer loop
      vertex -62.6 -15.21 13.6
      vertex -73.4 -15.21 12.4
      vertex -61.4 -15.21 13.6
    endloop
  endfacet
  facet normal 0 -1 0
    outer loop
      vertex -50.6 -15.21 12.4
      vertex -61.4 -15.21 13.6
      vertex -73.4 -15.21 12.4
    endloop
  endfacet
  facet normal 0 -1 0
    outer loop
      vertex -61.4 -15.21 13.6
      vertex -50.6 -15.21 12.4
      vertex -46 -15.21 13.6
    endloop
  endfacet
  facet normal 0 -1 0
    outer loop
      vertex -49.4 -15.21 12.4
      vertex -46 -15.21 13.6
      vertex -50.6 -15.21 12.4
    endloop
  endfacet
  facet normal 0 -1 -0
    outer loop
      vertex -46 -15.21 13.6
      vertex -49.4 -15.21 12.4
      vertex -46 -15.21 12.4
    endloop
  endfacet
  facet normal 0 -1 0
    outer loop
      vertex 105.4 -15.21 13.6
      vertex 106.6 -15.21 25.4
      vertex 105.4 -15.21 25.4
    endloop
  endfacet
  facet normal 0 -1 -0
    outer loop
      vertex 106.6 -15.21 25.4
      vertex 105.4 -15.21 13.6
      vertex 106.6 -15.21 13.6
    endloop
  endfacet
  facet normal 0 -1 0
    outer loop
      vertex 81.4 -15.21 13.6
      vertex 82.6 -15.21 25.4
      vertex 81.4 -15.21 25.4
    endloop
  endfacet
  facet normal 0 -1 -0
    outer loop
      vertex 82.6 -15.21 25.4
      vertex 81.4 -15.21 13.6
      vertex 82.6 -15.21 13.6
    endloop
  endfacet
  facet normal 0 -1 0
    outer loop
      vertex 57.4 -15.21 13.6
      vertex 58.6 -15.21 25.4
      vertex 57.4 -15.21 25.4
    endloop
  endfacet
  facet normal 0 -1 -0
    outer loop
      vertex 58.6 -15.21 25.4
      vertex 57.4 -15.21 13.6
      vertex 58.6 -15.21 13.6
    endloop
  endfacet
  facet normal 0 -1 0
    outer loop
      vertex -62.6 -15.21 13.6
      vertex -61.4 -15.21 25.4
      vertex -62.6 -15.21 25.4
    endloop
  endfacet
  facet normal 0 -1 -0
    outer loop
      vertex -61.4 -15.21 25.4
      vertex -62.6 -15.21 13.6
      vertex -61.4 -15.21 13.6
    endloop
  endfacet
  facet normal 0 -1 0
    outer loop
      vertex -86.6 -15.21 13.6
      vertex -85.4 -15.21 25.4
      vertex -86.6 -15.21 25.4
    endloop
  endfacet
  facet normal 0 -1 -0
    outer loop
      vertex -85.4 -15.21 25.4
      vertex -86.6 -15.21 13.6
      vertex -85.4 -15.21 13.6
    endloop
  endfacet
  facet normal 0 -1 0
    outer loop
      vertex -110 -15.21 25.4
      vertex -98.6 -15.21 26.6
      vertex -110 -15.21 26.6
    endloop
  endfacet
  facet normal 0 -1 -0
    outer loop
      vertex -98.6 -15.21 26.6
      vertex -110 -15.21 25.4
      vertex -97.4 -15.21 26.6
    endloop
  endfacet
  facet normal 0 -1 0
    outer loop
      vertex -97.4 -15.21 26.6
      vertex -86.6 -15.21 25.4
      vertex -74.6 -15.21 26.6
    endloop
  endfacet
  facet normal 0 -1 0
    outer loop
      vertex -85.4 -15.21 25.4
      vertex -74.6 -15.21 26.6
      vertex -86.6 -15.21 25.4
    endloop
  endfacet
  facet normal 0 -1 0
    outer loop
      vertex -62.6 -15.21 25.4
      vertex -73.4 -15.21 26.6
      vertex -85.4 -15.21 25.4
    endloop
  endfacet
  facet normal 0 -1 0
    outer loop
      vertex -73.4 -15.21 26.6
      vertex -62.6 -15.21 25.4
      vertex -50.6 -15.21 26.6
    endloop
  endfacet
  facet normal 0 -1 -0
    outer loop
      vertex -97.4 -15.21 26.6
      vertex -110 -15.21 25.4
      vertex -86.6 -15.21 25.4
    endloop
  endfacet
  facet normal 0 -1 -0
    outer loop
      vertex -74.6 -15.21 26.6
      vertex -85.4 -15.21 25.4
      vertex -73.4 -15.21 26.6
    endloop
  endfacet
  facet normal 0 -1 0
    outer loop
      vertex -61.4 -15.21 25.4
      vertex -50.6 -15.21 26.6
      vertex -62.6 -15.21 25.4
    endloop
  endfacet
  facet normal 0 -1 0
    outer loop
      vertex -46 -15.21 25.4
      vertex -50.6 -15.21 26.6
      vertex -61.4 -15.21 25.4
    endloop
  endfacet
  facet normal 0 -1 0
    outer loop
      vertex -50.6 -15.21 26.6
      vertex -46 -15.21 25.4
      vertex -49.4 -15.21 26.6
    endloop
  endfacet
  facet normal 0 -1 0
    outer loop
      vertex -49.4 -15.21 26.6
      vertex -46 -15.21 25.4
      vertex -46 -15.21 26.6
    endloop
  endfacet
  facet normal 0 -1 0
    outer loop
      vertex 93.4 -15.21 26.6
      vertex 94.6 -15.21 38.4
      vertex 93.4 -15.21 38.4
    endloop
  endfacet
  facet normal 0 -1 -0
    outer loop
      vertex 94.6 -15.21 38.4
      vertex 93.4 -15.21 26.6
      vertex 94.6 -15.21 26.6
    endloop
  endfacet
  facet normal 0 -1 0
    outer loop
      vertex 69.4 -15.21 26.6
      vertex 70.6 -15.21 38.4
      vertex 69.4 -15.21 38.4
    endloop
  endfacet
  facet normal 0 -1 -0
    outer loop
      vertex 70.6 -15.21 38.4
      vertex 69.4 -15.21 26.6
      vertex 70.6 -15.21 26.6
    endloop
  endfacet
  facet normal 0 -1 0
    outer loop
      vertex -50.6 -15.21 26.6
      vertex -49.4 -15.21 38.4
      vertex -50.6 -15.21 38.4
    endloop
  endfacet
  facet normal 0 -1 -0
    outer loop
      vertex -49.4 -15.21 38.4
      vertex -50.6 -15.21 26.6
      vertex -49.4 -15.21 26.6
    endloop
  endfacet
  facet normal 0 -1 0
    outer loop
      vertex -74.6 -15.21 26.6
      vertex -73.4 -15.21 38.4
      vertex -74.6 -15.21 38.4
    endloop
  endfacet
  facet normal 0 -1 -0
    outer loop
      vertex -73.4 -15.21 38.4
      vertex -74.6 -15.21 26.6
      vertex -73.4 -15.21 26.6
    endloop
  endfacet
  facet normal 0 -1 0
    outer loop
      vertex -98.6 -15.21 26.6
      vertex -97.4 -15.21 38.4
      vertex -98.6 -15.21 38.4
    endloop
  endfacet
  facet normal 0 -1 -0
    outer loop
      vertex -97.4 -15.21 38.4
      vertex -98.6 -15.21 26.6
      vertex -97.4 -15.21 26.6
    endloop
  endfacet
  facet normal 0 -1 0
    outer loop
      vertex 46.6 -15.21 38.4
      vertex 57.4 -15.21 39.6
      vertex 46 -15.21 39.6
    endloop
  endfacet
  facet normal 0 -1 -0
    outer loop
      vertex 57.4 -15.21 39.6
      vertex 46.6 -15.21 38.4
      vertex 58.6 -15.21 39.6
    endloop
  endfacet
  facet normal 0 -1 0
    outer loop
      vertex 58.6 -15.21 39.6
      vertex 69.4 -15.21 38.4
      vertex 81.4 -15.21 39.6
    endloop
  endfacet
  facet normal 0 -1 0
    outer loop
      vertex 70.6 -15.21 38.4
      vertex 81.4 -15.21 39.6
      vertex 69.4 -15.21 38.4
    endloop
  endfacet
  facet normal 0 -1 0
    outer loop
      vertex 93.4 -15.21 38.4
      vertex 82.6 -15.21 39.6
      vertex 70.6 -15.21 38.4
    endloop
  endfacet
  facet normal 0 -1 0
    outer loop
      vertex 82.6 -15.21 39.6
      vertex 93.4 -15.21 38.4
      vertex 105.4 -15.21 39.6
    endloop
  endfacet
  facet normal 0 -1 -0
    outer loop
      vertex 58.6 -15.21 39.6
      vertex 46.6 -15.21 38.4
      vertex 69.4 -15.21 38.4
    endloop
  endfacet
  facet normal 0 -1 0
    outer loop
      vertex 46 -15.21 39.6
      vertex 46.6 -15.21 26.6
      vertex 46.6 -15.21 38.4
    endloop
  endfacet
  facet normal 0 -1 0
    outer loop
      vertex 58.6 -15.21 25.4
      vertex 69.4 -15.21 26.6
      vertex 46.6 -15.21 26.6
    endloop
  endfacet
  facet normal 0 -1 -0
    outer loop
      vertex 69.4 -15.21 26.6
      vertex 58.6 -15.21 25.4
      vertex 70.6 -15.21 26.6
    endloop
  endfacet
  facet normal 0 -1 0
    outer loop
      vertex 70.6 -15.21 26.6
      vertex 81.4 -15.21 25.4
      vertex 93.4 -15.21 26.6
    endloop
  endfacet
  facet normal 0 -1 0
    outer loop
      vertex 82.6 -15.21 25.4
      vertex 93.4 -15.21 26.6
      vertex 81.4 -15.21 25.4
    endloop
  endfacet
  facet normal 0 -1 0
    outer loop
      vertex 46 -15.21 25.4
      vertex 46.6 -15.21 26.6
      vertex 46 -15.21 39.6
    endloop
  endfacet
  facet normal 0 -1 0
    outer loop
      vertex 57.4 -15.21 25.4
      vertex 46.6 -15.21 26.6
      vertex 46 -15.21 25.4
    endloop
  endfacet
  facet normal 0 -1 0
    outer loop
      vertex 58.6 -15.21 25.4
      vertex 46.6 -15.21 26.6
      vertex 57.4 -15.21 25.4
    endloop
  endfacet
  facet normal 0 -1 -0
    outer loop
      vertex 70.6 -15.21 26.6
      vertex 58.6 -15.21 25.4
      vertex 81.4 -15.21 25.4
    endloop
  endfacet
  facet normal 0 -1 -0
    outer loop
      vertex 93.4 -15.21 26.6
      vertex 82.6 -15.21 25.4
      vertex 94.6 -15.21 26.6
    endloop
  endfacet
  facet normal 0 -1 0
    outer loop
      vertex 105.4 -15.21 25.4
      vertex 94.6 -15.21 26.6
      vertex 82.6 -15.21 25.4
    endloop
  endfacet
  facet normal 0 -1 0
    outer loop
      vertex 94.6 -15.21 26.6
      vertex 105.4 -15.21 25.4
      vertex 110 -15.21 26.6
    endloop
  endfacet
  facet normal 0 -1 0
    outer loop
      vertex 106.6 -15.21 25.4
      vertex 110 -15.21 26.6
      vertex 105.4 -15.21 25.4
    endloop
  endfacet
  facet normal 0 -1 -0
    outer loop
      vertex 110 -15.21 26.6
      vertex 106.6 -15.21 25.4
      vertex 110 -15.21 25.4
    endloop
  endfacet
  facet normal 0 -1 0
    outer loop
      vertex -97.4 -15.21 38.4
      vertex -86.6 -15.21 39.6
      vertex -110 -15.21 39.6
    endloop
  endfacet
  facet normal 0 -1 -0
    outer loop
      vertex -86.6 -15.21 39.6
      vertex -97.4 -15.21 38.4
      vertex -85.4 -15.21 39.6
    endloop
  endfacet
  facet normal 0 -1 0
    outer loop
      vertex -85.4 -15.21 39.6
      vertex -74.6 -15.21 38.4
      vertex -62.6 -15.21 39.6
    endloop
  endfacet
  facet normal 0 -1 0
    outer loop
      vertex -73.4 -15.21 38.4
      vertex -62.6 -15.21 39.6
      vertex -74.6 -15.21 38.4
    endloop
  endfacet
  facet normal 0 -1 0
    outer loop
      vertex -98.6 -15.21 38.4
      vertex -110 -15.21 39.6
      vertex -110 -15.21 38.4
    endloop
  endfacet
  facet normal 0 -1 0
    outer loop
      vertex -97.4 -15.21 38.4
      vertex -110 -15.21 39.6
      vertex -98.6 -15.21 38.4
    endloop
  endfacet
  facet normal 0 -1 -0
    outer loop
      vertex -85.4 -15.21 39.6
      vertex -97.4 -15.21 38.4
      vertex -74.6 -15.21 38.4
    endloop
  endfacet
  facet normal 0 -1 -0
    outer loop
      vertex -62.6 -15.21 39.6
      vertex -73.4 -15.21 38.4
      vertex -61.4 -15.21 39.6
    endloop
  endfacet
  facet normal 0 -1 0
    outer loop
      vertex -50.6 -15.21 38.4
      vertex -61.4 -15.21 39.6
      vertex -73.4 -15.21 38.4
    endloop
  endfacet
  facet normal 0 -1 0
    outer loop
      vertex -61.4 -15.21 39.6
      vertex -50.6 -15.21 38.4
      vertex -46 -15.21 39.6
    endloop
  endfacet
  facet normal 0 -1 0
    outer loop
      vertex -49.4 -15.21 38.4
      vertex -46 -15.21 39.6
      vertex -50.6 -15.21 38.4
    endloop
  endfacet
  facet normal 0 -1 -0
    outer loop
      vertex -46 -15.21 39.6
      vertex -49.4 -15.21 38.4
      vertex -46 -15.21 38.4
    endloop
  endfacet
  facet normal 0 -1 0
    outer loop
      vertex 105.4 -15.21 39.6
      vertex 106.6 -15.21 51.4
      vertex 105.4 -15.21 51.4
    endloop
  endfacet
  facet normal 0 -1 -0
    outer loop
      vertex 106.6 -15.21 51.4
      vertex 105.4 -15.21 39.6
      vertex 106.6 -15.21 39.6
    endloop
  endfacet
  facet normal 0 -1 0
    outer loop
      vertex 81.4 -15.21 39.6
      vertex 82.6 -15.21 51.4
      vertex 81.4 -15.21 51.4
    endloop
  endfacet
  facet normal 0 -1 -0
    outer loop
      vertex 82.6 -15.21 51.4
      vertex 81.4 -15.21 39.6
      vertex 82.6 -15.21 39.6
    endloop
  endfacet
  facet normal 0 -1 0
    outer loop
      vertex 57.4 -15.21 39.6
      vertex 58.6 -15.21 51.4
      vertex 57.4 -15.21 51.4
    endloop
  endfacet
  facet normal 0 -1 -0
    outer loop
      vertex 58.6 -15.21 51.4
      vertex 57.4 -15.21 39.6
      vertex 58.6 -15.21 39.6
    endloop
  endfacet
  facet normal 0 -1 0
    outer loop
      vertex -62.6 -15.21 39.6
      vertex -61.4 -15.21 51.4
      vertex -62.6 -15.21 51.4
    endloop
  endfacet
  facet normal 0 -1 -0
    outer loop
      vertex -61.4 -15.21 51.4
      vertex -62.6 -15.21 39.6
      vertex -61.4 -15.21 39.6
    endloop
  endfacet
  facet normal 0 -1 0
    outer loop
      vertex -86.6 -15.21 39.6
      vertex -85.4 -15.21 51.4
      vertex -86.6 -15.21 51.4
    endloop
  endfacet
  facet normal 0 -1 -0
    outer loop
      vertex -85.4 -15.21 51.4
      vertex -86.6 -15.21 39.6
      vertex -85.4 -15.21 39.6
    endloop
  endfacet
  facet normal 0 -1 0
    outer loop
      vertex -110 -15.21 51.4
      vertex -98.6 -15.21 52.6
      vertex -110 -15.21 52.6
    endloop
  endfacet
  facet normal 0 -1 -0
    outer loop
      vertex -98.6 -15.21 52.6
      vertex -110 -15.21 51.4
      vertex -97.4 -15.21 52.6
    endloop
  endfacet
  facet normal 0 -1 0
    outer loop
      vertex -97.4 -15.21 52.6
      vertex -86.6 -15.21 51.4
      vertex -74.6 -15.21 52.6
    endloop
  endfacet
  facet normal 0 -1 0
    outer loop
      vertex -85.4 -15.21 51.4
      vertex -74.6 -15.21 52.6
      vertex -86.6 -15.21 51.4
    endloop
  endfacet
  facet normal 0 -1 0
    outer loop
      vertex -62.6 -15.21 51.4
      vertex -73.4 -15.21 52.6
      vertex -85.4 -15.21 51.4
    endloop
  endfacet
  facet normal 0 -1 0
    outer loop
      vertex -73.4 -15.21 52.6
      vertex -62.6 -15.21 51.4
      vertex -50.6 -15.21 52.6
    endloop
  endfacet
  facet normal 0 -1 -0
    outer loop
      vertex -97.4 -15.21 52.6
      vertex -110 -15.21 51.4
      vertex -86.6 -15.21 51.4
    endloop
  endfacet
  facet normal 0 -1 -0
    outer loop
      vertex -74.6 -15.21 52.6
      vertex -85.4 -15.21 51.4
      vertex -73.4 -15.21 52.6
    endloop
  endfacet
  facet normal 0 -1 0
    outer loop
      vertex -61.4 -15.21 51.4
      vertex -50.6 -15.21 52.6
      vertex -62.6 -15.21 51.4
    endloop
  endfacet
  facet normal 0 -1 0
    outer loop
      vertex -46 -15.21 51.4
      vertex -50.6 -15.21 52.6
      vertex -61.4 -15.21 51.4
    endloop
  endfacet
  facet normal 0 -1 0
    outer loop
      vertex -50.6 -15.21 52.6
      vertex -46 -15.21 51.4
      vertex -49.4 -15.21 52.6
    endloop
  endfacet
  facet normal 0 -1 0
    outer loop
      vertex -49.4 -15.21 52.6
      vertex -46 -15.21 51.4
      vertex -46 -15.21 52.6
    endloop
  endfacet
  facet normal 0 -1 0
    outer loop
      vertex 93.4 -15.21 52.6
      vertex 94.6 -15.21 64.4
      vertex 93.4 -15.21 64.4
    endloop
  endfacet
  facet normal 0 -1 -0
    outer loop
      vertex 94.6 -15.21 64.4
      vertex 93.4 -15.21 52.6
      vertex 94.6 -15.21 52.6
    endloop
  endfacet
  facet normal 0 -1 0
    outer loop
      vertex 69.4 -15.21 52.6
      vertex 70.6 -15.21 64.4
      vertex 69.4 -15.21 64.4
    endloop
  endfacet
  facet normal 0 -1 -0
    outer loop
      vertex 70.6 -15.21 64.4
      vertex 69.4 -15.21 52.6
      vertex 70.6 -15.21 52.6
    endloop
  endfacet
  facet normal 0 -1 0
    outer loop
      vertex -50.6 -15.21 52.6
      vertex -49.4 -15.21 64.4
      vertex -50.6 -15.21 64.4
    endloop
  endfacet
  facet normal 0 -1 -0
    outer loop
      vertex -49.4 -15.21 64.4
      vertex -50.6 -15.21 52.6
      vertex -49.4 -15.21 52.6
    endloop
  endfacet
  facet normal 0 -1 0
    outer loop
      vertex -74.6 -15.21 52.6
      vertex -73.4 -15.21 64.4
      vertex -74.6 -15.21 64.4
    endloop
  endfacet
  facet normal 0 -1 -0
    outer loop
      vertex -73.4 -15.21 64.4
      vertex -74.6 -15.21 52.6
      vertex -73.4 -15.21 52.6
    endloop
  endfacet
  facet normal 0 -1 0
    outer loop
      vertex -98.6 -15.21 52.6
      vertex -97.4 -15.21 64.4
      vertex -98.6 -15.21 64.4
    endloop
  endfacet
  facet normal 0 -1 -0
    outer loop
      vertex -97.4 -15.21 64.4
      vertex -98.6 -15.21 52.6
      vertex -97.4 -15.21 52.6
    endloop
  endfacet
  facet normal 0 -1 0
    outer loop
      vertex 46.6 -15.21 64.4
      vertex 57.4 -15.21 65.6
      vertex 46 -15.21 65.6
    endloop
  endfacet
  facet normal 0 -1 -0
    outer loop
      vertex 57.4 -15.21 65.6
      vertex 46.6 -15.21 64.4
      vertex 58.6 -15.21 65.6
    endloop
  endfacet
  facet normal 0 -1 0
    outer loop
      vertex 58.6 -15.21 65.6
      vertex 69.4 -15.21 64.4
      vertex 81.4 -15.21 65.6
    endloop
  endfacet
  facet normal 0 -1 0
    outer loop
      vertex 70.6 -15.21 64.4
      vertex 81.4 -15.21 65.6
      vertex 69.4 -15.21 64.4
    endloop
  endfacet
  facet normal 0 -1 0
    outer loop
      vertex 93.4 -15.21 64.4
      vertex 82.6 -15.21 65.6
      vertex 70.6 -15.21 64.4
    endloop
  endfacet
  facet normal 0 -1 0
    outer loop
      vertex 82.6 -15.21 65.6
      vertex 93.4 -15.21 64.4
      vertex 105.4 -15.21 65.6
    endloop
  endfacet
  facet normal 0 -1 -0
    outer loop
      vertex 58.6 -15.21 65.6
      vertex 46.6 -15.21 64.4
      vertex 69.4 -15.21 64.4
    endloop
  endfacet
  facet normal 0 -1 0
    outer loop
      vertex 46 -15.21 65.6
      vertex 46.6 -15.21 52.6
      vertex 46.6 -15.21 64.4
    endloop
  endfacet
  facet normal 0 -1 0
    outer loop
      vertex 58.6 -15.21 51.4
      vertex 69.4 -15.21 52.6
      vertex 46.6 -15.21 52.6
    endloop
  endfacet
  facet normal 0 -1 -0
    outer loop
      vertex 69.4 -15.21 52.6
      vertex 58.6 -15.21 51.4
      vertex 70.6 -15.21 52.6
    endloop
  endfacet
  facet normal 0 -1 0
    outer loop
      vertex 70.6 -15.21 52.6
      vertex 81.4 -15.21 51.4
      vertex 93.4 -15.21 52.6
    endloop
  endfacet
  facet normal 0 -1 0
    outer loop
      vertex 82.6 -15.21 51.4
      vertex 93.4 -15.21 52.6
      vertex 81.4 -15.21 51.4
    endloop
  endfacet
  facet normal 0 -1 0
    outer loop
      vertex 46 -15.21 51.4
      vertex 46.6 -15.21 52.6
      vertex 46 -15.21 65.6
    endloop
  endfacet
  facet normal 0 -1 0
    outer loop
      vertex 57.4 -15.21 51.4
      vertex 46.6 -15.21 52.6
      vertex 46 -15.21 51.4
    endloop
  endfacet
  facet normal 0 -1 0
    outer loop
      vertex 58.6 -15.21 51.4
      vertex 46.6 -15.21 52.6
      vertex 57.4 -15.21 51.4
    endloop
  endfacet
  facet normal 0 -1 -0
    outer loop
      vertex 70.6 -15.21 52.6
      vertex 58.6 -15.21 51.4
      vertex 81.4 -15.21 51.4
    endloop
  endfacet
  facet normal 0 -1 -0
    outer loop
      vertex 93.4 -15.21 52.6
      vertex 82.6 -15.21 51.4
      vertex 94.6 -15.21 52.6
    endloop
  endfacet
  facet normal 0 -1 0
    outer loop
      vertex 105.4 -15.21 51.4
      vertex 94.6 -15.21 52.6
      vertex 82.6 -15.21 51.4
    endloop
  endfacet
  facet normal 0 -1 0
    outer loop
      vertex 94.6 -15.21 52.6
      vertex 105.4 -15.21 51.4
      vertex 110 -15.21 52.6
    endloop
  endfacet
  facet normal 0 -1 0
    outer loop
      vertex 106.6 -15.21 51.4
      vertex 110 -15.21 52.6
      vertex 105.4 -15.21 51.4
    endloop
  endfacet
  facet normal 0 -1 -0
    outer loop
      vertex 110 -15.21 52.6
      vertex 106.6 -15.21 51.4
      vertex 110 -15.21 51.4
    endloop
  endfacet
  facet normal 0 -1 0
    outer loop
      vertex -97.4 -15.21 64.4
      vertex -86.6 -15.21 65.6
      vertex -110 -15.21 65.6
    endloop
  endfacet
  facet normal 0 -1 -0
    outer loop
      vertex -86.6 -15.21 65.6
      vertex -97.4 -15.21 64.4
      vertex -85.4 -15.21 65.6
    endloop
  endfacet
  facet normal 0 -1 0
    outer loop
      vertex -85.4 -15.21 65.6
      vertex -74.6 -15.21 64.4
      vertex -62.6 -15.21 65.6
    endloop
  endfacet
  facet normal 0 -1 0
    outer loop
      vertex -73.4 -15.21 64.4
      vertex -62.6 -15.21 65.6
      vertex -74.6 -15.21 64.4
    endloop
  endfacet
  facet normal 0 -1 0
    outer loop
      vertex -98.6 -15.21 64.4
      vertex -110 -15.21 65.6
      vertex -110 -15.21 64.4
    endloop
  endfacet
  facet normal 0 -1 0
    outer loop
      vertex -97.4 -15.21 64.4
      vertex -110 -15.21 65.6
      vertex -98.6 -15.21 64.4
    endloop
  endfacet
  facet normal 0 -1 -0
    outer loop
      vertex -85.4 -15.21 65.6
      vertex -97.4 -15.21 64.4
      vertex -74.6 -15.21 64.4
    endloop
  endfacet
  facet normal 0 -1 -0
    outer loop
      vertex -62.6 -15.21 65.6
      vertex -73.4 -15.21 64.4
      vertex -61.4 -15.21 65.6
    endloop
  endfacet
  facet normal 0 -1 0
    outer loop
      vertex -50.6 -15.21 64.4
      vertex -61.4 -15.21 65.6
      vertex -73.4 -15.21 64.4
    endloop
  endfacet
  facet normal 0 -1 0
    outer loop
      vertex -61.4 -15.21 65.6
      vertex -50.6 -15.21 64.4
      vertex -46 -15.21 65.6
    endloop
  endfacet
  facet normal 0 -1 0
    outer loop
      vertex -49.4 -15.21 64.4
      vertex -46 -15.21 65.6
      vertex -50.6 -15.21 64.4
    endloop
  endfacet
  facet normal 0 -1 -0
    outer loop
      vertex -46 -15.21 65.6
      vertex -49.4 -15.21 64.4
      vertex -46 -15.21 64.4
    endloop
  endfacet
  facet normal 0 -1 0
    outer loop
      vertex 105.4 -15.21 65.6
      vertex 106.6 -15.21 77.4
      vertex 105.4 -15.21 77.4
    endloop
  endfacet
  facet normal 0 -1 -0
    outer loop
      vertex 106.6 -15.21 77.4
      vertex 105.4 -15.21 65.6
      vertex 106.6 -15.21 65.6
    endloop
  endfacet
  facet normal 0 -1 0
    outer loop
      vertex 81.4 -15.21 65.6
      vertex 82.6 -15.21 77.4
      vertex 81.4 -15.21 77.4
    endloop
  endfacet
  facet normal 0 -1 -0
    outer loop
      vertex 82.6 -15.21 77.4
      vertex 81.4 -15.21 65.6
      vertex 82.6 -15.21 65.6
    endloop
  endfacet
  facet normal 0 -1 0
    outer loop
      vertex 57.4 -15.21 65.6
      vertex 58.6 -15.21 77.4
      vertex 57.4 -15.21 77.4
    endloop
  endfacet
  facet normal 0 -1 -0
    outer loop
      vertex 58.6 -15.21 77.4
      vertex 57.4 -15.21 65.6
      vertex 58.6 -15.21 65.6
    endloop
  endfacet
  facet normal 0 -1 0
    outer loop
      vertex -62.6 -15.21 65.6
      vertex -61.4 -15.21 77.4
      vertex -62.6 -15.21 77.4
    endloop
  endfacet
  facet normal 0 -1 -0
    outer loop
      vertex -61.4 -15.21 77.4
      vertex -62.6 -15.21 65.6
      vertex -61.4 -15.21 65.6
    endloop
  endfacet
  facet normal 0 -1 0
    outer loop
      vertex -86.6 -15.21 65.6
      vertex -85.4 -15.21 77.4
      vertex -86.6 -15.21 77.4
    endloop
  endfacet
  facet normal 0 -1 -0
    outer loop
      vertex -85.4 -15.21 77.4
      vertex -86.6 -15.21 65.6
      vertex -85.4 -15.21 65.6
    endloop
  endfacet
  facet normal 0 -1 0
    outer loop
      vertex -110 -15.21 77.4
      vertex -98.6 -15.21 78.6
      vertex -110 -15.21 78.6
    endloop
  endfacet
  facet normal 0 -1 -0
    outer loop
      vertex -98.6 -15.21 78.6
      vertex -110 -15.21 77.4
      vertex -97.4 -15.21 78.6
    endloop
  endfacet
  facet normal 0 -1 0
    outer loop
      vertex -97.4 -15.21 78.6
      vertex -86.6 -15.21 77.4
      vertex -74.6 -15.21 78.6
    endloop
  endfacet
  facet normal 0 -1 0
    outer loop
      vertex -85.4 -15.21 77.4
      vertex -74.6 -15.21 78.6
      vertex -86.6 -15.21 77.4
    endloop
  endfacet
  facet normal 0 -1 0
    outer loop
      vertex -62.6 -15.21 77.4
      vertex -73.4 -15.21 78.6
      vertex -85.4 -15.21 77.4
    endloop
  endfacet
  facet normal 0 -1 0
    outer loop
      vertex -73.4 -15.21 78.6
      vertex -62.6 -15.21 77.4
      vertex -50.6 -15.21 78.6
    endloop
  endfacet
  facet normal 0 -1 -0
    outer loop
      vertex -97.4 -15.21 78.6
      vertex -110 -15.21 77.4
      vertex -86.6 -15.21 77.4
    endloop
  endfacet
  facet normal 0 -1 -0
    outer loop
      vertex -74.6 -15.21 78.6
      vertex -85.4 -15.21 77.4
      vertex -73.4 -15.21 78.6
    endloop
  endfacet
  facet normal 0 -1 0
    outer loop
      vertex -61.4 -15.21 77.4
      vertex -50.6 -15.21 78.6
      vertex -62.6 -15.21 77.4
    endloop
  endfacet
  facet normal 0 -1 0
    outer loop
      vertex -46 -15.21 77.4
      vertex -50.6 -15.21 78.6
      vertex -61.4 -15.21 77.4
    endloop
  endfacet
  facet normal 0 -1 0
    outer loop
      vertex -50.6 -15.21 78.6
      vertex -46 -15.21 77.4
      vertex -49.4 -15.21 78.6
    endloop
  endfacet
  facet normal 0 -1 0
    outer loop
      vertex -49.4 -15.21 78.6
      vertex -46 -15.21 77.4
      vertex -46 -15.21 78.6
    endloop
  endfacet
  facet normal 0 -1 0
    outer loop
      vertex 93.4 -15.21 78.6
      vertex 94.6 -15.21 90.4
      vertex 93.4 -15.21 90.4
    endloop
  endfacet
  facet normal 0 -1 -0
    outer loop
      vertex 94.6 -15.21 90.4
      vertex 93.4 -15.21 78.6
      vertex 94.6 -15.21 78.6
    endloop
  endfacet
  facet normal 0 -1 0
    outer loop
      vertex 69.4 -15.21 78.6
      vertex 70.6 -15.21 90.4
      vertex 69.4 -15.21 90.4
    endloop
  endfacet
  facet normal 0 -1 -0
    outer loop
      vertex 70.6 -15.21 90.4
      vertex 69.4 -15.21 78.6
      vertex 70.6 -15.21 78.6
    endloop
  endfacet
  facet normal 0 -1 0
    outer loop
      vertex -50.6 -15.21 78.6
      vertex -49.4 -15.21 90.4
      vertex -50.6 -15.21 90.4
    endloop
  endfacet
  facet normal 0 -1 -0
    outer loop
      vertex -49.4 -15.21 90.4
      vertex -50.6 -15.21 78.6
      vertex -49.4 -15.21 78.6
    endloop
  endfacet
  facet normal 0 -1 0
    outer loop
      vertex -74.6 -15.21 78.6
      vertex -73.4 -15.21 90.4
      vertex -74.6 -15.21 90.4
    endloop
  endfacet
  facet normal 0 -1 -0
    outer loop
      vertex -73.4 -15.21 90.4
      vertex -74.6 -15.21 78.6
      vertex -73.4 -15.21 78.6
    endloop
  endfacet
  facet normal 0 -1 0
    outer loop
      vertex -98.6 -15.21 78.6
      vertex -97.4 -15.21 90.4
      vertex -98.6 -15.21 90.4
    endloop
  endfacet
  facet normal 0 -1 -0
    outer loop
      vertex -97.4 -15.21 90.4
      vertex -98.6 -15.21 78.6
      vertex -97.4 -15.21 78.6
    endloop
  endfacet
  facet normal 0 -1 0
    outer loop
      vertex 46.6 -15.21 90.4
      vertex 57.4 -15.21 91.6
      vertex 46 -15.21 91.6
    endloop
  endfacet
  facet normal 0 -1 -0
    outer loop
      vertex 57.4 -15.21 91.6
      vertex 46.6 -15.21 90.4
      vertex 58.6 -15.21 91.6
    endloop
  endfacet
  facet normal 0 -1 0
    outer loop
      vertex 58.6 -15.21 91.6
      vertex 69.4 -15.21 90.4
      vertex 81.4 -15.21 91.6
    endloop
  endfacet
  facet normal 0 -1 0
    outer loop
      vertex 70.6 -15.21 90.4
      vertex 81.4 -15.21 91.6
      vertex 69.4 -15.21 90.4
    endloop
  endfacet
  facet normal 0 -1 0
    outer loop
      vertex 93.4 -15.21 90.4
      vertex 82.6 -15.21 91.6
      vertex 70.6 -15.21 90.4
    endloop
  endfacet
  facet normal 0 -1 0
    outer loop
      vertex 82.6 -15.21 91.6
      vertex 93.4 -15.21 90.4
      vertex 105.4 -15.21 91.6
    endloop
  endfacet
  facet normal 0 -1 -0
    outer loop
      vertex 58.6 -15.21 91.6
      vertex 46.6 -15.21 90.4
      vertex 69.4 -15.21 90.4
    endloop
  endfacet
  facet normal 0 -1 0
    outer loop
      vertex 46 -15.21 91.6
      vertex 46.6 -15.21 78.6
      vertex 46.6 -15.21 90.4
    endloop
  endfacet
  facet normal 0 -1 0
    outer loop
      vertex 58.6 -15.21 77.4
      vertex 69.4 -15.21 78.6
      vertex 46.6 -15.21 78.6
    endloop
  endfacet
  facet normal 0 -1 -0
    outer loop
      vertex 69.4 -15.21 78.6
      vertex 58.6 -15.21 77.4
      vertex 70.6 -15.21 78.6
    endloop
  endfacet
  facet normal 0 -1 0
    outer loop
      vertex 70.6 -15.21 78.6
      vertex 81.4 -15.21 77.4
      vertex 93.4 -15.21 78.6
    endloop
  endfacet
  facet normal 0 -1 0
    outer loop
      vertex 82.6 -15.21 77.4
      vertex 93.4 -15.21 78.6
      vertex 81.4 -15.21 77.4
    endloop
  endfacet
  facet normal 0 -1 0
    outer loop
      vertex 46 -15.21 77.4
      vertex 46.6 -15.21 78.6
      vertex 46 -15.21 91.6
    endloop
  endfacet
  facet normal 0 -1 0
    outer loop
      vertex 57.4 -15.21 77.4
      vertex 46.6 -15.21 78.6
      vertex 46 -15.21 77.4
    endloop
  endfacet
  facet normal 0 -1 0
    outer loop
      vertex 58.6 -15.21 77.4
      vertex 46.6 -15.21 78.6
      vertex 57.4 -15.21 77.4
    endloop
  endfacet
  facet normal 0 -1 -0
    outer loop
      vertex 70.6 -15.21 78.6
      vertex 58.6 -15.21 77.4
      vertex 81.4 -15.21 77.4
    endloop
  endfacet
  facet normal 0 -1 -0
    outer loop
      vertex 93.4 -15.21 78.6
      vertex 82.6 -15.21 77.4
      vertex 94.6 -15.21 78.6
    endloop
  endfacet
  facet normal 0 -1 0
    outer loop
      vertex 105.4 -15.21 77.4
      vertex 94.6 -15.21 78.6
      vertex 82.6 -15.21 77.4
    endloop
  endfacet
  facet normal 0 -1 0
    outer loop
      vertex 94.6 -15.21 78.6
      vertex 105.4 -15.21 77.4
      vertex 110 -15.21 78.6
    endloop
  endfacet
  facet normal 0 -1 0
    outer loop
      vertex 106.6 -15.21 77.4
      vertex 110 -15.21 78.6
      vertex 105.4 -15.21 77.4
    endloop
  endfacet
  facet normal 0 -1 -0
    outer loop
      vertex 110 -15.21 78.6
      vertex 106.6 -15.21 77.4
      vertex 110 -15.21 77.4
    endloop
  endfacet
  facet normal 0 -1 0
    outer loop
      vertex -97.4 -15.21 90.4
      vertex -86.6 -15.21 91.6
      vertex -110 -15.21 91.6
    endloop
  endfacet
  facet normal 0 -1 -0
    outer loop
      vertex -86.6 -15.21 91.6
      vertex -97.4 -15.21 90.4
      vertex -85.4 -15.21 91.6
    endloop
  endfacet
  facet normal 0 -1 0
    outer loop
      vertex -85.4 -15.21 91.6
      vertex -74.6 -15.21 90.4
      vertex -62.6 -15.21 91.6
    endloop
  endfacet
  facet normal 0 -1 0
    outer loop
      vertex -73.4 -15.21 90.4
      vertex -62.6 -15.21 91.6
      vertex -74.6 -15.21 90.4
    endloop
  endfacet
  facet normal 0 -1 0
    outer loop
      vertex -98.6 -15.21 90.4
      vertex -110 -15.21 91.6
      vertex -110 -15.21 90.4
    endloop
  endfacet
  facet normal 0 -1 0
    outer loop
      vertex -97.4 -15.21 90.4
      vertex -110 -15.21 91.6
      vertex -98.6 -15.21 90.4
    endloop
  endfacet
  facet normal 0 -1 -0
    outer loop
      vertex -85.4 -15.21 91.6
      vertex -97.4 -15.21 90.4
      vertex -74.6 -15.21 90.4
    endloop
  endfacet
  facet normal 0 -1 -0
    outer loop
      vertex -62.6 -15.21 91.6
      vertex -73.4 -15.21 90.4
      vertex -61.4 -15.21 91.6
    endloop
  endfacet
  facet normal 0 -1 0
    outer loop
      vertex -50.6 -15.21 90.4
      vertex -61.4 -15.21 91.6
      vertex -73.4 -15.21 90.4
    endloop
  endfacet
  facet normal 0 -1 0
    outer loop
      vertex -61.4 -15.21 91.6
      vertex -50.6 -15.21 90.4
      vertex -46 -15.21 91.6
    endloop
  endfacet
  facet normal 0 -1 0
    outer loop
      vertex -49.4 -15.21 90.4
      vertex -46 -15.21 91.6
      vertex -50.6 -15.21 90.4
    endloop
  endfacet
  facet normal 0 -1 -0
    outer loop
      vertex -46 -15.21 91.6
      vertex -49.4 -15.21 90.4
      vertex -46 -15.21 90.4
    endloop
  endfacet
  facet normal 0 -1 0
    outer loop
      vertex 105.4 -15.21 91.6
      vertex 106.6 -15.21 103.4
      vertex 105.4 -15.21 103.4
    endloop
  endfacet
  facet normal 0 -1 -0
    outer loop
      vertex 106.6 -15.21 103.4
      vertex 105.4 -15.21 91.6
      vertex 106.6 -15.21 91.6
    endloop
  endfacet
  facet normal 0 -1 0
    outer loop
      vertex 81.4 -15.21 91.6
      vertex 82.6 -15.21 103.4
      vertex 81.4 -15.21 103.4
    endloop
  endfacet
  facet normal 0 -1 -0
    outer loop
      vertex 82.6 -15.21 103.4
      vertex 81.4 -15.21 91.6
      vertex 82.6 -15.21 91.6
    endloop
  endfacet
  facet normal 0 -1 0
    outer loop
      vertex 57.4 -15.21 91.6
      vertex 58.6 -15.21 103.4
      vertex 57.4 -15.21 103.4
    endloop
  endfacet
  facet normal 0 -1 -0
    outer loop
      vertex 58.6 -15.21 103.4
      vertex 57.4 -15.21 91.6
      vertex 58.6 -15.21 91.6
    endloop
  endfacet
  facet normal 0 -1 0
    outer loop
      vertex -62.6 -15.21 91.6
      vertex -61.4 -15.21 103.4
      vertex -62.6 -15.21 103.4
    endloop
  endfacet
  facet normal 0 -1 -0
    outer loop
      vertex -61.4 -15.21 103.4
      vertex -62.6 -15.21 91.6
      vertex -61.4 -15.21 91.6
    endloop
  endfacet
  facet normal 0 -1 0
    outer loop
      vertex -86.6 -15.21 91.6
      vertex -85.4 -15.21 103.4
      vertex -86.6 -15.21 103.4
    endloop
  endfacet
  facet normal 0 -1 -0
    outer loop
      vertex -85.4 -15.21 103.4
      vertex -86.6 -15.21 91.6
      vertex -85.4 -15.21 91.6
    endloop
  endfacet
  facet normal 0 -1 0
    outer loop
      vertex -110 -15.21 103.4
      vertex -98.6 -15.21 104.6
      vertex -110 -15.21 104.6
    endloop
  endfacet
  facet normal 0 -1 -0
    outer loop
      vertex -98.6 -15.21 104.6
      vertex -110 -15.21 103.4
      vertex -97.4 -15.21 104.6
    endloop
  endfacet
  facet normal 0 -1 0
    outer loop
      vertex -97.4 -15.21 104.6
      vertex -86.6 -15.21 103.4
      vertex -74.6 -15.21 104.6
    endloop
  endfacet
  facet normal 0 -1 0
    outer loop
      vertex -85.4 -15.21 103.4
      vertex -74.6 -15.21 104.6
      vertex -86.6 -15.21 103.4
    endloop
  endfacet
  facet normal 0 -1 0
    outer loop
      vertex -62.6 -15.21 103.4
      vertex -73.4 -15.21 104.6
      vertex -85.4 -15.21 103.4
    endloop
  endfacet
  facet normal 0 -1 0
    outer loop
      vertex -73.4 -15.21 104.6
      vertex -62.6 -15.21 103.4
      vertex -50.6 -15.21 104.6
    endloop
  endfacet
  facet normal 0 -1 -0
    outer loop
      vertex -97.4 -15.21 104.6
      vertex -110 -15.21 103.4
      vertex -86.6 -15.21 103.4
    endloop
  endfacet
  facet normal 0 -1 -0
    outer loop
      vertex -74.6 -15.21 104.6
      vertex -85.4 -15.21 103.4
      vertex -73.4 -15.21 104.6
    endloop
  endfacet
  facet normal 0 -1 0
    outer loop
      vertex -61.4 -15.21 103.4
      vertex -50.6 -15.21 104.6
      vertex -62.6 -15.21 103.4
    endloop
  endfacet
  facet normal 0 -1 0
    outer loop
      vertex -46 -15.21 103.4
      vertex -50.6 -15.21 104.6
      vertex -61.4 -15.21 103.4
    endloop
  endfacet
  facet normal 0 -1 0
    outer loop
      vertex -50.6 -15.21 104.6
      vertex -46 -15.21 103.4
      vertex -49.4 -15.21 104.6
    endloop
  endfacet
  facet normal 0 -1 0
    outer loop
      vertex -49.4 -15.21 104.6
      vertex -46 -15.21 103.4
      vertex -46 -15.21 104.6
    endloop
  endfacet
  facet normal 0 -1 0
    outer loop
      vertex 93.4 -15.21 104.6
      vertex 94.6 -15.21 116.4
      vertex 93.4 -15.21 116.4
    endloop
  endfacet
  facet normal 0 -1 -0
    outer loop
      vertex 94.6 -15.21 116.4
      vertex 93.4 -15.21 104.6
      vertex 94.6 -15.21 104.6
    endloop
  endfacet
  facet normal 0 -1 0
    outer loop
      vertex 69.4 -15.21 104.6
      vertex 70.6 -15.21 116.4
      vertex 69.4 -15.21 116.4
    endloop
  endfacet
  facet normal 0 -1 -0
    outer loop
      vertex 70.6 -15.21 116.4
      vertex 69.4 -15.21 104.6
      vertex 70.6 -15.21 104.6
    endloop
  endfacet
  facet normal 0 -1 0
    outer loop
      vertex 46 -15.21 111
      vertex 45.4 -15.21 116.4
      vertex 45.4 -15.21 111
    endloop
  endfacet
  facet normal 0 -1 0
    outer loop
      vertex 45.4 -15.21 116.4
      vertex 46 -15.21 111
      vertex 46.6 -15.21 116.4
    endloop
  endfacet
  facet normal 0 -1 0
    outer loop
      vertex 46 -15.21 111
      vertex 46.6 -15.21 104.6
      vertex 46.6 -15.21 116.4
    endloop
  endfacet
  facet normal 0 -1 0
    outer loop
      vertex 58.6 -15.21 103.4
      vertex 69.4 -15.21 104.6
      vertex 46.6 -15.21 104.6
    endloop
  endfacet
  facet normal 0 -1 -0
    outer loop
      vertex 69.4 -15.21 104.6
      vertex 58.6 -15.21 103.4
      vertex 70.6 -15.21 104.6
    endloop
  endfacet
  facet normal 0 -1 0
    outer loop
      vertex 70.6 -15.21 104.6
      vertex 81.4 -15.21 103.4
      vertex 93.4 -15.21 104.6
    endloop
  endfacet
  facet normal 0 -1 0
    outer loop
      vertex 82.6 -15.21 103.4
      vertex 93.4 -15.21 104.6
      vertex 81.4 -15.21 103.4
    endloop
  endfacet
  facet normal 0 -1 0
    outer loop
      vertex 46 -15.21 103.4
      vertex 46.6 -15.21 104.6
      vertex 46 -15.21 111
    endloop
  endfacet
  facet normal 0 -1 0
    outer loop
      vertex 57.4 -15.21 103.4
      vertex 46.6 -15.21 104.6
      vertex 46 -15.21 103.4
    endloop
  endfacet
  facet normal 0 -1 0
    outer loop
      vertex 58.6 -15.21 103.4
      vertex 46.6 -15.21 104.6
      vertex 57.4 -15.21 103.4
    endloop
  endfacet
  facet normal 0 -1 -0
    outer loop
      vertex 70.6 -15.21 104.6
      vertex 58.6 -15.21 103.4
      vertex 81.4 -15.21 103.4
    endloop
  endfacet
  facet normal 0 -1 -0
    outer loop
      vertex 93.4 -15.21 104.6
      vertex 82.6 -15.21 103.4
      vertex 94.6 -15.21 104.6
    endloop
  endfacet
  facet normal 0 -1 0
    outer loop
      vertex 105.4 -15.21 103.4
      vertex 94.6 -15.21 104.6
      vertex 82.6 -15.21 103.4
    endloop
  endfacet
  facet normal 0 -1 0
    outer loop
      vertex 94.6 -15.21 104.6
      vertex 105.4 -15.21 103.4
      vertex 110 -15.21 104.6
    endloop
  endfacet
  facet normal 0 -1 0
    outer loop
      vertex 106.6 -15.21 103.4
      vertex 110 -15.21 104.6
      vertex 105.4 -15.21 103.4
    endloop
  endfacet
  facet normal 0 -1 -0
    outer loop
      vertex 110 -15.21 104.6
      vertex 106.6 -15.21 103.4
      vertex 110 -15.21 103.4
    endloop
  endfacet
  facet normal 0 -1 0
    outer loop
      vertex -50.6 -15.21 104.6
      vertex -49.4 -15.21 116.4
      vertex -50.6 -15.21 116.4
    endloop
  endfacet
  facet normal 0 -1 -0
    outer loop
      vertex -49.4 -15.21 116.4
      vertex -50.6 -15.21 104.6
      vertex -49.4 -15.21 104.6
    endloop
  endfacet
  facet normal 0 -1 0
    outer loop
      vertex -74.6 -15.21 104.6
      vertex -73.4 -15.21 116.4
      vertex -74.6 -15.21 116.4
    endloop
  endfacet
  facet normal 0 -1 -0
    outer loop
      vertex -73.4 -15.21 116.4
      vertex -74.6 -15.21 104.6
      vertex -73.4 -15.21 104.6
    endloop
  endfacet
  facet normal 0 -1 0
    outer loop
      vertex -98.6 -15.21 104.6
      vertex -97.4 -15.21 116.4
      vertex -98.6 -15.21 116.4
    endloop
  endfacet
  facet normal 0 -1 -0
    outer loop
      vertex -97.4 -15.21 116.4
      vertex -98.6 -15.21 104.6
      vertex -97.4 -15.21 104.6
    endloop
  endfacet
  facet normal 0 -1 0
    outer loop
      vertex -98.6 -15.21 116.4
      vertex -110 -15.21 117.6
      vertex -110 -15.21 116.4
    endloop
  endfacet
  facet normal 0 -1 0
    outer loop
      vertex -97.4 -15.21 116.4
      vertex -110 -15.21 117.6
      vertex -98.6 -15.21 116.4
    endloop
  endfacet
  facet normal 0 -1 0
    outer loop
      vertex -74.6 -15.21 116.4
      vertex -110 -15.21 117.6
      vertex -97.4 -15.21 116.4
    endloop
  endfacet
  facet normal 0 -1 0
    outer loop
      vertex -73.4 -15.21 116.4
      vertex -110 -15.21 117.6
      vertex -74.6 -15.21 116.4
    endloop
  endfacet
  facet normal 0 -1 0
    outer loop
      vertex -50.6 -15.21 116.4
      vertex -110 -15.21 117.6
      vertex -73.4 -15.21 116.4
    endloop
  endfacet
  facet normal 0 -1 0
    outer loop
      vertex -49.4 -15.21 116.4
      vertex -110 -15.21 117.6
      vertex -50.6 -15.21 116.4
    endloop
  endfacet
  facet normal 0 -1 0
    outer loop
      vertex -110 -15.21 117.6
      vertex -49.4 -15.21 116.4
      vertex 110 -15.21 117.6
    endloop
  endfacet
  facet normal 0 -1 0
    outer loop
      vertex 45.4 -15.21 116.4
      vertex 110 -15.21 117.6
      vertex -49.4 -15.21 116.4
    endloop
  endfacet
  facet normal 0 -1 0
    outer loop
      vertex 46.6 -15.21 116.4
      vertex 110 -15.21 117.6
      vertex 45.4 -15.21 116.4
    endloop
  endfacet
  facet normal 0 -1 0
    outer loop
      vertex 69.4 -15.21 116.4
      vertex 110 -15.21 117.6
      vertex 46.6 -15.21 116.4
    endloop
  endfacet
  facet normal 0 -1 0
    outer loop
      vertex 70.6 -15.21 116.4
      vertex 110 -15.21 117.6
      vertex 69.4 -15.21 116.4
    endloop
  endfacet
  facet normal 0 -1 0
    outer loop
      vertex 93.4 -15.21 116.4
      vertex 110 -15.21 117.6
      vertex 70.6 -15.21 116.4
    endloop
  endfacet
  facet normal 0 -1 0
    outer loop
      vertex 94.6 -15.21 116.4
      vertex 110 -15.21 117.6
      vertex 93.4 -15.21 116.4
    endloop
  endfacet
  facet normal 0 -1 -0
    outer loop
      vertex 110 -15.21 117.6
      vertex 94.6 -15.21 116.4
      vertex 110 -15.21 116.4
    endloop
  endfacet
  facet normal 0 -1 -0
    outer loop
      vertex 81.4 -15.21 91.6
      vertex 70.6 -15.21 90.4
      vertex 82.6 -15.21 91.6
    endloop
  endfacet
  facet normal 0 -1 0
    outer loop
      vertex 94.6 -15.21 90.4
      vertex 105.4 -15.21 91.6
      vertex 93.4 -15.21 90.4
    endloop
  endfacet
  facet normal 0 -1 0
    outer loop
      vertex 110 -15.21 90.4
      vertex 105.4 -15.21 91.6
      vertex 94.6 -15.21 90.4
    endloop
  endfacet
  facet normal 0 -1 0
    outer loop
      vertex 105.4 -15.21 91.6
      vertex 110 -15.21 90.4
      vertex 106.6 -15.21 91.6
    endloop
  endfacet
  facet normal 0 -1 0
    outer loop
      vertex 106.6 -15.21 91.6
      vertex 110 -15.21 90.4
      vertex 110 -15.21 91.6
    endloop
  endfacet
  facet normal 0 -1 -0
    outer loop
      vertex 81.4 -15.21 65.6
      vertex 70.6 -15.21 64.4
      vertex 82.6 -15.21 65.6
    endloop
  endfacet
  facet normal 0 -1 0
    outer loop
      vertex 94.6 -15.21 64.4
      vertex 105.4 -15.21 65.6
      vertex 93.4 -15.21 64.4
    endloop
  endfacet
  facet normal 0 -1 0
    outer loop
      vertex 110 -15.21 64.4
      vertex 105.4 -15.21 65.6
      vertex 94.6 -15.21 64.4
    endloop
  endfacet
  facet normal 0 -1 0
    outer loop
      vertex 105.4 -15.21 65.6
      vertex 110 -15.21 64.4
      vertex 106.6 -15.21 65.6
    endloop
  endfacet
  facet normal 0 -1 0
    outer loop
      vertex 106.6 -15.21 65.6
      vertex 110 -15.21 64.4
      vertex 110 -15.21 65.6
    endloop
  endfacet
  facet normal 0 -1 -0
    outer loop
      vertex 81.4 -15.21 39.6
      vertex 70.6 -15.21 38.4
      vertex 82.6 -15.21 39.6
    endloop
  endfacet
  facet normal 0 -1 0
    outer loop
      vertex 94.6 -15.21 38.4
      vertex 105.4 -15.21 39.6
      vertex 93.4 -15.21 38.4
    endloop
  endfacet
  facet normal 0 -1 0
    outer loop
      vertex 110 -15.21 38.4
      vertex 105.4 -15.21 39.6
      vertex 94.6 -15.21 38.4
    endloop
  endfacet
  facet normal 0 -1 0
    outer loop
      vertex 105.4 -15.21 39.6
      vertex 110 -15.21 38.4
      vertex 106.6 -15.21 39.6
    endloop
  endfacet
  facet normal 0 -1 0
    outer loop
      vertex 106.6 -15.21 39.6
      vertex 110 -15.21 38.4
      vertex 110 -15.21 39.6
    endloop
  endfacet
  facet normal 0 -1 -0
    outer loop
      vertex 81.4 -15.21 13.6
      vertex 70.6 -15.21 12.4
      vertex 82.6 -15.21 13.6
    endloop
  endfacet
  facet normal 0 -1 0
    outer loop
      vertex 94.6 -15.21 12.4
      vertex 105.4 -15.21 13.6
      vertex 93.4 -15.21 12.4
    endloop
  endfacet
  facet normal 0 -1 0
    outer loop
      vertex 110 -15.21 12.4
      vertex 105.4 -15.21 13.6
      vertex 94.6 -15.21 12.4
    endloop
  endfacet
  facet normal 0 -1 0
    outer loop
      vertex 105.4 -15.21 13.6
      vertex 110 -15.21 12.4
      vertex 106.6 -15.21 13.6
    endloop
  endfacet
  facet normal 0 -1 0
    outer loop
      vertex 106.6 -15.21 13.6
      vertex 110 -15.21 12.4
      vertex 110 -15.21 13.6
    endloop
  endfacet
  facet normal 0 -1 0
    outer loop
      vertex -40 -15.21 12.4
      vertex -38.6 -15.21 13.6
      vertex -40 -15.21 13.6
    endloop
  endfacet
  facet normal 0 -1 -0
    outer loop
      vertex -38.6 -15.21 13.6
      vertex -40 -15.21 12.4
      vertex -37.4 -15.21 13.6
    endloop
  endfacet
  facet normal 0 -1 0
    outer loop
      vertex -35 -15.21 12.4
      vertex -37.4 -15.21 13.6
      vertex -40 -15.21 12.4
    endloop
  endfacet
  facet normal 0 -1 0
    outer loop
      vertex -37.4 -15.21 13.6
      vertex -35 -15.21 12.4
      vertex -35 -15.21 13.6
    endloop
  endfacet
  facet normal 0 -1 0
    outer loop
      vertex -38.6 -15.21 13.6
      vertex -37.4 -15.21 25.4
      vertex -38.6 -15.21 25.4
    endloop
  endfacet
  facet normal 0 -1 -0
    outer loop
      vertex -37.4 -15.21 25.4
      vertex -38.6 -15.21 13.6
      vertex -37.4 -15.21 13.6
    endloop
  endfacet
  facet normal 0 -1 0
    outer loop
      vertex -38.6 -15.21 25.4
      vertex -40 -15.21 26.6
      vertex -40 -15.21 25.4
    endloop
  endfacet
  facet normal 0 -1 0
    outer loop
      vertex -37.4 -15.21 25.4
      vertex -40 -15.21 26.6
      vertex -38.6 -15.21 25.4
    endloop
  endfacet
  facet normal 0 -1 0
    outer loop
      vertex -40 -15.21 26.6
      vertex -37.4 -15.21 25.4
      vertex -35 -15.21 26.6
    endloop
  endfacet
  facet normal 0 -1 -0
    outer loop
      vertex -35 -15.21 26.6
      vertex -37.4 -15.21 25.4
      vertex -35 -15.21 25.4
    endloop
  endfacet
  facet normal 0 -1 0
    outer loop
      vertex -40 -15.21 38.4
      vertex -38.6 -15.21 39.6
      vertex -40 -15.21 39.6
    endloop
  endfacet
  facet normal 0 -1 -0
    outer loop
      vertex -38.6 -15.21 39.6
      vertex -40 -15.21 38.4
      vertex -37.4 -15.21 39.6
    endloop
  endfacet
  facet normal 0 -1 0
    outer loop
      vertex -35 -15.21 38.4
      vertex -37.4 -15.21 39.6
      vertex -40 -15.21 38.4
    endloop
  endfacet
  facet normal 0 -1 0
    outer loop
      vertex -37.4 -15.21 39.6
      vertex -35 -15.21 38.4
      vertex -35 -15.21 39.6
    endloop
  endfacet
  facet normal 0 -1 0
    outer loop
      vertex -38.6 -15.21 39.6
      vertex -37.4 -15.21 51.4
      vertex -38.6 -15.21 51.4
    endloop
  endfacet
  facet normal 0 -1 -0
    outer loop
      vertex -37.4 -15.21 51.4
      vertex -38.6 -15.21 39.6
      vertex -37.4 -15.21 39.6
    endloop
  endfacet
  facet normal 0 -1 0
    outer loop
      vertex -38.6 -15.21 51.4
      vertex -40 -15.21 52.6
      vertex -40 -15.21 51.4
    endloop
  endfacet
  facet normal 0 -1 0
    outer loop
      vertex -37.4 -15.21 51.4
      vertex -40 -15.21 52.6
      vertex -38.6 -15.21 51.4
    endloop
  endfacet
  facet normal 0 -1 0
    outer loop
      vertex -40 -15.21 52.6
      vertex -37.4 -15.21 51.4
      vertex -35 -15.21 52.6
    endloop
  endfacet
  facet normal 0 -1 -0
    outer loop
      vertex -35 -15.21 52.6
      vertex -37.4 -15.21 51.4
      vertex -35 -15.21 51.4
    endloop
  endfacet
  facet normal 0 -1 0
    outer loop
      vertex -40 -15.21 64.4
      vertex -38.6 -15.21 65.6
      vertex -40 -15.21 65.6
    endloop
  endfacet
  facet normal 0 -1 -0
    outer loop
      vertex -38.6 -15.21 65.6
      vertex -40 -15.21 64.4
      vertex -37.4 -15.21 65.6
    endloop
  endfacet
  facet normal 0 -1 0
    outer loop
      vertex -35 -15.21 64.4
      vertex -37.4 -15.21 65.6
      vertex -40 -15.21 64.4
    endloop
  endfacet
  facet normal 0 -1 0
    outer loop
      vertex -37.4 -15.21 65.6
      vertex -35 -15.21 64.4
      vertex -35 -15.21 65.6
    endloop
  endfacet
  facet normal 0 -1 0
    outer loop
      vertex -38.6 -15.21 65.6
      vertex -37.4 -15.21 77.4
      vertex -38.6 -15.21 77.4
    endloop
  endfacet
  facet normal 0 -1 -0
    outer loop
      vertex -37.4 -15.21 77.4
      vertex -38.6 -15.21 65.6
      vertex -37.4 -15.21 65.6
    endloop
  endfacet
  facet normal 0 -1 0
    outer loop
      vertex -38.6 -15.21 77.4
      vertex -40 -15.21 78.6
      vertex -40 -15.21 77.4
    endloop
  endfacet
  facet normal 0 -1 0
    outer loop
      vertex -37.4 -15.21 77.4
      vertex -40 -15.21 78.6
      vertex -38.6 -15.21 77.4
    endloop
  endfacet
  facet normal 0 -1 0
    outer loop
      vertex -40 -15.21 78.6
      vertex -37.4 -15.21 77.4
      vertex -34.8637 -15.21 78.6
    endloop
  endfacet
  facet normal 0 -1 0
    outer loop
      vertex -34.8637 -15.21 78.6
      vertex -37.4 -15.21 77.4
      vertex -34.9266 -15.21 77.4
    endloop
  endfacet
  facet normal 0 -1 0
    outer loop
      vertex -38.6 -15.21 92.3086
      vertex -38.6 -15.21 91.6
      vertex -38.5741 -15.21 92.3086
    endloop
  endfacet
  facet normal 0 -1 0
    outer loop
      vertex -38.5741 -15.21 94.4303
      vertex -38.6 -15.21 101.751
      vertex -38.6 -15.21 94.4303
    endloop
  endfacet
  facet normal 0 -1 0
    outer loop
      vertex -38.6 -15.21 101.751
      vertex -38.5741 -15.21 94.4303
      vertex -37.4 -15.21 101.751
    endloop
  endfacet
  facet normal 0 -1 0
    outer loop
      vertex -37.8508 -15.21 94.2156
      vertex -37.4 -15.21 101.751
      vertex -38.5741 -15.21 94.4303
    endloop
  endfacet
  facet normal 0 -1 0
    outer loop
      vertex -37.5951 -15.21 94.1397
      vertex -37.4 -15.21 101.751
      vertex -37.8508 -15.21 94.2156
    endloop
  endfacet
  facet normal 0 -1 0
    outer loop
      vertex -37.4 -15.21 91.6
      vertex -37.5951 -15.21 94.1397
      vertex -37.5951 -15.21 92.5992
    endloop
  endfacet
  facet normal 0 -1 0
    outer loop
      vertex -38.6 -15.21 91.6
      vertex -37.8508 -15.21 92.5233
      vertex -38.5741 -15.21 92.3086
    endloop
  endfacet
  facet normal 0 -1 0
    outer loop
      vertex -37.4 -15.21 91.6
      vertex -37.8508 -15.21 92.5233
      vertex -38.6 -15.21 91.6
    endloop
  endfacet
  facet normal 0 -1 0
    outer loop
      vertex -37.5951 -15.21 94.1397
      vertex -37.4 -15.21 91.6
      vertex -37.4 -15.21 101.751
    endloop
  endfacet
  facet normal 0 -1 0
    outer loop
      vertex -37.8508 -15.21 92.5233
      vertex -37.4 -15.21 91.6
      vertex -37.5951 -15.21 92.5992
    endloop
  endfacet
  facet normal 0 -1 0
    outer loop
      vertex -40 -15.21 90.4
      vertex -38.6 -15.21 91.6
      vertex -40 -15.21 91.6
    endloop
  endfacet
  facet normal 0 -1 -0
    outer loop
      vertex -38.6 -15.21 91.6
      vertex -40 -15.21 90.4
      vertex -37.4 -15.21 91.6
    endloop
  endfacet
  facet normal 0 -1 -0
    outer loop
      vertex -37.4 -15.21 91.6
      vertex -40 -15.21 90.4
      vertex -31.8904 -15.21 90.4
    endloop
  endfacet
  facet normal 0 -1 0
    outer loop
      vertex -37.4 -15.21 91.6
      vertex -31.8904 -15.21 90.4
      vertex -31.279 -15.21 91.6
    endloop
  endfacet
  facet normal 0 -1 0
    outer loop
      vertex 35 -15.21 12.4
      vertex 40 -15.21 13.6
      vertex 35 -15.21 13.6
    endloop
  endfacet
  facet normal 0 -1 -0
    outer loop
      vertex 40 -15.21 13.6
      vertex 35 -15.21 12.4
      vertex 40 -15.21 12.4
    endloop
  endfacet
  facet normal 0 -1 0
    outer loop
      vertex 35 -15.21 25.4
      vertex 40 -15.21 26.6
      vertex 35 -15.21 26.6
    endloop
  endfacet
  facet normal 0 -1 -0
    outer loop
      vertex 40 -15.21 26.6
      vertex 35 -15.21 25.4
      vertex 40 -15.21 25.4
    endloop
  endfacet
  facet normal 0 -1 0
    outer loop
      vertex 35 -15.21 38.4
      vertex 40 -15.21 39.6
      vertex 35 -15.21 39.6
    endloop
  endfacet
  facet normal 0 -1 -0
    outer loop
      vertex 40 -15.21 39.6
      vertex 35 -15.21 38.4
      vertex 40 -15.21 38.4
    endloop
  endfacet
  facet normal 0 -1 0
    outer loop
      vertex 35 -15.21 51.4
      vertex 40 -15.21 52.6
      vertex 35 -15.21 52.6
    endloop
  endfacet
  facet normal 0 -1 -0
    outer loop
      vertex 40 -15.21 52.6
      vertex 35 -15.21 51.4
      vertex 40 -15.21 51.4
    endloop
  endfacet
  facet normal 0 -1 0
    outer loop
      vertex 35 -15.21 64.4
      vertex 40 -15.21 65.6
      vertex 35 -15.21 65.6
    endloop
  endfacet
  facet normal 0 -1 -0
    outer loop
      vertex 40 -15.21 65.6
      vertex 35 -15.21 64.4
      vertex 40 -15.21 64.4
    endloop
  endfacet
  facet normal 0 -1 0
    outer loop
      vertex 34.9266 -15.21 77.4
      vertex 40 -15.21 78.6
      vertex 34.8637 -15.21 78.6
    endloop
  endfacet
  facet normal 0 -1 -0
    outer loop
      vertex 40 -15.21 78.6
      vertex 34.9266 -15.21 77.4
      vertex 40 -15.21 77.4
    endloop
  endfacet
  facet normal 0 -1 0
    outer loop
      vertex 31.8904 -15.21 90.4
      vertex 40 -15.21 91.6
      vertex 31.279 -15.21 91.6
    endloop
  endfacet
  facet normal 0 -1 -0
    outer loop
      vertex 40 -15.21 91.6
      vertex 31.8904 -15.21 90.4
      vertex 40 -15.21 90.4
    endloop
  endfacet
  facet normal 0 -1 0
    outer loop
      vertex -33.6786 -15.21 103.872
      vertex -20.1345 -15.21 104.6
      vertex -40 -15.21 104.6
    endloop
  endfacet
  facet normal 0 -1 0
    outer loop
      vertex -33.6786 -15.21 103.872
      vertex -40 -15.21 104.6
      vertex -40 -15.21 103.872
    endloop
  endfacet
  facet normal 0 -1 0
    outer loop
      vertex -32.8969 -15.21 103.678
      vertex -20.1345 -15.21 104.6
      vertex -33.6786 -15.21 103.872
    endloop
  endfacet
  facet normal 0 -1 0
    outer loop
      vertex -32.511 -15.21 103.582
      vertex -20.1345 -15.21 104.6
      vertex -32.8969 -15.21 103.678
    endloop
  endfacet
  facet normal 0 -1 0
    outer loop
      vertex -20.1345 -15.21 104.6
      vertex -32.511 -15.21 103.582
      vertex -20.5725 -15.21 104.316
    endloop
  endfacet
  facet normal 0 -1 0
    outer loop
      vertex -21.7031 -15.21 103.4
      vertex -32.511 -15.21 103.582
      vertex -32.511 -15.21 103.4
    endloop
  endfacet
  facet normal 0 -1 0
    outer loop
      vertex -32.511 -15.21 103.582
      vertex -21.7031 -15.21 103.4
      vertex -20.5725 -15.21 104.316
    endloop
  endfacet
  facet normal 0 -1 0
    outer loop
      vertex 20.5725 -15.21 104.316
      vertex 40 -15.21 104.6
      vertex 20.1345 -15.21 104.6
    endloop
  endfacet
  facet normal 0 -1 0
    outer loop
      vertex 21.7031 -15.21 103.4
      vertex 40 -15.21 104.6
      vertex 20.5725 -15.21 104.316
    endloop
  endfacet
  facet normal 0 -1 -0
    outer loop
      vertex 40 -15.21 104.6
      vertex 21.7031 -15.21 103.4
      vertex 40 -15.21 103.4
    endloop
  endfacet
  facet normal -0 0 1
    outer loop
      vertex 94.6 -15.21 12.4
      vertex 110 -16 12.4
      vertex 110 -15.21 12.4
    endloop
  endfacet
  facet normal 0 0 1
    outer loop
      vertex 110 -16 12.4
      vertex 94.6 -15.21 12.4
      vertex 94.6 -16 12.4
    endloop
  endfacet
  facet normal -0 0 1
    outer loop
      vertex -110 -15.21 12.4
      vertex -98.6 -16 12.4
      vertex -98.6 -15.21 12.4
    endloop
  endfacet
  facet normal 0 0 1
    outer loop
      vertex -98.6 -16 12.4
      vertex -110 -15.21 12.4
      vertex -110 -16 12.4
    endloop
  endfacet
  facet normal -0 0 1
    outer loop
      vertex -97.4 -15.21 12.4
      vertex -74.6 -16 12.4
      vertex -74.6 -15.21 12.4
    endloop
  endfacet
  facet normal 0 0 1
    outer loop
      vertex -74.6 -16 12.4
      vertex -97.4 -15.21 12.4
      vertex -97.4 -16 12.4
    endloop
  endfacet
  facet normal -0 0 1
    outer loop
      vertex -73.4 -15.21 12.4
      vertex -50.6 -16 12.4
      vertex -50.6 -15.21 12.4
    endloop
  endfacet
  facet normal 0 0 1
    outer loop
      vertex -50.6 -16 12.4
      vertex -73.4 -15.21 12.4
      vertex -73.4 -16 12.4
    endloop
  endfacet
  facet normal -0 0 1
    outer loop
      vertex -49.4 -15.21 12.4
      vertex -46 -16 12.4
      vertex -46 -15.21 12.4
    endloop
  endfacet
  facet normal 0 0 1
    outer loop
      vertex -46 -16 12.4
      vertex -49.4 -15.21 12.4
      vertex -49.4 -16 12.4
    endloop
  endfacet
  facet normal -0 0 1
    outer loop
      vertex 46.6 -15.21 12.4
      vertex 69.4 -16 12.4
      vertex 69.4 -15.21 12.4
    endloop
  endfacet
  facet normal 0 0 1
    outer loop
      vertex 69.4 -16 12.4
      vertex 46.6 -15.21 12.4
      vertex 46.6 -16 12.4
    endloop
  endfacet
  facet normal -0 0 1
    outer loop
      vertex 70.6 -15.21 12.4
      vertex 93.4 -16 12.4
      vertex 93.4 -15.21 12.4
    endloop
  endfacet
  facet normal 0 0 1
    outer loop
      vertex 93.4 -16 12.4
      vertex 70.6 -15.21 12.4
      vertex 70.6 -16 12.4
    endloop
  endfacet
  facet normal -0 0 1
    outer loop
      vertex -40 -15.21 12.4
      vertex -35 -16 12.4
      vertex -35 -15.21 12.4
    endloop
  endfacet
  facet normal 0 0 1
    outer loop
      vertex -35 -16 12.4
      vertex -40 -15.21 12.4
      vertex -40 -16 12.4
    endloop
  endfacet
  facet normal -0 0 1
    outer loop
      vertex 35 -15.21 12.4
      vertex 40 -16 12.4
      vertex 40 -15.21 12.4
    endloop
  endfacet
  facet normal 0 0 1
    outer loop
      vertex 40 -16 12.4
      vertex 35 -15.21 12.4
      vertex 35 -16 12.4
    endloop
  endfacet
  facet normal 0 0 -1
    outer loop
      vertex 106.6 15.21 13.6
      vertex 110 16 13.6
      vertex 110 15.21 13.6
    endloop
  endfacet
  facet normal -0 0 -1
    outer loop
      vertex 110 16 13.6
      vertex 106.6 15.21 13.6
      vertex 106.6 16 13.6
    endloop
  endfacet
  facet normal 0 0 -1
    outer loop
      vertex -110 15.21 13.6
      vertex -86.6 16 13.6
      vertex -86.6 15.21 13.6
    endloop
  endfacet
  facet normal -0 0 -1
    outer loop
      vertex -86.6 16 13.6
      vertex -110 15.21 13.6
      vertex -110 16 13.6
    endloop
  endfacet
  facet normal 0 0 -1
    outer loop
      vertex -85.4 15.21 13.6
      vertex -62.6 16 13.6
      vertex -62.6 15.21 13.6
    endloop
  endfacet
  facet normal -0 0 -1
    outer loop
      vertex -62.6 16 13.6
      vertex -85.4 15.21 13.6
      vertex -85.4 16 13.6
    endloop
  endfacet
  facet normal 0 0 -1
    outer loop
      vertex -61.4 15.21 13.6
      vertex -38.6 16 13.6
      vertex -38.6 15.21 13.6
    endloop
  endfacet
  facet normal -0 0 -1
    outer loop
      vertex -38.6 16 13.6
      vertex -61.4 15.21 13.6
      vertex -61.4 16 13.6
    endloop
  endfacet
  facet normal 0 0 -1
    outer loop
      vertex -37.4 15.21 13.6
      vertex -35 16 13.6
      vertex -35 15.21 13.6
    endloop
  endfacet
  facet normal -0 0 -1
    outer loop
      vertex -35 16 13.6
      vertex -37.4 15.21 13.6
      vertex -37.4 16 13.6
    endloop
  endfacet
  facet normal 0 0 -1
    outer loop
      vertex 35 15.21 13.6
      vertex 57.4 16 13.6
      vertex 57.4 15.21 13.6
    endloop
  endfacet
  facet normal -0 0 -1
    outer loop
      vertex 57.4 16 13.6
      vertex 35 15.21 13.6
      vertex 35 16 13.6
    endloop
  endfacet
  facet normal 0 0 -1
    outer loop
      vertex 58.6 15.21 13.6
      vertex 81.4 16 13.6
      vertex 81.4 15.21 13.6
    endloop
  endfacet
  facet normal -0 0 -1
    outer loop
      vertex 81.4 16 13.6
      vertex 58.6 15.21 13.6
      vertex 58.6 16 13.6
    endloop
  endfacet
  facet normal 0 0 -1
    outer loop
      vertex 82.6 15.21 13.6
      vertex 105.4 16 13.6
      vertex 105.4 15.21 13.6
    endloop
  endfacet
  facet normal -0 0 -1
    outer loop
      vertex 105.4 16 13.6
      vertex 82.6 15.21 13.6
      vertex 82.6 16 13.6
    endloop
  endfacet
  facet normal -0 0 1
    outer loop
      vertex -110 16 12.4
      vertex -98.6 15.21 12.4
      vertex -98.6 16 12.4
    endloop
  endfacet
  facet normal 0 0 1
    outer loop
      vertex -98.6 15.21 12.4
      vertex -110 16 12.4
      vertex -110 15.21 12.4
    endloop
  endfacet
  facet normal -0 0 1
    outer loop
      vertex 94.6 16 12.4
      vertex 110 15.21 12.4
      vertex 110 16 12.4
    endloop
  endfacet
  facet normal 0 0 1
    outer loop
      vertex 110 15.21 12.4
      vertex 94.6 16 12.4
      vertex 94.6 15.21 12.4
    endloop
  endfacet
  facet normal -0 0 1
    outer loop
      vertex -97.4 16 12.4
      vertex -74.6 15.21 12.4
      vertex -74.6 16 12.4
    endloop
  endfacet
  facet normal 0 0 1
    outer loop
      vertex -74.6 15.21 12.4
      vertex -97.4 16 12.4
      vertex -97.4 15.21 12.4
    endloop
  endfacet
  facet normal -0 0 1
    outer loop
      vertex -73.4 16 12.4
      vertex -50.6 15.21 12.4
      vertex -50.6 16 12.4
    endloop
  endfacet
  facet normal 0 0 1
    outer loop
      vertex -50.6 15.21 12.4
      vertex -73.4 16 12.4
      vertex -73.4 15.21 12.4
    endloop
  endfacet
  facet normal -0 0 1
    outer loop
      vertex -49.4 16 12.4
      vertex -35 15.21 12.4
      vertex -35 16 12.4
    endloop
  endfacet
  facet normal 0 0 1
    outer loop
      vertex -35 15.21 12.4
      vertex -49.4 16 12.4
      vertex -49.4 15.21 12.4
    endloop
  endfacet
  facet normal -0 0 1
    outer loop
      vertex 35 16 12.4
      vertex 45.4 15.21 12.4
      vertex 45.4 16 12.4
    endloop
  endfacet
  facet normal 0 0 1
    outer loop
      vertex 45.4 15.21 12.4
      vertex 35 16 12.4
      vertex 35 15.21 12.4
    endloop
  endfacet
  facet normal -0 0 1
    outer loop
      vertex 46.6 16 12.4
      vertex 69.4 15.21 12.4
      vertex 69.4 16 12.4
    endloop
  endfacet
  facet normal 0 0 1
    outer loop
      vertex 69.4 15.21 12.4
      vertex 46.6 16 12.4
      vertex 46.6 15.21 12.4
    endloop
  endfacet
  facet normal -0 0 1
    outer loop
      vertex 70.6 16 12.4
      vertex 93.4 15.21 12.4
      vertex 93.4 16 12.4
    endloop
  endfacet
  facet normal 0 0 1
    outer loop
      vertex 93.4 15.21 12.4
      vertex 70.6 16 12.4
      vertex 70.6 15.21 12.4
    endloop
  endfacet
  facet normal 0 1 -0
    outer loop
      vertex -97.4 15.21 0
      vertex -98.6 15.21 12.4
      vertex -97.4 15.21 12.4
    endloop
  endfacet
  facet normal 0 1 0
    outer loop
      vertex -98.6 15.21 12.4
      vertex -97.4 15.21 0
      vertex -98.6 15.21 0
    endloop
  endfacet
  facet normal 0 1 -0
    outer loop
      vertex -73.4 15.21 0
      vertex -74.6 15.21 12.4
      vertex -73.4 15.21 12.4
    endloop
  endfacet
  facet normal 0 1 0
    outer loop
      vertex -74.6 15.21 12.4
      vertex -73.4 15.21 0
      vertex -74.6 15.21 0
    endloop
  endfacet
  facet normal 0 1 -0
    outer loop
      vertex -49.4 15.21 0
      vertex -50.6 15.21 12.4
      vertex -49.4 15.21 12.4
    endloop
  endfacet
  facet normal 0 1 0
    outer loop
      vertex -50.6 15.21 12.4
      vertex -49.4 15.21 0
      vertex -50.6 15.21 0
    endloop
  endfacet
  facet normal 0 1 -0
    outer loop
      vertex 46.6 15.21 0
      vertex 45.4 15.21 12.4
      vertex 46.6 15.21 12.4
    endloop
  endfacet
  facet normal 0 1 0
    outer loop
      vertex 45.4 15.21 12.4
      vertex 46.6 15.21 0
      vertex 45.4 15.21 0
    endloop
  endfacet
  facet normal 0 1 -0
    outer loop
      vertex 70.6 15.21 0
      vertex 69.4 15.21 12.4
      vertex 70.6 15.21 12.4
    endloop
  endfacet
  facet normal 0 1 0
    outer loop
      vertex 69.4 15.21 12.4
      vertex 70.6 15.21 0
      vertex 69.4 15.21 0
    endloop
  endfacet
  facet normal 0 1 -0
    outer loop
      vertex 94.6 15.21 0
      vertex 93.4 15.21 12.4
      vertex 94.6 15.21 12.4
    endloop
  endfacet
  facet normal 0 1 0
    outer loop
      vertex 93.4 15.21 12.4
      vertex 94.6 15.21 0
      vertex 93.4 15.21 0
    endloop
  endfacet
  facet normal 0 1 -0
    outer loop
      vertex -35 15.21 12.4
      vertex -37.4 15.21 13.6
      vertex -35 15.21 13.6
    endloop
  endfacet
  facet normal 0 1 0
    outer loop
      vertex -37.4 15.21 13.6
      vertex -35 15.21 12.4
      vertex -38.6 15.21 13.6
    endloop
  endfacet
  facet normal 0 1 0
    outer loop
      vertex -38.6 15.21 13.6
      vertex -49.4 15.21 12.4
      vertex -61.4 15.21 13.6
    endloop
  endfacet
  facet normal 0 1 -0
    outer loop
      vertex -50.6 15.21 12.4
      vertex -61.4 15.21 13.6
      vertex -49.4 15.21 12.4
    endloop
  endfacet
  facet normal 0 1 0
    outer loop
      vertex -73.4 15.21 12.4
      vertex -62.6 15.21 13.6
      vertex -50.6 15.21 12.4
    endloop
  endfacet
  facet normal 0 1 0
    outer loop
      vertex -62.6 15.21 13.6
      vertex -73.4 15.21 12.4
      vertex -85.4 15.21 13.6
    endloop
  endfacet
  facet normal 0 1 0
    outer loop
      vertex -38.6 15.21 13.6
      vertex -35 15.21 12.4
      vertex -49.4 15.21 12.4
    endloop
  endfacet
  facet normal 0 1 0
    outer loop
      vertex -61.4 15.21 13.6
      vertex -50.6 15.21 12.4
      vertex -62.6 15.21 13.6
    endloop
  endfacet
  facet normal 0 1 -0
    outer loop
      vertex -74.6 15.21 12.4
      vertex -85.4 15.21 13.6
      vertex -73.4 15.21 12.4
    endloop
  endfacet
  facet normal 0 1 0
    outer loop
      vertex -85.4 15.21 13.6
      vertex -74.6 15.21 12.4
      vertex -86.6 15.21 13.6
    endloop
  endfacet
  facet normal 0 1 0
    outer loop
      vertex -97.4 15.21 12.4
      vertex -86.6 15.21 13.6
      vertex -74.6 15.21 12.4
    endloop
  endfacet
  facet normal 0 1 0
    outer loop
      vertex -86.6 15.21 13.6
      vertex -97.4 15.21 12.4
      vertex -110 15.21 13.6
    endloop
  endfacet
  facet normal 0 1 -0
    outer loop
      vertex -98.6 15.21 12.4
      vertex -110 15.21 13.6
      vertex -97.4 15.21 12.4
    endloop
  endfacet
  facet normal 0 1 0
    outer loop
      vertex -110 15.21 13.6
      vertex -98.6 15.21 12.4
      vertex -110 15.21 12.4
    endloop
  endfacet
  facet normal 0 1 -0
    outer loop
      vertex 110 15.21 12.4
      vertex 106.6 15.21 13.6
      vertex 110 15.21 13.6
    endloop
  endfacet
  facet normal 0 1 0
    outer loop
      vertex 106.6 15.21 13.6
      vertex 110 15.21 12.4
      vertex 105.4 15.21 13.6
    endloop
  endfacet
  facet normal 0 1 0
    outer loop
      vertex 105.4 15.21 13.6
      vertex 94.6 15.21 12.4
      vertex 82.6 15.21 13.6
    endloop
  endfacet
  facet normal 0 1 -0
    outer loop
      vertex 93.4 15.21 12.4
      vertex 82.6 15.21 13.6
      vertex 94.6 15.21 12.4
    endloop
  endfacet
  facet normal 0 1 0
    outer loop
      vertex 70.6 15.21 12.4
      vertex 81.4 15.21 13.6
      vertex 93.4 15.21 12.4
    endloop
  endfacet
  facet normal 0 1 0
    outer loop
      vertex 81.4 15.21 13.6
      vertex 70.6 15.21 12.4
      vertex 58.6 15.21 13.6
    endloop
  endfacet
  facet normal 0 1 0
    outer loop
      vertex 105.4 15.21 13.6
      vertex 110 15.21 12.4
      vertex 94.6 15.21 12.4
    endloop
  endfacet
  facet normal 0 1 0
    outer loop
      vertex 82.6 15.21 13.6
      vertex 93.4 15.21 12.4
      vertex 81.4 15.21 13.6
    endloop
  endfacet
  facet normal 0 1 -0
    outer loop
      vertex 69.4 15.21 12.4
      vertex 58.6 15.21 13.6
      vertex 70.6 15.21 12.4
    endloop
  endfacet
  facet normal 0 1 0
    outer loop
      vertex 58.6 15.21 13.6
      vertex 69.4 15.21 12.4
      vertex 57.4 15.21 13.6
    endloop
  endfacet
  facet normal 0 1 0
    outer loop
      vertex 46.6 15.21 12.4
      vertex 57.4 15.21 13.6
      vertex 69.4 15.21 12.4
    endloop
  endfacet
  facet normal 0 1 0
    outer loop
      vertex 57.4 15.21 13.6
      vertex 46.6 15.21 12.4
      vertex 35 15.21 13.6
    endloop
  endfacet
  facet normal 0 1 -0
    outer loop
      vertex 45.4 15.21 12.4
      vertex 35 15.21 13.6
      vertex 46.6 15.21 12.4
    endloop
  endfacet
  facet normal 0 1 0
    outer loop
      vertex 35 15.21 13.6
      vertex 45.4 15.21 12.4
      vertex 35 15.21 12.4
    endloop
  endfacet
  facet normal 0 1 -0
    outer loop
      vertex -85.4 15.21 13.6
      vertex -86.6 15.21 25.4
      vertex -85.4 15.21 25.4
    endloop
  endfacet
  facet normal 0 1 0
    outer loop
      vertex -86.6 15.21 25.4
      vertex -85.4 15.21 13.6
      vertex -86.6 15.21 13.6
    endloop
  endfacet
  facet normal 0 1 -0
    outer loop
      vertex -61.4 15.21 13.6
      vertex -62.6 15.21 25.4
      vertex -61.4 15.21 25.4
    endloop
  endfacet
  facet normal 0 1 0
    outer loop
      vertex -62.6 15.21 25.4
      vertex -61.4 15.21 13.6
      vertex -62.6 15.21 13.6
    endloop
  endfacet
  facet normal 0 1 -0
    outer loop
      vertex -37.4 15.21 13.6
      vertex -38.6 15.21 25.4
      vertex -37.4 15.21 25.4
    endloop
  endfacet
  facet normal 0 1 0
    outer loop
      vertex -38.6 15.21 25.4
      vertex -37.4 15.21 13.6
      vertex -38.6 15.21 13.6
    endloop
  endfacet
  facet normal 0 1 -0
    outer loop
      vertex 58.6 15.21 13.6
      vertex 57.4 15.21 25.4
      vertex 58.6 15.21 25.4
    endloop
  endfacet
  facet normal 0 1 0
    outer loop
      vertex 57.4 15.21 25.4
      vertex 58.6 15.21 13.6
      vertex 57.4 15.21 13.6
    endloop
  endfacet
  facet normal 0 1 -0
    outer loop
      vertex 82.6 15.21 13.6
      vertex 81.4 15.21 25.4
      vertex 82.6 15.21 25.4
    endloop
  endfacet
  facet normal 0 1 0
    outer loop
      vertex 81.4 15.21 25.4
      vertex 82.6 15.21 13.6
      vertex 81.4 15.21 13.6
    endloop
  endfacet
  facet normal 0 1 -0
    outer loop
      vertex 106.6 15.21 13.6
      vertex 105.4 15.21 25.4
      vertex 106.6 15.21 25.4
    endloop
  endfacet
  facet normal 0 1 0
    outer loop
      vertex 105.4 15.21 25.4
      vertex 106.6 15.21 13.6
      vertex 105.4 15.21 13.6
    endloop
  endfacet
  facet normal 0 1 -0
    outer loop
      vertex -38.6 15.21 25.4
      vertex -49.4 15.21 26.6
      vertex -35 15.21 26.6
    endloop
  endfacet
  facet normal 0 1 0
    outer loop
      vertex -49.4 15.21 26.6
      vertex -38.6 15.21 25.4
      vertex -50.6 15.21 26.6
    endloop
  endfacet
  facet normal 0 1 0
    outer loop
      vertex -50.6 15.21 26.6
      vertex -61.4 15.21 25.4
      vertex -73.4 15.21 26.6
    endloop
  endfacet
  facet normal 0 1 -0
    outer loop
      vertex -62.6 15.21 25.4
      vertex -73.4 15.21 26.6
      vertex -61.4 15.21 25.4
    endloop
  endfacet
  facet normal 0 1 0
    outer loop
      vertex -85.4 15.21 25.4
      vertex -74.6 15.21 26.6
      vertex -62.6 15.21 25.4
    endloop
  endfacet
  facet normal 0 1 0
    outer loop
      vertex -74.6 15.21 26.6
      vertex -85.4 15.21 25.4
      vertex -97.4 15.21 26.6
    endloop
  endfacet
  facet normal 0 1 0
    outer loop
      vertex -37.4 15.21 25.4
      vertex -35 15.21 26.6
      vertex -35 15.21 25.4
    endloop
  endfacet
  facet normal 0 1 0
    outer loop
      vertex -38.6 15.21 25.4
      vertex -35 15.21 26.6
      vertex -37.4 15.21 25.4
    endloop
  endfacet
  facet normal 0 1 0
    outer loop
      vertex -50.6 15.21 26.6
      vertex -38.6 15.21 25.4
      vertex -61.4 15.21 25.4
    endloop
  endfacet
  facet normal 0 1 0
    outer loop
      vertex -73.4 15.21 26.6
      vertex -62.6 15.21 25.4
      vertex -74.6 15.21 26.6
    endloop
  endfacet
  facet normal 0 1 -0
    outer loop
      vertex -86.6 15.21 25.4
      vertex -97.4 15.21 26.6
      vertex -85.4 15.21 25.4
    endloop
  endfacet
  facet normal 0 1 0
    outer loop
      vertex -97.4 15.21 26.6
      vertex -86.6 15.21 25.4
      vertex -98.6 15.21 26.6
    endloop
  endfacet
  facet normal 0 1 0
    outer loop
      vertex -110 15.21 25.4
      vertex -98.6 15.21 26.6
      vertex -86.6 15.21 25.4
    endloop
  endfacet
  facet normal 0 1 0
    outer loop
      vertex -98.6 15.21 26.6
      vertex -110 15.21 25.4
      vertex -110 15.21 26.6
    endloop
  endfacet
  facet normal 0 1 -0
    outer loop
      vertex 105.4 15.21 25.4
      vertex 94.6 15.21 26.6
      vertex 110 15.21 26.6
    endloop
  endfacet
  facet normal 0 1 0
    outer loop
      vertex 94.6 15.21 26.6
      vertex 105.4 15.21 25.4
      vertex 93.4 15.21 26.6
    endloop
  endfacet
  facet normal 0 1 0
    outer loop
      vertex 93.4 15.21 26.6
      vertex 82.6 15.21 25.4
      vertex 70.6 15.21 26.6
    endloop
  endfacet
  facet normal 0 1 -0
    outer loop
      vertex 81.4 15.21 25.4
      vertex 70.6 15.21 26.6
      vertex 82.6 15.21 25.4
    endloop
  endfacet
  facet normal 0 1 0
    outer loop
      vertex 58.6 15.21 25.4
      vertex 69.4 15.21 26.6
      vertex 81.4 15.21 25.4
    endloop
  endfacet
  facet normal 0 1 0
    outer loop
      vertex 69.4 15.21 26.6
      vertex 58.6 15.21 25.4
      vertex 46.6 15.21 26.6
    endloop
  endfacet
  facet normal 0 1 0
    outer loop
      vertex 106.6 15.21 25.4
      vertex 110 15.21 26.6
      vertex 110 15.21 25.4
    endloop
  endfacet
  facet normal 0 1 0
    outer loop
      vertex 105.4 15.21 25.4
      vertex 110 15.21 26.6
      vertex 106.6 15.21 25.4
    endloop
  endfacet
  facet normal 0 1 0
    outer loop
      vertex 93.4 15.21 26.6
      vertex 105.4 15.21 25.4
      vertex 82.6 15.21 25.4
    endloop
  endfacet
  facet normal 0 1 0
    outer loop
      vertex 70.6 15.21 26.6
      vertex 81.4 15.21 25.4
      vertex 69.4 15.21 26.6
    endloop
  endfacet
  facet normal 0 1 -0
    outer loop
      vertex 57.4 15.21 25.4
      vertex 46.6 15.21 26.6
      vertex 58.6 15.21 25.4
    endloop
  endfacet
  facet normal 0 1 0
    outer loop
      vertex 46.6 15.21 26.6
      vertex 57.4 15.21 25.4
      vertex 45.4 15.21 26.6
    endloop
  endfacet
  facet normal 0 1 0
    outer loop
      vertex 35 15.21 25.4
      vertex 45.4 15.21 26.6
      vertex 57.4 15.21 25.4
    endloop
  endfacet
  facet normal 0 1 0
    outer loop
      vertex 45.4 15.21 26.6
      vertex 35 15.21 25.4
      vertex 35 15.21 26.6
    endloop
  endfacet
  facet normal 0 1 -0
    outer loop
      vertex -97.4 15.21 26.6
      vertex -98.6 15.21 38.4
      vertex -97.4 15.21 38.4
    endloop
  endfacet
  facet normal 0 1 0
    outer loop
      vertex -98.6 15.21 38.4
      vertex -97.4 15.21 26.6
      vertex -98.6 15.21 26.6
    endloop
  endfacet
  facet normal 0 1 -0
    outer loop
      vertex -73.4 15.21 26.6
      vertex -74.6 15.21 38.4
      vertex -73.4 15.21 38.4
    endloop
  endfacet
  facet normal 0 1 0
    outer loop
      vertex -74.6 15.21 38.4
      vertex -73.4 15.21 26.6
      vertex -74.6 15.21 26.6
    endloop
  endfacet
  facet normal 0 1 -0
    outer loop
      vertex -49.4 15.21 26.6
      vertex -50.6 15.21 38.4
      vertex -49.4 15.21 38.4
    endloop
  endfacet
  facet normal 0 1 0
    outer loop
      vertex -50.6 15.21 38.4
      vertex -49.4 15.21 26.6
      vertex -50.6 15.21 26.6
    endloop
  endfacet
  facet normal 0 1 -0
    outer loop
      vertex 46.6 15.21 26.6
      vertex 45.4 15.21 38.4
      vertex 46.6 15.21 38.4
    endloop
  endfacet
  facet normal 0 1 0
    outer loop
      vertex 45.4 15.21 38.4
      vertex 46.6 15.21 26.6
      vertex 45.4 15.21 26.6
    endloop
  endfacet
  facet normal 0 1 -0
    outer loop
      vertex 70.6 15.21 26.6
      vertex 69.4 15.21 38.4
      vertex 70.6 15.21 38.4
    endloop
  endfacet
  facet normal 0 1 0
    outer loop
      vertex 69.4 15.21 38.4
      vertex 70.6 15.21 26.6
      vertex 69.4 15.21 26.6
    endloop
  endfacet
  facet normal 0 1 -0
    outer loop
      vertex 94.6 15.21 26.6
      vertex 93.4 15.21 38.4
      vertex 94.6 15.21 38.4
    endloop
  endfacet
  facet normal 0 1 0
    outer loop
      vertex 93.4 15.21 38.4
      vertex 94.6 15.21 26.6
      vertex 93.4 15.21 26.6
    endloop
  endfacet
  facet normal 0 1 -0
    outer loop
      vertex -35 15.21 38.4
      vertex -37.4 15.21 39.6
      vertex -35 15.21 39.6
    endloop
  endfacet
  facet normal 0 1 0
    outer loop
      vertex -37.4 15.21 39.6
      vertex -35 15.21 38.4
      vertex -38.6 15.21 39.6
    endloop
  endfacet
  facet normal 0 1 0
    outer loop
      vertex -38.6 15.21 39.6
      vertex -49.4 15.21 38.4
      vertex -61.4 15.21 39.6
    endloop
  endfacet
  facet normal 0 1 -0
    outer loop
      vertex -50.6 15.21 38.4
      vertex -61.4 15.21 39.6
      vertex -49.4 15.21 38.4
    endloop
  endfacet
  facet normal 0 1 0
    outer loop
      vertex -73.4 15.21 38.4
      vertex -62.6 15.21 39.6
      vertex -50.6 15.21 38.4
    endloop
  endfacet
  facet normal 0 1 0
    outer loop
      vertex -62.6 15.21 39.6
      vertex -73.4 15.21 38.4
      vertex -85.4 15.21 39.6
    endloop
  endfacet
  facet normal 0 1 0
    outer loop
      vertex -38.6 15.21 39.6
      vertex -35 15.21 38.4
      vertex -49.4 15.21 38.4
    endloop
  endfacet
  facet normal 0 1 0
    outer loop
      vertex -61.4 15.21 39.6
      vertex -50.6 15.21 38.4
      vertex -62.6 15.21 39.6
    endloop
  endfacet
  facet normal 0 1 -0
    outer loop
      vertex -74.6 15.21 38.4
      vertex -85.4 15.21 39.6
      vertex -73.4 15.21 38.4
    endloop
  endfacet
  facet normal 0 1 0
    outer loop
      vertex -85.4 15.21 39.6
      vertex -74.6 15.21 38.4
      vertex -86.6 15.21 39.6
    endloop
  endfacet
  facet normal 0 1 0
    outer loop
      vertex -97.4 15.21 38.4
      vertex -86.6 15.21 39.6
      vertex -74.6 15.21 38.4
    endloop
  endfacet
  facet normal 0 1 0
    outer loop
      vertex -86.6 15.21 39.6
      vertex -97.4 15.21 38.4
      vertex -110 15.21 39.6
    endloop
  endfacet
  facet normal 0 1 -0
    outer loop
      vertex -98.6 15.21 38.4
      vertex -110 15.21 39.6
      vertex -97.4 15.21 38.4
    endloop
  endfacet
  facet normal 0 1 0
    outer loop
      vertex -110 15.21 39.6
      vertex -98.6 15.21 38.4
      vertex -110 15.21 38.4
    endloop
  endfacet
  facet normal 0 1 -0
    outer loop
      vertex 110 15.21 38.4
      vertex 106.6 15.21 39.6
      vertex 110 15.21 39.6
    endloop
  endfacet
  facet normal 0 1 0
    outer loop
      vertex 106.6 15.21 39.6
      vertex 110 15.21 38.4
      vertex 105.4 15.21 39.6
    endloop
  endfacet
  facet normal 0 1 0
    outer loop
      vertex 105.4 15.21 39.6
      vertex 94.6 15.21 38.4
      vertex 82.6 15.21 39.6
    endloop
  endfacet
  facet normal 0 1 -0
    outer loop
      vertex 93.4 15.21 38.4
      vertex 82.6 15.21 39.6
      vertex 94.6 15.21 38.4
    endloop
  endfacet
  facet normal 0 1 0
    outer loop
      vertex 70.6 15.21 38.4
      vertex 81.4 15.21 39.6
      vertex 93.4 15.21 38.4
    endloop
  endfacet
  facet normal 0 1 0
    outer loop
      vertex 81.4 15.21 39.6
      vertex 70.6 15.21 38.4
      vertex 58.6 15.21 39.6
    endloop
  endfacet
  facet normal 0 1 0
    outer loop
      vertex 105.4 15.21 39.6
      vertex 110 15.21 38.4
      vertex 94.6 15.21 38.4
    endloop
  endfacet
  facet normal 0 1 0
    outer loop
      vertex 82.6 15.21 39.6
      vertex 93.4 15.21 38.4
      vertex 81.4 15.21 39.6
    endloop
  endfacet
  facet normal 0 1 -0
    outer loop
      vertex 69.4 15.21 38.4
      vertex 58.6 15.21 39.6
      vertex 70.6 15.21 38.4
    endloop
  endfacet
  facet normal 0 1 0
    outer loop
      vertex 58.6 15.21 39.6
      vertex 69.4 15.21 38.4
      vertex 57.4 15.21 39.6
    endloop
  endfacet
  facet normal 0 1 0
    outer loop
      vertex 46.6 15.21 38.4
      vertex 57.4 15.21 39.6
      vertex 69.4 15.21 38.4
    endloop
  endfacet
  facet normal 0 1 0
    outer loop
      vertex 57.4 15.21 39.6
      vertex 46.6 15.21 38.4
      vertex 35 15.21 39.6
    endloop
  endfacet
  facet normal 0 1 -0
    outer loop
      vertex 45.4 15.21 38.4
      vertex 35 15.21 39.6
      vertex 46.6 15.21 38.4
    endloop
  endfacet
  facet normal 0 1 0
    outer loop
      vertex 35 15.21 39.6
      vertex 45.4 15.21 38.4
      vertex 35 15.21 38.4
    endloop
  endfacet
  facet normal 0 1 -0
    outer loop
      vertex -85.4 15.21 39.6
      vertex -86.6 15.21 51.4
      vertex -85.4 15.21 51.4
    endloop
  endfacet
  facet normal 0 1 0
    outer loop
      vertex -86.6 15.21 51.4
      vertex -85.4 15.21 39.6
      vertex -86.6 15.21 39.6
    endloop
  endfacet
  facet normal 0 1 -0
    outer loop
      vertex -61.4 15.21 39.6
      vertex -62.6 15.21 51.4
      vertex -61.4 15.21 51.4
    endloop
  endfacet
  facet normal 0 1 0
    outer loop
      vertex -62.6 15.21 51.4
      vertex -61.4 15.21 39.6
      vertex -62.6 15.21 39.6
    endloop
  endfacet
  facet normal 0 1 -0
    outer loop
      vertex -37.4 15.21 39.6
      vertex -38.6 15.21 51.4
      vertex -37.4 15.21 51.4
    endloop
  endfacet
  facet normal 0 1 0
    outer loop
      vertex -38.6 15.21 51.4
      vertex -37.4 15.21 39.6
      vertex -38.6 15.21 39.6
    endloop
  endfacet
  facet normal 0 1 -0
    outer loop
      vertex 58.6 15.21 39.6
      vertex 57.4 15.21 51.4
      vertex 58.6 15.21 51.4
    endloop
  endfacet
  facet normal 0 1 0
    outer loop
      vertex 57.4 15.21 51.4
      vertex 58.6 15.21 39.6
      vertex 57.4 15.21 39.6
    endloop
  endfacet
  facet normal 0 1 -0
    outer loop
      vertex 82.6 15.21 39.6
      vertex 81.4 15.21 51.4
      vertex 82.6 15.21 51.4
    endloop
  endfacet
  facet normal 0 1 0
    outer loop
      vertex 81.4 15.21 51.4
      vertex 82.6 15.21 39.6
      vertex 81.4 15.21 39.6
    endloop
  endfacet
  facet normal 0 1 -0
    outer loop
      vertex 106.6 15.21 39.6
      vertex 105.4 15.21 51.4
      vertex 106.6 15.21 51.4
    endloop
  endfacet
  facet normal 0 1 0
    outer loop
      vertex 105.4 15.21 51.4
      vertex 106.6 15.21 39.6
      vertex 105.4 15.21 39.6
    endloop
  endfacet
  facet normal 0 1 -0
    outer loop
      vertex -38.6 15.21 51.4
      vertex -49.4 15.21 52.6
      vertex -35 15.21 52.6
    endloop
  endfacet
  facet normal 0 1 0
    outer loop
      vertex -49.4 15.21 52.6
      vertex -38.6 15.21 51.4
      vertex -50.6 15.21 52.6
    endloop
  endfacet
  facet normal 0 1 0
    outer loop
      vertex -50.6 15.21 52.6
      vertex -61.4 15.21 51.4
      vertex -73.4 15.21 52.6
    endloop
  endfacet
  facet normal 0 1 -0
    outer loop
      vertex -62.6 15.21 51.4
      vertex -73.4 15.21 52.6
      vertex -61.4 15.21 51.4
    endloop
  endfacet
  facet normal 0 1 0
    outer loop
      vertex -85.4 15.21 51.4
      vertex -74.6 15.21 52.6
      vertex -62.6 15.21 51.4
    endloop
  endfacet
  facet normal 0 1 0
    outer loop
      vertex -74.6 15.21 52.6
      vertex -85.4 15.21 51.4
      vertex -97.4 15.21 52.6
    endloop
  endfacet
  facet normal 0 1 0
    outer loop
      vertex -37.4 15.21 51.4
      vertex -35 15.21 52.6
      vertex -35 15.21 51.4
    endloop
  endfacet
  facet normal 0 1 0
    outer loop
      vertex -38.6 15.21 51.4
      vertex -35 15.21 52.6
      vertex -37.4 15.21 51.4
    endloop
  endfacet
  facet normal 0 1 0
    outer loop
      vertex -50.6 15.21 52.6
      vertex -38.6 15.21 51.4
      vertex -61.4 15.21 51.4
    endloop
  endfacet
  facet normal 0 1 0
    outer loop
      vertex -73.4 15.21 52.6
      vertex -62.6 15.21 51.4
      vertex -74.6 15.21 52.6
    endloop
  endfacet
  facet normal 0 1 -0
    outer loop
      vertex -86.6 15.21 51.4
      vertex -97.4 15.21 52.6
      vertex -85.4 15.21 51.4
    endloop
  endfacet
  facet normal 0 1 0
    outer loop
      vertex -97.4 15.21 52.6
      vertex -86.6 15.21 51.4
      vertex -98.6 15.21 52.6
    endloop
  endfacet
  facet normal 0 1 0
    outer loop
      vertex -110 15.21 51.4
      vertex -98.6 15.21 52.6
      vertex -86.6 15.21 51.4
    endloop
  endfacet
  facet normal 0 1 0
    outer loop
      vertex -98.6 15.21 52.6
      vertex -110 15.21 51.4
      vertex -110 15.21 52.6
    endloop
  endfacet
  facet normal 0 1 -0
    outer loop
      vertex 105.4 15.21 51.4
      vertex 94.6 15.21 52.6
      vertex 110 15.21 52.6
    endloop
  endfacet
  facet normal 0 1 0
    outer loop
      vertex 94.6 15.21 52.6
      vertex 105.4 15.21 51.4
      vertex 93.4 15.21 52.6
    endloop
  endfacet
  facet normal 0 1 0
    outer loop
      vertex 93.4 15.21 52.6
      vertex 82.6 15.21 51.4
      vertex 70.6 15.21 52.6
    endloop
  endfacet
  facet normal 0 1 -0
    outer loop
      vertex 81.4 15.21 51.4
      vertex 70.6 15.21 52.6
      vertex 82.6 15.21 51.4
    endloop
  endfacet
  facet normal 0 1 0
    outer loop
      vertex 58.6 15.21 51.4
      vertex 69.4 15.21 52.6
      vertex 81.4 15.21 51.4
    endloop
  endfacet
  facet normal 0 1 0
    outer loop
      vertex 69.4 15.21 52.6
      vertex 58.6 15.21 51.4
      vertex 46.6 15.21 52.6
    endloop
  endfacet
  facet normal 0 1 0
    outer loop
      vertex 106.6 15.21 51.4
      vertex 110 15.21 52.6
      vertex 110 15.21 51.4
    endloop
  endfacet
  facet normal 0 1 0
    outer loop
      vertex 105.4 15.21 51.4
      vertex 110 15.21 52.6
      vertex 106.6 15.21 51.4
    endloop
  endfacet
  facet normal 0 1 0
    outer loop
      vertex 93.4 15.21 52.6
      vertex 105.4 15.21 51.4
      vertex 82.6 15.21 51.4
    endloop
  endfacet
  facet normal 0 1 0
    outer loop
      vertex 70.6 15.21 52.6
      vertex 81.4 15.21 51.4
      vertex 69.4 15.21 52.6
    endloop
  endfacet
  facet normal 0 1 -0
    outer loop
      vertex 57.4 15.21 51.4
      vertex 46.6 15.21 52.6
      vertex 58.6 15.21 51.4
    endloop
  endfacet
  facet normal 0 1 0
    outer loop
      vertex 46.6 15.21 52.6
      vertex 57.4 15.21 51.4
      vertex 45.4 15.21 52.6
    endloop
  endfacet
  facet normal 0 1 0
    outer loop
      vertex 35 15.21 51.4
      vertex 45.4 15.21 52.6
      vertex 57.4 15.21 51.4
    endloop
  endfacet
  facet normal 0 1 0
    outer loop
      vertex 45.4 15.21 52.6
      vertex 35 15.21 51.4
      vertex 35 15.21 52.6
    endloop
  endfacet
  facet normal 0 1 -0
    outer loop
      vertex -97.4 15.21 52.6
      vertex -98.6 15.21 64.4
      vertex -97.4 15.21 64.4
    endloop
  endfacet
  facet normal 0 1 0
    outer loop
      vertex -98.6 15.21 64.4
      vertex -97.4 15.21 52.6
      vertex -98.6 15.21 52.6
    endloop
  endfacet
  facet normal 0 1 -0
    outer loop
      vertex -73.4 15.21 52.6
      vertex -74.6 15.21 64.4
      vertex -73.4 15.21 64.4
    endloop
  endfacet
  facet normal 0 1 0
    outer loop
      vertex -74.6 15.21 64.4
      vertex -73.4 15.21 52.6
      vertex -74.6 15.21 52.6
    endloop
  endfacet
  facet normal 0 1 -0
    outer loop
      vertex -49.4 15.21 52.6
      vertex -50.6 15.21 64.4
      vertex -49.4 15.21 64.4
    endloop
  endfacet
  facet normal 0 1 0
    outer loop
      vertex -50.6 15.21 64.4
      vertex -49.4 15.21 52.6
      vertex -50.6 15.21 52.6
    endloop
  endfacet
  facet normal 0 1 -0
    outer loop
      vertex 46.6 15.21 52.6
      vertex 45.4 15.21 64.4
      vertex 46.6 15.21 64.4
    endloop
  endfacet
  facet normal 0 1 0
    outer loop
      vertex 45.4 15.21 64.4
      vertex 46.6 15.21 52.6
      vertex 45.4 15.21 52.6
    endloop
  endfacet
  facet normal 0 1 -0
    outer loop
      vertex 70.6 15.21 52.6
      vertex 69.4 15.21 64.4
      vertex 70.6 15.21 64.4
    endloop
  endfacet
  facet normal 0 1 0
    outer loop
      vertex 69.4 15.21 64.4
      vertex 70.6 15.21 52.6
      vertex 69.4 15.21 52.6
    endloop
  endfacet
  facet normal 0 1 -0
    outer loop
      vertex 94.6 15.21 52.6
      vertex 93.4 15.21 64.4
      vertex 94.6 15.21 64.4
    endloop
  endfacet
  facet normal 0 1 0
    outer loop
      vertex 93.4 15.21 64.4
      vertex 94.6 15.21 52.6
      vertex 93.4 15.21 52.6
    endloop
  endfacet
  facet normal 0 1 -0
    outer loop
      vertex -35 15.21 64.4
      vertex -37.4 15.21 65.6
      vertex -35 15.21 65.6
    endloop
  endfacet
  facet normal 0 1 0
    outer loop
      vertex -37.4 15.21 65.6
      vertex -35 15.21 64.4
      vertex -38.6 15.21 65.6
    endloop
  endfacet
  facet normal 0 1 0
    outer loop
      vertex -38.6 15.21 65.6
      vertex -49.4 15.21 64.4
      vertex -61.4 15.21 65.6
    endloop
  endfacet
  facet normal 0 1 -0
    outer loop
      vertex -50.6 15.21 64.4
      vertex -61.4 15.21 65.6
      vertex -49.4 15.21 64.4
    endloop
  endfacet
  facet normal 0 1 0
    outer loop
      vertex -73.4 15.21 64.4
      vertex -62.6 15.21 65.6
      vertex -50.6 15.21 64.4
    endloop
  endfacet
  facet normal 0 1 0
    outer loop
      vertex -62.6 15.21 65.6
      vertex -73.4 15.21 64.4
      vertex -85.4 15.21 65.6
    endloop
  endfacet
  facet normal 0 1 0
    outer loop
      vertex -38.6 15.21 65.6
      vertex -35 15.21 64.4
      vertex -49.4 15.21 64.4
    endloop
  endfacet
  facet normal 0 1 0
    outer loop
      vertex -61.4 15.21 65.6
      vertex -50.6 15.21 64.4
      vertex -62.6 15.21 65.6
    endloop
  endfacet
  facet normal 0 1 -0
    outer loop
      vertex -74.6 15.21 64.4
      vertex -85.4 15.21 65.6
      vertex -73.4 15.21 64.4
    endloop
  endfacet
  facet normal 0 1 0
    outer loop
      vertex -85.4 15.21 65.6
      vertex -74.6 15.21 64.4
      vertex -86.6 15.21 65.6
    endloop
  endfacet
  facet normal 0 1 0
    outer loop
      vertex -97.4 15.21 64.4
      vertex -86.6 15.21 65.6
      vertex -74.6 15.21 64.4
    endloop
  endfacet
  facet normal 0 1 0
    outer loop
      vertex -86.6 15.21 65.6
      vertex -97.4 15.21 64.4
      vertex -110 15.21 65.6
    endloop
  endfacet
  facet normal 0 1 -0
    outer loop
      vertex -98.6 15.21 64.4
      vertex -110 15.21 65.6
      vertex -97.4 15.21 64.4
    endloop
  endfacet
  facet normal 0 1 0
    outer loop
      vertex -110 15.21 65.6
      vertex -98.6 15.21 64.4
      vertex -110 15.21 64.4
    endloop
  endfacet
  facet normal 0 1 -0
    outer loop
      vertex 110 15.21 64.4
      vertex 106.6 15.21 65.6
      vertex 110 15.21 65.6
    endloop
  endfacet
  facet normal 0 1 0
    outer loop
      vertex 106.6 15.21 65.6
      vertex 110 15.21 64.4
      vertex 105.4 15.21 65.6
    endloop
  endfacet
  facet normal 0 1 0
    outer loop
      vertex 105.4 15.21 65.6
      vertex 94.6 15.21 64.4
      vertex 82.6 15.21 65.6
    endloop
  endfacet
  facet normal 0 1 -0
    outer loop
      vertex 93.4 15.21 64.4
      vertex 82.6 15.21 65.6
      vertex 94.6 15.21 64.4
    endloop
  endfacet
  facet normal 0 1 0
    outer loop
      vertex 70.6 15.21 64.4
      vertex 81.4 15.21 65.6
      vertex 93.4 15.21 64.4
    endloop
  endfacet
  facet normal 0 1 0
    outer loop
      vertex 81.4 15.21 65.6
      vertex 70.6 15.21 64.4
      vertex 58.6 15.21 65.6
    endloop
  endfacet
  facet normal 0 1 0
    outer loop
      vertex 105.4 15.21 65.6
      vertex 110 15.21 64.4
      vertex 94.6 15.21 64.4
    endloop
  endfacet
  facet normal 0 1 0
    outer loop
      vertex 82.6 15.21 65.6
      vertex 93.4 15.21 64.4
      vertex 81.4 15.21 65.6
    endloop
  endfacet
  facet normal 0 1 -0
    outer loop
      vertex 69.4 15.21 64.4
      vertex 58.6 15.21 65.6
      vertex 70.6 15.21 64.4
    endloop
  endfacet
  facet normal 0 1 0
    outer loop
      vertex 58.6 15.21 65.6
      vertex 69.4 15.21 64.4
      vertex 57.4 15.21 65.6
    endloop
  endfacet
  facet normal 0 1 0
    outer loop
      vertex 46.6 15.21 64.4
      vertex 57.4 15.21 65.6
      vertex 69.4 15.21 64.4
    endloop
  endfacet
  facet normal 0 1 0
    outer loop
      vertex 57.4 15.21 65.6
      vertex 46.6 15.21 64.4
      vertex 35 15.21 65.6
    endloop
  endfacet
  facet normal 0 1 -0
    outer loop
      vertex 45.4 15.21 64.4
      vertex 35 15.21 65.6
      vertex 46.6 15.21 64.4
    endloop
  endfacet
  facet normal 0 1 0
    outer loop
      vertex 35 15.21 65.6
      vertex 45.4 15.21 64.4
      vertex 35 15.21 64.4
    endloop
  endfacet
  facet normal 0 1 -0
    outer loop
      vertex -85.4 15.21 65.6
      vertex -86.6 15.21 77.4
      vertex -85.4 15.21 77.4
    endloop
  endfacet
  facet normal 0 1 0
    outer loop
      vertex -86.6 15.21 77.4
      vertex -85.4 15.21 65.6
      vertex -86.6 15.21 65.6
    endloop
  endfacet
  facet normal 0 1 -0
    outer loop
      vertex -61.4 15.21 65.6
      vertex -62.6 15.21 77.4
      vertex -61.4 15.21 77.4
    endloop
  endfacet
  facet normal 0 1 0
    outer loop
      vertex -62.6 15.21 77.4
      vertex -61.4 15.21 65.6
      vertex -62.6 15.21 65.6
    endloop
  endfacet
  facet normal 0 1 -0
    outer loop
      vertex -37.4 15.21 65.6
      vertex -38.6 15.21 77.4
      vertex -37.4 15.21 77.4
    endloop
  endfacet
  facet normal 0 1 0
    outer loop
      vertex -38.6 15.21 77.4
      vertex -37.4 15.21 65.6
      vertex -38.6 15.21 65.6
    endloop
  endfacet
  facet normal 0 1 -0
    outer loop
      vertex 58.6 15.21 65.6
      vertex 57.4 15.21 77.4
      vertex 58.6 15.21 77.4
    endloop
  endfacet
  facet normal 0 1 0
    outer loop
      vertex 57.4 15.21 77.4
      vertex 58.6 15.21 65.6
      vertex 57.4 15.21 65.6
    endloop
  endfacet
  facet normal 0 1 -0
    outer loop
      vertex 82.6 15.21 65.6
      vertex 81.4 15.21 77.4
      vertex 82.6 15.21 77.4
    endloop
  endfacet
  facet normal 0 1 0
    outer loop
      vertex 81.4 15.21 77.4
      vertex 82.6 15.21 65.6
      vertex 81.4 15.21 65.6
    endloop
  endfacet
  facet normal 0 1 -0
    outer loop
      vertex 106.6 15.21 65.6
      vertex 105.4 15.21 77.4
      vertex 106.6 15.21 77.4
    endloop
  endfacet
  facet normal 0 1 0
    outer loop
      vertex 105.4 15.21 77.4
      vertex 106.6 15.21 65.6
      vertex 105.4 15.21 65.6
    endloop
  endfacet
  facet normal 0 1 -0
    outer loop
      vertex -38.6 15.21 77.4
      vertex -49.4 15.21 78.6
      vertex -34.8637 15.21 78.6
    endloop
  endfacet
  facet normal 0 1 0
    outer loop
      vertex -49.4 15.21 78.6
      vertex -38.6 15.21 77.4
      vertex -50.6 15.21 78.6
    endloop
  endfacet
  facet normal 0 1 0
    outer loop
      vertex -50.6 15.21 78.6
      vertex -61.4 15.21 77.4
      vertex -73.4 15.21 78.6
    endloop
  endfacet
  facet normal 0 1 -0
    outer loop
      vertex -62.6 15.21 77.4
      vertex -73.4 15.21 78.6
      vertex -61.4 15.21 77.4
    endloop
  endfacet
  facet normal 0 1 0
    outer loop
      vertex -85.4 15.21 77.4
      vertex -74.6 15.21 78.6
      vertex -62.6 15.21 77.4
    endloop
  endfacet
  facet normal 0 1 0
    outer loop
      vertex -74.6 15.21 78.6
      vertex -85.4 15.21 77.4
      vertex -97.4 15.21 78.6
    endloop
  endfacet
  facet normal 0 1 0
    outer loop
      vertex -37.4 15.21 77.4
      vertex -34.8637 15.21 78.6
      vertex -34.9266 15.21 77.4
    endloop
  endfacet
  facet normal 0 1 0
    outer loop
      vertex -38.6 15.21 77.4
      vertex -34.8637 15.21 78.6
      vertex -37.4 15.21 77.4
    endloop
  endfacet
  facet normal 0 1 0
    outer loop
      vertex -50.6 15.21 78.6
      vertex -38.6 15.21 77.4
      vertex -61.4 15.21 77.4
    endloop
  endfacet
  facet normal 0 1 0
    outer loop
      vertex -73.4 15.21 78.6
      vertex -62.6 15.21 77.4
      vertex -74.6 15.21 78.6
    endloop
  endfacet
  facet normal 0 1 -0
    outer loop
      vertex -86.6 15.21 77.4
      vertex -97.4 15.21 78.6
      vertex -85.4 15.21 77.4
    endloop
  endfacet
  facet normal 0 1 0
    outer loop
      vertex -97.4 15.21 78.6
      vertex -86.6 15.21 77.4
      vertex -98.6 15.21 78.6
    endloop
  endfacet
  facet normal 0 1 0
    outer loop
      vertex -110 15.21 77.4
      vertex -98.6 15.21 78.6
      vertex -86.6 15.21 77.4
    endloop
  endfacet
  facet normal 0 1 0
    outer loop
      vertex -98.6 15.21 78.6
      vertex -110 15.21 77.4
      vertex -110 15.21 78.6
    endloop
  endfacet
  facet normal 0 1 -0
    outer loop
      vertex 105.4 15.21 77.4
      vertex 94.6 15.21 78.6
      vertex 110 15.21 78.6
    endloop
  endfacet
  facet normal 0 1 0
    outer loop
      vertex 94.6 15.21 78.6
      vertex 105.4 15.21 77.4
      vertex 93.4 15.21 78.6
    endloop
  endfacet
  facet normal 0 1 0
    outer loop
      vertex 93.4 15.21 78.6
      vertex 82.6 15.21 77.4
      vertex 70.6 15.21 78.6
    endloop
  endfacet
  facet normal 0 1 -0
    outer loop
      vertex 81.4 15.21 77.4
      vertex 70.6 15.21 78.6
      vertex 82.6 15.21 77.4
    endloop
  endfacet
  facet normal 0 1 0
    outer loop
      vertex 58.6 15.21 77.4
      vertex 69.4 15.21 78.6
      vertex 81.4 15.21 77.4
    endloop
  endfacet
  facet normal 0 1 0
    outer loop
      vertex 69.4 15.21 78.6
      vertex 58.6 15.21 77.4
      vertex 46.6 15.21 78.6
    endloop
  endfacet
  facet normal 0 1 0
    outer loop
      vertex 106.6 15.21 77.4
      vertex 110 15.21 78.6
      vertex 110 15.21 77.4
    endloop
  endfacet
  facet normal 0 1 0
    outer loop
      vertex 105.4 15.21 77.4
      vertex 110 15.21 78.6
      vertex 106.6 15.21 77.4
    endloop
  endfacet
  facet normal 0 1 0
    outer loop
      vertex 93.4 15.21 78.6
      vertex 105.4 15.21 77.4
      vertex 82.6 15.21 77.4
    endloop
  endfacet
  facet normal 0 1 0
    outer loop
      vertex 70.6 15.21 78.6
      vertex 81.4 15.21 77.4
      vertex 69.4 15.21 78.6
    endloop
  endfacet
  facet normal 0 1 -0
    outer loop
      vertex 57.4 15.21 77.4
      vertex 46.6 15.21 78.6
      vertex 58.6 15.21 77.4
    endloop
  endfacet
  facet normal 0 1 0
    outer loop
      vertex 46.6 15.21 78.6
      vertex 57.4 15.21 77.4
      vertex 45.4 15.21 78.6
    endloop
  endfacet
  facet normal 0 1 0
    outer loop
      vertex 34.9266 15.21 77.4
      vertex 45.4 15.21 78.6
      vertex 57.4 15.21 77.4
    endloop
  endfacet
  facet normal 0 1 0
    outer loop
      vertex 45.4 15.21 78.6
      vertex 34.9266 15.21 77.4
      vertex 34.8637 15.21 78.6
    endloop
  endfacet
  facet normal 0 1 -0
    outer loop
      vertex -97.4 15.21 78.6
      vertex -98.6 15.21 90.4
      vertex -97.4 15.21 90.4
    endloop
  endfacet
  facet normal 0 1 0
    outer loop
      vertex -98.6 15.21 90.4
      vertex -97.4 15.21 78.6
      vertex -98.6 15.21 78.6
    endloop
  endfacet
  facet normal 0 1 -0
    outer loop
      vertex -73.4 15.21 78.6
      vertex -74.6 15.21 90.4
      vertex -73.4 15.21 90.4
    endloop
  endfacet
  facet normal 0 1 0
    outer loop
      vertex -74.6 15.21 90.4
      vertex -73.4 15.21 78.6
      vertex -74.6 15.21 78.6
    endloop
  endfacet
  facet normal 0 1 -0
    outer loop
      vertex -49.4 15.21 78.6
      vertex -50.6 15.21 90.4
      vertex -49.4 15.21 90.4
    endloop
  endfacet
  facet normal 0 1 0
    outer loop
      vertex -50.6 15.21 90.4
      vertex -49.4 15.21 78.6
      vertex -50.6 15.21 78.6
    endloop
  endfacet
  facet normal 0 1 -0
    outer loop
      vertex 46.6 15.21 78.6
      vertex 45.4 15.21 90.4
      vertex 46.6 15.21 90.4
    endloop
  endfacet
  facet normal 0 1 0
    outer loop
      vertex 45.4 15.21 90.4
      vertex 46.6 15.21 78.6
      vertex 45.4 15.21 78.6
    endloop
  endfacet
  facet normal 0 1 -0
    outer loop
      vertex 70.6 15.21 78.6
      vertex 69.4 15.21 90.4
      vertex 70.6 15.21 90.4
    endloop
  endfacet
  facet normal 0 1 0
    outer loop
      vertex 69.4 15.21 90.4
      vertex 70.6 15.21 78.6
      vertex 69.4 15.21 78.6
    endloop
  endfacet
  facet normal 0 1 -0
    outer loop
      vertex 94.6 15.21 78.6
      vertex 93.4 15.21 90.4
      vertex 94.6 15.21 90.4
    endloop
  endfacet
  facet normal 0 1 0
    outer loop
      vertex 93.4 15.21 90.4
      vertex 94.6 15.21 78.6
      vertex 93.4 15.21 78.6
    endloop
  endfacet
  facet normal 0 1 -0
    outer loop
      vertex -31.8904 15.21 90.4
      vertex -37.4 15.21 91.6
      vertex -31.279 15.21 91.6
    endloop
  endfacet
  facet normal 0 1 0
    outer loop
      vertex -37.4 15.21 91.6
      vertex -31.8904 15.21 90.4
      vertex -38.6 15.21 91.6
    endloop
  endfacet
  facet normal 0 1 0
    outer loop
      vertex -38.6 15.21 91.6
      vertex -49.4 15.21 90.4
      vertex -61.4 15.21 91.6
    endloop
  endfacet
  facet normal 0 1 -0
    outer loop
      vertex -50.6 15.21 90.4
      vertex -61.4 15.21 91.6
      vertex -49.4 15.21 90.4
    endloop
  endfacet
  facet normal 0 1 0
    outer loop
      vertex -73.4 15.21 90.4
      vertex -62.6 15.21 91.6
      vertex -50.6 15.21 90.4
    endloop
  endfacet
  facet normal 0 1 0
    outer loop
      vertex -62.6 15.21 91.6
      vertex -73.4 15.21 90.4
      vertex -85.4 15.21 91.6
    endloop
  endfacet
  facet normal 0 1 0
    outer loop
      vertex -38.6 15.21 91.6
      vertex -31.8904 15.21 90.4
      vertex -49.4 15.21 90.4
    endloop
  endfacet
  facet normal 0 1 0
    outer loop
      vertex -61.4 15.21 91.6
      vertex -50.6 15.21 90.4
      vertex -62.6 15.21 91.6
    endloop
  endfacet
  facet normal 0 1 -0
    outer loop
      vertex -74.6 15.21 90.4
      vertex -85.4 15.21 91.6
      vertex -73.4 15.21 90.4
    endloop
  endfacet
  facet normal 0 1 0
    outer loop
      vertex -85.4 15.21 91.6
      vertex -74.6 15.21 90.4
      vertex -86.6 15.21 91.6
    endloop
  endfacet
  facet normal 0 1 0
    outer loop
      vertex -97.4 15.21 90.4
      vertex -86.6 15.21 91.6
      vertex -74.6 15.21 90.4
    endloop
  endfacet
  facet normal 0 1 0
    outer loop
      vertex -86.6 15.21 91.6
      vertex -97.4 15.21 90.4
      vertex -110 15.21 91.6
    endloop
  endfacet
  facet normal 0 1 -0
    outer loop
      vertex -98.6 15.21 90.4
      vertex -110 15.21 91.6
      vertex -97.4 15.21 90.4
    endloop
  endfacet
  facet normal 0 1 0
    outer loop
      vertex -110 15.21 91.6
      vertex -98.6 15.21 90.4
      vertex -110 15.21 90.4
    endloop
  endfacet
  facet normal 0 1 -0
    outer loop
      vertex 110 15.21 90.4
      vertex 106.6 15.21 91.6
      vertex 110 15.21 91.6
    endloop
  endfacet
  facet normal 0 1 0
    outer loop
      vertex 106.6 15.21 91.6
      vertex 110 15.21 90.4
      vertex 105.4 15.21 91.6
    endloop
  endfacet
  facet normal 0 1 0
    outer loop
      vertex 105.4 15.21 91.6
      vertex 94.6 15.21 90.4
      vertex 82.6 15.21 91.6
    endloop
  endfacet
  facet normal 0 1 -0
    outer loop
      vertex 93.4 15.21 90.4
      vertex 82.6 15.21 91.6
      vertex 94.6 15.21 90.4
    endloop
  endfacet
  facet normal 0 1 0
    outer loop
      vertex 70.6 15.21 90.4
      vertex 81.4 15.21 91.6
      vertex 93.4 15.21 90.4
    endloop
  endfacet
  facet normal 0 1 0
    outer loop
      vertex 81.4 15.21 91.6
      vertex 70.6 15.21 90.4
      vertex 58.6 15.21 91.6
    endloop
  endfacet
  facet normal 0 1 0
    outer loop
      vertex 105.4 15.21 91.6
      vertex 110 15.21 90.4
      vertex 94.6 15.21 90.4
    endloop
  endfacet
  facet normal 0 1 0
    outer loop
      vertex 82.6 15.21 91.6
      vertex 93.4 15.21 90.4
      vertex 81.4 15.21 91.6
    endloop
  endfacet
  facet normal 0 1 -0
    outer loop
      vertex 69.4 15.21 90.4
      vertex 58.6 15.21 91.6
      vertex 70.6 15.21 90.4
    endloop
  endfacet
  facet normal 0 1 0
    outer loop
      vertex 58.6 15.21 91.6
      vertex 69.4 15.21 90.4
      vertex 57.4 15.21 91.6
    endloop
  endfacet
  facet normal 0 1 0
    outer loop
      vertex 46.6 15.21 90.4
      vertex 57.4 15.21 91.6
      vertex 69.4 15.21 90.4
    endloop
  endfacet
  facet normal 0 1 0
    outer loop
      vertex 45.4 15.21 90.4
      vertex 57.4 15.21 91.6
      vertex 46.6 15.21 90.4
    endloop
  endfacet
  facet normal 0 1 0
    outer loop
      vertex 57.4 15.21 91.6
      vertex 45.4 15.21 90.4
      vertex 31.279 15.21 91.6
    endloop
  endfacet
  facet normal 0 1 0
    outer loop
      vertex 31.279 15.21 91.6
      vertex 45.4 15.21 90.4
      vertex 31.8904 15.21 90.4
    endloop
  endfacet
  facet normal 0 1 -0
    outer loop
      vertex -85.4 15.21 91.6
      vertex -86.6 15.21 103.4
      vertex -85.4 15.21 103.4
    endloop
  endfacet
  facet normal 0 1 0
    outer loop
      vertex -86.6 15.21 103.4
      vertex -85.4 15.21 91.6
      vertex -86.6 15.21 91.6
    endloop
  endfacet
  facet normal 0 1 -0
    outer loop
      vertex -61.4 15.21 91.6
      vertex -62.6 15.21 103.4
      vertex -61.4 15.21 103.4
    endloop
  endfacet
  facet normal 0 1 0
    outer loop
      vertex -62.6 15.21 103.4
      vertex -61.4 15.21 91.6
      vertex -62.6 15.21 91.6
    endloop
  endfacet
  facet normal 0 1 -0
    outer loop
      vertex -37.4 15.21 91.6
      vertex -38.6 15.21 103.4
      vertex -37.4 15.21 103.4
    endloop
  endfacet
  facet normal 0 1 0
    outer loop
      vertex -38.6 15.21 103.4
      vertex -37.4 15.21 91.6
      vertex -38.6 15.21 91.6
    endloop
  endfacet
  facet normal 0 1 -0
    outer loop
      vertex 58.6 15.21 91.6
      vertex 57.4 15.21 103.4
      vertex 58.6 15.21 103.4
    endloop
  endfacet
  facet normal 0 1 0
    outer loop
      vertex 57.4 15.21 103.4
      vertex 58.6 15.21 91.6
      vertex 57.4 15.21 91.6
    endloop
  endfacet
  facet normal 0 1 -0
    outer loop
      vertex 82.6 15.21 91.6
      vertex 81.4 15.21 103.4
      vertex 82.6 15.21 103.4
    endloop
  endfacet
  facet normal 0 1 0
    outer loop
      vertex 81.4 15.21 103.4
      vertex 82.6 15.21 91.6
      vertex 81.4 15.21 91.6
    endloop
  endfacet
  facet normal 0 1 -0
    outer loop
      vertex 106.6 15.21 91.6
      vertex 105.4 15.21 103.4
      vertex 106.6 15.21 103.4
    endloop
  endfacet
  facet normal 0 1 0
    outer loop
      vertex 105.4 15.21 103.4
      vertex 106.6 15.21 91.6
      vertex 105.4 15.21 91.6
    endloop
  endfacet
  facet normal 0 1 -0
    outer loop
      vertex -37.4 15.21 103.4
      vertex -49.4 15.21 104.6
      vertex -20.1345 15.21 104.6
    endloop
  endfacet
  facet normal 0 1 -0
    outer loop
      vertex -38.6 15.21 103.4
      vertex -49.4 15.21 104.6
      vertex -37.4 15.21 103.4
    endloop
  endfacet
  facet normal 0 1 0
    outer loop
      vertex -61.4 15.21 103.4
      vertex -50.6 15.21 104.6
      vertex -38.6 15.21 103.4
    endloop
  endfacet
  facet normal 0 1 0
    outer loop
      vertex -50.6 15.21 104.6
      vertex -61.4 15.21 103.4
      vertex -73.4 15.21 104.6
    endloop
  endfacet
  facet normal 0 1 0
    outer loop
      vertex -73.4 15.21 104.6
      vertex -62.6 15.21 103.4
      vertex -74.6 15.21 104.6
    endloop
  endfacet
  facet normal 0 1 0
    outer loop
      vertex -85.4 15.21 103.4
      vertex -74.6 15.21 104.6
      vertex -62.6 15.21 103.4
    endloop
  endfacet
  facet normal 0 1 0
    outer loop
      vertex -37.4 15.21 103.4
      vertex -20.1345 15.21 104.6
      vertex -20.5725 15.21 104.316
    endloop
  endfacet
  facet normal 0 1 0
    outer loop
      vertex -37.4 15.21 103.4
      vertex -20.5725 15.21 104.316
      vertex -21.7031 15.21 103.4
    endloop
  endfacet
  facet normal 0 1 0
    outer loop
      vertex -49.4 15.21 104.6
      vertex -38.6 15.21 103.4
      vertex -50.6 15.21 104.6
    endloop
  endfacet
  facet normal 0 1 -0
    outer loop
      vertex -62.6 15.21 103.4
      vertex -73.4 15.21 104.6
      vertex -61.4 15.21 103.4
    endloop
  endfacet
  facet normal 0 1 0
    outer loop
      vertex -74.6 15.21 104.6
      vertex -85.4 15.21 103.4
      vertex -97.4 15.21 104.6
    endloop
  endfacet
  facet normal 0 1 -0
    outer loop
      vertex -86.6 15.21 103.4
      vertex -97.4 15.21 104.6
      vertex -85.4 15.21 103.4
    endloop
  endfacet
  facet normal 0 1 0
    outer loop
      vertex -97.4 15.21 104.6
      vertex -86.6 15.21 103.4
      vertex -98.6 15.21 104.6
    endloop
  endfacet
  facet normal 0 1 0
    outer loop
      vertex -110 15.21 103.4
      vertex -98.6 15.21 104.6
      vertex -86.6 15.21 103.4
    endloop
  endfacet
  facet normal 0 1 0
    outer loop
      vertex -98.6 15.21 104.6
      vertex -110 15.21 103.4
      vertex -110 15.21 104.6
    endloop
  endfacet
  facet normal 0 1 -0
    outer loop
      vertex 105.4 15.21 103.4
      vertex 94.6 15.21 104.6
      vertex 110 15.21 104.6
    endloop
  endfacet
  facet normal 0 1 0
    outer loop
      vertex 94.6 15.21 104.6
      vertex 105.4 15.21 103.4
      vertex 93.4 15.21 104.6
    endloop
  endfacet
  facet normal 0 1 0
    outer loop
      vertex 93.4 15.21 104.6
      vertex 82.6 15.21 103.4
      vertex 70.6 15.21 104.6
    endloop
  endfacet
  facet normal 0 1 -0
    outer loop
      vertex 81.4 15.21 103.4
      vertex 70.6 15.21 104.6
      vertex 82.6 15.21 103.4
    endloop
  endfacet
  facet normal 0 1 0
    outer loop
      vertex 58.6 15.21 103.4
      vertex 69.4 15.21 104.6
      vertex 81.4 15.21 103.4
    endloop
  endfacet
  facet normal 0 1 0
    outer loop
      vertex 69.4 15.21 104.6
      vertex 58.6 15.21 103.4
      vertex 46.6 15.21 104.6
    endloop
  endfacet
  facet normal 0 1 0
    outer loop
      vertex 46.6 15.21 104.6
      vertex 57.4 15.21 103.4
      vertex 45.4 15.21 104.6
    endloop
  endfacet
  facet normal 0 1 0
    outer loop
      vertex 106.6 15.21 103.4
      vertex 110 15.21 104.6
      vertex 110 15.21 103.4
    endloop
  endfacet
  facet normal 0 1 0
    outer loop
      vertex 105.4 15.21 103.4
      vertex 110 15.21 104.6
      vertex 106.6 15.21 103.4
    endloop
  endfacet
  facet normal 0 1 0
    outer loop
      vertex 93.4 15.21 104.6
      vertex 105.4 15.21 103.4
      vertex 82.6 15.21 103.4
    endloop
  endfacet
  facet normal 0 1 0
    outer loop
      vertex 70.6 15.21 104.6
      vertex 81.4 15.21 103.4
      vertex 69.4 15.21 104.6
    endloop
  endfacet
  facet normal 0 1 -0
    outer loop
      vertex 57.4 15.21 103.4
      vertex 46.6 15.21 104.6
      vertex 58.6 15.21 103.4
    endloop
  endfacet
  facet normal 0 1 0
    outer loop
      vertex 21.7031 15.21 103.4
      vertex 45.4 15.21 104.6
      vertex 57.4 15.21 103.4
    endloop
  endfacet
  facet normal 0 1 0
    outer loop
      vertex 45.4 15.21 104.6
      vertex 20.5725 15.21 104.316
      vertex 20.1345 15.21 104.6
    endloop
  endfacet
  facet normal 0 1 0
    outer loop
      vertex 45.4 15.21 104.6
      vertex 21.7031 15.21 103.4
      vertex 20.5725 15.21 104.316
    endloop
  endfacet
  facet normal 0 1 -0
    outer loop
      vertex -97.4 15.21 104.6
      vertex -98.6 15.21 116.4
      vertex -97.4 15.21 116.4
    endloop
  endfacet
  facet normal 0 1 0
    outer loop
      vertex -98.6 15.21 116.4
      vertex -97.4 15.21 104.6
      vertex -98.6 15.21 104.6
    endloop
  endfacet
  facet normal 0 1 -0
    outer loop
      vertex -73.4 15.21 104.6
      vertex -74.6 15.21 116.4
      vertex -73.4 15.21 116.4
    endloop
  endfacet
  facet normal 0 1 0
    outer loop
      vertex -74.6 15.21 116.4
      vertex -73.4 15.21 104.6
      vertex -74.6 15.21 104.6
    endloop
  endfacet
  facet normal 0 1 -0
    outer loop
      vertex -49.4 15.21 104.6
      vertex -50.6 15.21 116.4
      vertex -49.4 15.21 116.4
    endloop
  endfacet
  facet normal 0 1 0
    outer loop
      vertex -50.6 15.21 116.4
      vertex -49.4 15.21 104.6
      vertex -50.6 15.21 104.6
    endloop
  endfacet
  facet normal 0 1 -0
    outer loop
      vertex 46.6 15.21 104.6
      vertex 45.4 15.21 116.4
      vertex 46.6 15.21 116.4
    endloop
  endfacet
  facet normal 0 1 0
    outer loop
      vertex 45.4 15.21 116.4
      vertex 46.6 15.21 104.6
      vertex 45.4 15.21 104.6
    endloop
  endfacet
  facet normal 0 1 -0
    outer loop
      vertex 70.6 15.21 104.6
      vertex 69.4 15.21 116.4
      vertex 70.6 15.21 116.4
    endloop
  endfacet
  facet normal 0 1 0
    outer loop
      vertex 69.4 15.21 116.4
      vertex 70.6 15.21 104.6
      vertex 69.4 15.21 104.6
    endloop
  endfacet
  facet normal 0 1 -0
    outer loop
      vertex 94.6 15.21 104.6
      vertex 93.4 15.21 116.4
      vertex 94.6 15.21 116.4
    endloop
  endfacet
  facet normal 0 1 0
    outer loop
      vertex 93.4 15.21 116.4
      vertex 94.6 15.21 104.6
      vertex 93.4 15.21 104.6
    endloop
  endfacet
  facet normal 0 1 0
    outer loop
      vertex 94.6 15.21 116.4
      vertex 110 15.21 117.6
      vertex 110 15.21 116.4
    endloop
  endfacet
  facet normal 0 1 0
    outer loop
      vertex 93.4 15.21 116.4
      vertex 110 15.21 117.6
      vertex 94.6 15.21 116.4
    endloop
  endfacet
  facet normal 0 1 0
    outer loop
      vertex 70.6 15.21 116.4
      vertex 110 15.21 117.6
      vertex 93.4 15.21 116.4
    endloop
  endfacet
  facet normal 0 1 0
    outer loop
      vertex 69.4 15.21 116.4
      vertex 110 15.21 117.6
      vertex 70.6 15.21 116.4
    endloop
  endfacet
  facet normal 0 1 0
    outer loop
      vertex 46.6 15.21 116.4
      vertex 110 15.21 117.6
      vertex 69.4 15.21 116.4
    endloop
  endfacet
  facet normal 0 1 0
    outer loop
      vertex 45.4 15.21 116.4
      vertex 110 15.21 117.6
      vertex 46.6 15.21 116.4
    endloop
  endfacet
  facet normal 0 1 0
    outer loop
      vertex 110 15.21 117.6
      vertex 45.4 15.21 116.4
      vertex -110 15.21 117.6
    endloop
  endfacet
  facet normal 0 1 -0
    outer loop
      vertex -49.4 15.21 116.4
      vertex -110 15.21 117.6
      vertex 45.4 15.21 116.4
    endloop
  endfacet
  facet normal 0 1 -0
    outer loop
      vertex -50.6 15.21 116.4
      vertex -110 15.21 117.6
      vertex -49.4 15.21 116.4
    endloop
  endfacet
  facet normal 0 1 -0
    outer loop
      vertex -73.4 15.21 116.4
      vertex -110 15.21 117.6
      vertex -50.6 15.21 116.4
    endloop
  endfacet
  facet normal 0 1 -0
    outer loop
      vertex -74.6 15.21 116.4
      vertex -110 15.21 117.6
      vertex -73.4 15.21 116.4
    endloop
  endfacet
  facet normal 0 1 -0
    outer loop
      vertex -97.4 15.21 116.4
      vertex -110 15.21 117.6
      vertex -74.6 15.21 116.4
    endloop
  endfacet
  facet normal 0 1 -0
    outer loop
      vertex -98.6 15.21 116.4
      vertex -110 15.21 117.6
      vertex -97.4 15.21 116.4
    endloop
  endfacet
  facet normal 0 1 0
    outer loop
      vertex -110 15.21 117.6
      vertex -98.6 15.21 116.4
      vertex -110 15.21 116.4
    endloop
  endfacet
  facet normal 0 0 -1
    outer loop
      vertex 94.6 -16 26.6
      vertex 110 -15.21 26.6
      vertex 110 -16 26.6
    endloop
  endfacet
  facet normal -0 0 -1
    outer loop
      vertex 110 -15.21 26.6
      vertex 94.6 -16 26.6
      vertex 94.6 -15.21 26.6
    endloop
  endfacet
  facet normal 0 0 -1
    outer loop
      vertex -110 -16 26.6
      vertex -98.6 -15.21 26.6
      vertex -98.6 -16 26.6
    endloop
  endfacet
  facet normal -0 0 -1
    outer loop
      vertex -98.6 -15.21 26.6
      vertex -110 -16 26.6
      vertex -110 -15.21 26.6
    endloop
  endfacet
  facet normal 0 0 -1
    outer loop
      vertex -97.4 -16 26.6
      vertex -74.6 -15.21 26.6
      vertex -74.6 -16 26.6
    endloop
  endfacet
  facet normal -0 0 -1
    outer loop
      vertex -74.6 -15.21 26.6
      vertex -97.4 -16 26.6
      vertex -97.4 -15.21 26.6
    endloop
  endfacet
  facet normal 0 0 -1
    outer loop
      vertex -73.4 -16 26.6
      vertex -50.6 -15.21 26.6
      vertex -50.6 -16 26.6
    endloop
  endfacet
  facet normal -0 0 -1
    outer loop
      vertex -50.6 -15.21 26.6
      vertex -73.4 -16 26.6
      vertex -73.4 -15.21 26.6
    endloop
  endfacet
  facet normal 0 0 -1
    outer loop
      vertex -49.4 -16 26.6
      vertex -46 -15.21 26.6
      vertex -46 -16 26.6
    endloop
  endfacet
  facet normal -0 0 -1
    outer loop
      vertex -46 -15.21 26.6
      vertex -49.4 -16 26.6
      vertex -49.4 -15.21 26.6
    endloop
  endfacet
  facet normal 0 0 -1
    outer loop
      vertex 46.6 -16 26.6
      vertex 69.4 -15.21 26.6
      vertex 69.4 -16 26.6
    endloop
  endfacet
  facet normal -0 0 -1
    outer loop
      vertex 69.4 -15.21 26.6
      vertex 46.6 -16 26.6
      vertex 46.6 -15.21 26.6
    endloop
  endfacet
  facet normal 0 0 -1
    outer loop
      vertex 70.6 -16 26.6
      vertex 93.4 -15.21 26.6
      vertex 93.4 -16 26.6
    endloop
  endfacet
  facet normal -0 0 -1
    outer loop
      vertex 93.4 -15.21 26.6
      vertex 70.6 -16 26.6
      vertex 70.6 -15.21 26.6
    endloop
  endfacet
  facet normal 0 0 -1
    outer loop
      vertex -40 -16 26.6
      vertex -35 -15.21 26.6
      vertex -35 -16 26.6
    endloop
  endfacet
  facet normal -0 0 -1
    outer loop
      vertex -35 -15.21 26.6
      vertex -40 -16 26.6
      vertex -40 -15.21 26.6
    endloop
  endfacet
  facet normal 0 0 -1
    outer loop
      vertex 35 -16 26.6
      vertex 40 -15.21 26.6
      vertex 40 -16 26.6
    endloop
  endfacet
  facet normal -0 0 -1
    outer loop
      vertex 40 -15.21 26.6
      vertex 35 -16 26.6
      vertex 35 -15.21 26.6
    endloop
  endfacet
  facet normal -0 0 1
    outer loop
      vertex 106.6 -15.21 25.4
      vertex 110 -16 25.4
      vertex 110 -15.21 25.4
    endloop
  endfacet
  facet normal 0 0 1
    outer loop
      vertex 110 -16 25.4
      vertex 106.6 -15.21 25.4
      vertex 106.6 -16 25.4
    endloop
  endfacet
  facet normal -0 0 1
    outer loop
      vertex -110 -15.21 25.4
      vertex -86.6 -16 25.4
      vertex -86.6 -15.21 25.4
    endloop
  endfacet
  facet normal 0 0 1
    outer loop
      vertex -86.6 -16 25.4
      vertex -110 -15.21 25.4
      vertex -110 -16 25.4
    endloop
  endfacet
  facet normal -0 0 1
    outer loop
      vertex -85.4 -15.21 25.4
      vertex -62.6 -16 25.4
      vertex -62.6 -15.21 25.4
    endloop
  endfacet
  facet normal 0 0 1
    outer loop
      vertex -62.6 -16 25.4
      vertex -85.4 -15.21 25.4
      vertex -85.4 -16 25.4
    endloop
  endfacet
  facet normal -0 0 1
    outer loop
      vertex -61.4 -15.21 25.4
      vertex -46 -16 25.4
      vertex -46 -15.21 25.4
    endloop
  endfacet
  facet normal 0 0 1
    outer loop
      vertex -46 -16 25.4
      vertex -61.4 -15.21 25.4
      vertex -61.4 -16 25.4
    endloop
  endfacet
  facet normal -0 0 1
    outer loop
      vertex -40 -15.21 25.4
      vertex -38.6 -16 25.4
      vertex -38.6 -15.21 25.4
    endloop
  endfacet
  facet normal 0 0 1
    outer loop
      vertex -38.6 -16 25.4
      vertex -40 -15.21 25.4
      vertex -40 -16 25.4
    endloop
  endfacet
  facet normal -0 0 1
    outer loop
      vertex -37.4 -15.21 25.4
      vertex -35 -16 25.4
      vertex -35 -15.21 25.4
    endloop
  endfacet
  facet normal 0 0 1
    outer loop
      vertex -35 -16 25.4
      vertex -37.4 -15.21 25.4
      vertex -37.4 -16 25.4
    endloop
  endfacet
  facet normal -0 0 1
    outer loop
      vertex 46 -15.21 25.4
      vertex 57.4 -16 25.4
      vertex 57.4 -15.21 25.4
    endloop
  endfacet
  facet normal 0 0 1
    outer loop
      vertex 57.4 -16 25.4
      vertex 46 -15.21 25.4
      vertex 46 -16 25.4
    endloop
  endfacet
  facet normal -0 0 1
    outer loop
      vertex 58.6 -15.21 25.4
      vertex 81.4 -16 25.4
      vertex 81.4 -15.21 25.4
    endloop
  endfacet
  facet normal 0 0 1
    outer loop
      vertex 81.4 -16 25.4
      vertex 58.6 -15.21 25.4
      vertex 58.6 -16 25.4
    endloop
  endfacet
  facet normal -0 0 1
    outer loop
      vertex 82.6 -15.21 25.4
      vertex 105.4 -16 25.4
      vertex 105.4 -15.21 25.4
    endloop
  endfacet
  facet normal 0 0 1
    outer loop
      vertex 105.4 -16 25.4
      vertex 82.6 -15.21 25.4
      vertex 82.6 -16 25.4
    endloop
  endfacet
  facet normal -0 0 1
    outer loop
      vertex 35 -15.21 25.4
      vertex 40 -16 25.4
      vertex 40 -15.21 25.4
    endloop
  endfacet
  facet normal 0 0 1
    outer loop
      vertex 40 -16 25.4
      vertex 35 -15.21 25.4
      vertex 35 -16 25.4
    endloop
  endfacet
  facet normal 0 0 -1
    outer loop
      vertex 94.6 15.21 26.6
      vertex 110 16 26.6
      vertex 110 15.21 26.6
    endloop
  endfacet
  facet normal -0 0 -1
    outer loop
      vertex 110 16 26.6
      vertex 94.6 15.21 26.6
      vertex 94.6 16 26.6
    endloop
  endfacet
  facet normal 0 0 -1
    outer loop
      vertex -110 15.21 26.6
      vertex -98.6 16 26.6
      vertex -98.6 15.21 26.6
    endloop
  endfacet
  facet normal -0 0 -1
    outer loop
      vertex -98.6 16 26.6
      vertex -110 15.21 26.6
      vertex -110 16 26.6
    endloop
  endfacet
  facet normal 0 0 -1
    outer loop
      vertex -97.4 15.21 26.6
      vertex -74.6 16 26.6
      vertex -74.6 15.21 26.6
    endloop
  endfacet
  facet normal -0 0 -1
    outer loop
      vertex -74.6 16 26.6
      vertex -97.4 15.21 26.6
      vertex -97.4 16 26.6
    endloop
  endfacet
  facet normal 0 0 -1
    outer loop
      vertex -73.4 15.21 26.6
      vertex -50.6 16 26.6
      vertex -50.6 15.21 26.6
    endloop
  endfacet
  facet normal -0 0 -1
    outer loop
      vertex -50.6 16 26.6
      vertex -73.4 15.21 26.6
      vertex -73.4 16 26.6
    endloop
  endfacet
  facet normal 0 0 -1
    outer loop
      vertex -49.4 15.21 26.6
      vertex -35 16 26.6
      vertex -35 15.21 26.6
    endloop
  endfacet
  facet normal -0 0 -1
    outer loop
      vertex -35 16 26.6
      vertex -49.4 15.21 26.6
      vertex -49.4 16 26.6
    endloop
  endfacet
  facet normal 0 0 -1
    outer loop
      vertex 35 15.21 26.6
      vertex 45.4 16 26.6
      vertex 45.4 15.21 26.6
    endloop
  endfacet
  facet normal -0 0 -1
    outer loop
      vertex 45.4 16 26.6
      vertex 35 15.21 26.6
      vertex 35 16 26.6
    endloop
  endfacet
  facet normal 0 0 -1
    outer loop
      vertex 46.6 15.21 26.6
      vertex 69.4 16 26.6
      vertex 69.4 15.21 26.6
    endloop
  endfacet
  facet normal -0 0 -1
    outer loop
      vertex 69.4 16 26.6
      vertex 46.6 15.21 26.6
      vertex 46.6 16 26.6
    endloop
  endfacet
  facet normal 0 0 -1
    outer loop
      vertex 70.6 15.21 26.6
      vertex 93.4 16 26.6
      vertex 93.4 15.21 26.6
    endloop
  endfacet
  facet normal -0 0 -1
    outer loop
      vertex 93.4 16 26.6
      vertex 70.6 15.21 26.6
      vertex 70.6 16 26.6
    endloop
  endfacet
  facet normal -0 0 1
    outer loop
      vertex -110 16 25.4
      vertex -86.6 15.21 25.4
      vertex -86.6 16 25.4
    endloop
  endfacet
  facet normal 0 0 1
    outer loop
      vertex -86.6 15.21 25.4
      vertex -110 16 25.4
      vertex -110 15.21 25.4
    endloop
  endfacet
  facet normal -0 0 1
    outer loop
      vertex 106.6 16 25.4
      vertex 110 15.21 25.4
      vertex 110 16 25.4
    endloop
  endfacet
  facet normal 0 0 1
    outer loop
      vertex 110 15.21 25.4
      vertex 106.6 16 25.4
      vertex 106.6 15.21 25.4
    endloop
  endfacet
  facet normal -0 0 1
    outer loop
      vertex -85.4 16 25.4
      vertex -62.6 15.21 25.4
      vertex -62.6 16 25.4
    endloop
  endfacet
  facet normal 0 0 1
    outer loop
      vertex -62.6 15.21 25.4
      vertex -85.4 16 25.4
      vertex -85.4 15.21 25.4
    endloop
  endfacet
  facet normal -0 0 1
    outer loop
      vertex -61.4 16 25.4
      vertex -38.6 15.21 25.4
      vertex -38.6 16 25.4
    endloop
  endfacet
  facet normal 0 0 1
    outer loop
      vertex -38.6 15.21 25.4
      vertex -61.4 16 25.4
      vertex -61.4 15.21 25.4
    endloop
  endfacet
  facet normal -0 0 1
    outer loop
      vertex -37.4 16 25.4
      vertex -35 15.21 25.4
      vertex -35 16 25.4
    endloop
  endfacet
  facet normal 0 0 1
    outer loop
      vertex -35 15.21 25.4
      vertex -37.4 16 25.4
      vertex -37.4 15.21 25.4
    endloop
  endfacet
  facet normal -0 0 1
    outer loop
      vertex 35 16 25.4
      vertex 57.4 15.21 25.4
      vertex 57.4 16 25.4
    endloop
  endfacet
  facet normal 0 0 1
    outer loop
      vertex 57.4 15.21 25.4
      vertex 35 16 25.4
      vertex 35 15.21 25.4
    endloop
  endfacet
  facet normal -0 0 1
    outer loop
      vertex 58.6 16 25.4
      vertex 81.4 15.21 25.4
      vertex 81.4 16 25.4
    endloop
  endfacet
  facet normal 0 0 1
    outer loop
      vertex 81.4 15.21 25.4
      vertex 58.6 16 25.4
      vertex 58.6 15.21 25.4
    endloop
  endfacet
  facet normal -0 0 1
    outer loop
      vertex 82.6 16 25.4
      vertex 105.4 15.21 25.4
      vertex 105.4 16 25.4
    endloop
  endfacet
  facet normal 0 0 1
    outer loop
      vertex 105.4 15.21 25.4
      vertex 82.6 16 25.4
      vertex 82.6 15.21 25.4
    endloop
  endfacet
  facet normal 0 0 -1
    outer loop
      vertex 106.6 -16 39.6
      vertex 110 -15.21 39.6
      vertex 110 -16 39.6
    endloop
  endfacet
  facet normal -0 0 -1
    outer loop
      vertex 110 -15.21 39.6
      vertex 106.6 -16 39.6
      vertex 106.6 -15.21 39.6
    endloop
  endfacet
  facet normal 0 0 -1
    outer loop
      vertex -110 -16 39.6
      vertex -86.6 -15.21 39.6
      vertex -86.6 -16 39.6
    endloop
  endfacet
  facet normal -0 0 -1
    outer loop
      vertex -86.6 -15.21 39.6
      vertex -110 -16 39.6
      vertex -110 -15.21 39.6
    endloop
  endfacet
  facet normal 0 0 -1
    outer loop
      vertex -85.4 -16 39.6
      vertex -62.6 -15.21 39.6
      vertex -62.6 -16 39.6
    endloop
  endfacet
  facet normal -0 0 -1
    outer loop
      vertex -62.6 -15.21 39.6
      vertex -85.4 -16 39.6
      vertex -85.4 -15.21 39.6
    endloop
  endfacet
  facet normal 0 0 -1
    outer loop
      vertex -61.4 -16 39.6
      vertex -46 -15.21 39.6
      vertex -46 -16 39.6
    endloop
  endfacet
  facet normal -0 0 -1
    outer loop
      vertex -46 -15.21 39.6
      vertex -61.4 -16 39.6
      vertex -61.4 -15.21 39.6
    endloop
  endfacet
  facet normal 0 0 -1
    outer loop
      vertex -40 -16 39.6
      vertex -38.6 -15.21 39.6
      vertex -38.6 -16 39.6
    endloop
  endfacet
  facet normal -0 0 -1
    outer loop
      vertex -38.6 -15.21 39.6
      vertex -40 -16 39.6
      vertex -40 -15.21 39.6
    endloop
  endfacet
  facet normal 0 0 -1
    outer loop
      vertex -37.4 -16 39.6
      vertex -35 -15.21 39.6
      vertex -35 -16 39.6
    endloop
  endfacet
  facet normal -0 0 -1
    outer loop
      vertex -35 -15.21 39.6
      vertex -37.4 -16 39.6
      vertex -37.4 -15.21 39.6
    endloop
  endfacet
  facet normal 0 0 -1
    outer loop
      vertex 46 -16 39.6
      vertex 57.4 -15.21 39.6
      vertex 57.4 -16 39.6
    endloop
  endfacet
  facet normal -0 0 -1
    outer loop
      vertex 57.4 -15.21 39.6
      vertex 46 -16 39.6
      vertex 46 -15.21 39.6
    endloop
  endfacet
  facet normal 0 0 -1
    outer loop
      vertex 58.6 -16 39.6
      vertex 81.4 -15.21 39.6
      vertex 81.4 -16 39.6
    endloop
  endfacet
  facet normal -0 0 -1
    outer loop
      vertex 81.4 -15.21 39.6
      vertex 58.6 -16 39.6
      vertex 58.6 -15.21 39.6
    endloop
  endfacet
  facet normal 0 0 -1
    outer loop
      vertex 82.6 -16 39.6
      vertex 105.4 -15.21 39.6
      vertex 105.4 -16 39.6
    endloop
  endfacet
  facet normal -0 0 -1
    outer loop
      vertex 105.4 -15.21 39.6
      vertex 82.6 -16 39.6
      vertex 82.6 -15.21 39.6
    endloop
  endfacet
  facet normal 0 0 -1
    outer loop
      vertex 35 -16 39.6
      vertex 40 -15.21 39.6
      vertex 40 -16 39.6
    endloop
  endfacet
  facet normal -0 0 -1
    outer loop
      vertex 40 -15.21 39.6
      vertex 35 -16 39.6
      vertex 35 -15.21 39.6
    endloop
  endfacet
  facet normal -0 0 1
    outer loop
      vertex 94.6 -15.21 38.4
      vertex 110 -16 38.4
      vertex 110 -15.21 38.4
    endloop
  endfacet
  facet normal 0 0 1
    outer loop
      vertex 110 -16 38.4
      vertex 94.6 -15.21 38.4
      vertex 94.6 -16 38.4
    endloop
  endfacet
  facet normal -0 0 1
    outer loop
      vertex -110 -15.21 38.4
      vertex -98.6 -16 38.4
      vertex -98.6 -15.21 38.4
    endloop
  endfacet
  facet normal 0 0 1
    outer loop
      vertex -98.6 -16 38.4
      vertex -110 -15.21 38.4
      vertex -110 -16 38.4
    endloop
  endfacet
  facet normal -0 0 1
    outer loop
      vertex -97.4 -15.21 38.4
      vertex -74.6 -16 38.4
      vertex -74.6 -15.21 38.4
    endloop
  endfacet
  facet normal 0 0 1
    outer loop
      vertex -74.6 -16 38.4
      vertex -97.4 -15.21 38.4
      vertex -97.4 -16 38.4
    endloop
  endfacet
  facet normal -0 0 1
    outer loop
      vertex -73.4 -15.21 38.4
      vertex -50.6 -16 38.4
      vertex -50.6 -15.21 38.4
    endloop
  endfacet
  facet normal 0 0 1
    outer loop
      vertex -50.6 -16 38.4
      vertex -73.4 -15.21 38.4
      vertex -73.4 -16 38.4
    endloop
  endfacet
  facet normal -0 0 1
    outer loop
      vertex -49.4 -15.21 38.4
      vertex -46 -16 38.4
      vertex -46 -15.21 38.4
    endloop
  endfacet
  facet normal 0 0 1
    outer loop
      vertex -46 -16 38.4
      vertex -49.4 -15.21 38.4
      vertex -49.4 -16 38.4
    endloop
  endfacet
  facet normal -0 0 1
    outer loop
      vertex 46.6 -15.21 38.4
      vertex 69.4 -16 38.4
      vertex 69.4 -15.21 38.4
    endloop
  endfacet
  facet normal 0 0 1
    outer loop
      vertex 69.4 -16 38.4
      vertex 46.6 -15.21 38.4
      vertex 46.6 -16 38.4
    endloop
  endfacet
  facet normal -0 0 1
    outer loop
      vertex 70.6 -15.21 38.4
      vertex 93.4 -16 38.4
      vertex 93.4 -15.21 38.4
    endloop
  endfacet
  facet normal 0 0 1
    outer loop
      vertex 93.4 -16 38.4
      vertex 70.6 -15.21 38.4
      vertex 70.6 -16 38.4
    endloop
  endfacet
  facet normal -0 0 1
    outer loop
      vertex -40 -15.21 38.4
      vertex -35 -16 38.4
      vertex -35 -15.21 38.4
    endloop
  endfacet
  facet normal 0 0 1
    outer loop
      vertex -35 -16 38.4
      vertex -40 -15.21 38.4
      vertex -40 -16 38.4
    endloop
  endfacet
  facet normal -0 0 1
    outer loop
      vertex 35 -15.21 38.4
      vertex 40 -16 38.4
      vertex 40 -15.21 38.4
    endloop
  endfacet
  facet normal 0 0 1
    outer loop
      vertex 40 -16 38.4
      vertex 35 -15.21 38.4
      vertex 35 -16 38.4
    endloop
  endfacet
  facet normal 0 0 -1
    outer loop
      vertex 106.6 15.21 39.6
      vertex 110 16 39.6
      vertex 110 15.21 39.6
    endloop
  endfacet
  facet normal -0 0 -1
    outer loop
      vertex 110 16 39.6
      vertex 106.6 15.21 39.6
      vertex 106.6 16 39.6
    endloop
  endfacet
  facet normal 0 0 -1
    outer loop
      vertex -110 15.21 39.6
      vertex -86.6 16 39.6
      vertex -86.6 15.21 39.6
    endloop
  endfacet
  facet normal -0 0 -1
    outer loop
      vertex -86.6 16 39.6
      vertex -110 15.21 39.6
      vertex -110 16 39.6
    endloop
  endfacet
  facet normal 0 0 -1
    outer loop
      vertex -85.4 15.21 39.6
      vertex -62.6 16 39.6
      vertex -62.6 15.21 39.6
    endloop
  endfacet
  facet normal -0 0 -1
    outer loop
      vertex -62.6 16 39.6
      vertex -85.4 15.21 39.6
      vertex -85.4 16 39.6
    endloop
  endfacet
  facet normal 0 0 -1
    outer loop
      vertex -61.4 15.21 39.6
      vertex -38.6 16 39.6
      vertex -38.6 15.21 39.6
    endloop
  endfacet
  facet normal -0 0 -1
    outer loop
      vertex -38.6 16 39.6
      vertex -61.4 15.21 39.6
      vertex -61.4 16 39.6
    endloop
  endfacet
  facet normal 0 0 -1
    outer loop
      vertex -37.4 15.21 39.6
      vertex -35 16 39.6
      vertex -35 15.21 39.6
    endloop
  endfacet
  facet normal -0 0 -1
    outer loop
      vertex -35 16 39.6
      vertex -37.4 15.21 39.6
      vertex -37.4 16 39.6
    endloop
  endfacet
  facet normal 0 0 -1
    outer loop
      vertex 35 15.21 39.6
      vertex 57.4 16 39.6
      vertex 57.4 15.21 39.6
    endloop
  endfacet
  facet normal -0 0 -1
    outer loop
      vertex 57.4 16 39.6
      vertex 35 15.21 39.6
      vertex 35 16 39.6
    endloop
  endfacet
  facet normal 0 0 -1
    outer loop
      vertex 58.6 15.21 39.6
      vertex 81.4 16 39.6
      vertex 81.4 15.21 39.6
    endloop
  endfacet
  facet normal -0 0 -1
    outer loop
      vertex 81.4 16 39.6
      vertex 58.6 15.21 39.6
      vertex 58.6 16 39.6
    endloop
  endfacet
  facet normal 0 0 -1
    outer loop
      vertex 82.6 15.21 39.6
      vertex 105.4 16 39.6
      vertex 105.4 15.21 39.6
    endloop
  endfacet
  facet normal -0 0 -1
    outer loop
      vertex 105.4 16 39.6
      vertex 82.6 15.21 39.6
      vertex 82.6 16 39.6
    endloop
  endfacet
  facet normal -0 0 1
    outer loop
      vertex -110 16 38.4
      vertex -98.6 15.21 38.4
      vertex -98.6 16 38.4
    endloop
  endfacet
  facet normal 0 0 1
    outer loop
      vertex -98.6 15.21 38.4
      vertex -110 16 38.4
      vertex -110 15.21 38.4
    endloop
  endfacet
  facet normal -0 0 1
    outer loop
      vertex 94.6 16 38.4
      vertex 110 15.21 38.4
      vertex 110 16 38.4
    endloop
  endfacet
  facet normal 0 0 1
    outer loop
      vertex 110 15.21 38.4
      vertex 94.6 16 38.4
      vertex 94.6 15.21 38.4
    endloop
  endfacet
  facet normal -0 0 1
    outer loop
      vertex -97.4 16 38.4
      vertex -74.6 15.21 38.4
      vertex -74.6 16 38.4
    endloop
  endfacet
  facet normal 0 0 1
    outer loop
      vertex -74.6 15.21 38.4
      vertex -97.4 16 38.4
      vertex -97.4 15.21 38.4
    endloop
  endfacet
  facet normal -0 0 1
    outer loop
      vertex -73.4 16 38.4
      vertex -50.6 15.21 38.4
      vertex -50.6 16 38.4
    endloop
  endfacet
  facet normal 0 0 1
    outer loop
      vertex -50.6 15.21 38.4
      vertex -73.4 16 38.4
      vertex -73.4 15.21 38.4
    endloop
  endfacet
  facet normal -0 0 1
    outer loop
      vertex -49.4 16 38.4
      vertex -35 15.21 38.4
      vertex -35 16 38.4
    endloop
  endfacet
  facet normal 0 0 1
    outer loop
      vertex -35 15.21 38.4
      vertex -49.4 16 38.4
      vertex -49.4 15.21 38.4
    endloop
  endfacet
  facet normal -0 0 1
    outer loop
      vertex 35 16 38.4
      vertex 45.4 15.21 38.4
      vertex 45.4 16 38.4
    endloop
  endfacet
  facet normal 0 0 1
    outer loop
      vertex 45.4 15.21 38.4
      vertex 35 16 38.4
      vertex 35 15.21 38.4
    endloop
  endfacet
  facet normal -0 0 1
    outer loop
      vertex 46.6 16 38.4
      vertex 69.4 15.21 38.4
      vertex 69.4 16 38.4
    endloop
  endfacet
  facet normal 0 0 1
    outer loop
      vertex 69.4 15.21 38.4
      vertex 46.6 16 38.4
      vertex 46.6 15.21 38.4
    endloop
  endfacet
  facet normal -0 0 1
    outer loop
      vertex 70.6 16 38.4
      vertex 93.4 15.21 38.4
      vertex 93.4 16 38.4
    endloop
  endfacet
  facet normal 0 0 1
    outer loop
      vertex 93.4 15.21 38.4
      vertex 70.6 16 38.4
      vertex 70.6 15.21 38.4
    endloop
  endfacet
  facet normal 0 0 -1
    outer loop
      vertex 94.6 -16 52.6
      vertex 110 -15.21 52.6
      vertex 110 -16 52.6
    endloop
  endfacet
  facet normal -0 0 -1
    outer loop
      vertex 110 -15.21 52.6
      vertex 94.6 -16 52.6
      vertex 94.6 -15.21 52.6
    endloop
  endfacet
  facet normal 0 0 -1
    outer loop
      vertex -110 -16 52.6
      vertex -98.6 -15.21 52.6
      vertex -98.6 -16 52.6
    endloop
  endfacet
  facet normal -0 0 -1
    outer loop
      vertex -98.6 -15.21 52.6
      vertex -110 -16 52.6
      vertex -110 -15.21 52.6
    endloop
  endfacet
  facet normal 0 0 -1
    outer loop
      vertex -97.4 -16 52.6
      vertex -74.6 -15.21 52.6
      vertex -74.6 -16 52.6
    endloop
  endfacet
  facet normal -0 0 -1
    outer loop
      vertex -74.6 -15.21 52.6
      vertex -97.4 -16 52.6
      vertex -97.4 -15.21 52.6
    endloop
  endfacet
  facet normal 0 0 -1
    outer loop
      vertex -73.4 -16 52.6
      vertex -50.6 -15.21 52.6
      vertex -50.6 -16 52.6
    endloop
  endfacet
  facet normal -0 0 -1
    outer loop
      vertex -50.6 -15.21 52.6
      vertex -73.4 -16 52.6
      vertex -73.4 -15.21 52.6
    endloop
  endfacet
  facet normal 0 0 -1
    outer loop
      vertex -49.4 -16 52.6
      vertex -46 -15.21 52.6
      vertex -46 -16 52.6
    endloop
  endfacet
  facet normal -0 0 -1
    outer loop
      vertex -46 -15.21 52.6
      vertex -49.4 -16 52.6
      vertex -49.4 -15.21 52.6
    endloop
  endfacet
  facet normal 0 0 -1
    outer loop
      vertex 46.6 -16 52.6
      vertex 69.4 -15.21 52.6
      vertex 69.4 -16 52.6
    endloop
  endfacet
  facet normal -0 0 -1
    outer loop
      vertex 69.4 -15.21 52.6
      vertex 46.6 -16 52.6
      vertex 46.6 -15.21 52.6
    endloop
  endfacet
  facet normal 0 0 -1
    outer loop
      vertex 70.6 -16 52.6
      vertex 93.4 -15.21 52.6
      vertex 93.4 -16 52.6
    endloop
  endfacet
  facet normal -0 0 -1
    outer loop
      vertex 93.4 -15.21 52.6
      vertex 70.6 -16 52.6
      vertex 70.6 -15.21 52.6
    endloop
  endfacet
  facet normal 0 0 -1
    outer loop
      vertex -40 -16 52.6
      vertex -35 -15.21 52.6
      vertex -35 -16 52.6
    endloop
  endfacet
  facet normal -0 0 -1
    outer loop
      vertex -35 -15.21 52.6
      vertex -40 -16 52.6
      vertex -40 -15.21 52.6
    endloop
  endfacet
  facet normal 0 0 -1
    outer loop
      vertex 35 -16 52.6
      vertex 40 -15.21 52.6
      vertex 40 -16 52.6
    endloop
  endfacet
  facet normal -0 0 -1
    outer loop
      vertex 40 -15.21 52.6
      vertex 35 -16 52.6
      vertex 35 -15.21 52.6
    endloop
  endfacet
  facet normal -0 0 1
    outer loop
      vertex 106.6 -15.21 51.4
      vertex 110 -16 51.4
      vertex 110 -15.21 51.4
    endloop
  endfacet
  facet normal 0 0 1
    outer loop
      vertex 110 -16 51.4
      vertex 106.6 -15.21 51.4
      vertex 106.6 -16 51.4
    endloop
  endfacet
  facet normal -0 0 1
    outer loop
      vertex -110 -15.21 51.4
      vertex -86.6 -16 51.4
      vertex -86.6 -15.21 51.4
    endloop
  endfacet
  facet normal 0 0 1
    outer loop
      vertex -86.6 -16 51.4
      vertex -110 -15.21 51.4
      vertex -110 -16 51.4
    endloop
  endfacet
  facet normal -0 0 1
    outer loop
      vertex -85.4 -15.21 51.4
      vertex -62.6 -16 51.4
      vertex -62.6 -15.21 51.4
    endloop
  endfacet
  facet normal 0 0 1
    outer loop
      vertex -62.6 -16 51.4
      vertex -85.4 -15.21 51.4
      vertex -85.4 -16 51.4
    endloop
  endfacet
  facet normal -0 0 1
    outer loop
      vertex -61.4 -15.21 51.4
      vertex -46 -16 51.4
      vertex -46 -15.21 51.4
    endloop
  endfacet
  facet normal 0 0 1
    outer loop
      vertex -46 -16 51.4
      vertex -61.4 -15.21 51.4
      vertex -61.4 -16 51.4
    endloop
  endfacet
  facet normal -0 0 1
    outer loop
      vertex -40 -15.21 51.4
      vertex -38.6 -16 51.4
      vertex -38.6 -15.21 51.4
    endloop
  endfacet
  facet normal 0 0 1
    outer loop
      vertex -38.6 -16 51.4
      vertex -40 -15.21 51.4
      vertex -40 -16 51.4
    endloop
  endfacet
  facet normal -0 0 1
    outer loop
      vertex -37.4 -15.21 51.4
      vertex -35 -16 51.4
      vertex -35 -15.21 51.4
    endloop
  endfacet
  facet normal 0 0 1
    outer loop
      vertex -35 -16 51.4
      vertex -37.4 -15.21 51.4
      vertex -37.4 -16 51.4
    endloop
  endfacet
  facet normal -0 0 1
    outer loop
      vertex 46 -15.21 51.4
      vertex 57.4 -16 51.4
      vertex 57.4 -15.21 51.4
    endloop
  endfacet
  facet normal 0 0 1
    outer loop
      vertex 57.4 -16 51.4
      vertex 46 -15.21 51.4
      vertex 46 -16 51.4
    endloop
  endfacet
  facet normal -0 0 1
    outer loop
      vertex 58.6 -15.21 51.4
      vertex 81.4 -16 51.4
      vertex 81.4 -15.21 51.4
    endloop
  endfacet
  facet normal 0 0 1
    outer loop
      vertex 81.4 -16 51.4
      vertex 58.6 -15.21 51.4
      vertex 58.6 -16 51.4
    endloop
  endfacet
  facet normal -0 0 1
    outer loop
      vertex 82.6 -15.21 51.4
      vertex 105.4 -16 51.4
      vertex 105.4 -15.21 51.4
    endloop
  endfacet
  facet normal 0 0 1
    outer loop
      vertex 105.4 -16 51.4
      vertex 82.6 -15.21 51.4
      vertex 82.6 -16 51.4
    endloop
  endfacet
  facet normal -0 0 1
    outer loop
      vertex 35 -15.21 51.4
      vertex 40 -16 51.4
      vertex 40 -15.21 51.4
    endloop
  endfacet
  facet normal 0 0 1
    outer loop
      vertex 40 -16 51.4
      vertex 35 -15.21 51.4
      vertex 35 -16 51.4
    endloop
  endfacet
  facet normal 0 0 -1
    outer loop
      vertex 94.6 15.21 52.6
      vertex 110 16 52.6
      vertex 110 15.21 52.6
    endloop
  endfacet
  facet normal -0 0 -1
    outer loop
      vertex 110 16 52.6
      vertex 94.6 15.21 52.6
      vertex 94.6 16 52.6
    endloop
  endfacet
  facet normal 0 0 -1
    outer loop
      vertex -110 15.21 52.6
      vertex -98.6 16 52.6
      vertex -98.6 15.21 52.6
    endloop
  endfacet
  facet normal -0 0 -1
    outer loop
      vertex -98.6 16 52.6
      vertex -110 15.21 52.6
      vertex -110 16 52.6
    endloop
  endfacet
  facet normal 0 0 -1
    outer loop
      vertex -97.4 15.21 52.6
      vertex -74.6 16 52.6
      vertex -74.6 15.21 52.6
    endloop
  endfacet
  facet normal -0 0 -1
    outer loop
      vertex -74.6 16 52.6
      vertex -97.4 15.21 52.6
      vertex -97.4 16 52.6
    endloop
  endfacet
  facet normal 0 0 -1
    outer loop
      vertex -73.4 15.21 52.6
      vertex -50.6 16 52.6
      vertex -50.6 15.21 52.6
    endloop
  endfacet
  facet normal -0 0 -1
    outer loop
      vertex -50.6 16 52.6
      vertex -73.4 15.21 52.6
      vertex -73.4 16 52.6
    endloop
  endfacet
  facet normal 0 0 -1
    outer loop
      vertex -49.4 15.21 52.6
      vertex -35 16 52.6
      vertex -35 15.21 52.6
    endloop
  endfacet
  facet normal -0 0 -1
    outer loop
      vertex -35 16 52.6
      vertex -49.4 15.21 52.6
      vertex -49.4 16 52.6
    endloop
  endfacet
  facet normal 0 0 -1
    outer loop
      vertex 35 15.21 52.6
      vertex 45.4 16 52.6
      vertex 45.4 15.21 52.6
    endloop
  endfacet
  facet normal -0 0 -1
    outer loop
      vertex 45.4 16 52.6
      vertex 35 15.21 52.6
      vertex 35 16 52.6
    endloop
  endfacet
  facet normal 0 0 -1
    outer loop
      vertex 46.6 15.21 52.6
      vertex 69.4 16 52.6
      vertex 69.4 15.21 52.6
    endloop
  endfacet
  facet normal -0 0 -1
    outer loop
      vertex 69.4 16 52.6
      vertex 46.6 15.21 52.6
      vertex 46.6 16 52.6
    endloop
  endfacet
  facet normal 0 0 -1
    outer loop
      vertex 70.6 15.21 52.6
      vertex 93.4 16 52.6
      vertex 93.4 15.21 52.6
    endloop
  endfacet
  facet normal -0 0 -1
    outer loop
      vertex 93.4 16 52.6
      vertex 70.6 15.21 52.6
      vertex 70.6 16 52.6
    endloop
  endfacet
  facet normal -0 0 1
    outer loop
      vertex -110 16 51.4
      vertex -86.6 15.21 51.4
      vertex -86.6 16 51.4
    endloop
  endfacet
  facet normal 0 0 1
    outer loop
      vertex -86.6 15.21 51.4
      vertex -110 16 51.4
      vertex -110 15.21 51.4
    endloop
  endfacet
  facet normal -0 0 1
    outer loop
      vertex 106.6 16 51.4
      vertex 110 15.21 51.4
      vertex 110 16 51.4
    endloop
  endfacet
  facet normal 0 0 1
    outer loop
      vertex 110 15.21 51.4
      vertex 106.6 16 51.4
      vertex 106.6 15.21 51.4
    endloop
  endfacet
  facet normal -0 0 1
    outer loop
      vertex -85.4 16 51.4
      vertex -62.6 15.21 51.4
      vertex -62.6 16 51.4
    endloop
  endfacet
  facet normal 0 0 1
    outer loop
      vertex -62.6 15.21 51.4
      vertex -85.4 16 51.4
      vertex -85.4 15.21 51.4
    endloop
  endfacet
  facet normal -0 0 1
    outer loop
      vertex -61.4 16 51.4
      vertex -38.6 15.21 51.4
      vertex -38.6 16 51.4
    endloop
  endfacet
  facet normal 0 0 1
    outer loop
      vertex -38.6 15.21 51.4
      vertex -61.4 16 51.4
      vertex -61.4 15.21 51.4
    endloop
  endfacet
  facet normal -0 0 1
    outer loop
      vertex -37.4 16 51.4
      vertex -35 15.21 51.4
      vertex -35 16 51.4
    endloop
  endfacet
  facet normal 0 0 1
    outer loop
      vertex -35 15.21 51.4
      vertex -37.4 16 51.4
      vertex -37.4 15.21 51.4
    endloop
  endfacet
  facet normal -0 0 1
    outer loop
      vertex 35 16 51.4
      vertex 57.4 15.21 51.4
      vertex 57.4 16 51.4
    endloop
  endfacet
  facet normal 0 0 1
    outer loop
      vertex 57.4 15.21 51.4
      vertex 35 16 51.4
      vertex 35 15.21 51.4
    endloop
  endfacet
  facet normal -0 0 1
    outer loop
      vertex 58.6 16 51.4
      vertex 81.4 15.21 51.4
      vertex 81.4 16 51.4
    endloop
  endfacet
  facet normal 0 0 1
    outer loop
      vertex 81.4 15.21 51.4
      vertex 58.6 16 51.4
      vertex 58.6 15.21 51.4
    endloop
  endfacet
  facet normal -0 0 1
    outer loop
      vertex 82.6 16 51.4
      vertex 105.4 15.21 51.4
      vertex 105.4 16 51.4
    endloop
  endfacet
  facet normal 0 0 1
    outer loop
      vertex 105.4 15.21 51.4
      vertex 82.6 16 51.4
      vertex 82.6 15.21 51.4
    endloop
  endfacet
  facet normal 0 0 -1
    outer loop
      vertex 106.6 -16 65.6
      vertex 110 -15.21 65.6
      vertex 110 -16 65.6
    endloop
  endfacet
  facet normal -0 0 -1
    outer loop
      vertex 110 -15.21 65.6
      vertex 106.6 -16 65.6
      vertex 106.6 -15.21 65.6
    endloop
  endfacet
  facet normal 0 0 -1
    outer loop
      vertex -110 -16 65.6
      vertex -86.6 -15.21 65.6
      vertex -86.6 -16 65.6
    endloop
  endfacet
  facet normal -0 0 -1
    outer loop
      vertex -86.6 -15.21 65.6
      vertex -110 -16 65.6
      vertex -110 -15.21 65.6
    endloop
  endfacet
  facet normal 0 0 -1
    outer loop
      vertex -85.4 -16 65.6
      vertex -62.6 -15.21 65.6
      vertex -62.6 -16 65.6
    endloop
  endfacet
  facet normal -0 0 -1
    outer loop
      vertex -62.6 -15.21 65.6
      vertex -85.4 -16 65.6
      vertex -85.4 -15.21 65.6
    endloop
  endfacet
  facet normal 0 0 -1
    outer loop
      vertex -61.4 -16 65.6
      vertex -46 -15.21 65.6
      vertex -46 -16 65.6
    endloop
  endfacet
  facet normal -0 0 -1
    outer loop
      vertex -46 -15.21 65.6
      vertex -61.4 -16 65.6
      vertex -61.4 -15.21 65.6
    endloop
  endfacet
  facet normal 0 0 -1
    outer loop
      vertex -40 -16 65.6
      vertex -38.6 -15.21 65.6
      vertex -38.6 -16 65.6
    endloop
  endfacet
  facet normal -0 0 -1
    outer loop
      vertex -38.6 -15.21 65.6
      vertex -40 -16 65.6
      vertex -40 -15.21 65.6
    endloop
  endfacet
  facet normal 0 0 -1
    outer loop
      vertex -37.4 -16 65.6
      vertex -35 -15.21 65.6
      vertex -35 -16 65.6
    endloop
  endfacet
  facet normal -0 0 -1
    outer loop
      vertex -35 -15.21 65.6
      vertex -37.4 -16 65.6
      vertex -37.4 -15.21 65.6
    endloop
  endfacet
  facet normal 0 0 -1
    outer loop
      vertex 46 -16 65.6
      vertex 57.4 -15.21 65.6
      vertex 57.4 -16 65.6
    endloop
  endfacet
  facet normal -0 0 -1
    outer loop
      vertex 57.4 -15.21 65.6
      vertex 46 -16 65.6
      vertex 46 -15.21 65.6
    endloop
  endfacet
  facet normal 0 0 -1
    outer loop
      vertex 58.6 -16 65.6
      vertex 81.4 -15.21 65.6
      vertex 81.4 -16 65.6
    endloop
  endfacet
  facet normal -0 0 -1
    outer loop
      vertex 81.4 -15.21 65.6
      vertex 58.6 -16 65.6
      vertex 58.6 -15.21 65.6
    endloop
  endfacet
  facet normal 0 0 -1
    outer loop
      vertex 82.6 -16 65.6
      vertex 105.4 -15.21 65.6
      vertex 105.4 -16 65.6
    endloop
  endfacet
  facet normal -0 0 -1
    outer loop
      vertex 105.4 -15.21 65.6
      vertex 82.6 -16 65.6
      vertex 82.6 -15.21 65.6
    endloop
  endfacet
  facet normal 0 0 -1
    outer loop
      vertex 35 -16 65.6
      vertex 40 -15.21 65.6
      vertex 40 -16 65.6
    endloop
  endfacet
  facet normal -0 0 -1
    outer loop
      vertex 40 -15.21 65.6
      vertex 35 -16 65.6
      vertex 35 -15.21 65.6
    endloop
  endfacet
  facet normal -0 0 1
    outer loop
      vertex 94.6 -15.21 64.4
      vertex 110 -16 64.4
      vertex 110 -15.21 64.4
    endloop
  endfacet
  facet normal 0 0 1
    outer loop
      vertex 110 -16 64.4
      vertex 94.6 -15.21 64.4
      vertex 94.6 -16 64.4
    endloop
  endfacet
  facet normal -0 0 1
    outer loop
      vertex -110 -15.21 64.4
      vertex -98.6 -16 64.4
      vertex -98.6 -15.21 64.4
    endloop
  endfacet
  facet normal 0 0 1
    outer loop
      vertex -98.6 -16 64.4
      vertex -110 -15.21 64.4
      vertex -110 -16 64.4
    endloop
  endfacet
  facet normal -0 0 1
    outer loop
      vertex -97.4 -15.21 64.4
      vertex -74.6 -16 64.4
      vertex -74.6 -15.21 64.4
    endloop
  endfacet
  facet normal 0 0 1
    outer loop
      vertex -74.6 -16 64.4
      vertex -97.4 -15.21 64.4
      vertex -97.4 -16 64.4
    endloop
  endfacet
  facet normal -0 0 1
    outer loop
      vertex -73.4 -15.21 64.4
      vertex -50.6 -16 64.4
      vertex -50.6 -15.21 64.4
    endloop
  endfacet
  facet normal 0 0 1
    outer loop
      vertex -50.6 -16 64.4
      vertex -73.4 -15.21 64.4
      vertex -73.4 -16 64.4
    endloop
  endfacet
  facet normal -0 0 1
    outer loop
      vertex -49.4 -15.21 64.4
      vertex -46 -16 64.4
      vertex -46 -15.21 64.4
    endloop
  endfacet
  facet normal 0 0 1
    outer loop
      vertex -46 -16 64.4
      vertex -49.4 -15.21 64.4
      vertex -49.4 -16 64.4
    endloop
  endfacet
  facet normal -0 0 1
    outer loop
      vertex 46.6 -15.21 64.4
      vertex 69.4 -16 64.4
      vertex 69.4 -15.21 64.4
    endloop
  endfacet
  facet normal 0 0 1
    outer loop
      vertex 69.4 -16 64.4
      vertex 46.6 -15.21 64.4
      vertex 46.6 -16 64.4
    endloop
  endfacet
  facet normal -0 0 1
    outer loop
      vertex 70.6 -15.21 64.4
      vertex 93.4 -16 64.4
      vertex 93.4 -15.21 64.4
    endloop
  endfacet
  facet normal 0 0 1
    outer loop
      vertex 93.4 -16 64.4
      vertex 70.6 -15.21 64.4
      vertex 70.6 -16 64.4
    endloop
  endfacet
  facet normal -0 0 1
    outer loop
      vertex -40 -15.21 64.4
      vertex -35 -16 64.4
      vertex -35 -15.21 64.4
    endloop
  endfacet
  facet normal 0 0 1
    outer loop
      vertex -35 -16 64.4
      vertex -40 -15.21 64.4
      vertex -40 -16 64.4
    endloop
  endfacet
  facet normal -0 0 1
    outer loop
      vertex 35 -15.21 64.4
      vertex 40 -16 64.4
      vertex 40 -15.21 64.4
    endloop
  endfacet
  facet normal 0 0 1
    outer loop
      vertex 40 -16 64.4
      vertex 35 -15.21 64.4
      vertex 35 -16 64.4
    endloop
  endfacet
  facet normal 0 0 -1
    outer loop
      vertex 106.6 15.21 65.6
      vertex 110 16 65.6
      vertex 110 15.21 65.6
    endloop
  endfacet
  facet normal -0 0 -1
    outer loop
      vertex 110 16 65.6
      vertex 106.6 15.21 65.6
      vertex 106.6 16 65.6
    endloop
  endfacet
  facet normal 0 0 -1
    outer loop
      vertex -110 15.21 65.6
      vertex -86.6 16 65.6
      vertex -86.6 15.21 65.6
    endloop
  endfacet
  facet normal -0 0 -1
    outer loop
      vertex -86.6 16 65.6
      vertex -110 15.21 65.6
      vertex -110 16 65.6
    endloop
  endfacet
  facet normal 0 0 -1
    outer loop
      vertex -85.4 15.21 65.6
      vertex -62.6 16 65.6
      vertex -62.6 15.21 65.6
    endloop
  endfacet
  facet normal -0 0 -1
    outer loop
      vertex -62.6 16 65.6
      vertex -85.4 15.21 65.6
      vertex -85.4 16 65.6
    endloop
  endfacet
  facet normal 0 0 -1
    outer loop
      vertex -61.4 15.21 65.6
      vertex -38.6 16 65.6
      vertex -38.6 15.21 65.6
    endloop
  endfacet
  facet normal -0 0 -1
    outer loop
      vertex -38.6 16 65.6
      vertex -61.4 15.21 65.6
      vertex -61.4 16 65.6
    endloop
  endfacet
  facet normal 0 0 -1
    outer loop
      vertex -37.4 15.21 65.6
      vertex -35 16 65.6
      vertex -35 15.21 65.6
    endloop
  endfacet
  facet normal -0 0 -1
    outer loop
      vertex -35 16 65.6
      vertex -37.4 15.21 65.6
      vertex -37.4 16 65.6
    endloop
  endfacet
  facet normal 0 0 -1
    outer loop
      vertex 35 15.21 65.6
      vertex 57.4 16 65.6
      vertex 57.4 15.21 65.6
    endloop
  endfacet
  facet normal -0 0 -1
    outer loop
      vertex 57.4 16 65.6
      vertex 35 15.21 65.6
      vertex 35 16 65.6
    endloop
  endfacet
  facet normal 0 0 -1
    outer loop
      vertex 58.6 15.21 65.6
      vertex 81.4 16 65.6
      vertex 81.4 15.21 65.6
    endloop
  endfacet
  facet normal -0 0 -1
    outer loop
      vertex 81.4 16 65.6
      vertex 58.6 15.21 65.6
      vertex 58.6 16 65.6
    endloop
  endfacet
  facet normal 0 0 -1
    outer loop
      vertex 82.6 15.21 65.6
      vertex 105.4 16 65.6
      vertex 105.4 15.21 65.6
    endloop
  endfacet
  facet normal -0 0 -1
    outer loop
      vertex 105.4 16 65.6
      vertex 82.6 15.21 65.6
      vertex 82.6 16 65.6
    endloop
  endfacet
  facet normal -0 0 1
    outer loop
      vertex -110 16 64.4
      vertex -98.6 15.21 64.4
      vertex -98.6 16 64.4
    endloop
  endfacet
  facet normal 0 0 1
    outer loop
      vertex -98.6 15.21 64.4
      vertex -110 16 64.4
      vertex -110 15.21 64.4
    endloop
  endfacet
  facet normal -0 0 1
    outer loop
      vertex 94.6 16 64.4
      vertex 110 15.21 64.4
      vertex 110 16 64.4
    endloop
  endfacet
  facet normal 0 0 1
    outer loop
      vertex 110 15.21 64.4
      vertex 94.6 16 64.4
      vertex 94.6 15.21 64.4
    endloop
  endfacet
  facet normal -0 0 1
    outer loop
      vertex -97.4 16 64.4
      vertex -74.6 15.21 64.4
      vertex -74.6 16 64.4
    endloop
  endfacet
  facet normal 0 0 1
    outer loop
      vertex -74.6 15.21 64.4
      vertex -97.4 16 64.4
      vertex -97.4 15.21 64.4
    endloop
  endfacet
  facet normal -0 0 1
    outer loop
      vertex -73.4 16 64.4
      vertex -50.6 15.21 64.4
      vertex -50.6 16 64.4
    endloop
  endfacet
  facet normal 0 0 1
    outer loop
      vertex -50.6 15.21 64.4
      vertex -73.4 16 64.4
      vertex -73.4 15.21 64.4
    endloop
  endfacet
  facet normal -0 0 1
    outer loop
      vertex -49.4 16 64.4
      vertex -35 15.21 64.4
      vertex -35 16 64.4
    endloop
  endfacet
  facet normal 0 0 1
    outer loop
      vertex -35 15.21 64.4
      vertex -49.4 16 64.4
      vertex -49.4 15.21 64.4
    endloop
  endfacet
  facet normal -0 0 1
    outer loop
      vertex 35 16 64.4
      vertex 45.4 15.21 64.4
      vertex 45.4 16 64.4
    endloop
  endfacet
  facet normal 0 0 1
    outer loop
      vertex 45.4 15.21 64.4
      vertex 35 16 64.4
      vertex 35 15.21 64.4
    endloop
  endfacet
  facet normal -0 0 1
    outer loop
      vertex 46.6 16 64.4
      vertex 69.4 15.21 64.4
      vertex 69.4 16 64.4
    endloop
  endfacet
  facet normal 0 0 1
    outer loop
      vertex 69.4 15.21 64.4
      vertex 46.6 16 64.4
      vertex 46.6 15.21 64.4
    endloop
  endfacet
  facet normal -0 0 1
    outer loop
      vertex 70.6 16 64.4
      vertex 93.4 15.21 64.4
      vertex 93.4 16 64.4
    endloop
  endfacet
  facet normal 0 0 1
    outer loop
      vertex 93.4 15.21 64.4
      vertex 70.6 16 64.4
      vertex 70.6 15.21 64.4
    endloop
  endfacet
  facet normal 0 0 -1
    outer loop
      vertex 94.6 -16 78.6
      vertex 110 -15.21 78.6
      vertex 110 -16 78.6
    endloop
  endfacet
  facet normal -0 0 -1
    outer loop
      vertex 110 -15.21 78.6
      vertex 94.6 -16 78.6
      vertex 94.6 -15.21 78.6
    endloop
  endfacet
  facet normal 0 0 -1
    outer loop
      vertex -110 -16 78.6
      vertex -98.6 -15.21 78.6
      vertex -98.6 -16 78.6
    endloop
  endfacet
  facet normal -0 0 -1
    outer loop
      vertex -98.6 -15.21 78.6
      vertex -110 -16 78.6
      vertex -110 -15.21 78.6
    endloop
  endfacet
  facet normal 0 0 -1
    outer loop
      vertex -97.4 -16 78.6
      vertex -74.6 -15.21 78.6
      vertex -74.6 -16 78.6
    endloop
  endfacet
  facet normal -0 0 -1
    outer loop
      vertex -74.6 -15.21 78.6
      vertex -97.4 -16 78.6
      vertex -97.4 -15.21 78.6
    endloop
  endfacet
  facet normal 0 0 -1
    outer loop
      vertex -73.4 -16 78.6
      vertex -50.6 -15.21 78.6
      vertex -50.6 -16 78.6
    endloop
  endfacet
  facet normal -0 0 -1
    outer loop
      vertex -50.6 -15.21 78.6
      vertex -73.4 -16 78.6
      vertex -73.4 -15.21 78.6
    endloop
  endfacet
  facet normal 0 0 -1
    outer loop
      vertex -49.4 -16 78.6
      vertex -46 -15.21 78.6
      vertex -46 -16 78.6
    endloop
  endfacet
  facet normal -0 0 -1
    outer loop
      vertex -46 -15.21 78.6
      vertex -49.4 -16 78.6
      vertex -49.4 -15.21 78.6
    endloop
  endfacet
  facet normal 0 0 -1
    outer loop
      vertex 46.6 -16 78.6
      vertex 69.4 -15.21 78.6
      vertex 69.4 -16 78.6
    endloop
  endfacet
  facet normal -0 0 -1
    outer loop
      vertex 69.4 -15.21 78.6
      vertex 46.6 -16 78.6
      vertex 46.6 -15.21 78.6
    endloop
  endfacet
  facet normal 0 0 -1
    outer loop
      vertex 70.6 -16 78.6
      vertex 93.4 -15.21 78.6
      vertex 93.4 -16 78.6
    endloop
  endfacet
  facet normal -0 0 -1
    outer loop
      vertex 93.4 -15.21 78.6
      vertex 70.6 -16 78.6
      vertex 70.6 -15.21 78.6
    endloop
  endfacet
  facet normal 0 0 -1
    outer loop
      vertex -40 -16 78.6
      vertex -34.8637 -15.21 78.6
      vertex -34.8637 -16 78.6
    endloop
  endfacet
  facet normal -0 0 -1
    outer loop
      vertex -34.8637 -15.21 78.6
      vertex -40 -16 78.6
      vertex -40 -15.21 78.6
    endloop
  endfacet
  facet normal 0 0 -1
    outer loop
      vertex 34.8637 -16 78.6
      vertex 40 -15.21 78.6
      vertex 40 -16 78.6
    endloop
  endfacet
  facet normal -0 0 -1
    outer loop
      vertex 40 -15.21 78.6
      vertex 34.8637 -16 78.6
      vertex 34.8637 -15.21 78.6
    endloop
  endfacet
  facet normal -0 0 1
    outer loop
      vertex 106.6 -15.21 77.4
      vertex 110 -16 77.4
      vertex 110 -15.21 77.4
    endloop
  endfacet
  facet normal 0 0 1
    outer loop
      vertex 110 -16 77.4
      vertex 106.6 -15.21 77.4
      vertex 106.6 -16 77.4
    endloop
  endfacet
  facet normal -0 0 1
    outer loop
      vertex -110 -15.21 77.4
      vertex -86.6 -16 77.4
      vertex -86.6 -15.21 77.4
    endloop
  endfacet
  facet normal 0 0 1
    outer loop
      vertex -86.6 -16 77.4
      vertex -110 -15.21 77.4
      vertex -110 -16 77.4
    endloop
  endfacet
  facet normal -0 0 1
    outer loop
      vertex -85.4 -15.21 77.4
      vertex -62.6 -16 77.4
      vertex -62.6 -15.21 77.4
    endloop
  endfacet
  facet normal 0 0 1
    outer loop
      vertex -62.6 -16 77.4
      vertex -85.4 -15.21 77.4
      vertex -85.4 -16 77.4
    endloop
  endfacet
  facet normal -0 0 1
    outer loop
      vertex -61.4 -15.21 77.4
      vertex -46 -16 77.4
      vertex -46 -15.21 77.4
    endloop
  endfacet
  facet normal 0 0 1
    outer loop
      vertex -46 -16 77.4
      vertex -61.4 -15.21 77.4
      vertex -61.4 -16 77.4
    endloop
  endfacet
  facet normal -0 0 1
    outer loop
      vertex -40 -15.21 77.4
      vertex -38.6 -16 77.4
      vertex -38.6 -15.21 77.4
    endloop
  endfacet
  facet normal 0 0 1
    outer loop
      vertex -38.6 -16 77.4
      vertex -40 -15.21 77.4
      vertex -40 -16 77.4
    endloop
  endfacet
  facet normal -0 0 1
    outer loop
      vertex -37.4 -15.21 77.4
      vertex -34.9266 -16 77.4
      vertex -34.9266 -15.21 77.4
    endloop
  endfacet
  facet normal 0 0 1
    outer loop
      vertex -34.9266 -16 77.4
      vertex -37.4 -15.21 77.4
      vertex -37.4 -16 77.4
    endloop
  endfacet
  facet normal -0 0 1
    outer loop
      vertex 46 -15.21 77.4
      vertex 57.4 -16 77.4
      vertex 57.4 -15.21 77.4
    endloop
  endfacet
  facet normal 0 0 1
    outer loop
      vertex 57.4 -16 77.4
      vertex 46 -15.21 77.4
      vertex 46 -16 77.4
    endloop
  endfacet
  facet normal -0 0 1
    outer loop
      vertex 58.6 -15.21 77.4
      vertex 81.4 -16 77.4
      vertex 81.4 -15.21 77.4
    endloop
  endfacet
  facet normal 0 0 1
    outer loop
      vertex 81.4 -16 77.4
      vertex 58.6 -15.21 77.4
      vertex 58.6 -16 77.4
    endloop
  endfacet
  facet normal -0 0 1
    outer loop
      vertex 82.6 -15.21 77.4
      vertex 105.4 -16 77.4
      vertex 105.4 -15.21 77.4
    endloop
  endfacet
  facet normal 0 0 1
    outer loop
      vertex 105.4 -16 77.4
      vertex 82.6 -15.21 77.4
      vertex 82.6 -16 77.4
    endloop
  endfacet
  facet normal -0 0 1
    outer loop
      vertex 34.9266 -15.21 77.4
      vertex 40 -16 77.4
      vertex 40 -15.21 77.4
    endloop
  endfacet
  facet normal 0 0 1
    outer loop
      vertex 40 -16 77.4
      vertex 34.9266 -15.21 77.4
      vertex 34.9266 -16 77.4
    endloop
  endfacet
  facet normal 0 0 -1
    outer loop
      vertex 94.6 15.21 78.6
      vertex 110 16 78.6
      vertex 110 15.21 78.6
    endloop
  endfacet
  facet normal -0 0 -1
    outer loop
      vertex 110 16 78.6
      vertex 94.6 15.21 78.6
      vertex 94.6 16 78.6
    endloop
  endfacet
  facet normal 0 0 -1
    outer loop
      vertex -110 15.21 78.6
      vertex -98.6 16 78.6
      vertex -98.6 15.21 78.6
    endloop
  endfacet
  facet normal -0 0 -1
    outer loop
      vertex -98.6 16 78.6
      vertex -110 15.21 78.6
      vertex -110 16 78.6
    endloop
  endfacet
  facet normal 0 0 -1
    outer loop
      vertex -97.4 15.21 78.6
      vertex -74.6 16 78.6
      vertex -74.6 15.21 78.6
    endloop
  endfacet
  facet normal -0 0 -1
    outer loop
      vertex -74.6 16 78.6
      vertex -97.4 15.21 78.6
      vertex -97.4 16 78.6
    endloop
  endfacet
  facet normal 0 0 -1
    outer loop
      vertex -73.4 15.21 78.6
      vertex -50.6 16 78.6
      vertex -50.6 15.21 78.6
    endloop
  endfacet
  facet normal -0 0 -1
    outer loop
      vertex -50.6 16 78.6
      vertex -73.4 15.21 78.6
      vertex -73.4 16 78.6
    endloop
  endfacet
  facet normal 0 0 -1
    outer loop
      vertex -49.4 15.21 78.6
      vertex -34.8637 16 78.6
      vertex -34.8637 15.21 78.6
    endloop
  endfacet
  facet normal -0 0 -1
    outer loop
      vertex -34.8637 16 78.6
      vertex -49.4 15.21 78.6
      vertex -49.4 16 78.6
    endloop
  endfacet
  facet normal 0 0 -1
    outer loop
      vertex 34.8637 15.21 78.6
      vertex 45.4 16 78.6
      vertex 45.4 15.21 78.6
    endloop
  endfacet
  facet normal -0 0 -1
    outer loop
      vertex 45.4 16 78.6
      vertex 34.8637 15.21 78.6
      vertex 34.8637 16 78.6
    endloop
  endfacet
  facet normal 0 0 -1
    outer loop
      vertex 46.6 15.21 78.6
      vertex 69.4 16 78.6
      vertex 69.4 15.21 78.6
    endloop
  endfacet
  facet normal -0 0 -1
    outer loop
      vertex 69.4 16 78.6
      vertex 46.6 15.21 78.6
      vertex 46.6 16 78.6
    endloop
  endfacet
  facet normal 0 0 -1
    outer loop
      vertex 70.6 15.21 78.6
      vertex 93.4 16 78.6
      vertex 93.4 15.21 78.6
    endloop
  endfacet
  facet normal -0 0 -1
    outer loop
      vertex 93.4 16 78.6
      vertex 70.6 15.21 78.6
      vertex 70.6 16 78.6
    endloop
  endfacet
  facet normal -0 0 1
    outer loop
      vertex -110 16 77.4
      vertex -86.6 15.21 77.4
      vertex -86.6 16 77.4
    endloop
  endfacet
  facet normal 0 0 1
    outer loop
      vertex -86.6 15.21 77.4
      vertex -110 16 77.4
      vertex -110 15.21 77.4
    endloop
  endfacet
  facet normal -0 0 1
    outer loop
      vertex 106.6 16 77.4
      vertex 110 15.21 77.4
      vertex 110 16 77.4
    endloop
  endfacet
  facet normal 0 0 1
    outer loop
      vertex 110 15.21 77.4
      vertex 106.6 16 77.4
      vertex 106.6 15.21 77.4
    endloop
  endfacet
  facet normal -0 0 1
    outer loop
      vertex -85.4 16 77.4
      vertex -62.6 15.21 77.4
      vertex -62.6 16 77.4
    endloop
  endfacet
  facet normal 0 0 1
    outer loop
      vertex -62.6 15.21 77.4
      vertex -85.4 16 77.4
      vertex -85.4 15.21 77.4
    endloop
  endfacet
  facet normal -0 0 1
    outer loop
      vertex -61.4 16 77.4
      vertex -38.6 15.21 77.4
      vertex -38.6 16 77.4
    endloop
  endfacet
  facet normal 0 0 1
    outer loop
      vertex -38.6 15.21 77.4
      vertex -61.4 16 77.4
      vertex -61.4 15.21 77.4
    endloop
  endfacet
  facet normal -0 0 1
    outer loop
      vertex -37.4 16 77.4
      vertex -34.9266 15.21 77.4
      vertex -34.9266 16 77.4
    endloop
  endfacet
  facet normal 0 0 1
    outer loop
      vertex -34.9266 15.21 77.4
      vertex -37.4 16 77.4
      vertex -37.4 15.21 77.4
    endloop
  endfacet
  facet normal -0 0 1
    outer loop
      vertex 34.9266 16 77.4
      vertex 57.4 15.21 77.4
      vertex 57.4 16 77.4
    endloop
  endfacet
  facet normal 0 0 1
    outer loop
      vertex 57.4 15.21 77.4
      vertex 34.9266 16 77.4
      vertex 34.9266 15.21 77.4
    endloop
  endfacet
  facet normal -0 0 1
    outer loop
      vertex 58.6 16 77.4
      vertex 81.4 15.21 77.4
      vertex 81.4 16 77.4
    endloop
  endfacet
  facet normal 0 0 1
    outer loop
      vertex 81.4 15.21 77.4
      vertex 58.6 16 77.4
      vertex 58.6 15.21 77.4
    endloop
  endfacet
  facet normal -0 0 1
    outer loop
      vertex 82.6 16 77.4
      vertex 105.4 15.21 77.4
      vertex 105.4 16 77.4
    endloop
  endfacet
  facet normal 0 0 1
    outer loop
      vertex 105.4 15.21 77.4
      vertex 82.6 16 77.4
      vertex 82.6 15.21 77.4
    endloop
  endfacet
  facet normal 0 0 -1
    outer loop
      vertex 106.6 -16 91.6
      vertex 110 -15.21 91.6
      vertex 110 -16 91.6
    endloop
  endfacet
  facet normal -0 0 -1
    outer loop
      vertex 110 -15.21 91.6
      vertex 106.6 -16 91.6
      vertex 106.6 -15.21 91.6
    endloop
  endfacet
  facet normal 0 0 -1
    outer loop
      vertex -110 -16 91.6
      vertex -86.6 -15.21 91.6
      vertex -86.6 -16 91.6
    endloop
  endfacet
  facet normal -0 0 -1
    outer loop
      vertex -86.6 -15.21 91.6
      vertex -110 -16 91.6
      vertex -110 -15.21 91.6
    endloop
  endfacet
  facet normal 0 0 -1
    outer loop
      vertex -85.4 -16 91.6
      vertex -62.6 -15.21 91.6
      vertex -62.6 -16 91.6
    endloop
  endfacet
  facet normal -0 0 -1
    outer loop
      vertex -62.6 -15.21 91.6
      vertex -85.4 -16 91.6
      vertex -85.4 -15.21 91.6
    endloop
  endfacet
  facet normal 0 0 -1
    outer loop
      vertex -61.4 -16 91.6
      vertex -46 -15.21 91.6
      vertex -46 -16 91.6
    endloop
  endfacet
  facet normal -0 0 -1
    outer loop
      vertex -46 -15.21 91.6
      vertex -61.4 -16 91.6
      vertex -61.4 -15.21 91.6
    endloop
  endfacet
  facet normal 0 0 -1
    outer loop
      vertex -40 -16 91.6
      vertex -38.6 -15.21 91.6
      vertex -38.6 -16 91.6
    endloop
  endfacet
  facet normal -0 0 -1
    outer loop
      vertex -38.6 -15.21 91.6
      vertex -40 -16 91.6
      vertex -40 -15.21 91.6
    endloop
  endfacet
  facet normal 0 0 -1
    outer loop
      vertex -37.4 -16 91.6
      vertex -31.279 -15.21 91.6
      vertex -31.279 -16 91.6
    endloop
  endfacet
  facet normal -0 0 -1
    outer loop
      vertex -31.279 -15.21 91.6
      vertex -37.4 -16 91.6
      vertex -37.4 -15.21 91.6
    endloop
  endfacet
  facet normal 0 0 -1
    outer loop
      vertex 46 -16 91.6
      vertex 57.4 -15.21 91.6
      vertex 57.4 -16 91.6
    endloop
  endfacet
  facet normal -0 0 -1
    outer loop
      vertex 57.4 -15.21 91.6
      vertex 46 -16 91.6
      vertex 46 -15.21 91.6
    endloop
  endfacet
  facet normal 0 0 -1
    outer loop
      vertex 58.6 -16 91.6
      vertex 81.4 -15.21 91.6
      vertex 81.4 -16 91.6
    endloop
  endfacet
  facet normal -0 0 -1
    outer loop
      vertex 81.4 -15.21 91.6
      vertex 58.6 -16 91.6
      vertex 58.6 -15.21 91.6
    endloop
  endfacet
  facet normal 0 0 -1
    outer loop
      vertex 82.6 -16 91.6
      vertex 105.4 -15.21 91.6
      vertex 105.4 -16 91.6
    endloop
  endfacet
  facet normal -0 0 -1
    outer loop
      vertex 105.4 -15.21 91.6
      vertex 82.6 -16 91.6
      vertex 82.6 -15.21 91.6
    endloop
  endfacet
  facet normal 0 0 -1
    outer loop
      vertex 31.279 -16 91.6
      vertex 40 -15.21 91.6
      vertex 40 -16 91.6
    endloop
  endfacet
  facet normal -0 0 -1
    outer loop
      vertex 40 -15.21 91.6
      vertex 31.279 -16 91.6
      vertex 31.279 -15.21 91.6
    endloop
  endfacet
  facet normal -0 0 1
    outer loop
      vertex 94.6 -15.21 90.4
      vertex 110 -16 90.4
      vertex 110 -15.21 90.4
    endloop
  endfacet
  facet normal 0 0 1
    outer loop
      vertex 110 -16 90.4
      vertex 94.6 -15.21 90.4
      vertex 94.6 -16 90.4
    endloop
  endfacet
  facet normal -0 0 1
    outer loop
      vertex -110 -15.21 90.4
      vertex -98.6 -16 90.4
      vertex -98.6 -15.21 90.4
    endloop
  endfacet
  facet normal 0 0 1
    outer loop
      vertex -98.6 -16 90.4
      vertex -110 -15.21 90.4
      vertex -110 -16 90.4
    endloop
  endfacet
  facet normal -0 0 1
    outer loop
      vertex -97.4 -15.21 90.4
      vertex -74.6 -16 90.4
      vertex -74.6 -15.21 90.4
    endloop
  endfacet
  facet normal 0 0 1
    outer loop
      vertex -74.6 -16 90.4
      vertex -97.4 -15.21 90.4
      vertex -97.4 -16 90.4
    endloop
  endfacet
  facet normal -0 0 1
    outer loop
      vertex -73.4 -15.21 90.4
      vertex -50.6 -16 90.4
      vertex -50.6 -15.21 90.4
    endloop
  endfacet
  facet normal 0 0 1
    outer loop
      vertex -50.6 -16 90.4
      vertex -73.4 -15.21 90.4
      vertex -73.4 -16 90.4
    endloop
  endfacet
  facet normal -0 0 1
    outer loop
      vertex -49.4 -15.21 90.4
      vertex -46 -16 90.4
      vertex -46 -15.21 90.4
    endloop
  endfacet
  facet normal 0 0 1
    outer loop
      vertex -46 -16 90.4
      vertex -49.4 -15.21 90.4
      vertex -49.4 -16 90.4
    endloop
  endfacet
  facet normal -0 0 1
    outer loop
      vertex 46.6 -15.21 90.4
      vertex 69.4 -16 90.4
      vertex 69.4 -15.21 90.4
    endloop
  endfacet
  facet normal 0 0 1
    outer loop
      vertex 69.4 -16 90.4
      vertex 46.6 -15.21 90.4
      vertex 46.6 -16 90.4
    endloop
  endfacet
  facet normal -0 0 1
    outer loop
      vertex 70.6 -15.21 90.4
      vertex 93.4 -16 90.4
      vertex 93.4 -15.21 90.4
    endloop
  endfacet
  facet normal 0 0 1
    outer loop
      vertex 93.4 -16 90.4
      vertex 70.6 -15.21 90.4
      vertex 70.6 -16 90.4
    endloop
  endfacet
  facet normal -0 0 1
    outer loop
      vertex -40 -15.21 90.4
      vertex -31.8904 -16 90.4
      vertex -31.8904 -15.21 90.4
    endloop
  endfacet
  facet normal 0 0 1
    outer loop
      vertex -31.8904 -16 90.4
      vertex -40 -15.21 90.4
      vertex -40 -16 90.4
    endloop
  endfacet
  facet normal -0 0 1
    outer loop
      vertex 31.8904 -15.21 90.4
      vertex 40 -16 90.4
      vertex 40 -15.21 90.4
    endloop
  endfacet
  facet normal 0 0 1
    outer loop
      vertex 40 -16 90.4
      vertex 31.8904 -15.21 90.4
      vertex 31.8904 -16 90.4
    endloop
  endfacet
  facet normal 0 0 -1
    outer loop
      vertex 106.6 15.21 91.6
      vertex 110 16 91.6
      vertex 110 15.21 91.6
    endloop
  endfacet
  facet normal -0 0 -1
    outer loop
      vertex 110 16 91.6
      vertex 106.6 15.21 91.6
      vertex 106.6 16 91.6
    endloop
  endfacet
  facet normal 0 0 -1
    outer loop
      vertex -110 15.21 91.6
      vertex -86.6 16 91.6
      vertex -86.6 15.21 91.6
    endloop
  endfacet
  facet normal -0 0 -1
    outer loop
      vertex -86.6 16 91.6
      vertex -110 15.21 91.6
      vertex -110 16 91.6
    endloop
  endfacet
  facet normal 0 0 -1
    outer loop
      vertex -85.4 15.21 91.6
      vertex -62.6 16 91.6
      vertex -62.6 15.21 91.6
    endloop
  endfacet
  facet normal -0 0 -1
    outer loop
      vertex -62.6 16 91.6
      vertex -85.4 15.21 91.6
      vertex -85.4 16 91.6
    endloop
  endfacet
  facet normal 0 0 -1
    outer loop
      vertex -61.4 15.21 91.6
      vertex -38.6 16 91.6
      vertex -38.6 15.21 91.6
    endloop
  endfacet
  facet normal -0 0 -1
    outer loop
      vertex -38.6 16 91.6
      vertex -61.4 15.21 91.6
      vertex -61.4 16 91.6
    endloop
  endfacet
  facet normal 0 0 -1
    outer loop
      vertex -37.4 15.21 91.6
      vertex -31.279 16 91.6
      vertex -31.279 15.21 91.6
    endloop
  endfacet
  facet normal -0 0 -1
    outer loop
      vertex -31.279 16 91.6
      vertex -37.4 15.21 91.6
      vertex -37.4 16 91.6
    endloop
  endfacet
  facet normal 0 0 -1
    outer loop
      vertex 31.279 15.21 91.6
      vertex 57.4 16 91.6
      vertex 57.4 15.21 91.6
    endloop
  endfacet
  facet normal -0 0 -1
    outer loop
      vertex 57.4 16 91.6
      vertex 31.279 15.21 91.6
      vertex 31.279 16 91.6
    endloop
  endfacet
  facet normal 0 0 -1
    outer loop
      vertex 58.6 15.21 91.6
      vertex 81.4 16 91.6
      vertex 81.4 15.21 91.6
    endloop
  endfacet
  facet normal -0 0 -1
    outer loop
      vertex 81.4 16 91.6
      vertex 58.6 15.21 91.6
      vertex 58.6 16 91.6
    endloop
  endfacet
  facet normal 0 0 -1
    outer loop
      vertex 82.6 15.21 91.6
      vertex 105.4 16 91.6
      vertex 105.4 15.21 91.6
    endloop
  endfacet
  facet normal -0 0 -1
    outer loop
      vertex 105.4 16 91.6
      vertex 82.6 15.21 91.6
      vertex 82.6 16 91.6
    endloop
  endfacet
  facet normal -0 0 1
    outer loop
      vertex -110 16 90.4
      vertex -98.6 15.21 90.4
      vertex -98.6 16 90.4
    endloop
  endfacet
  facet normal 0 0 1
    outer loop
      vertex -98.6 15.21 90.4
      vertex -110 16 90.4
      vertex -110 15.21 90.4
    endloop
  endfacet
  facet normal -0 0 1
    outer loop
      vertex 94.6 16 90.4
      vertex 110 15.21 90.4
      vertex 110 16 90.4
    endloop
  endfacet
  facet normal 0 0 1
    outer loop
      vertex 110 15.21 90.4
      vertex 94.6 16 90.4
      vertex 94.6 15.21 90.4
    endloop
  endfacet
  facet normal -0 0 1
    outer loop
      vertex -97.4 16 90.4
      vertex -74.6 15.21 90.4
      vertex -74.6 16 90.4
    endloop
  endfacet
  facet normal 0 0 1
    outer loop
      vertex -74.6 15.21 90.4
      vertex -97.4 16 90.4
      vertex -97.4 15.21 90.4
    endloop
  endfacet
  facet normal -0 0 1
    outer loop
      vertex -73.4 16 90.4
      vertex -50.6 15.21 90.4
      vertex -50.6 16 90.4
    endloop
  endfacet
  facet normal 0 0 1
    outer loop
      vertex -50.6 15.21 90.4
      vertex -73.4 16 90.4
      vertex -73.4 15.21 90.4
    endloop
  endfacet
  facet normal -0 0 1
    outer loop
      vertex -49.4 16 90.4
      vertex -31.8904 15.21 90.4
      vertex -31.8904 16 90.4
    endloop
  endfacet
  facet normal 0 0 1
    outer loop
      vertex -31.8904 15.21 90.4
      vertex -49.4 16 90.4
      vertex -49.4 15.21 90.4
    endloop
  endfacet
  facet normal -0 0 1
    outer loop
      vertex 31.8904 16 90.4
      vertex 45.4 15.21 90.4
      vertex 45.4 16 90.4
    endloop
  endfacet
  facet normal 0 0 1
    outer loop
      vertex 45.4 15.21 90.4
      vertex 31.8904 16 90.4
      vertex 31.8904 15.21 90.4
    endloop
  endfacet
  facet normal -0 0 1
    outer loop
      vertex 46.6 16 90.4
      vertex 69.4 15.21 90.4
      vertex 69.4 16 90.4
    endloop
  endfacet
  facet normal 0 0 1
    outer loop
      vertex 69.4 15.21 90.4
      vertex 46.6 16 90.4
      vertex 46.6 15.21 90.4
    endloop
  endfacet
  facet normal -0 0 1
    outer loop
      vertex 70.6 16 90.4
      vertex 93.4 15.21 90.4
      vertex 93.4 16 90.4
    endloop
  endfacet
  facet normal 0 0 1
    outer loop
      vertex 93.4 15.21 90.4
      vertex 70.6 16 90.4
      vertex 70.6 15.21 90.4
    endloop
  endfacet
  facet normal 0 0 -1
    outer loop
      vertex 94.6 -16 104.6
      vertex 110 -15.21 104.6
      vertex 110 -16 104.6
    endloop
  endfacet
  facet normal -0 0 -1
    outer loop
      vertex 110 -15.21 104.6
      vertex 94.6 -16 104.6
      vertex 94.6 -15.21 104.6
    endloop
  endfacet
  facet normal 0 0 -1
    outer loop
      vertex -110 -16 104.6
      vertex -98.6 -15.21 104.6
      vertex -98.6 -16 104.6
    endloop
  endfacet
  facet normal -0 0 -1
    outer loop
      vertex -98.6 -15.21 104.6
      vertex -110 -16 104.6
      vertex -110 -15.21 104.6
    endloop
  endfacet
  facet normal 0 0 -1
    outer loop
      vertex -97.4 -16 104.6
      vertex -74.6 -15.21 104.6
      vertex -74.6 -16 104.6
    endloop
  endfacet
  facet normal -0 0 -1
    outer loop
      vertex -74.6 -15.21 104.6
      vertex -97.4 -16 104.6
      vertex -97.4 -15.21 104.6
    endloop
  endfacet
  facet normal 0 0 -1
    outer loop
      vertex -73.4 -16 104.6
      vertex -50.6 -15.21 104.6
      vertex -50.6 -16 104.6
    endloop
  endfacet
  facet normal -0 0 -1
    outer loop
      vertex -50.6 -15.21 104.6
      vertex -73.4 -16 104.6
      vertex -73.4 -15.21 104.6
    endloop
  endfacet
  facet normal 0 0 -1
    outer loop
      vertex -49.4 -16 104.6
      vertex -46 -15.21 104.6
      vertex -46 -16 104.6
    endloop
  endfacet
  facet normal -0 0 -1
    outer loop
      vertex -46 -15.21 104.6
      vertex -49.4 -16 104.6
      vertex -49.4 -15.21 104.6
    endloop
  endfacet
  facet normal 0 0 -1
    outer loop
      vertex 46.6 -16 104.6
      vertex 69.4 -15.21 104.6
      vertex 69.4 -16 104.6
    endloop
  endfacet
  facet normal -0 0 -1
    outer loop
      vertex 69.4 -15.21 104.6
      vertex 46.6 -16 104.6
      vertex 46.6 -15.21 104.6
    endloop
  endfacet
  facet normal 0 0 -1
    outer loop
      vertex 70.6 -16 104.6
      vertex 93.4 -15.21 104.6
      vertex 93.4 -16 104.6
    endloop
  endfacet
  facet normal -0 0 -1
    outer loop
      vertex 93.4 -15.21 104.6
      vertex 70.6 -16 104.6
      vertex 70.6 -15.21 104.6
    endloop
  endfacet
  facet normal 0 0 -1
    outer loop
      vertex -40 -16 104.6
      vertex -20.1345 -15.21 104.6
      vertex -20.1345 -16 104.6
    endloop
  endfacet
  facet normal -0 0 -1
    outer loop
      vertex -20.1345 -15.21 104.6
      vertex -40 -16 104.6
      vertex -40 -15.21 104.6
    endloop
  endfacet
  facet normal 0 0 -1
    outer loop
      vertex 20.1345 -16 104.6
      vertex 40 -15.21 104.6
      vertex 40 -16 104.6
    endloop
  endfacet
  facet normal -0 0 -1
    outer loop
      vertex 40 -15.21 104.6
      vertex 20.1345 -16 104.6
      vertex 20.1345 -15.21 104.6
    endloop
  endfacet
  facet normal -0 0 1
    outer loop
      vertex 106.6 -15.21 103.4
      vertex 110 -16 103.4
      vertex 110 -15.21 103.4
    endloop
  endfacet
  facet normal 0 0 1
    outer loop
      vertex 110 -16 103.4
      vertex 106.6 -15.21 103.4
      vertex 106.6 -16 103.4
    endloop
  endfacet
  facet normal -0 0 1
    outer loop
      vertex -110 -15.21 103.4
      vertex -86.6 -16 103.4
      vertex -86.6 -15.21 103.4
    endloop
  endfacet
  facet normal 0 0 1
    outer loop
      vertex -86.6 -16 103.4
      vertex -110 -15.21 103.4
      vertex -110 -16 103.4
    endloop
  endfacet
  facet normal -0 0 1
    outer loop
      vertex -85.4 -15.21 103.4
      vertex -62.6 -16 103.4
      vertex -62.6 -15.21 103.4
    endloop
  endfacet
  facet normal 0 0 1
    outer loop
      vertex -62.6 -16 103.4
      vertex -85.4 -15.21 103.4
      vertex -85.4 -16 103.4
    endloop
  endfacet
  facet normal -0 0 1
    outer loop
      vertex -61.4 -15.21 103.4
      vertex -46 -16 103.4
      vertex -46 -15.21 103.4
    endloop
  endfacet
  facet normal 0 0 1
    outer loop
      vertex -46 -16 103.4
      vertex -61.4 -15.21 103.4
      vertex -61.4 -16 103.4
    endloop
  endfacet
  facet normal -0 0 1
    outer loop
      vertex 46 -15.21 103.4
      vertex 57.4 -16 103.4
      vertex 57.4 -15.21 103.4
    endloop
  endfacet
  facet normal 0 0 1
    outer loop
      vertex 57.4 -16 103.4
      vertex 46 -15.21 103.4
      vertex 46 -16 103.4
    endloop
  endfacet
  facet normal -0 0 1
    outer loop
      vertex 58.6 -15.21 103.4
      vertex 81.4 -16 103.4
      vertex 81.4 -15.21 103.4
    endloop
  endfacet
  facet normal 0 0 1
    outer loop
      vertex 81.4 -16 103.4
      vertex 58.6 -15.21 103.4
      vertex 58.6 -16 103.4
    endloop
  endfacet
  facet normal -0 0 1
    outer loop
      vertex 82.6 -15.21 103.4
      vertex 105.4 -16 103.4
      vertex 105.4 -15.21 103.4
    endloop
  endfacet
  facet normal 0 0 1
    outer loop
      vertex 105.4 -16 103.4
      vertex 82.6 -15.21 103.4
      vertex 82.6 -16 103.4
    endloop
  endfacet
  facet normal 0 0 1
    outer loop
      vertex -21.7031 -15.21 103.4
      vertex -31.8481 -16 103.4
      vertex -21.7031 -16 103.4
    endloop
  endfacet
  facet normal 0 -0 1
    outer loop
      vertex -31.8481 -16 103.4
      vertex -21.7031 -15.21 103.4
      vertex -32.511 -15.21 103.4
    endloop
  endfacet
  facet normal -0 0 1
    outer loop
      vertex 21.7031 -15.21 103.4
      vertex 40 -16 103.4
      vertex 40 -15.21 103.4
    endloop
  endfacet
  facet normal 0 0 1
    outer loop
      vertex 40 -16 103.4
      vertex 21.7031 -15.21 103.4
      vertex 21.7031 -16 103.4
    endloop
  endfacet
  facet normal 0 0 -1
    outer loop
      vertex 94.6 15.21 104.6
      vertex 110 16 104.6
      vertex 110 15.21 104.6
    endloop
  endfacet
  facet normal -0 0 -1
    outer loop
      vertex 110 16 104.6
      vertex 94.6 15.21 104.6
      vertex 94.6 16 104.6
    endloop
  endfacet
  facet normal 0 0 -1
    outer loop
      vertex -110 15.21 104.6
      vertex -98.6 16 104.6
      vertex -98.6 15.21 104.6
    endloop
  endfacet
  facet normal -0 0 -1
    outer loop
      vertex -98.6 16 104.6
      vertex -110 15.21 104.6
      vertex -110 16 104.6
    endloop
  endfacet
  facet normal 0 0 -1
    outer loop
      vertex -97.4 15.21 104.6
      vertex -74.6 16 104.6
      vertex -74.6 15.21 104.6
    endloop
  endfacet
  facet normal -0 0 -1
    outer loop
      vertex -74.6 16 104.6
      vertex -97.4 15.21 104.6
      vertex -97.4 16 104.6
    endloop
  endfacet
  facet normal 0 0 -1
    outer loop
      vertex -73.4 15.21 104.6
      vertex -50.6 16 104.6
      vertex -50.6 15.21 104.6
    endloop
  endfacet
  facet normal -0 0 -1
    outer loop
      vertex -50.6 16 104.6
      vertex -73.4 15.21 104.6
      vertex -73.4 16 104.6
    endloop
  endfacet
  facet normal 0 0 -1
    outer loop
      vertex -49.4 15.21 104.6
      vertex -20.1345 16 104.6
      vertex -20.1345 15.21 104.6
    endloop
  endfacet
  facet normal -0 0 -1
    outer loop
      vertex -20.1345 16 104.6
      vertex -49.4 15.21 104.6
      vertex -49.4 16 104.6
    endloop
  endfacet
  facet normal 0 0 -1
    outer loop
      vertex 20.1345 15.21 104.6
      vertex 45.4 16 104.6
      vertex 45.4 15.21 104.6
    endloop
  endfacet
  facet normal -0 0 -1
    outer loop
      vertex 45.4 16 104.6
      vertex 20.1345 15.21 104.6
      vertex 20.1345 16 104.6
    endloop
  endfacet
  facet normal 0 0 -1
    outer loop
      vertex 46.6 15.21 104.6
      vertex 69.4 16 104.6
      vertex 69.4 15.21 104.6
    endloop
  endfacet
  facet normal -0 0 -1
    outer loop
      vertex 69.4 16 104.6
      vertex 46.6 15.21 104.6
      vertex 46.6 16 104.6
    endloop
  endfacet
  facet normal 0 0 -1
    outer loop
      vertex 70.6 15.21 104.6
      vertex 93.4 16 104.6
      vertex 93.4 15.21 104.6
    endloop
  endfacet
  facet normal -0 0 -1
    outer loop
      vertex 93.4 16 104.6
      vertex 70.6 15.21 104.6
      vertex 70.6 16 104.6
    endloop
  endfacet
  facet normal -0 0 1
    outer loop
      vertex -110 16 103.4
      vertex -86.6 15.21 103.4
      vertex -86.6 16 103.4
    endloop
  endfacet
  facet normal 0 0 1
    outer loop
      vertex -86.6 15.21 103.4
      vertex -110 16 103.4
      vertex -110 15.21 103.4
    endloop
  endfacet
  facet normal -0 0 1
    outer loop
      vertex 106.6 16 103.4
      vertex 110 15.21 103.4
      vertex 110 16 103.4
    endloop
  endfacet
  facet normal 0 0 1
    outer loop
      vertex 110 15.21 103.4
      vertex 106.6 16 103.4
      vertex 106.6 15.21 103.4
    endloop
  endfacet
  facet normal -0 0 1
    outer loop
      vertex -85.4 16 103.4
      vertex -62.6 15.21 103.4
      vertex -62.6 16 103.4
    endloop
  endfacet
  facet normal 0 0 1
    outer loop
      vertex -62.6 15.21 103.4
      vertex -85.4 16 103.4
      vertex -85.4 15.21 103.4
    endloop
  endfacet
  facet normal -0 0 1
    outer loop
      vertex -61.4 16 103.4
      vertex -38.6 15.21 103.4
      vertex -38.6 16 103.4
    endloop
  endfacet
  facet normal 0 0 1
    outer loop
      vertex -38.6 15.21 103.4
      vertex -61.4 16 103.4
      vertex -61.4 15.21 103.4
    endloop
  endfacet
  facet normal -0 0 1
    outer loop
      vertex -37.4 16 103.4
      vertex -21.7031 15.21 103.4
      vertex -21.7031 16 103.4
    endloop
  endfacet
  facet normal 0 0 1
    outer loop
      vertex -21.7031 15.21 103.4
      vertex -37.4 16 103.4
      vertex -37.4 15.21 103.4
    endloop
  endfacet
  facet normal -0 0 1
    outer loop
      vertex 21.7031 16 103.4
      vertex 57.4 15.21 103.4
      vertex 57.4 16 103.4
    endloop
  endfacet
  facet normal 0 0 1
    outer loop
      vertex 57.4 15.21 103.4
      vertex 21.7031 16 103.4
      vertex 21.7031 15.21 103.4
    endloop
  endfacet
  facet normal -0 0 1
    outer loop
      vertex 58.6 16 103.4
      vertex 81.4 15.21 103.4
      vertex 81.4 16 103.4
    endloop
  endfacet
  facet normal 0 0 1
    outer loop
      vertex 81.4 15.21 103.4
      vertex 58.6 16 103.4
      vertex 58.6 15.21 103.4
    endloop
  endfacet
  facet normal -0 0 1
    outer loop
      vertex 82.6 16 103.4
      vertex 105.4 15.21 103.4
      vertex 105.4 16 103.4
    endloop
  endfacet
  facet normal 0 0 1
    outer loop
      vertex 105.4 15.21 103.4
      vertex 82.6 16 103.4
      vertex 82.6 15.21 103.4
    endloop
  endfacet
  facet normal 0 0 -1
    outer loop
      vertex -110 -16 117.6
      vertex 110 -15.21 117.6
      vertex 110 -16 117.6
    endloop
  endfacet
  facet normal -0 0 -1
    outer loop
      vertex 110 -15.21 117.6
      vertex -110 -16 117.6
      vertex -110 -15.21 117.6
    endloop
  endfacet
  facet normal -0 0 1
    outer loop
      vertex 94.6 -15.21 116.4
      vertex 110 -16 116.4
      vertex 110 -15.21 116.4
    endloop
  endfacet
  facet normal 0 0 1
    outer loop
      vertex 110 -16 116.4
      vertex 94.6 -15.21 116.4
      vertex 94.6 -16 116.4
    endloop
  endfacet
  facet normal -0 0 1
    outer loop
      vertex -110 -15.21 116.4
      vertex -98.6 -16 116.4
      vertex -98.6 -15.21 116.4
    endloop
  endfacet
  facet normal 0 0 1
    outer loop
      vertex -98.6 -16 116.4
      vertex -110 -15.21 116.4
      vertex -110 -16 116.4
    endloop
  endfacet
  facet normal -0 0 1
    outer loop
      vertex -97.4 -15.21 116.4
      vertex -74.6 -16 116.4
      vertex -74.6 -15.21 116.4
    endloop
  endfacet
  facet normal 0 0 1
    outer loop
      vertex -74.6 -16 116.4
      vertex -97.4 -15.21 116.4
      vertex -97.4 -16 116.4
    endloop
  endfacet
  facet normal -0 0 1
    outer loop
      vertex -73.4 -15.21 116.4
      vertex -50.6 -16 116.4
      vertex -50.6 -15.21 116.4
    endloop
  endfacet
  facet normal 0 0 1
    outer loop
      vertex -50.6 -16 116.4
      vertex -73.4 -15.21 116.4
      vertex -73.4 -16 116.4
    endloop
  endfacet
  facet normal -0 0 1
    outer loop
      vertex -49.4 -15.21 116.4
      vertex 45.4 -16 116.4
      vertex 45.4 -15.21 116.4
    endloop
  endfacet
  facet normal 0 0 1
    outer loop
      vertex 45.4 -16 116.4
      vertex -49.4 -15.21 116.4
      vertex -49.4 -16 116.4
    endloop
  endfacet
  facet normal -0 0 1
    outer loop
      vertex 46.6 -15.21 116.4
      vertex 69.4 -16 116.4
      vertex 69.4 -15.21 116.4
    endloop
  endfacet
  facet normal 0 0 1
    outer loop
      vertex 69.4 -16 116.4
      vertex 46.6 -15.21 116.4
      vertex 46.6 -16 116.4
    endloop
  endfacet
  facet normal -0 0 1
    outer loop
      vertex 70.6 -15.21 116.4
      vertex 93.4 -16 116.4
      vertex 93.4 -15.21 116.4
    endloop
  endfacet
  facet normal 0 0 1
    outer loop
      vertex 93.4 -16 116.4
      vertex 70.6 -15.21 116.4
      vertex 70.6 -16 116.4
    endloop
  endfacet
  facet normal 0 0 -1
    outer loop
      vertex -110 15.21 117.6
      vertex 110 16 117.6
      vertex 110 15.21 117.6
    endloop
  endfacet
  facet normal -0 0 -1
    outer loop
      vertex 110 16 117.6
      vertex -110 15.21 117.6
      vertex -110 16 117.6
    endloop
  endfacet
  facet normal -0 0 1
    outer loop
      vertex -110 16 116.4
      vertex -98.6 15.21 116.4
      vertex -98.6 16 116.4
    endloop
  endfacet
  facet normal 0 0 1
    outer loop
      vertex -98.6 15.21 116.4
      vertex -110 16 116.4
      vertex -110 15.21 116.4
    endloop
  endfacet
  facet normal -0 0 1
    outer loop
      vertex 94.6 16 116.4
      vertex 110 15.21 116.4
      vertex 110 16 116.4
    endloop
  endfacet
  facet normal 0 0 1
    outer loop
      vertex 110 15.21 116.4
      vertex 94.6 16 116.4
      vertex 94.6 15.21 116.4
    endloop
  endfacet
  facet normal -0 0 1
    outer loop
      vertex -97.4 16 116.4
      vertex -74.6 15.21 116.4
      vertex -74.6 16 116.4
    endloop
  endfacet
  facet normal 0 0 1
    outer loop
      vertex -74.6 15.21 116.4
      vertex -97.4 16 116.4
      vertex -97.4 15.21 116.4
    endloop
  endfacet
  facet normal -0 0 1
    outer loop
      vertex -73.4 16 116.4
      vertex -50.6 15.21 116.4
      vertex -50.6 16 116.4
    endloop
  endfacet
  facet normal 0 0 1
    outer loop
      vertex -50.6 15.21 116.4
      vertex -73.4 16 116.4
      vertex -73.4 15.21 116.4
    endloop
  endfacet
  facet normal -0 0 1
    outer loop
      vertex -49.4 16 116.4
      vertex 45.4 15.21 116.4
      vertex 45.4 16 116.4
    endloop
  endfacet
  facet normal 0 0 1
    outer loop
      vertex 45.4 15.21 116.4
      vertex -49.4 16 116.4
      vertex -49.4 15.21 116.4
    endloop
  endfacet
  facet normal -0 0 1
    outer loop
      vertex 46.6 16 116.4
      vertex 69.4 15.21 116.4
      vertex 69.4 16 116.4
    endloop
  endfacet
  facet normal 0 0 1
    outer loop
      vertex 69.4 15.21 116.4
      vertex 46.6 16 116.4
      vertex 46.6 15.21 116.4
    endloop
  endfacet
  facet normal -0 0 1
    outer loop
      vertex 70.6 16 116.4
      vertex 93.4 15.21 116.4
      vertex 93.4 16 116.4
    endloop
  endfacet
  facet normal 0 0 1
    outer loop
      vertex 93.4 15.21 116.4
      vertex 70.6 16 116.4
      vertex 70.6 15.21 116.4
    endloop
  endfacet
  facet normal 1 -0 0
    outer loop
      vertex -98.6 -16 12.4
      vertex -98.6 -15.21 0
      vertex -98.6 -15.21 12.4
    endloop
  endfacet
  facet normal 1 0 0
    outer loop
      vertex -98.6 -15.21 0
      vertex -98.6 -16 12.4
      vertex -98.6 -16 0
    endloop
  endfacet
  facet normal -1 0 0
    outer loop
      vertex -97.4 -16 0
      vertex -97.4 -15.21 12.4
      vertex -97.4 -15.21 0
    endloop
  endfacet
  facet normal -1 -0 0
    outer loop
      vertex -97.4 -15.21 12.4
      vertex -97.4 -16 0
      vertex -97.4 -16 12.4
    endloop
  endfacet
  facet normal 1 -0 0
    outer loop
      vertex -98.6 15.21 12.4
      vertex -98.6 16 0
      vertex -98.6 16 12.4
    endloop
  endfacet
  facet normal 1 0 0
    outer loop
      vertex -98.6 16 0
      vertex -98.6 15.21 12.4
      vertex -98.6 15.21 0
    endloop
  endfacet
  facet normal -1 0 0
    outer loop
      vertex -97.4 15.21 0
      vertex -97.4 16 12.4
      vertex -97.4 16 0
    endloop
  endfacet
  facet normal -1 -0 0
    outer loop
      vertex -97.4 16 12.4
      vertex -97.4 15.21 0
      vertex -97.4 15.21 12.4
    endloop
  endfacet
  facet normal 1 -0 0
    outer loop
      vertex -74.6 -16 12.4
      vertex -74.6 -15.21 0
      vertex -74.6 -15.21 12.4
    endloop
  endfacet
  facet normal 1 0 0
    outer loop
      vertex -74.6 -15.21 0
      vertex -74.6 -16 12.4
      vertex -74.6 -16 0
    endloop
  endfacet
  facet normal -1 0 0
    outer loop
      vertex -73.4 -16 0
      vertex -73.4 -15.21 12.4
      vertex -73.4 -15.21 0
    endloop
  endfacet
  facet normal -1 -0 0
    outer loop
      vertex -73.4 -15.21 12.4
      vertex -73.4 -16 0
      vertex -73.4 -16 12.4
    endloop
  endfacet
  facet normal 1 -0 0
    outer loop
      vertex -74.6 15.21 12.4
      vertex -74.6 16 0
      vertex -74.6 16 12.4
    endloop
  endfacet
  facet normal 1 0 0
    outer loop
      vertex -74.6 16 0
      vertex -74.6 15.21 12.4
      vertex -74.6 15.21 0
    endloop
  endfacet
  facet normal -1 0 0
    outer loop
      vertex -73.4 15.21 0
      vertex -73.4 16 12.4
      vertex -73.4 16 0
    endloop
  endfacet
  facet normal -1 -0 0
    outer loop
      vertex -73.4 16 12.4
      vertex -73.4 15.21 0
      vertex -73.4 15.21 12.4
    endloop
  endfacet
  facet normal 1 -0 0
    outer loop
      vertex -50.6 -16 12.4
      vertex -50.6 -15.21 0
      vertex -50.6 -15.21 12.4
    endloop
  endfacet
  facet normal 1 0 0
    outer loop
      vertex -50.6 -15.21 0
      vertex -50.6 -16 12.4
      vertex -50.6 -16 0
    endloop
  endfacet
  facet normal -1 0 0
    outer loop
      vertex -49.4 -16 0
      vertex -49.4 -15.21 12.4
      vertex -49.4 -15.21 0
    endloop
  endfacet
  facet normal -1 -0 0
    outer loop
      vertex -49.4 -15.21 12.4
      vertex -49.4 -16 0
      vertex -49.4 -16 12.4
    endloop
  endfacet
  facet normal 1 -0 0
    outer loop
      vertex -50.6 15.21 12.4
      vertex -50.6 16 0
      vertex -50.6 16 12.4
    endloop
  endfacet
  facet normal 1 0 0
    outer loop
      vertex -50.6 16 0
      vertex -50.6 15.21 12.4
      vertex -50.6 15.21 0
    endloop
  endfacet
  facet normal -1 0 0
    outer loop
      vertex -49.4 15.21 0
      vertex -49.4 16 12.4
      vertex -49.4 16 0
    endloop
  endfacet
  facet normal -1 -0 0
    outer loop
      vertex -49.4 16 12.4
      vertex -49.4 15.21 0
      vertex -49.4 15.21 12.4
    endloop
  endfacet
  facet normal 1 -0 0
    outer loop
      vertex 45.4 -16 12
      vertex 45.4 -15.21 0
      vertex 45.4 -15.21 12
    endloop
  endfacet
  facet normal 1 0 0
    outer loop
      vertex 45.4 -15.21 0
      vertex 45.4 -16 12
      vertex 45.4 -16 0
    endloop
  endfacet
  facet normal -1 0 0
    outer loop
      vertex 46.6 -16 0
      vertex 46.6 -15.21 12.4
      vertex 46.6 -15.21 0
    endloop
  endfacet
  facet normal -1 -0 0
    outer loop
      vertex 46.6 -15.21 12.4
      vertex 46.6 -16 0
      vertex 46.6 -16 12.4
    endloop
  endfacet
  facet normal 1 -0 0
    outer loop
      vertex 45.4 15.21 12.4
      vertex 45.4 16 0
      vertex 45.4 16 12.4
    endloop
  endfacet
  facet normal 1 0 0
    outer loop
      vertex 45.4 16 0
      vertex 45.4 15.21 12.4
      vertex 45.4 15.21 0
    endloop
  endfacet
  facet normal -1 0 0
    outer loop
      vertex 46.6 15.21 0
      vertex 46.6 16 12.4
      vertex 46.6 16 0
    endloop
  endfacet
  facet normal -1 -0 0
    outer loop
      vertex 46.6 16 12.4
      vertex 46.6 15.21 0
      vertex 46.6 15.21 12.4
    endloop
  endfacet
  facet normal 1 -0 0
    outer loop
      vertex 69.4 -16 12.4
      vertex 69.4 -15.21 0
      vertex 69.4 -15.21 12.4
    endloop
  endfacet
  facet normal 1 0 0
    outer loop
      vertex 69.4 -15.21 0
      vertex 69.4 -16 12.4
      vertex 69.4 -16 0
    endloop
  endfacet
  facet normal -1 0 0
    outer loop
      vertex 70.6 -16 0
      vertex 70.6 -15.21 12.4
      vertex 70.6 -15.21 0
    endloop
  endfacet
  facet normal -1 -0 0
    outer loop
      vertex 70.6 -15.21 12.4
      vertex 70.6 -16 0
      vertex 70.6 -16 12.4
    endloop
  endfacet
  facet normal 1 -0 0
    outer loop
      vertex 69.4 15.21 12.4
      vertex 69.4 16 0
      vertex 69.4 16 12.4
    endloop
  endfacet
  facet normal 1 0 0
    outer loop
      vertex 69.4 16 0
      vertex 69.4 15.21 12.4
      vertex 69.4 15.21 0
    endloop
  endfacet
  facet normal -1 0 0
    outer loop
      vertex 70.6 15.21 0
      vertex 70.6 16 12.4
      vertex 70.6 16 0
    endloop
  endfacet
  facet normal -1 -0 0
    outer loop
      vertex 70.6 16 12.4
      vertex 70.6 15.21 0
      vertex 70.6 15.21 12.4
    endloop
  endfacet
  facet normal 1 -0 0
    outer loop
      vertex 93.4 -16 12.4
      vertex 93.4 -15.21 0
      vertex 93.4 -15.21 12.4
    endloop
  endfacet
  facet normal 1 0 0
    outer loop
      vertex 93.4 -15.21 0
      vertex 93.4 -16 12.4
      vertex 93.4 -16 0
    endloop
  endfacet
  facet normal -1 0 0
    outer loop
      vertex 94.6 -16 0
      vertex 94.6 -15.21 12.4
      vertex 94.6 -15.21 0
    endloop
  endfacet
  facet normal -1 -0 0
    outer loop
      vertex 94.6 -15.21 12.4
      vertex 94.6 -16 0
      vertex 94.6 -16 12.4
    endloop
  endfacet
  facet normal 1 -0 0
    outer loop
      vertex 93.4 15.21 12.4
      vertex 93.4 16 0
      vertex 93.4 16 12.4
    endloop
  endfacet
  facet normal 1 0 0
    outer loop
      vertex 93.4 16 0
      vertex 93.4 15.21 12.4
      vertex 93.4 15.21 0
    endloop
  endfacet
  facet normal -1 0 0
    outer loop
      vertex 94.6 15.21 0
      vertex 94.6 16 12.4
      vertex 94.6 16 0
    endloop
  endfacet
  facet normal -1 -0 0
    outer loop
      vertex 94.6 16 12.4
      vertex 94.6 15.21 0
      vertex 94.6 15.21 12.4
    endloop
  endfacet
  facet normal 1 -0 0
    outer loop
      vertex -86.6 -16 25.4
      vertex -86.6 -15.21 13.6
      vertex -86.6 -15.21 25.4
    endloop
  endfacet
  facet normal 1 0 0
    outer loop
      vertex -86.6 -15.21 13.6
      vertex -86.6 -16 25.4
      vertex -86.6 -16 13.6
    endloop
  endfacet
  facet normal -1 0 0
    outer loop
      vertex -85.4 -16 13.6
      vertex -85.4 -15.21 25.4
      vertex -85.4 -15.21 13.6
    endloop
  endfacet
  facet normal -1 -0 0
    outer loop
      vertex -85.4 -15.21 25.4
      vertex -85.4 -16 13.6
      vertex -85.4 -16 25.4
    endloop
  endfacet
  facet normal 1 -0 0
    outer loop
      vertex -86.6 15.21 25.4
      vertex -86.6 16 13.6
      vertex -86.6 16 25.4
    endloop
  endfacet
  facet normal 1 0 0
    outer loop
      vertex -86.6 16 13.6
      vertex -86.6 15.21 25.4
      vertex -86.6 15.21 13.6
    endloop
  endfacet
  facet normal -1 0 0
    outer loop
      vertex -85.4 15.21 13.6
      vertex -85.4 16 25.4
      vertex -85.4 16 13.6
    endloop
  endfacet
  facet normal -1 -0 0
    outer loop
      vertex -85.4 16 25.4
      vertex -85.4 15.21 13.6
      vertex -85.4 15.21 25.4
    endloop
  endfacet
  facet normal 1 -0 0
    outer loop
      vertex -62.6 -16 25.4
      vertex -62.6 -15.21 13.6
      vertex -62.6 -15.21 25.4
    endloop
  endfacet
  facet normal 1 0 0
    outer loop
      vertex -62.6 -15.21 13.6
      vertex -62.6 -16 25.4
      vertex -62.6 -16 13.6
    endloop
  endfacet
  facet normal -1 0 0
    outer loop
      vertex -61.4 -16 13.6
      vertex -61.4 -15.21 25.4
      vertex -61.4 -15.21 13.6
    endloop
  endfacet
  facet normal -1 -0 0
    outer loop
      vertex -61.4 -15.21 25.4
      vertex -61.4 -16 13.6
      vertex -61.4 -16 25.4
    endloop
  endfacet
  facet normal 1 -0 0
    outer loop
      vertex -62.6 15.21 25.4
      vertex -62.6 16 13.6
      vertex -62.6 16 25.4
    endloop
  endfacet
  facet normal 1 0 0
    outer loop
      vertex -62.6 16 13.6
      vertex -62.6 15.21 25.4
      vertex -62.6 15.21 13.6
    endloop
  endfacet
  facet normal -1 0 0
    outer loop
      vertex -61.4 15.21 13.6
      vertex -61.4 16 25.4
      vertex -61.4 16 13.6
    endloop
  endfacet
  facet normal -1 -0 0
    outer loop
      vertex -61.4 16 25.4
      vertex -61.4 15.21 13.6
      vertex -61.4 15.21 25.4
    endloop
  endfacet
  facet normal 1 -0 0
    outer loop
      vertex -38.6 -16 25.4
      vertex -38.6 -15.21 13.6
      vertex -38.6 -15.21 25.4
    endloop
  endfacet
  facet normal 1 0 0
    outer loop
      vertex -38.6 -15.21 13.6
      vertex -38.6 -16 25.4
      vertex -38.6 -16 13.6
    endloop
  endfacet
  facet normal -1 0 0
    outer loop
      vertex -37.4 -16 13.6
      vertex -37.4 -15.21 25.4
      vertex -37.4 -15.21 13.6
    endloop
  endfacet
  facet normal -1 -0 0
    outer loop
      vertex -37.4 -15.21 25.4
      vertex -37.4 -16 13.6
      vertex -37.4 -16 25.4
    endloop
  endfacet
  facet normal 1 -0 0
    outer loop
      vertex -38.6 15.21 25.4
      vertex -38.6 16 13.6
      vertex -38.6 16 25.4
    endloop
  endfacet
  facet normal 1 0 0
    outer loop
      vertex -38.6 16 13.6
      vertex -38.6 15.21 25.4
      vertex -38.6 15.21 13.6
    endloop
  endfacet
  facet normal -1 0 0
    outer loop
      vertex -37.4 15.21 13.6
      vertex -37.4 16 25.4
      vertex -37.4 16 13.6
    endloop
  endfacet
  facet normal -1 -0 0
    outer loop
      vertex -37.4 16 25.4
      vertex -37.4 15.21 13.6
      vertex -37.4 15.21 25.4
    endloop
  endfacet
  facet normal 1 -0 0
    outer loop
      vertex 57.4 -16 25.4
      vertex 57.4 -15.21 13.6
      vertex 57.4 -15.21 25.4
    endloop
  endfacet
  facet normal 1 0 0
    outer loop
      vertex 57.4 -15.21 13.6
      vertex 57.4 -16 25.4
      vertex 57.4 -16 13.6
    endloop
  endfacet
  facet normal -1 0 0
    outer loop
      vertex 58.6 -16 13.6
      vertex 58.6 -15.21 25.4
      vertex 58.6 -15.21 13.6
    endloop
  endfacet
  facet normal -1 -0 0
    outer loop
      vertex 58.6 -15.21 25.4
      vertex 58.6 -16 13.6
      vertex 58.6 -16 25.4
    endloop
  endfacet
  facet normal 1 -0 0
    outer loop
      vertex 57.4 15.21 25.4
      vertex 57.4 16 13.6
      vertex 57.4 16 25.4
    endloop
  endfacet
  facet normal 1 0 0
    outer loop
      vertex 57.4 16 13.6
      vertex 57.4 15.21 25.4
      vertex 57.4 15.21 13.6
    endloop
  endfacet
  facet normal -1 0 0
    outer loop
      vertex 58.6 15.21 13.6
      vertex 58.6 16 25.4
      vertex 58.6 16 13.6
    endloop
  endfacet
  facet normal -1 -0 0
    outer loop
      vertex 58.6 16 25.4
      vertex 58.6 15.21 13.6
      vertex 58.6 15.21 25.4
    endloop
  endfacet
  facet normal 1 -0 0
    outer loop
      vertex 81.4 -16 25.4
      vertex 81.4 -15.21 13.6
      vertex 81.4 -15.21 25.4
    endloop
  endfacet
  facet normal 1 0 0
    outer loop
      vertex 81.4 -15.21 13.6
      vertex 81.4 -16 25.4
      vertex 81.4 -16 13.6
    endloop
  endfacet
  facet normal -1 0 0
    outer loop
      vertex 82.6 -16 13.6
      vertex 82.6 -15.21 25.4
      vertex 82.6 -15.21 13.6
    endloop
  endfacet
  facet normal -1 -0 0
    outer loop
      vertex 82.6 -15.21 25.4
      vertex 82.6 -16 13.6
      vertex 82.6 -16 25.4
    endloop
  endfacet
  facet normal 1 -0 0
    outer loop
      vertex 81.4 15.21 25.4
      vertex 81.4 16 13.6
      vertex 81.4 16 25.4
    endloop
  endfacet
  facet normal 1 0 0
    outer loop
      vertex 81.4 16 13.6
      vertex 81.4 15.21 25.4
      vertex 81.4 15.21 13.6
    endloop
  endfacet
  facet normal -1 0 0
    outer loop
      vertex 82.6 15.21 13.6
      vertex 82.6 16 25.4
      vertex 82.6 16 13.6
    endloop
  endfacet
  facet normal -1 -0 0
    outer loop
      vertex 82.6 16 25.4
      vertex 82.6 15.21 13.6
      vertex 82.6 15.21 25.4
    endloop
  endfacet
  facet normal 1 -0 0
    outer loop
      vertex 105.4 -16 25.4
      vertex 105.4 -15.21 13.6
      vertex 105.4 -15.21 25.4
    endloop
  endfacet
  facet normal 1 0 0
    outer loop
      vertex 105.4 -15.21 13.6
      vertex 105.4 -16 25.4
      vertex 105.4 -16 13.6
    endloop
  endfacet
  facet normal -1 0 0
    outer loop
      vertex 106.6 -16 13.6
      vertex 106.6 -15.21 25.4
      vertex 106.6 -15.21 13.6
    endloop
  endfacet
  facet normal -1 -0 0
    outer loop
      vertex 106.6 -15.21 25.4
      vertex 106.6 -16 13.6
      vertex 106.6 -16 25.4
    endloop
  endfacet
  facet normal 1 -0 0
    outer loop
      vertex 105.4 15.21 25.4
      vertex 105.4 16 13.6
      vertex 105.4 16 25.4
    endloop
  endfacet
  facet normal 1 0 0
    outer loop
      vertex 105.4 16 13.6
      vertex 105.4 15.21 25.4
      vertex 105.4 15.21 13.6
    endloop
  endfacet
  facet normal -1 0 0
    outer loop
      vertex 106.6 15.21 13.6
      vertex 106.6 16 25.4
      vertex 106.6 16 13.6
    endloop
  endfacet
  facet normal -1 -0 0
    outer loop
      vertex 106.6 16 25.4
      vertex 106.6 15.21 13.6
      vertex 106.6 15.21 25.4
    endloop
  endfacet
  facet normal 1 -0 0
    outer loop
      vertex -98.6 -16 38.4
      vertex -98.6 -15.21 26.6
      vertex -98.6 -15.21 38.4
    endloop
  endfacet
  facet normal 1 0 0
    outer loop
      vertex -98.6 -15.21 26.6
      vertex -98.6 -16 38.4
      vertex -98.6 -16 26.6
    endloop
  endfacet
  facet normal -1 0 0
    outer loop
      vertex -97.4 -16 26.6
      vertex -97.4 -15.21 38.4
      vertex -97.4 -15.21 26.6
    endloop
  endfacet
  facet normal -1 -0 0
    outer loop
      vertex -97.4 -15.21 38.4
      vertex -97.4 -16 26.6
      vertex -97.4 -16 38.4
    endloop
  endfacet
  facet normal 1 -0 0
    outer loop
      vertex -98.6 15.21 38.4
      vertex -98.6 16 26.6
      vertex -98.6 16 38.4
    endloop
  endfacet
  facet normal 1 0 0
    outer loop
      vertex -98.6 16 26.6
      vertex -98.6 15.21 38.4
      vertex -98.6 15.21 26.6
    endloop
  endfacet
  facet normal -1 0 0
    outer loop
      vertex -97.4 15.21 26.6
      vertex -97.4 16 38.4
      vertex -97.4 16 26.6
    endloop
  endfacet
  facet normal -1 -0 0
    outer loop
      vertex -97.4 16 38.4
      vertex -97.4 15.21 26.6
      vertex -97.4 15.21 38.4
    endloop
  endfacet
  facet normal 1 -0 0
    outer loop
      vertex -74.6 -16 38.4
      vertex -74.6 -15.21 26.6
      vertex -74.6 -15.21 38.4
    endloop
  endfacet
  facet normal 1 0 0
    outer loop
      vertex -74.6 -15.21 26.6
      vertex -74.6 -16 38.4
      vertex -74.6 -16 26.6
    endloop
  endfacet
  facet normal -1 0 0
    outer loop
      vertex -73.4 -16 26.6
      vertex -73.4 -15.21 38.4
      vertex -73.4 -15.21 26.6
    endloop
  endfacet
  facet normal -1 -0 0
    outer loop
      vertex -73.4 -15.21 38.4
      vertex -73.4 -16 26.6
      vertex -73.4 -16 38.4
    endloop
  endfacet
  facet normal 1 -0 0
    outer loop
      vertex -74.6 15.21 38.4
      vertex -74.6 16 26.6
      vertex -74.6 16 38.4
    endloop
  endfacet
  facet normal 1 0 0
    outer loop
      vertex -74.6 16 26.6
      vertex -74.6 15.21 38.4
      vertex -74.6 15.21 26.6
    endloop
  endfacet
  facet normal -1 0 0
    outer loop
      vertex -73.4 15.21 26.6
      vertex -73.4 16 38.4
      vertex -73.4 16 26.6
    endloop
  endfacet
  facet normal -1 -0 0
    outer loop
      vertex -73.4 16 38.4
      vertex -73.4 15.21 26.6
      vertex -73.4 15.21 38.4
    endloop
  endfacet
  facet normal 1 -0 0
    outer loop
      vertex -50.6 -16 38.4
      vertex -50.6 -15.21 26.6
      vertex -50.6 -15.21 38.4
    endloop
  endfacet
  facet normal 1 0 0
    outer loop
      vertex -50.6 -15.21 26.6
      vertex -50.6 -16 38.4
      vertex -50.6 -16 26.6
    endloop
  endfacet
  facet normal -1 0 0
    outer loop
      vertex -49.4 -16 26.6
      vertex -49.4 -15.21 38.4
      vertex -49.4 -15.21 26.6
    endloop
  endfacet
  facet normal -1 -0 0
    outer loop
      vertex -49.4 -15.21 38.4
      vertex -49.4 -16 26.6
      vertex -49.4 -16 38.4
    endloop
  endfacet
  facet normal 1 -0 0
    outer loop
      vertex -50.6 15.21 38.4
      vertex -50.6 16 26.6
      vertex -50.6 16 38.4
    endloop
  endfacet
  facet normal 1 0 0
    outer loop
      vertex -50.6 16 26.6
      vertex -50.6 15.21 38.4
      vertex -50.6 15.21 26.6
    endloop
  endfacet
  facet normal -1 0 0
    outer loop
      vertex -49.4 15.21 26.6
      vertex -49.4 16 38.4
      vertex -49.4 16 26.6
    endloop
  endfacet
  facet normal -1 -0 0
    outer loop
      vertex -49.4 16 38.4
      vertex -49.4 15.21 26.6
      vertex -49.4 15.21 38.4
    endloop
  endfacet
  facet normal -1 0 0
    outer loop
      vertex 46.6 -16 26.6
      vertex 46.6 -15.21 38.4
      vertex 46.6 -15.21 26.6
    endloop
  endfacet
  facet normal -1 -0 0
    outer loop
      vertex 46.6 -15.21 38.4
      vertex 46.6 -16 26.6
      vertex 46.6 -16 38.4
    endloop
  endfacet
  facet normal 1 -0 0
    outer loop
      vertex 45.4 15.21 38.4
      vertex 45.4 16 26.6
      vertex 45.4 16 38.4
    endloop
  endfacet
  facet normal 1 0 0
    outer loop
      vertex 45.4 16 26.6
      vertex 45.4 15.21 38.4
      vertex 45.4 15.21 26.6
    endloop
  endfacet
  facet normal -1 0 0
    outer loop
      vertex 46.6 15.21 26.6
      vertex 46.6 16 38.4
      vertex 46.6 16 26.6
    endloop
  endfacet
  facet normal -1 -0 0
    outer loop
      vertex 46.6 16 38.4
      vertex 46.6 15.21 26.6
      vertex 46.6 15.21 38.4
    endloop
  endfacet
  facet normal 1 -0 0
    outer loop
      vertex 69.4 -16 38.4
      vertex 69.4 -15.21 26.6
      vertex 69.4 -15.21 38.4
    endloop
  endfacet
  facet normal 1 0 0
    outer loop
      vertex 69.4 -15.21 26.6
      vertex 69.4 -16 38.4
      vertex 69.4 -16 26.6
    endloop
  endfacet
  facet normal -1 0 0
    outer loop
      vertex 70.6 -16 26.6
      vertex 70.6 -15.21 38.4
      vertex 70.6 -15.21 26.6
    endloop
  endfacet
  facet normal -1 -0 0
    outer loop
      vertex 70.6 -15.21 38.4
      vertex 70.6 -16 26.6
      vertex 70.6 -16 38.4
    endloop
  endfacet
  facet normal 1 -0 0
    outer loop
      vertex 69.4 15.21 38.4
      vertex 69.4 16 26.6
      vertex 69.4 16 38.4
    endloop
  endfacet
  facet normal 1 0 0
    outer loop
      vertex 69.4 16 26.6
      vertex 69.4 15.21 38.4
      vertex 69.4 15.21 26.6
    endloop
  endfacet
  facet normal -1 0 0
    outer loop
      vertex 70.6 15.21 26.6
      vertex 70.6 16 38.4
      vertex 70.6 16 26.6
    endloop
  endfacet
  facet normal -1 -0 0
    outer loop
      vertex 70.6 16 38.4
      vertex 70.6 15.21 26.6
      vertex 70.6 15.21 38.4
    endloop
  endfacet
  facet normal 1 -0 0
    outer loop
      vertex 93.4 -16 38.4
      vertex 93.4 -15.21 26.6
      vertex 93.4 -15.21 38.4
    endloop
  endfacet
  facet normal 1 0 0
    outer loop
      vertex 93.4 -15.21 26.6
      vertex 93.4 -16 38.4
      vertex 93.4 -16 26.6
    endloop
  endfacet
  facet normal -1 0 0
    outer loop
      vertex 94.6 -16 26.6
      vertex 94.6 -15.21 38.4
      vertex 94.6 -15.21 26.6
    endloop
  endfacet
  facet normal -1 -0 0
    outer loop
      vertex 94.6 -15.21 38.4
      vertex 94.6 -16 26.6
      vertex 94.6 -16 38.4
    endloop
  endfacet
  facet normal 1 -0 0
    outer loop
      vertex 93.4 15.21 38.4
      vertex 93.4 16 26.6
      vertex 93.4 16 38.4
    endloop
  endfacet
  facet normal 1 0 0
    outer loop
      vertex 93.4 16 26.6
      vertex 93.4 15.21 38.4
      vertex 93.4 15.21 26.6
    endloop
  endfacet
  facet normal -1 0 0
    outer loop
      vertex 94.6 15.21 26.6
      vertex 94.6 16 38.4
      vertex 94.6 16 26.6
    endloop
  endfacet
  facet normal -1 -0 0
    outer loop
      vertex 94.6 16 38.4
      vertex 94.6 15.21 26.6
      vertex 94.6 15.21 38.4
    endloop
  endfacet
  facet normal 1 -0 0
    outer loop
      vertex -86.6 -16 51.4
      vertex -86.6 -15.21 39.6
      vertex -86.6 -15.21 51.4
    endloop
  endfacet
  facet normal 1 0 0
    outer loop
      vertex -86.6 -15.21 39.6
      vertex -86.6 -16 51.4
      vertex -86.6 -16 39.6
    endloop
  endfacet
  facet normal -1 0 0
    outer loop
      vertex -85.4 -16 39.6
      vertex -85.4 -15.21 51.4
      vertex -85.4 -15.21 39.6
    endloop
  endfacet
  facet normal -1 -0 0
    outer loop
      vertex -85.4 -15.21 51.4
      vertex -85.4 -16 39.6
      vertex -85.4 -16 51.4
    endloop
  endfacet
  facet normal 1 -0 0
    outer loop
      vertex -86.6 15.21 51.4
      vertex -86.6 16 39.6
      vertex -86.6 16 51.4
    endloop
  endfacet
  facet normal 1 0 0
    outer loop
      vertex -86.6 16 39.6
      vertex -86.6 15.21 51.4
      vertex -86.6 15.21 39.6
    endloop
  endfacet
  facet normal -1 0 0
    outer loop
      vertex -85.4 15.21 39.6
      vertex -85.4 16 51.4
      vertex -85.4 16 39.6
    endloop
  endfacet
  facet normal -1 -0 0
    outer loop
      vertex -85.4 16 51.4
      vertex -85.4 15.21 39.6
      vertex -85.4 15.21 51.4
    endloop
  endfacet
  facet normal 1 -0 0
    outer loop
      vertex -62.6 -16 51.4
      vertex -62.6 -15.21 39.6
      vertex -62.6 -15.21 51.4
    endloop
  endfacet
  facet normal 1 0 0
    outer loop
      vertex -62.6 -15.21 39.6
      vertex -62.6 -16 51.4
      vertex -62.6 -16 39.6
    endloop
  endfacet
  facet normal -1 0 0
    outer loop
      vertex -61.4 -16 39.6
      vertex -61.4 -15.21 51.4
      vertex -61.4 -15.21 39.6
    endloop
  endfacet
  facet normal -1 -0 0
    outer loop
      vertex -61.4 -15.21 51.4
      vertex -61.4 -16 39.6
      vertex -61.4 -16 51.4
    endloop
  endfacet
  facet normal 1 -0 0
    outer loop
      vertex -62.6 15.21 51.4
      vertex -62.6 16 39.6
      vertex -62.6 16 51.4
    endloop
  endfacet
  facet normal 1 0 0
    outer loop
      vertex -62.6 16 39.6
      vertex -62.6 15.21 51.4
      vertex -62.6 15.21 39.6
    endloop
  endfacet
  facet normal -1 0 0
    outer loop
      vertex -61.4 15.21 39.6
      vertex -61.4 16 51.4
      vertex -61.4 16 39.6
    endloop
  endfacet
  facet normal -1 -0 0
    outer loop
      vertex -61.4 16 51.4
      vertex -61.4 15.21 39.6
      vertex -61.4 15.21 51.4
    endloop
  endfacet
  facet normal 1 -0 0
    outer loop
      vertex -38.6 -16 51.4
      vertex -38.6 -15.21 39.6
      vertex -38.6 -15.21 51.4
    endloop
  endfacet
  facet normal 1 0 0
    outer loop
      vertex -38.6 -15.21 39.6
      vertex -38.6 -16 51.4
      vertex -38.6 -16 39.6
    endloop
  endfacet
  facet normal -1 0 0
    outer loop
      vertex -37.4 -16 39.6
      vertex -37.4 -15.21 51.4
      vertex -37.4 -15.21 39.6
    endloop
  endfacet
  facet normal -1 -0 0
    outer loop
      vertex -37.4 -15.21 51.4
      vertex -37.4 -16 39.6
      vertex -37.4 -16 51.4
    endloop
  endfacet
  facet normal 1 -0 0
    outer loop
      vertex -38.6 15.21 51.4
      vertex -38.6 16 39.6
      vertex -38.6 16 51.4
    endloop
  endfacet
  facet normal 1 0 0
    outer loop
      vertex -38.6 16 39.6
      vertex -38.6 15.21 51.4
      vertex -38.6 15.21 39.6
    endloop
  endfacet
  facet normal -1 0 0
    outer loop
      vertex -37.4 15.21 39.6
      vertex -37.4 16 51.4
      vertex -37.4 16 39.6
    endloop
  endfacet
  facet normal -1 -0 0
    outer loop
      vertex -37.4 16 51.4
      vertex -37.4 15.21 39.6
      vertex -37.4 15.21 51.4
    endloop
  endfacet
  facet normal 1 -0 0
    outer loop
      vertex 57.4 -16 51.4
      vertex 57.4 -15.21 39.6
      vertex 57.4 -15.21 51.4
    endloop
  endfacet
  facet normal 1 0 0
    outer loop
      vertex 57.4 -15.21 39.6
      vertex 57.4 -16 51.4
      vertex 57.4 -16 39.6
    endloop
  endfacet
  facet normal -1 0 0
    outer loop
      vertex 58.6 -16 39.6
      vertex 58.6 -15.21 51.4
      vertex 58.6 -15.21 39.6
    endloop
  endfacet
  facet normal -1 -0 0
    outer loop
      vertex 58.6 -15.21 51.4
      vertex 58.6 -16 39.6
      vertex 58.6 -16 51.4
    endloop
  endfacet
  facet normal 1 -0 0
    outer loop
      vertex 57.4 15.21 51.4
      vertex 57.4 16 39.6
      vertex 57.4 16 51.4
    endloop
  endfacet
  facet normal 1 0 0
    outer loop
      vertex 57.4 16 39.6
      vertex 57.4 15.21 51.4
      vertex 57.4 15.21 39.6
    endloop
  endfacet
  facet normal -1 0 0
    outer loop
      vertex 58.6 15.21 39.6
      vertex 58.6 16 51.4
      vertex 58.6 16 39.6
    endloop
  endfacet
  facet normal -1 -0 0
    outer loop
      vertex 58.6 16 51.4
      vertex 58.6 15.21 39.6
      vertex 58.6 15.21 51.4
    endloop
  endfacet
  facet normal 1 -0 0
    outer loop
      vertex 81.4 -16 51.4
      vertex 81.4 -15.21 39.6
      vertex 81.4 -15.21 51.4
    endloop
  endfacet
  facet normal 1 0 0
    outer loop
      vertex 81.4 -15.21 39.6
      vertex 81.4 -16 51.4
      vertex 81.4 -16 39.6
    endloop
  endfacet
  facet normal -1 0 0
    outer loop
      vertex 82.6 -16 39.6
      vertex 82.6 -15.21 51.4
      vertex 82.6 -15.21 39.6
    endloop
  endfacet
  facet normal -1 -0 0
    outer loop
      vertex 82.6 -15.21 51.4
      vertex 82.6 -16 39.6
      vertex 82.6 -16 51.4
    endloop
  endfacet
  facet normal 1 -0 0
    outer loop
      vertex 81.4 15.21 51.4
      vertex 81.4 16 39.6
      vertex 81.4 16 51.4
    endloop
  endfacet
  facet normal 1 0 0
    outer loop
      vertex 81.4 16 39.6
      vertex 81.4 15.21 51.4
      vertex 81.4 15.21 39.6
    endloop
  endfacet
  facet normal -1 0 0
    outer loop
      vertex 82.6 15.21 39.6
      vertex 82.6 16 51.4
      vertex 82.6 16 39.6
    endloop
  endfacet
  facet normal -1 -0 0
    outer loop
      vertex 82.6 16 51.4
      vertex 82.6 15.21 39.6
      vertex 82.6 15.21 51.4
    endloop
  endfacet
  facet normal 1 -0 0
    outer loop
      vertex 105.4 -16 51.4
      vertex 105.4 -15.21 39.6
      vertex 105.4 -15.21 51.4
    endloop
  endfacet
  facet normal 1 0 0
    outer loop
      vertex 105.4 -15.21 39.6
      vertex 105.4 -16 51.4
      vertex 105.4 -16 39.6
    endloop
  endfacet
  facet normal -1 0 0
    outer loop
      vertex 106.6 -16 39.6
      vertex 106.6 -15.21 51.4
      vertex 106.6 -15.21 39.6
    endloop
  endfacet
  facet normal -1 -0 0
    outer loop
      vertex 106.6 -15.21 51.4
      vertex 106.6 -16 39.6
      vertex 106.6 -16 51.4
    endloop
  endfacet
  facet normal 1 -0 0
    outer loop
      vertex 105.4 15.21 51.4
      vertex 105.4 16 39.6
      vertex 105.4 16 51.4
    endloop
  endfacet
  facet normal 1 0 0
    outer loop
      vertex 105.4 16 39.6
      vertex 105.4 15.21 51.4
      vertex 105.4 15.21 39.6
    endloop
  endfacet
  facet normal -1 0 0
    outer loop
      vertex 106.6 15.21 39.6
      vertex 106.6 16 51.4
      vertex 106.6 16 39.6
    endloop
  endfacet
  facet normal -1 -0 0
    outer loop
      vertex 106.6 16 51.4
      vertex 106.6 15.21 39.6
      vertex 106.6 15.21 51.4
    endloop
  endfacet
  facet normal 1 -0 0
    outer loop
      vertex -98.6 -16 64.4
      vertex -98.6 -15.21 52.6
      vertex -98.6 -15.21 64.4
    endloop
  endfacet
  facet normal 1 0 0
    outer loop
      vertex -98.6 -15.21 52.6
      vertex -98.6 -16 64.4
      vertex -98.6 -16 52.6
    endloop
  endfacet
  facet normal -1 0 0
    outer loop
      vertex -97.4 -16 52.6
      vertex -97.4 -15.21 64.4
      vertex -97.4 -15.21 52.6
    endloop
  endfacet
  facet normal -1 -0 0
    outer loop
      vertex -97.4 -15.21 64.4
      vertex -97.4 -16 52.6
      vertex -97.4 -16 64.4
    endloop
  endfacet
  facet normal 1 -0 0
    outer loop
      vertex -98.6 15.21 64.4
      vertex -98.6 16 52.6
      vertex -98.6 16 64.4
    endloop
  endfacet
  facet normal 1 0 0
    outer loop
      vertex -98.6 16 52.6
      vertex -98.6 15.21 64.4
      vertex -98.6 15.21 52.6
    endloop
  endfacet
  facet normal -1 0 0
    outer loop
      vertex -97.4 15.21 52.6
      vertex -97.4 16 64.4
      vertex -97.4 16 52.6
    endloop
  endfacet
  facet normal -1 -0 0
    outer loop
      vertex -97.4 16 64.4
      vertex -97.4 15.21 52.6
      vertex -97.4 15.21 64.4
    endloop
  endfacet
  facet normal 1 -0 0
    outer loop
      vertex -74.6 -16 64.4
      vertex -74.6 -15.21 52.6
      vertex -74.6 -15.21 64.4
    endloop
  endfacet
  facet normal 1 0 0
    outer loop
      vertex -74.6 -15.21 52.6
      vertex -74.6 -16 64.4
      vertex -74.6 -16 52.6
    endloop
  endfacet
  facet normal -1 0 0
    outer loop
      vertex -73.4 -16 52.6
      vertex -73.4 -15.21 64.4
      vertex -73.4 -15.21 52.6
    endloop
  endfacet
  facet normal -1 -0 0
    outer loop
      vertex -73.4 -15.21 64.4
      vertex -73.4 -16 52.6
      vertex -73.4 -16 64.4
    endloop
  endfacet
  facet normal 1 -0 0
    outer loop
      vertex -74.6 15.21 64.4
      vertex -74.6 16 52.6
      vertex -74.6 16 64.4
    endloop
  endfacet
  facet normal 1 0 0
    outer loop
      vertex -74.6 16 52.6
      vertex -74.6 15.21 64.4
      vertex -74.6 15.21 52.6
    endloop
  endfacet
  facet normal -1 0 0
    outer loop
      vertex -73.4 15.21 52.6
      vertex -73.4 16 64.4
      vertex -73.4 16 52.6
    endloop
  endfacet
  facet normal -1 -0 0
    outer loop
      vertex -73.4 16 64.4
      vertex -73.4 15.21 52.6
      vertex -73.4 15.21 64.4
    endloop
  endfacet
  facet normal 1 -0 0
    outer loop
      vertex -50.6 -16 64.4
      vertex -50.6 -15.21 52.6
      vertex -50.6 -15.21 64.4
    endloop
  endfacet
  facet normal 1 0 0
    outer loop
      vertex -50.6 -15.21 52.6
      vertex -50.6 -16 64.4
      vertex -50.6 -16 52.6
    endloop
  endfacet
  facet normal -1 0 0
    outer loop
      vertex -49.4 -16 52.6
      vertex -49.4 -15.21 64.4
      vertex -49.4 -15.21 52.6
    endloop
  endfacet
  facet normal -1 -0 0
    outer loop
      vertex -49.4 -15.21 64.4
      vertex -49.4 -16 52.6
      vertex -49.4 -16 64.4
    endloop
  endfacet
  facet normal 1 -0 0
    outer loop
      vertex -50.6 15.21 64.4
      vertex -50.6 16 52.6
      vertex -50.6 16 64.4
    endloop
  endfacet
  facet normal 1 0 0
    outer loop
      vertex -50.6 16 52.6
      vertex -50.6 15.21 64.4
      vertex -50.6 15.21 52.6
    endloop
  endfacet
  facet normal -1 0 0
    outer loop
      vertex -49.4 15.21 52.6
      vertex -49.4 16 64.4
      vertex -49.4 16 52.6
    endloop
  endfacet
  facet normal -1 -0 0
    outer loop
      vertex -49.4 16 64.4
      vertex -49.4 15.21 52.6
      vertex -49.4 15.21 64.4
    endloop
  endfacet
  facet normal -1 0 0
    outer loop
      vertex 46.6 -16 52.6
      vertex 46.6 -15.21 64.4
      vertex 46.6 -15.21 52.6
    endloop
  endfacet
  facet normal -1 -0 0
    outer loop
      vertex 46.6 -15.21 64.4
      vertex 46.6 -16 52.6
      vertex 46.6 -16 64.4
    endloop
  endfacet
  facet normal 1 -0 0
    outer loop
      vertex 45.4 15.21 64.4
      vertex 45.4 16 52.6
      vertex 45.4 16 64.4
    endloop
  endfacet
  facet normal 1 0 0
    outer loop
      vertex 45.4 16 52.6
      vertex 45.4 15.21 64.4
      vertex 45.4 15.21 52.6
    endloop
  endfacet
  facet normal -1 0 0
    outer loop
      vertex 46.6 15.21 52.6
      vertex 46.6 16 64.4
      vertex 46.6 16 52.6
    endloop
  endfacet
  facet normal -1 -0 0
    outer loop
      vertex 46.6 16 64.4
      vertex 46.6 15.21 52.6
      vertex 46.6 15.21 64.4
    endloop
  endfacet
  facet normal 1 -0 0
    outer loop
      vertex 69.4 -16 64.4
      vertex 69.4 -15.21 52.6
      vertex 69.4 -15.21 64.4
    endloop
  endfacet
  facet normal 1 0 0
    outer loop
      vertex 69.4 -15.21 52.6
      vertex 69.4 -16 64.4
      vertex 69.4 -16 52.6
    endloop
  endfacet
  facet normal -1 0 0
    outer loop
      vertex 70.6 -16 52.6
      vertex 70.6 -15.21 64.4
      vertex 70.6 -15.21 52.6
    endloop
  endfacet
  facet normal -1 -0 0
    outer loop
      vertex 70.6 -15.21 64.4
      vertex 70.6 -16 52.6
      vertex 70.6 -16 64.4
    endloop
  endfacet
  facet normal 1 -0 0
    outer loop
      vertex 69.4 15.21 64.4
      vertex 69.4 16 52.6
      vertex 69.4 16 64.4
    endloop
  endfacet
  facet normal 1 0 0
    outer loop
      vertex 69.4 16 52.6
      vertex 69.4 15.21 64.4
      vertex 69.4 15.21 52.6
    endloop
  endfacet
  facet normal -1 0 0
    outer loop
      vertex 70.6 15.21 52.6
      vertex 70.6 16 64.4
      vertex 70.6 16 52.6
    endloop
  endfacet
  facet normal -1 -0 0
    outer loop
      vertex 70.6 16 64.4
      vertex 70.6 15.21 52.6
      vertex 70.6 15.21 64.4
    endloop
  endfacet
  facet normal 1 -0 0
    outer loop
      vertex 93.4 -16 64.4
      vertex 93.4 -15.21 52.6
      vertex 93.4 -15.21 64.4
    endloop
  endfacet
  facet normal 1 0 0
    outer loop
      vertex 93.4 -15.21 52.6
      vertex 93.4 -16 64.4
      vertex 93.4 -16 52.6
    endloop
  endfacet
  facet normal -1 0 0
    outer loop
      vertex 94.6 -16 52.6
      vertex 94.6 -15.21 64.4
      vertex 94.6 -15.21 52.6
    endloop
  endfacet
  facet normal -1 -0 0
    outer loop
      vertex 94.6 -15.21 64.4
      vertex 94.6 -16 52.6
      vertex 94.6 -16 64.4
    endloop
  endfacet
  facet normal 1 -0 0
    outer loop
      vertex 93.4 15.21 64.4
      vertex 93.4 16 52.6
      vertex 93.4 16 64.4
    endloop
  endfacet
  facet normal 1 0 0
    outer loop
      vertex 93.4 16 52.6
      vertex 93.4 15.21 64.4
      vertex 93.4 15.21 52.6
    endloop
  endfacet
  facet normal -1 0 0
    outer loop
      vertex 94.6 15.21 52.6
      vertex 94.6 16 64.4
      vertex 94.6 16 52.6
    endloop
  endfacet
  facet normal -1 -0 0
    outer loop
      vertex 94.6 16 64.4
      vertex 94.6 15.21 52.6
      vertex 94.6 15.21 64.4
    endloop
  endfacet
  facet normal 1 -0 0
    outer loop
      vertex -86.6 -16 77.4
      vertex -86.6 -15.21 65.6
      vertex -86.6 -15.21 77.4
    endloop
  endfacet
  facet normal 1 0 0
    outer loop
      vertex -86.6 -15.21 65.6
      vertex -86.6 -16 77.4
      vertex -86.6 -16 65.6
    endloop
  endfacet
  facet normal -1 0 0
    outer loop
      vertex -85.4 -16 65.6
      vertex -85.4 -15.21 77.4
      vertex -85.4 -15.21 65.6
    endloop
  endfacet
  facet normal -1 -0 0
    outer loop
      vertex -85.4 -15.21 77.4
      vertex -85.4 -16 65.6
      vertex -85.4 -16 77.4
    endloop
  endfacet
  facet normal 1 -0 0
    outer loop
      vertex -86.6 15.21 77.4
      vertex -86.6 16 65.6
      vertex -86.6 16 77.4
    endloop
  endfacet
  facet normal 1 0 0
    outer loop
      vertex -86.6 16 65.6
      vertex -86.6 15.21 77.4
      vertex -86.6 15.21 65.6
    endloop
  endfacet
  facet normal -1 0 0
    outer loop
      vertex -85.4 15.21 65.6
      vertex -85.4 16 77.4
      vertex -85.4 16 65.6
    endloop
  endfacet
  facet normal -1 -0 0
    outer loop
      vertex -85.4 16 77.4
      vertex -85.4 15.21 65.6
      vertex -85.4 15.21 77.4
    endloop
  endfacet
  facet normal 1 -0 0
    outer loop
      vertex -62.6 -16 77.4
      vertex -62.6 -15.21 65.6
      vertex -62.6 -15.21 77.4
    endloop
  endfacet
  facet normal 1 0 0
    outer loop
      vertex -62.6 -15.21 65.6
      vertex -62.6 -16 77.4
      vertex -62.6 -16 65.6
    endloop
  endfacet
  facet normal -1 0 0
    outer loop
      vertex -61.4 -16 65.6
      vertex -61.4 -15.21 77.4
      vertex -61.4 -15.21 65.6
    endloop
  endfacet
  facet normal -1 -0 0
    outer loop
      vertex -61.4 -15.21 77.4
      vertex -61.4 -16 65.6
      vertex -61.4 -16 77.4
    endloop
  endfacet
  facet normal 1 -0 0
    outer loop
      vertex -62.6 15.21 77.4
      vertex -62.6 16 65.6
      vertex -62.6 16 77.4
    endloop
  endfacet
  facet normal 1 0 0
    outer loop
      vertex -62.6 16 65.6
      vertex -62.6 15.21 77.4
      vertex -62.6 15.21 65.6
    endloop
  endfacet
  facet normal -1 0 0
    outer loop
      vertex -61.4 15.21 65.6
      vertex -61.4 16 77.4
      vertex -61.4 16 65.6
    endloop
  endfacet
  facet normal -1 -0 0
    outer loop
      vertex -61.4 16 77.4
      vertex -61.4 15.21 65.6
      vertex -61.4 15.21 77.4
    endloop
  endfacet
  facet normal 1 -0 0
    outer loop
      vertex -38.6 -16 77.4
      vertex -38.6 -15.21 65.6
      vertex -38.6 -15.21 77.4
    endloop
  endfacet
  facet normal 1 0 0
    outer loop
      vertex -38.6 -15.21 65.6
      vertex -38.6 -16 77.4
      vertex -38.6 -16 65.6
    endloop
  endfacet
  facet normal -1 0 0
    outer loop
      vertex -37.4 -16 65.6
      vertex -37.4 -15.21 77.4
      vertex -37.4 -15.21 65.6
    endloop
  endfacet
  facet normal -1 -0 0
    outer loop
      vertex -37.4 -15.21 77.4
      vertex -37.4 -16 65.6
      vertex -37.4 -16 77.4
    endloop
  endfacet
  facet normal 1 -0 0
    outer loop
      vertex -38.6 15.21 77.4
      vertex -38.6 16 65.6
      vertex -38.6 16 77.4
    endloop
  endfacet
  facet normal 1 0 0
    outer loop
      vertex -38.6 16 65.6
      vertex -38.6 15.21 77.4
      vertex -38.6 15.21 65.6
    endloop
  endfacet
  facet normal -1 0 0
    outer loop
      vertex -37.4 15.21 65.6
      vertex -37.4 16 77.4
      vertex -37.4 16 65.6
    endloop
  endfacet
  facet normal -1 -0 0
    outer loop
      vertex -37.4 16 77.4
      vertex -37.4 15.21 65.6
      vertex -37.4 15.21 77.4
    endloop
  endfacet
  facet normal 1 -0 0
    outer loop
      vertex 57.4 -16 77.4
      vertex 57.4 -15.21 65.6
      vertex 57.4 -15.21 77.4
    endloop
  endfacet
  facet normal 1 0 0
    outer loop
      vertex 57.4 -15.21 65.6
      vertex 57.4 -16 77.4
      vertex 57.4 -16 65.6
    endloop
  endfacet
  facet normal -1 0 0
    outer loop
      vertex 58.6 -16 65.6
      vertex 58.6 -15.21 77.4
      vertex 58.6 -15.21 65.6
    endloop
  endfacet
  facet normal -1 -0 0
    outer loop
      vertex 58.6 -15.21 77.4
      vertex 58.6 -16 65.6
      vertex 58.6 -16 77.4
    endloop
  endfacet
  facet normal 1 -0 0
    outer loop
      vertex 57.4 15.21 77.4
      vertex 57.4 16 65.6
      vertex 57.4 16 77.4
    endloop
  endfacet
  facet normal 1 0 0
    outer loop
      vertex 57.4 16 65.6
      vertex 57.4 15.21 77.4
      vertex 57.4 15.21 65.6
    endloop
  endfacet
  facet normal -1 0 0
    outer loop
      vertex 58.6 15.21 65.6
      vertex 58.6 16 77.4
      vertex 58.6 16 65.6
    endloop
  endfacet
  facet normal -1 -0 0
    outer loop
      vertex 58.6 16 77.4
      vertex 58.6 15.21 65.6
      vertex 58.6 15.21 77.4
    endloop
  endfacet
  facet normal 1 -0 0
    outer loop
      vertex 81.4 -16 77.4
      vertex 81.4 -15.21 65.6
      vertex 81.4 -15.21 77.4
    endloop
  endfacet
  facet normal 1 0 0
    outer loop
      vertex 81.4 -15.21 65.6
      vertex 81.4 -16 77.4
      vertex 81.4 -16 65.6
    endloop
  endfacet
  facet normal -1 0 0
    outer loop
      vertex 82.6 -16 65.6
      vertex 82.6 -15.21 77.4
      vertex 82.6 -15.21 65.6
    endloop
  endfacet
  facet normal -1 -0 0
    outer loop
      vertex 82.6 -15.21 77.4
      vertex 82.6 -16 65.6
      vertex 82.6 -16 77.4
    endloop
  endfacet
  facet normal 1 -0 0
    outer loop
      vertex 81.4 15.21 77.4
      vertex 81.4 16 65.6
      vertex 81.4 16 77.4
    endloop
  endfacet
  facet normal 1 0 0
    outer loop
      vertex 81.4 16 65.6
      vertex 81.4 15.21 77.4
      vertex 81.4 15.21 65.6
    endloop
  endfacet
  facet normal -1 0 0
    outer loop
      vertex 82.6 15.21 65.6
      vertex 82.6 16 77.4
      vertex 82.6 16 65.6
    endloop
  endfacet
  facet normal -1 -0 0
    outer loop
      vertex 82.6 16 77.4
      vertex 82.6 15.21 65.6
      vertex 82.6 15.21 77.4
    endloop
  endfacet
  facet normal 1 -0 0
    outer loop
      vertex 105.4 -16 77.4
      vertex 105.4 -15.21 65.6
      vertex 105.4 -15.21 77.4
    endloop
  endfacet
  facet normal 1 0 0
    outer loop
      vertex 105.4 -15.21 65.6
      vertex 105.4 -16 77.4
      vertex 105.4 -16 65.6
    endloop
  endfacet
  facet normal -1 0 0
    outer loop
      vertex 106.6 -16 65.6
      vertex 106.6 -15.21 77.4
      vertex 106.6 -15.21 65.6
    endloop
  endfacet
  facet normal -1 -0 0
    outer loop
      vertex 106.6 -15.21 77.4
      vertex 106.6 -16 65.6
      vertex 106.6 -16 77.4
    endloop
  endfacet
  facet normal 1 -0 0
    outer loop
      vertex 105.4 15.21 77.4
      vertex 105.4 16 65.6
      vertex 105.4 16 77.4
    endloop
  endfacet
  facet normal 1 0 0
    outer loop
      vertex 105.4 16 65.6
      vertex 105.4 15.21 77.4
      vertex 105.4 15.21 65.6
    endloop
  endfacet
  facet normal -1 0 0
    outer loop
      vertex 106.6 15.21 65.6
      vertex 106.6 16 77.4
      vertex 106.6 16 65.6
    endloop
  endfacet
  facet normal -1 -0 0
    outer loop
      vertex 106.6 16 77.4
      vertex 106.6 15.21 65.6
      vertex 106.6 15.21 77.4
    endloop
  endfacet
  facet normal 1 -0 0
    outer loop
      vertex -98.6 -16 90.4
      vertex -98.6 -15.21 78.6
      vertex -98.6 -15.21 90.4
    endloop
  endfacet
  facet normal 1 0 0
    outer loop
      vertex -98.6 -15.21 78.6
      vertex -98.6 -16 90.4
      vertex -98.6 -16 78.6
    endloop
  endfacet
  facet normal -1 0 0
    outer loop
      vertex -97.4 -16 78.6
      vertex -97.4 -15.21 90.4
      vertex -97.4 -15.21 78.6
    endloop
  endfacet
  facet normal -1 -0 0
    outer loop
      vertex -97.4 -15.21 90.4
      vertex -97.4 -16 78.6
      vertex -97.4 -16 90.4
    endloop
  endfacet
  facet normal 1 -0 0
    outer loop
      vertex -98.6 15.21 90.4
      vertex -98.6 16 78.6
      vertex -98.6 16 90.4
    endloop
  endfacet
  facet normal 1 0 0
    outer loop
      vertex -98.6 16 78.6
      vertex -98.6 15.21 90.4
      vertex -98.6 15.21 78.6
    endloop
  endfacet
  facet normal -1 0 0
    outer loop
      vertex -97.4 15.21 78.6
      vertex -97.4 16 90.4
      vertex -97.4 16 78.6
    endloop
  endfacet
  facet normal -1 -0 0
    outer loop
      vertex -97.4 16 90.4
      vertex -97.4 15.21 78.6
      vertex -97.4 15.21 90.4
    endloop
  endfacet
  facet normal 1 -0 0
    outer loop
      vertex -74.6 -16 90.4
      vertex -74.6 -15.21 78.6
      vertex -74.6 -15.21 90.4
    endloop
  endfacet
  facet normal 1 0 0
    outer loop
      vertex -74.6 -15.21 78.6
      vertex -74.6 -16 90.4
      vertex -74.6 -16 78.6
    endloop
  endfacet
  facet normal -1 0 0
    outer loop
      vertex -73.4 -16 78.6
      vertex -73.4 -15.21 90.4
      vertex -73.4 -15.21 78.6
    endloop
  endfacet
  facet normal -1 -0 0
    outer loop
      vertex -73.4 -15.21 90.4
      vertex -73.4 -16 78.6
      vertex -73.4 -16 90.4
    endloop
  endfacet
  facet normal 1 -0 0
    outer loop
      vertex -74.6 15.21 90.4
      vertex -74.6 16 78.6
      vertex -74.6 16 90.4
    endloop
  endfacet
  facet normal 1 0 0
    outer loop
      vertex -74.6 16 78.6
      vertex -74.6 15.21 90.4
      vertex -74.6 15.21 78.6
    endloop
  endfacet
  facet normal -1 0 0
    outer loop
      vertex -73.4 15.21 78.6
      vertex -73.4 16 90.4
      vertex -73.4 16 78.6
    endloop
  endfacet
  facet normal -1 -0 0
    outer loop
      vertex -73.4 16 90.4
      vertex -73.4 15.21 78.6
      vertex -73.4 15.21 90.4
    endloop
  endfacet
  facet normal 1 -0 0
    outer loop
      vertex -50.6 -16 90.4
      vertex -50.6 -15.21 78.6
      vertex -50.6 -15.21 90.4
    endloop
  endfacet
  facet normal 1 0 0
    outer loop
      vertex -50.6 -15.21 78.6
      vertex -50.6 -16 90.4
      vertex -50.6 -16 78.6
    endloop
  endfacet
  facet normal -1 0 0
    outer loop
      vertex -49.4 -16 78.6
      vertex -49.4 -15.21 90.4
      vertex -49.4 -15.21 78.6
    endloop
  endfacet
  facet normal -1 -0 0
    outer loop
      vertex -49.4 -15.21 90.4
      vertex -49.4 -16 78.6
      vertex -49.4 -16 90.4
    endloop
  endfacet
  facet normal 1 -0 0
    outer loop
      vertex -50.6 15.21 90.4
      vertex -50.6 16 78.6
      vertex -50.6 16 90.4
    endloop
  endfacet
  facet normal 1 0 0
    outer loop
      vertex -50.6 16 78.6
      vertex -50.6 15.21 90.4
      vertex -50.6 15.21 78.6
    endloop
  endfacet
  facet normal -1 0 0
    outer loop
      vertex -49.4 15.21 78.6
      vertex -49.4 16 90.4
      vertex -49.4 16 78.6
    endloop
  endfacet
  facet normal -1 -0 0
    outer loop
      vertex -49.4 16 90.4
      vertex -49.4 15.21 78.6
      vertex -49.4 15.21 90.4
    endloop
  endfacet
  facet normal -1 0 0
    outer loop
      vertex 46.6 -16 78.6
      vertex 46.6 -15.21 90.4
      vertex 46.6 -15.21 78.6
    endloop
  endfacet
  facet normal -1 -0 0
    outer loop
      vertex 46.6 -15.21 90.4
      vertex 46.6 -16 78.6
      vertex 46.6 -16 90.4
    endloop
  endfacet
  facet normal 1 -0 0
    outer loop
      vertex 45.4 15.21 90.4
      vertex 45.4 16 78.6
      vertex 45.4 16 90.4
    endloop
  endfacet
  facet normal 1 0 0
    outer loop
      vertex 45.4 16 78.6
      vertex 45.4 15.21 90.4
      vertex 45.4 15.21 78.6
    endloop
  endfacet
  facet normal -1 0 0
    outer loop
      vertex 46.6 15.21 78.6
      vertex 46.6 16 90.4
      vertex 46.6 16 78.6
    endloop
  endfacet
  facet normal -1 -0 0
    outer loop
      vertex 46.6 16 90.4
      vertex 46.6 15.21 78.6
      vertex 46.6 15.21 90.4
    endloop
  endfacet
  facet normal 1 -0 0
    outer loop
      vertex 69.4 -16 90.4
      vertex 69.4 -15.21 78.6
      vertex 69.4 -15.21 90.4
    endloop
  endfacet
  facet normal 1 0 0
    outer loop
      vertex 69.4 -15.21 78.6
      vertex 69.4 -16 90.4
      vertex 69.4 -16 78.6
    endloop
  endfacet
  facet normal -1 0 0
    outer loop
      vertex 70.6 -16 78.6
      vertex 70.6 -15.21 90.4
      vertex 70.6 -15.21 78.6
    endloop
  endfacet
  facet normal -1 -0 0
    outer loop
      vertex 70.6 -15.21 90.4
      vertex 70.6 -16 78.6
      vertex 70.6 -16 90.4
    endloop
  endfacet
  facet normal 1 -0 0
    outer loop
      vertex 69.4 15.21 90.4
      vertex 69.4 16 78.6
      vertex 69.4 16 90.4
    endloop
  endfacet
  facet normal 1 0 0
    outer loop
      vertex 69.4 16 78.6
      vertex 69.4 15.21 90.4
      vertex 69.4 15.21 78.6
    endloop
  endfacet
  facet normal -1 0 0
    outer loop
      vertex 70.6 15.21 78.6
      vertex 70.6 16 90.4
      vertex 70.6 16 78.6
    endloop
  endfacet
  facet normal -1 -0 0
    outer loop
      vertex 70.6 16 90.4
      vertex 70.6 15.21 78.6
      vertex 70.6 15.21 90.4
    endloop
  endfacet
  facet normal 1 -0 0
    outer loop
      vertex 93.4 -16 90.4
      vertex 93.4 -15.21 78.6
      vertex 93.4 -15.21 90.4
    endloop
  endfacet
  facet normal 1 0 0
    outer loop
      vertex 93.4 -15.21 78.6
      vertex 93.4 -16 90.4
      vertex 93.4 -16 78.6
    endloop
  endfacet
  facet normal -1 0 0
    outer loop
      vertex 94.6 -16 78.6
      vertex 94.6 -15.21 90.4
      vertex 94.6 -15.21 78.6
    endloop
  endfacet
  facet normal -1 -0 0
    outer loop
      vertex 94.6 -15.21 90.4
      vertex 94.6 -16 78.6
      vertex 94.6 -16 90.4
    endloop
  endfacet
  facet normal 1 -0 0
    outer loop
      vertex 93.4 15.21 90.4
      vertex 93.4 16 78.6
      vertex 93.4 16 90.4
    endloop
  endfacet
  facet normal 1 0 0
    outer loop
      vertex 93.4 16 78.6
      vertex 93.4 15.21 90.4
      vertex 93.4 15.21 78.6
    endloop
  endfacet
  facet normal -1 0 0
    outer loop
      vertex 94.6 15.21 78.6
      vertex 94.6 16 90.4
      vertex 94.6 16 78.6
    endloop
  endfacet
  facet normal -1 -0 0
    outer loop
      vertex 94.6 16 90.4
      vertex 94.6 15.21 78.6
      vertex 94.6 15.21 90.4
    endloop
  endfacet
  facet normal 1 -0 0
    outer loop
      vertex -86.6 -16 103.4
      vertex -86.6 -15.21 91.6
      vertex -86.6 -15.21 103.4
    endloop
  endfacet
  facet normal 1 0 0
    outer loop
      vertex -86.6 -15.21 91.6
      vertex -86.6 -16 103.4
      vertex -86.6 -16 91.6
    endloop
  endfacet
  facet normal -1 0 0
    outer loop
      vertex -85.4 -16 91.6
      vertex -85.4 -15.21 103.4
      vertex -85.4 -15.21 91.6
    endloop
  endfacet
  facet normal -1 -0 0
    outer loop
      vertex -85.4 -15.21 103.4
      vertex -85.4 -16 91.6
      vertex -85.4 -16 103.4
    endloop
  endfacet
  facet normal 1 -0 0
    outer loop
      vertex -86.6 15.21 103.4
      vertex -86.6 16 91.6
      vertex -86.6 16 103.4
    endloop
  endfacet
  facet normal 1 0 0
    outer loop
      vertex -86.6 16 91.6
      vertex -86.6 15.21 103.4
      vertex -86.6 15.21 91.6
    endloop
  endfacet
  facet normal -1 0 0
    outer loop
      vertex -85.4 15.21 91.6
      vertex -85.4 16 103.4
      vertex -85.4 16 91.6
    endloop
  endfacet
  facet normal -1 -0 0
    outer loop
      vertex -85.4 16 103.4
      vertex -85.4 15.21 91.6
      vertex -85.4 15.21 103.4
    endloop
  endfacet
  facet normal 1 -0 0
    outer loop
      vertex -62.6 -16 103.4
      vertex -62.6 -15.21 91.6
      vertex -62.6 -15.21 103.4
    endloop
  endfacet
  facet normal 1 0 0
    outer loop
      vertex -62.6 -15.21 91.6
      vertex -62.6 -16 103.4
      vertex -62.6 -16 91.6
    endloop
  endfacet
  facet normal -1 0 0
    outer loop
      vertex -61.4 -16 91.6
      vertex -61.4 -15.21 103.4
      vertex -61.4 -15.21 91.6
    endloop
  endfacet
  facet normal -1 -0 0
    outer loop
      vertex -61.4 -15.21 103.4
      vertex -61.4 -16 91.6
      vertex -61.4 -16 103.4
    endloop
  endfacet
  facet normal 1 -0 0
    outer loop
      vertex -62.6 15.21 103.4
      vertex -62.6 16 91.6
      vertex -62.6 16 103.4
    endloop
  endfacet
  facet normal 1 0 0
    outer loop
      vertex -62.6 16 91.6
      vertex -62.6 15.21 103.4
      vertex -62.6 15.21 91.6
    endloop
  endfacet
  facet normal -1 0 0
    outer loop
      vertex -61.4 15.21 91.6
      vertex -61.4 16 103.4
      vertex -61.4 16 91.6
    endloop
  endfacet
  facet normal -1 -0 0
    outer loop
      vertex -61.4 16 103.4
      vertex -61.4 15.21 91.6
      vertex -61.4 15.21 103.4
    endloop
  endfacet
  facet normal 1 -0 0
    outer loop
      vertex -38.6 -16 92.3086
      vertex -38.6 -15.21 91.6
      vertex -38.6 -15.21 92.3086
    endloop
  endfacet
  facet normal 1 0 0
    outer loop
      vertex -38.6 -15.21 91.6
      vertex -38.6 -16 92.3086
      vertex -38.6 -16 91.6
    endloop
  endfacet
  facet normal 1 -0 0
    outer loop
      vertex -38.6 -16 101.751
      vertex -38.6 -15.21 94.4303
      vertex -38.6 -15.21 101.751
    endloop
  endfacet
  facet normal 1 0 0
    outer loop
      vertex -38.6 -15.21 94.4303
      vertex -38.6 -16 101.751
      vertex -38.6 -16 94.4303
    endloop
  endfacet
  facet normal -1 0 0
    outer loop
      vertex -37.4 -15.6481 94.1397
      vertex -37.4 -15.21 91.6
      vertex -37.4 -15.6481 92.5992
    endloop
  endfacet
  facet normal -1 0 0
    outer loop
      vertex -37.4 -16 91.6
      vertex -37.4 -15.6481 92.5992
      vertex -37.4 -15.21 91.6
    endloop
  endfacet
  facet normal -1 0 0
    outer loop
      vertex -37.4 -15.6481 92.5992
      vertex -37.4 -16 91.6
      vertex -37.4 -16 92.5527
    endloop
  endfacet
  facet normal -1 0 0
    outer loop
      vertex -37.4 -15.21 91.6
      vertex -37.4 -15.6481 94.1397
      vertex -37.4 -15.21 101.751
    endloop
  endfacet
  facet normal -1 0 0
    outer loop
      vertex -37.4 -16 94.1862
      vertex -37.4 -15.21 101.751
      vertex -37.4 -15.6481 94.1397
    endloop
  endfacet
  facet normal -1 -0 0
    outer loop
      vertex -37.4 -15.21 101.751
      vertex -37.4 -16 94.1862
      vertex -37.4 -16 101.751
    endloop
  endfacet
  facet normal 1 -0 0
    outer loop
      vertex -38.6 15.21 103.4
      vertex -38.6 16 91.6
      vertex -38.6 16 103.4
    endloop
  endfacet
  facet normal 1 0 0
    outer loop
      vertex -38.6 16 91.6
      vertex -38.6 15.21 103.4
      vertex -38.6 15.21 91.6
    endloop
  endfacet
  facet normal -1 0 0
    outer loop
      vertex -37.4 15.21 91.6
      vertex -37.4 16 103.4
      vertex -37.4 16 91.6
    endloop
  endfacet
  facet normal -1 -0 0
    outer loop
      vertex -37.4 16 103.4
      vertex -37.4 15.21 91.6
      vertex -37.4 15.21 103.4
    endloop
  endfacet
  facet normal 1 -0 0
    outer loop
      vertex 57.4 -16 103.4
      vertex 57.4 -15.21 91.6
      vertex 57.4 -15.21 103.4
    endloop
  endfacet
  facet normal 1 0 0
    outer loop
      vertex 57.4 -15.21 91.6
      vertex 57.4 -16 103.4
      vertex 57.4 -16 91.6
    endloop
  endfacet
  facet normal -1 0 0
    outer loop
      vertex 58.6 -16 91.6
      vertex 58.6 -15.21 103.4
      vertex 58.6 -15.21 91.6
    endloop
  endfacet
  facet normal -1 -0 0
    outer loop
      vertex 58.6 -15.21 103.4
      vertex 58.6 -16 91.6
      vertex 58.6 -16 103.4
    endloop
  endfacet
  facet normal 1 -0 0
    outer loop
      vertex 57.4 15.21 103.4
      vertex 57.4 16 91.6
      vertex 57.4 16 103.4
    endloop
  endfacet
  facet normal 1 0 0
    outer loop
      vertex 57.4 16 91.6
      vertex 57.4 15.21 103.4
      vertex 57.4 15.21 91.6
    endloop
  endfacet
  facet normal -1 0 0
    outer loop
      vertex 58.6 15.21 91.6
      vertex 58.6 16 103.4
      vertex 58.6 16 91.6
    endloop
  endfacet
  facet normal -1 -0 0
    outer loop
      vertex 58.6 16 103.4
      vertex 58.6 15.21 91.6
      vertex 58.6 15.21 103.4
    endloop
  endfacet
  facet normal 1 -0 0
    outer loop
      vertex 81.4 -16 103.4
      vertex 81.4 -15.21 91.6
      vertex 81.4 -15.21 103.4
    endloop
  endfacet
  facet normal 1 0 0
    outer loop
      vertex 81.4 -15.21 91.6
      vertex 81.4 -16 103.4
      vertex 81.4 -16 91.6
    endloop
  endfacet
  facet normal -1 0 0
    outer loop
      vertex 82.6 -16 91.6
      vertex 82.6 -15.21 103.4
      vertex 82.6 -15.21 91.6
    endloop
  endfacet
  facet normal -1 -0 0
    outer loop
      vertex 82.6 -15.21 103.4
      vertex 82.6 -16 91.6
      vertex 82.6 -16 103.4
    endloop
  endfacet
  facet normal 1 -0 0
    outer loop
      vertex 81.4 15.21 103.4
      vertex 81.4 16 91.6
      vertex 81.4 16 103.4
    endloop
  endfacet
  facet normal 1 0 0
    outer loop
      vertex 81.4 16 91.6
      vertex 81.4 15.21 103.4
      vertex 81.4 15.21 91.6
    endloop
  endfacet
  facet normal -1 0 0
    outer loop
      vertex 82.6 15.21 91.6
      vertex 82.6 16 103.4
      vertex 82.6 16 91.6
    endloop
  endfacet
  facet normal -1 -0 0
    outer loop
      vertex 82.6 16 103.4
      vertex 82.6 15.21 91.6
      vertex 82.6 15.21 103.4
    endloop
  endfacet
  facet normal 1 -0 0
    outer loop
      vertex 105.4 -16 103.4
      vertex 105.4 -15.21 91.6
      vertex 105.4 -15.21 103.4
    endloop
  endfacet
  facet normal 1 0 0
    outer loop
      vertex 105.4 -15.21 91.6
      vertex 105.4 -16 103.4
      vertex 105.4 -16 91.6
    endloop
  endfacet
  facet normal -1 0 0
    outer loop
      vertex 106.6 -16 91.6
      vertex 106.6 -15.21 103.4
      vertex 106.6 -15.21 91.6
    endloop
  endfacet
  facet normal -1 -0 0
    outer loop
      vertex 106.6 -15.21 103.4
      vertex 106.6 -16 91.6
      vertex 106.6 -16 103.4
    endloop
  endfacet
  facet normal 1 -0 0
    outer loop
      vertex 105.4 15.21 103.4
      vertex 105.4 16 91.6
      vertex 105.4 16 103.4
    endloop
  endfacet
  facet normal 1 0 0
    outer loop
      vertex 105.4 16 91.6
      vertex 105.4 15.21 103.4
      vertex 105.4 15.21 91.6
    endloop
  endfacet
  facet normal -1 0 0
    outer loop
      vertex 106.6 15.21 91.6
      vertex 106.6 16 103.4
      vertex 106.6 16 91.6
    endloop
  endfacet
  facet normal -1 -0 0
    outer loop
      vertex 106.6 16 103.4
      vertex 106.6 15.21 91.6
      vertex 106.6 15.21 103.4
    endloop
  endfacet
  facet normal 1 -0 0
    outer loop
      vertex -98.6 -16 116.4
      vertex -98.6 -15.21 104.6
      vertex -98.6 -15.21 116.4
    endloop
  endfacet
  facet normal 1 0 0
    outer loop
      vertex -98.6 -15.21 104.6
      vertex -98.6 -16 116.4
      vertex -98.6 -16 104.6
    endloop
  endfacet
  facet normal -1 0 0
    outer loop
      vertex -97.4 -16 104.6
      vertex -97.4 -15.21 116.4
      vertex -97.4 -15.21 104.6
    endloop
  endfacet
  facet normal -1 -0 0
    outer loop
      vertex -97.4 -15.21 116.4
      vertex -97.4 -16 104.6
      vertex -97.4 -16 116.4
    endloop
  endfacet
  facet normal 1 -0 0
    outer loop
      vertex -98.6 15.21 116.4
      vertex -98.6 16 104.6
      vertex -98.6 16 116.4
    endloop
  endfacet
  facet normal 1 0 0
    outer loop
      vertex -98.6 16 104.6
      vertex -98.6 15.21 116.4
      vertex -98.6 15.21 104.6
    endloop
  endfacet
  facet normal -1 0 0
    outer loop
      vertex -97.4 15.21 104.6
      vertex -97.4 16 116.4
      vertex -97.4 16 104.6
    endloop
  endfacet
  facet normal -1 -0 0
    outer loop
      vertex -97.4 16 116.4
      vertex -97.4 15.21 104.6
      vertex -97.4 15.21 116.4
    endloop
  endfacet
  facet normal 1 -0 0
    outer loop
      vertex -74.6 -16 116.4
      vertex -74.6 -15.21 104.6
      vertex -74.6 -15.21 116.4
    endloop
  endfacet
  facet normal 1 0 0
    outer loop
      vertex -74.6 -15.21 104.6
      vertex -74.6 -16 116.4
      vertex -74.6 -16 104.6
    endloop
  endfacet
  facet normal -1 0 0
    outer loop
      vertex -73.4 -16 104.6
      vertex -73.4 -15.21 116.4
      vertex -73.4 -15.21 104.6
    endloop
  endfacet
  facet normal -1 -0 0
    outer loop
      vertex -73.4 -15.21 116.4
      vertex -73.4 -16 104.6
      vertex -73.4 -16 116.4
    endloop
  endfacet
  facet normal 1 -0 0
    outer loop
      vertex -74.6 15.21 116.4
      vertex -74.6 16 104.6
      vertex -74.6 16 116.4
    endloop
  endfacet
  facet normal 1 0 0
    outer loop
      vertex -74.6 16 104.6
      vertex -74.6 15.21 116.4
      vertex -74.6 15.21 104.6
    endloop
  endfacet
  facet normal -1 0 0
    outer loop
      vertex -73.4 15.21 104.6
      vertex -73.4 16 116.4
      vertex -73.4 16 104.6
    endloop
  endfacet
  facet normal -1 -0 0
    outer loop
      vertex -73.4 16 116.4
      vertex -73.4 15.21 104.6
      vertex -73.4 15.21 116.4
    endloop
  endfacet
  facet normal 1 -0 0
    outer loop
      vertex -50.6 -16 116.4
      vertex -50.6 -15.21 104.6
      vertex -50.6 -15.21 116.4
    endloop
  endfacet
  facet normal 1 0 0
    outer loop
      vertex -50.6 -15.21 104.6
      vertex -50.6 -16 116.4
      vertex -50.6 -16 104.6
    endloop
  endfacet
  facet normal -1 0 0
    outer loop
      vertex -49.4 -16 104.6
      vertex -49.4 -15.21 116.4
      vertex -49.4 -15.21 104.6
    endloop
  endfacet
  facet normal -1 -0 0
    outer loop
      vertex -49.4 -15.21 116.4
      vertex -49.4 -16 104.6
      vertex -49.4 -16 116.4
    endloop
  endfacet
  facet normal 1 -0 0
    outer loop
      vertex -50.6 15.21 116.4
      vertex -50.6 16 104.6
      vertex -50.6 16 116.4
    endloop
  endfacet
  facet normal 1 0 0
    outer loop
      vertex -50.6 16 104.6
      vertex -50.6 15.21 116.4
      vertex -50.6 15.21 104.6
    endloop
  endfacet
  facet normal -1 0 0
    outer loop
      vertex -49.4 15.21 104.6
      vertex -49.4 16 116.4
      vertex -49.4 16 104.6
    endloop
  endfacet
  facet normal -1 -0 0
    outer loop
      vertex -49.4 16 116.4
      vertex -49.4 15.21 104.6
      vertex -49.4 15.21 116.4
    endloop
  endfacet
  facet normal 1 -0 0
    outer loop
      vertex 45.4 -16 116.4
      vertex 45.4 -15.21 111
      vertex 45.4 -15.21 116.4
    endloop
  endfacet
  facet normal 1 0 0
    outer loop
      vertex 45.4 -15.21 111
      vertex 45.4 -16 116.4
      vertex 45.4 -16 111
    endloop
  endfacet
  facet normal -1 0 0
    outer loop
      vertex 46.6 -16 104.6
      vertex 46.6 -15.21 116.4
      vertex 46.6 -15.21 104.6
    endloop
  endfacet
  facet normal -1 -0 0
    outer loop
      vertex 46.6 -15.21 116.4
      vertex 46.6 -16 104.6
      vertex 46.6 -16 116.4
    endloop
  endfacet
  facet normal 1 -0 0
    outer loop
      vertex 45.4 15.21 116.4
      vertex 45.4 16 104.6
      vertex 45.4 16 116.4
    endloop
  endfacet
  facet normal 1 0 0
    outer loop
      vertex 45.4 16 104.6
      vertex 45.4 15.21 116.4
      vertex 45.4 15.21 104.6
    endloop
  endfacet
  facet normal -1 0 0
    outer loop
      vertex 46.6 15.21 104.6
      vertex 46.6 16 116.4
      vertex 46.6 16 104.6
    endloop
  endfacet
  facet normal -1 -0 0
    outer loop
      vertex 46.6 16 116.4
      vertex 46.6 15.21 104.6
      vertex 46.6 15.21 116.4
    endloop
  endfacet
  facet normal 1 -0 0
    outer loop
      vertex 69.4 -16 116.4
      vertex 69.4 -15.21 104.6
      vertex 69.4 -15.21 116.4
    endloop
  endfacet
  facet normal 1 0 0
    outer loop
      vertex 69.4 -15.21 104.6
      vertex 69.4 -16 116.4
      vertex 69.4 -16 104.6
    endloop
  endfacet
  facet normal -1 0 0
    outer loop
      vertex 70.6 -16 104.6
      vertex 70.6 -15.21 116.4
      vertex 70.6 -15.21 104.6
    endloop
  endfacet
  facet normal -1 -0 0
    outer loop
      vertex 70.6 -15.21 116.4
      vertex 70.6 -16 104.6
      vertex 70.6 -16 116.4
    endloop
  endfacet
  facet normal 1 -0 0
    outer loop
      vertex 69.4 15.21 116.4
      vertex 69.4 16 104.6
      vertex 69.4 16 116.4
    endloop
  endfacet
  facet normal 1 0 0
    outer loop
      vertex 69.4 16 104.6
      vertex 69.4 15.21 116.4
      vertex 69.4 15.21 104.6
    endloop
  endfacet
  facet normal -1 0 0
    outer loop
      vertex 70.6 15.21 104.6
      vertex 70.6 16 116.4
      vertex 70.6 16 104.6
    endloop
  endfacet
  facet normal -1 -0 0
    outer loop
      vertex 70.6 16 116.4
      vertex 70.6 15.21 104.6
      vertex 70.6 15.21 116.4
    endloop
  endfacet
  facet normal 1 -0 0
    outer loop
      vertex 93.4 -16 116.4
      vertex 93.4 -15.21 104.6
      vertex 93.4 -15.21 116.4
    endloop
  endfacet
  facet normal 1 0 0
    outer loop
      vertex 93.4 -15.21 104.6
      vertex 93.4 -16 116.4
      vertex 93.4 -16 104.6
    endloop
  endfacet
  facet normal -1 0 0
    outer loop
      vertex 94.6 -16 104.6
      vertex 94.6 -15.21 116.4
      vertex 94.6 -15.21 104.6
    endloop
  endfacet
  facet normal -1 -0 0
    outer loop
      vertex 94.6 -15.21 116.4
      vertex 94.6 -16 104.6
      vertex 94.6 -16 116.4
    endloop
  endfacet
  facet normal 1 -0 0
    outer loop
      vertex 93.4 15.21 116.4
      vertex 93.4 16 104.6
      vertex 93.4 16 116.4
    endloop
  endfacet
  facet normal 1 0 0
    outer loop
      vertex 93.4 16 104.6
      vertex 93.4 15.21 116.4
      vertex 93.4 15.21 104.6
    endloop
  endfacet
  facet normal -1 0 0
    outer loop
      vertex 94.6 15.21 104.6
      vertex 94.6 16 116.4
      vertex 94.6 16 104.6
    endloop
  endfacet
  facet normal -1 -0 0
    outer loop
      vertex 94.6 16 116.4
      vertex 94.6 15.21 104.6
      vertex 94.6 15.21 116.4
    endloop
  endfacet
  facet normal -0.93358 0 -0.35837
    outer loop
      vertex 33.287 -16 86.8156
      vertex 31.9741 16 90.2358
      vertex 33.287 16 86.8156
    endloop
  endfacet
  facet normal -0.93358 -0 -0.35837
    outer loop
      vertex 31.9741 16 90.2358
      vertex 33.287 -16 86.8156
      vertex 31.9741 -16 90.2358
    endloop
  endfacet
  facet normal 0.453949 0 -0.891028
    outer loop
      vertex -17.5 -16 106.311
      vertex -14.2358 16 107.974
      vertex -14.2358 -16 107.974
    endloop
  endfacet
  facet normal 0.453949 0 -0.891028
    outer loop
      vertex -14.2358 16 107.974
      vertex -17.5 -16 106.311
      vertex -17.5 16 106.311
    endloop
  endfacet
  facet normal -0.998628 0 -0.0523567
    outer loop
      vertex 35 16 76
      vertex 34.9266 15.21 77.4
      vertex 34.9266 16 77.4
    endloop
  endfacet
  facet normal -0.998629 -0 -0.0523448
    outer loop
      vertex 34.9266 15.21 77.4
      vertex 34.9266 -15.21 77.4
      vertex 34.8637 15.21 78.6
    endloop
  endfacet
  facet normal -0.998628 0 -0.0523567
    outer loop
      vertex 35 16 76
      vertex 34.9266 -15.21 77.4
      vertex 34.9266 15.21 77.4
    endloop
  endfacet
  facet normal -0.998628 0 -0.0523567
    outer loop
      vertex 35 -16 76
      vertex 34.9266 -15.21 77.4
      vertex 35 16 76
    endloop
  endfacet
  facet normal -0.998628 -0 -0.0523567
    outer loop
      vertex 34.9266 -15.21 77.4
      vertex 35 -16 76
      vertex 34.9266 -16 77.4
    endloop
  endfacet
  facet normal -0.998633 0 -0.0522667
    outer loop
      vertex 34.8637 15.21 78.6
      vertex 34.8083 16 79.6585
      vertex 34.8637 16 78.6
    endloop
  endfacet
  facet normal -0.998629 0 -0.0523448
    outer loop
      vertex 34.8637 -15.21 78.6
      vertex 34.8637 15.21 78.6
      vertex 34.9266 -15.21 77.4
    endloop
  endfacet
  facet normal -0.998633 -0 -0.0522667
    outer loop
      vertex 34.8637 15.21 78.6
      vertex 34.8637 -15.21 78.6
      vertex 34.8083 16 79.6585
    endloop
  endfacet
  facet normal -0.998633 0 -0.0522667
    outer loop
      vertex 34.8083 -16 79.6585
      vertex 34.8637 -15.21 78.6
      vertex 34.8637 -16 78.6
    endloop
  endfacet
  facet normal -0.998633 0 -0.0522667
    outer loop
      vertex 34.8637 -15.21 78.6
      vertex 34.8083 -16 79.6585
      vertex 34.8083 16 79.6585
    endloop
  endfacet
  facet normal -0.777151 0 -0.629314
    outer loop
      vertex 28.3156 -16 96.5725
      vertex 26.0101 16 99.4196
      vertex 28.3156 16 96.5725
    endloop
  endfacet
  facet normal -0.777151 -0 -0.629314
    outer loop
      vertex 26.0101 16 99.4196
      vertex 28.3156 -16 96.5725
      vertex 26.0101 -16 99.4196
    endloop
  endfacet
  facet normal 0.156408 0 -0.987693
    outer loop
      vertex -7.27691 -16 110.235
      vertex -3.6585 16 110.808
      vertex -3.6585 -16 110.808
    endloop
  endfacet
  facet normal 0.156408 0 -0.987693
    outer loop
      vertex -3.6585 16 110.808
      vertex -7.27691 -16 110.235
      vertex -7.27691 16 110.235
    endloop
  endfacet
  facet normal 0.707093 0 -0.70712
    outer loop
      vertex -23.4196 -16 102.01
      vertex -26.0101 16 99.4196
      vertex -23.4196 16 102.01
    endloop
  endfacet
  facet normal 0.707093 0 -0.70712
    outer loop
      vertex -26.0101 16 99.4196
      vertex -23.4196 -16 102.01
      vertex -26.0101 -16 99.4196
    endloop
  endfacet
  facet normal -0.0524084 0 -0.998626
    outer loop
      vertex 0 -16 111
      vertex 3.6585 16 110.808
      vertex 3.6585 -16 110.808
    endloop
  endfacet
  facet normal -0.0524084 0 -0.998626
    outer loop
      vertex 3.6585 16 110.808
      vertex 0 -16 111
      vertex 0 16 111
    endloop
  endfacet
  facet normal -0.156408 0 -0.987693
    outer loop
      vertex 3.6585 -16 110.808
      vertex 7.27691 16 110.235
      vertex 7.27691 -16 110.235
    endloop
  endfacet
  facet normal -0.156408 0 -0.987693
    outer loop
      vertex 7.27691 16 110.235
      vertex 3.6585 -16 110.808
      vertex 3.6585 16 110.808
    endloop
  endfacet
  facet normal -0.258771 0 -0.965939
    outer loop
      vertex 7.27691 -16 110.235
      vertex 10.8156 16 109.287
      vertex 10.8156 -16 109.287
    endloop
  endfacet
  facet normal -0.258771 0 -0.965939
    outer loop
      vertex 10.8156 16 109.287
      vertex 7.27691 -16 110.235
      vertex 7.27691 16 110.235
    endloop
  endfacet
  facet normal -0.629511 0 -0.776992
    outer loop
      vertex 20.5725 -15.21 104.316
      vertex 21.7031 15.21 103.4
      vertex 21.7031 -15.21 103.4
    endloop
  endfacet
  facet normal -0.629511 0 -0.776992
    outer loop
      vertex 21.7031 15.21 103.4
      vertex 20.5725 -15.21 104.316
      vertex 20.5725 15.21 104.316
    endloop
  endfacet
  facet normal -0.629322 -0 -0.777145
    outer loop
      vertex 21.7031 -15.21 103.4
      vertex 23.4196 -16 102.01
      vertex 21.7031 -16 103.4
    endloop
  endfacet
  facet normal -0.629322 0 -0.777145
    outer loop
      vertex 23.4196 -16 102.01
      vertex 21.7031 -15.21 103.4
      vertex 23.4196 16 102.01
    endloop
  endfacet
  facet normal -0.629322 -0 -0.777145
    outer loop
      vertex 21.7031 15.21 103.4
      vertex 23.4196 16 102.01
      vertex 21.7031 -15.21 103.4
    endloop
  endfacet
  facet normal -0.629322 0 -0.777145
    outer loop
      vertex 23.4196 16 102.01
      vertex 21.7031 15.21 103.4
      vertex 21.7031 16 103.4
    endloop
  endfacet
  facet normal -0.453949 0 -0.891028
    outer loop
      vertex 14.2358 -16 107.974
      vertex 17.5 16 106.311
      vertex 17.5 -16 106.311
    endloop
  endfacet
  facet normal -0.453949 0 -0.891028
    outer loop
      vertex 17.5 16 106.311
      vertex 14.2358 -16 107.974
      vertex 14.2358 16 107.974
    endloop
  endfacet
  facet normal -0.890928 0 -0.454145
    outer loop
      vertex 31.9741 16 90.2358
      vertex 31.8904 15.21 90.4
      vertex 31.8904 16 90.4
    endloop
  endfacet
  facet normal -0.891016 -0 -0.453972
    outer loop
      vertex 31.8904 15.21 90.4
      vertex 31.8904 -15.21 90.4
      vertex 31.279 15.21 91.6
    endloop
  endfacet
  facet normal -0.890928 0 -0.454145
    outer loop
      vertex 31.9741 16 90.2358
      vertex 31.8904 -15.21 90.4
      vertex 31.8904 15.21 90.4
    endloop
  endfacet
  facet normal -0.890928 0 -0.454145
    outer loop
      vertex 31.9741 -16 90.2358
      vertex 31.8904 -15.21 90.4
      vertex 31.9741 16 90.2358
    endloop
  endfacet
  facet normal -0.890928 -0 -0.454145
    outer loop
      vertex 31.8904 -15.21 90.4
      vertex 31.9741 -16 90.2358
      vertex 31.8904 -16 90.4
    endloop
  endfacet
  facet normal -0.891006 0 -0.453991
    outer loop
      vertex 31.279 15.21 91.6
      vertex 30.3109 16 93.5
      vertex 31.279 16 91.6
    endloop
  endfacet
  facet normal -0.891016 0 -0.453972
    outer loop
      vertex 31.279 -15.21 91.6
      vertex 31.279 15.21 91.6
      vertex 31.8904 -15.21 90.4
    endloop
  endfacet
  facet normal -0.891006 -0 -0.453991
    outer loop
      vertex 31.279 15.21 91.6
      vertex 31.279 -15.21 91.6
      vertex 30.3109 16 93.5
    endloop
  endfacet
  facet normal -0.891006 0 -0.453991
    outer loop
      vertex 30.3109 -16 93.5
      vertex 31.279 -15.21 91.6
      vertex 31.279 -16 91.6
    endloop
  endfacet
  facet normal -0.891006 0 -0.453991
    outer loop
      vertex 31.279 -15.21 91.6
      vertex 30.3109 -16 93.5
      vertex 30.3109 16 93.5
    endloop
  endfacet
  facet normal 0.0524084 0 -0.998626
    outer loop
      vertex -3.6585 -16 110.808
      vertex 0 16 111
      vertex 0 -16 111
    endloop
  endfacet
  facet normal 0.0524084 0 -0.998626
    outer loop
      vertex 0 16 111
      vertex -3.6585 -16 110.808
      vertex -3.6585 16 110.808
    endloop
  endfacet
  facet normal 0.358394 0 -0.933571
    outer loop
      vertex -14.2358 -16 107.974
      vertex -10.8156 16 109.287
      vertex -10.8156 -16 109.287
    endloop
  endfacet
  facet normal 0.358394 0 -0.933571
    outer loop
      vertex -10.8156 16 109.287
      vertex -14.2358 -16 107.974
      vertex -14.2358 16 107.974
    endloop
  endfacet
  facet normal 0.544045 0 -0.839056
    outer loop
      vertex -20.5725 -15.21 104.316
      vertex -20.1345 15.21 104.6
      vertex -20.1345 -15.21 104.6
    endloop
  endfacet
  facet normal 0.544045 0 -0.839056
    outer loop
      vertex -20.1345 15.21 104.6
      vertex -20.5725 -15.21 104.316
      vertex -20.5725 15.21 104.316
    endloop
  endfacet
  facet normal 0.544669 0 -0.838651
    outer loop
      vertex -20.1345 -15.21 104.6
      vertex -17.5 -16 106.311
      vertex -20.1345 -16 104.6
    endloop
  endfacet
  facet normal 0.544669 0 -0.838651
    outer loop
      vertex -17.5 -16 106.311
      vertex -20.1345 -15.21 104.6
      vertex -17.5 16 106.311
    endloop
  endfacet
  facet normal 0.544669 0 -0.838651
    outer loop
      vertex -20.1345 15.21 104.6
      vertex -17.5 16 106.311
      vertex -20.1345 -15.21 104.6
    endloop
  endfacet
  facet normal 0.544669 0 -0.838651
    outer loop
      vertex -17.5 16 106.311
      vertex -20.1345 15.21 104.6
      vertex -20.1345 16 104.6
    endloop
  endfacet
  facet normal 0.965925 0 -0.258821
    outer loop
      vertex -33.287 -16 86.8156
      vertex -34.2352 16 83.2769
      vertex -33.287 16 86.8156
    endloop
  endfacet
  facet normal 0.965925 0 -0.258821
    outer loop
      vertex -34.2352 16 83.2769
      vertex -33.287 -16 86.8156
      vertex -34.2352 -16 83.2769
    endloop
  endfacet
  facet normal 0.998633 0 -0.0522667
    outer loop
      vertex -34.8083 16 79.6585
      vertex -34.8637 15.21 78.6
      vertex -34.8637 16 78.6
    endloop
  endfacet
  facet normal 0.998629 0 -0.0523448
    outer loop
      vertex -34.8637 15.21 78.6
      vertex -34.8637 -15.21 78.6
      vertex -34.9266 15.21 77.4
    endloop
  endfacet
  facet normal 0.998633 0 -0.0522667
    outer loop
      vertex -34.8083 16 79.6585
      vertex -34.8637 -15.21 78.6
      vertex -34.8637 15.21 78.6
    endloop
  endfacet
  facet normal 0.998633 0 -0.0522667
    outer loop
      vertex -34.8083 -16 79.6585
      vertex -34.8637 -15.21 78.6
      vertex -34.8083 16 79.6585
    endloop
  endfacet
  facet normal 0.998633 0 -0.0522667
    outer loop
      vertex -34.8637 -15.21 78.6
      vertex -34.8083 -16 79.6585
      vertex -34.8637 -16 78.6
    endloop
  endfacet
  facet normal 0.998628 0 -0.0523567
    outer loop
      vertex -34.9266 15.21 77.4
      vertex -35 16 76
      vertex -34.9266 16 77.4
    endloop
  endfacet
  facet normal 0.998629 0 -0.0523448
    outer loop
      vertex -34.9266 -15.21 77.4
      vertex -34.9266 15.21 77.4
      vertex -34.8637 -15.21 78.6
    endloop
  endfacet
  facet normal 0.998628 0 -0.0523567
    outer loop
      vertex -34.9266 15.21 77.4
      vertex -34.9266 -15.21 77.4
      vertex -35 16 76
    endloop
  endfacet
  facet normal 0.998628 0 -0.0523567
    outer loop
      vertex -35 -16 76
      vertex -34.9266 -15.21 77.4
      vertex -34.9266 -16 77.4
    endloop
  endfacet
  facet normal 0.998628 0 -0.0523567
    outer loop
      vertex -34.9266 -15.21 77.4
      vertex -35 -16 76
      vertex -35 16 76
    endloop
  endfacet
  facet normal 0.838671 0 -0.544638
    outer loop
      vertex -28.3156 -16 96.5725
      vertex -30.3109 16 93.5
      vertex -28.3156 16 96.5725
    endloop
  endfacet
  facet normal 0.838671 0 -0.544638
    outer loop
      vertex -30.3109 16 93.5
      vertex -28.3156 -16 96.5725
      vertex -30.3109 -16 93.5
    endloop
  endfacet
  facet normal 0.891006 0 -0.453991
    outer loop
      vertex -30.3109 16 93.5
      vertex -31.279 15.21 91.6
      vertex -31.279 16 91.6
    endloop
  endfacet
  facet normal 0.891016 0 -0.453972
    outer loop
      vertex -31.279 15.21 91.6
      vertex -31.279 -15.21 91.6
      vertex -31.8904 15.21 90.4
    endloop
  endfacet
  facet normal 0.891006 0 -0.453991
    outer loop
      vertex -30.3109 16 93.5
      vertex -31.279 -15.21 91.6
      vertex -31.279 15.21 91.6
    endloop
  endfacet
  facet normal 0.891006 0 -0.453991
    outer loop
      vertex -30.3109 -16 93.5
      vertex -31.279 -15.21 91.6
      vertex -30.3109 16 93.5
    endloop
  endfacet
  facet normal 0.891006 0 -0.453991
    outer loop
      vertex -31.279 -15.21 91.6
      vertex -30.3109 -16 93.5
      vertex -31.279 -16 91.6
    endloop
  endfacet
  facet normal 0.890928 0 -0.454145
    outer loop
      vertex -31.8904 15.21 90.4
      vertex -31.9741 16 90.2358
      vertex -31.8904 16 90.4
    endloop
  endfacet
  facet normal 0.891016 0 -0.453972
    outer loop
      vertex -31.8904 -15.21 90.4
      vertex -31.8904 15.21 90.4
      vertex -31.279 -15.21 91.6
    endloop
  endfacet
  facet normal 0.890928 0 -0.454145
    outer loop
      vertex -31.8904 15.21 90.4
      vertex -31.8904 -15.21 90.4
      vertex -31.9741 16 90.2358
    endloop
  endfacet
  facet normal 0.890928 0 -0.454145
    outer loop
      vertex -31.9741 -16 90.2358
      vertex -31.8904 -15.21 90.4
      vertex -31.8904 -16 90.4
    endloop
  endfacet
  facet normal 0.890928 0 -0.454145
    outer loop
      vertex -31.8904 -15.21 90.4
      vertex -31.9741 -16 90.2358
      vertex -31.9741 16 90.2358
    endloop
  endfacet
  facet normal 0.93358 0 -0.35837
    outer loop
      vertex -31.9741 -16 90.2358
      vertex -33.287 16 86.8156
      vertex -31.9741 16 90.2358
    endloop
  endfacet
  facet normal 0.93358 0 -0.35837
    outer loop
      vertex -33.287 16 86.8156
      vertex -31.9741 -16 90.2358
      vertex -33.287 -16 86.8156
    endloop
  endfacet
  facet normal 0.777151 0 -0.629314
    outer loop
      vertex -26.0101 -16 99.4196
      vertex -28.3156 16 96.5725
      vertex -26.0101 16 99.4196
    endloop
  endfacet
  facet normal 0.777151 0 -0.629314
    outer loop
      vertex -28.3156 16 96.5725
      vertex -26.0101 -16 99.4196
      vertex -28.3156 -16 96.5725
    endloop
  endfacet
  facet normal -0.987688 0 -0.156435
    outer loop
      vertex 34.8083 -16 79.6585
      vertex 34.2352 16 83.2769
      vertex 34.8083 16 79.6585
    endloop
  endfacet
  facet normal -0.987688 -0 -0.156435
    outer loop
      vertex 34.2352 16 83.2769
      vertex 34.8083 -16 79.6585
      vertex 34.2352 -16 83.2769
    endloop
  endfacet
  facet normal -0.965925 0 -0.258821
    outer loop
      vertex 34.2352 -16 83.2769
      vertex 33.287 16 86.8156
      vertex 34.2352 16 83.2769
    endloop
  endfacet
  facet normal -0.965925 -0 -0.258821
    outer loop
      vertex 33.287 16 86.8156
      vertex 34.2352 -16 83.2769
      vertex 33.287 -16 86.8156
    endloop
  endfacet
  facet normal -0.358394 0 -0.933571
    outer loop
      vertex 10.8156 -16 109.287
      vertex 14.2358 16 107.974
      vertex 14.2358 -16 107.974
    endloop
  endfacet
  facet normal -0.358394 0 -0.933571
    outer loop
      vertex 14.2358 16 107.974
      vertex 10.8156 -16 109.287
      vertex 10.8156 16 109.287
    endloop
  endfacet
  facet normal -0.707093 0 -0.70712
    outer loop
      vertex 26.0101 -16 99.4196
      vertex 23.4196 16 102.01
      vertex 26.0101 16 99.4196
    endloop
  endfacet
  facet normal -0.707093 -0 -0.70712
    outer loop
      vertex 23.4196 16 102.01
      vertex 26.0101 -16 99.4196
      vertex 23.4196 -16 102.01
    endloop
  endfacet
  facet normal -0.544669 0 -0.838651
    outer loop
      vertex 17.5 -16 106.311
      vertex 20.1345 -15.21 104.6
      vertex 20.1345 -16 104.6
    endloop
  endfacet
  facet normal -0.544669 0 -0.838651
    outer loop
      vertex 20.1345 -15.21 104.6
      vertex 17.5 -16 106.311
      vertex 20.1345 15.21 104.6
    endloop
  endfacet
  facet normal -0.544669 -0 -0.838651
    outer loop
      vertex 17.5 16 106.311
      vertex 20.1345 15.21 104.6
      vertex 17.5 -16 106.311
    endloop
  endfacet
  facet normal -0.544669 0 -0.838651
    outer loop
      vertex 20.1345 15.21 104.6
      vertex 17.5 16 106.311
      vertex 20.1345 16 104.6
    endloop
  endfacet
  facet normal -0.544045 0 -0.839056
    outer loop
      vertex 20.1345 -15.21 104.6
      vertex 20.5725 15.21 104.316
      vertex 20.5725 -15.21 104.316
    endloop
  endfacet
  facet normal -0.544045 0 -0.839056
    outer loop
      vertex 20.5725 15.21 104.316
      vertex 20.1345 -15.21 104.6
      vertex 20.1345 15.21 104.6
    endloop
  endfacet
  facet normal -0.838671 0 -0.544638
    outer loop
      vertex 30.3109 -16 93.5
      vertex 28.3156 16 96.5725
      vertex 30.3109 16 93.5
    endloop
  endfacet
  facet normal -0.838671 -0 -0.544638
    outer loop
      vertex 28.3156 16 96.5725
      vertex 30.3109 -16 93.5
      vertex 28.3156 -16 96.5725
    endloop
  endfacet
  facet normal 0.258771 0 -0.965939
    outer loop
      vertex -10.8156 -16 109.287
      vertex -7.27691 16 110.235
      vertex -7.27691 -16 110.235
    endloop
  endfacet
  facet normal 0.258771 0 -0.965939
    outer loop
      vertex -7.27691 16 110.235
      vertex -10.8156 -16 109.287
      vertex -10.8156 16 109.287
    endloop
  endfacet
  facet normal 0.629322 0 -0.777145
    outer loop
      vertex -23.4196 -16 102.01
      vertex -21.7031 -15.21 103.4
      vertex -21.7031 -16 103.4
    endloop
  endfacet
  facet normal 0.629322 0 -0.777145
    outer loop
      vertex -21.7031 -15.21 103.4
      vertex -23.4196 -16 102.01
      vertex -21.7031 15.21 103.4
    endloop
  endfacet
  facet normal 0.629322 0 -0.777145
    outer loop
      vertex -23.4196 16 102.01
      vertex -21.7031 15.21 103.4
      vertex -23.4196 -16 102.01
    endloop
  endfacet
  facet normal 0.629322 0 -0.777145
    outer loop
      vertex -21.7031 15.21 103.4
      vertex -23.4196 16 102.01
      vertex -21.7031 16 103.4
    endloop
  endfacet
  facet normal 0.629511 0 -0.776992
    outer loop
      vertex -21.7031 -15.21 103.4
      vertex -20.5725 15.21 104.316
      vertex -20.5725 -15.21 104.316
    endloop
  endfacet
  facet normal 0.629511 0 -0.776992
    outer loop
      vertex -20.5725 15.21 104.316
      vertex -21.7031 -15.21 103.4
      vertex -21.7031 15.21 103.4
    endloop
  endfacet
  facet normal 0.987688 0 -0.156435
    outer loop
      vertex -34.2352 -16 83.2769
      vertex -34.8083 16 79.6585
      vertex -34.2352 16 83.2769
    endloop
  endfacet
  facet normal 0.987688 0 -0.156435
    outer loop
      vertex -34.8083 16 79.6585
      vertex -34.2352 -16 83.2769
      vertex -34.8083 -16 79.6585
    endloop
  endfacet
  facet normal 1 -0 0
    outer loop
      vertex -35 -16 25.4
      vertex -35 -15.21 13.6
      vertex -35 -15.21 25.4
    endloop
  endfacet
  facet normal 1 0 0
    outer loop
      vertex -35 -15.21 13.6
      vertex -35 -16 25.4
      vertex -35 -16 13.6
    endloop
  endfacet
  facet normal 1 -0 0
    outer loop
      vertex -35 -16 38.4
      vertex -35 -15.21 26.6
      vertex -35 -15.21 38.4
    endloop
  endfacet
  facet normal 1 0 0
    outer loop
      vertex -35 -15.21 26.6
      vertex -35 -16 38.4
      vertex -35 -16 26.6
    endloop
  endfacet
  facet normal 1 -0 0
    outer loop
      vertex -35 -16 51.4
      vertex -35 -15.21 39.6
      vertex -35 -15.21 51.4
    endloop
  endfacet
  facet normal 1 0 0
    outer loop
      vertex -35 -15.21 39.6
      vertex -35 -16 51.4
      vertex -35 -16 39.6
    endloop
  endfacet
  facet normal 1 -0 0
    outer loop
      vertex -35 -16 64.4
      vertex -35 -15.21 52.6
      vertex -35 -15.21 64.4
    endloop
  endfacet
  facet normal 1 0 0
    outer loop
      vertex -35 -15.21 52.6
      vertex -35 -16 64.4
      vertex -35 -16 52.6
    endloop
  endfacet
  facet normal 1 0 0
    outer loop
      vertex -35 16 76
      vertex -35 15.21 65.6
      vertex -35 16 65.6
    endloop
  endfacet
  facet normal 1 0 0
    outer loop
      vertex -35 -15.21 64.4
      vertex -35 15.21 64.4
      vertex -35 15.21 65.6
    endloop
  endfacet
  facet normal 1 0 0
    outer loop
      vertex -35 15.21 64.4
      vertex -35 -15.21 64.4
      vertex -35 15.21 52.6
    endloop
  endfacet
  facet normal 1 0 0
    outer loop
      vertex -35 15.21 52.6
      vertex -35 -15.21 52.6
      vertex -35 15.21 51.4
    endloop
  endfacet
  facet normal 1 0 0
    outer loop
      vertex -35 -15.21 51.4
      vertex -35 15.21 51.4
      vertex -35 -15.21 52.6
    endloop
  endfacet
  facet normal 1 0 0
    outer loop
      vertex -35 -15.21 39.6
      vertex -35 15.21 39.6
      vertex -35 -15.21 51.4
    endloop
  endfacet
  facet normal 1 0 0
    outer loop
      vertex -35 15.21 39.6
      vertex -35 -15.21 39.6
      vertex -35 15.21 38.4
    endloop
  endfacet
  facet normal 1 0 0
    outer loop
      vertex -35 15.21 38.4
      vertex -35 -15.21 38.4
      vertex -35 15.21 26.6
    endloop
  endfacet
  facet normal 1 0 0
    outer loop
      vertex -35 -15.21 26.6
      vertex -35 15.21 26.6
      vertex -35 -15.21 38.4
    endloop
  endfacet
  facet normal 1 0 0
    outer loop
      vertex -35 -15.21 64.4
      vertex -35 15.21 65.6
      vertex -35 -15.21 65.6
    endloop
  endfacet
  facet normal 1 0 0
    outer loop
      vertex -35 16 76
      vertex -35 -15.21 65.6
      vertex -35 15.21 65.6
    endloop
  endfacet
  facet normal 1 -0 0
    outer loop
      vertex -35 -16 76
      vertex -35 -15.21 65.6
      vertex -35 16 76
    endloop
  endfacet
  facet normal 1 0 0
    outer loop
      vertex -35 -15.21 65.6
      vertex -35 -16 76
      vertex -35 -16 65.6
    endloop
  endfacet
  facet normal 1 -0 0
    outer loop
      vertex -35 15.21 64.4
      vertex -35 16 52.6
      vertex -35 16 64.4
    endloop
  endfacet
  facet normal 1 0 0
    outer loop
      vertex -35 16 52.6
      vertex -35 15.21 64.4
      vertex -35 15.21 52.6
    endloop
  endfacet
  facet normal 1 -0 0
    outer loop
      vertex -35 15.21 51.4
      vertex -35 16 39.6
      vertex -35 16 51.4
    endloop
  endfacet
  facet normal 1 0 0
    outer loop
      vertex -35 16 39.6
      vertex -35 15.21 51.4
      vertex -35 15.21 39.6
    endloop
  endfacet
  facet normal 1 -0 0
    outer loop
      vertex -35 15.21 38.4
      vertex -35 16 26.6
      vertex -35 16 38.4
    endloop
  endfacet
  facet normal 1 0 0
    outer loop
      vertex -35 16 26.6
      vertex -35 15.21 38.4
      vertex -35 15.21 26.6
    endloop
  endfacet
  facet normal 1 -0 0
    outer loop
      vertex -35 15.21 25.4
      vertex -35 16 13.6
      vertex -35 16 25.4
    endloop
  endfacet
  facet normal 1 0 0
    outer loop
      vertex -35 16 13.6
      vertex -35 15.21 25.4
      vertex -35 15.21 13.6
    endloop
  endfacet
  facet normal 1 -0 0
    outer loop
      vertex -35 15.21 12.4
      vertex -35 16 0
      vertex -35 16 12.4
    endloop
  endfacet
  facet normal 1 0 0
    outer loop
      vertex -35 15.21 52.6
      vertex -35 -15.21 64.4
      vertex -35 -15.21 52.6
    endloop
  endfacet
  facet normal 1 0 0
    outer loop
      vertex -35 15.21 51.4
      vertex -35 -15.21 51.4
      vertex -35 15.21 39.6
    endloop
  endfacet
  facet normal 1 0 0
    outer loop
      vertex -35 -15.21 38.4
      vertex -35 15.21 38.4
      vertex -35 -15.21 39.6
    endloop
  endfacet
  facet normal 1 0 0
    outer loop
      vertex -35 15.21 26.6
      vertex -35 -15.21 26.6
      vertex -35 15.21 25.4
    endloop
  endfacet
  facet normal 1 0 0
    outer loop
      vertex -35 -15.21 25.4
      vertex -35 15.21 25.4
      vertex -35 -15.21 26.6
    endloop
  endfacet
  facet normal 1 0 0
    outer loop
      vertex -35 15.21 25.4
      vertex -35 -15.21 25.4
      vertex -35 15.21 13.6
    endloop
  endfacet
  facet normal 1 0 0
    outer loop
      vertex -35 -15.21 13.6
      vertex -35 15.21 13.6
      vertex -35 -15.21 25.4
    endloop
  endfacet
  facet normal 1 0 0
    outer loop
      vertex -35 15.21 13.6
      vertex -35 -15.21 13.6
      vertex -35 15.21 12.4
    endloop
  endfacet
  facet normal 1 0 0
    outer loop
      vertex -35 -15.21 12.4
      vertex -35 15.21 12.4
      vertex -35 -15.21 13.6
    endloop
  endfacet
  facet normal 1 0 0
    outer loop
      vertex -35 15.21 12.4
      vertex -35 -15.21 12.4
      vertex -35 16 0
    endloop
  endfacet
  facet normal 1 0 0
    outer loop
      vertex -35 -16 0
      vertex -35 -15.21 12.4
      vertex -35 -16 12.4
    endloop
  endfacet
  facet normal 1 0 0
    outer loop
      vertex -35 -15.21 12.4
      vertex -35 -16 0
      vertex -35 16 0
    endloop
  endfacet
  facet normal -1 0 0
    outer loop
      vertex 35 -16 52.6
      vertex 35 -15.21 64.4
      vertex 35 -15.21 52.6
    endloop
  endfacet
  facet normal -1 -0 0
    outer loop
      vertex 35 -15.21 64.4
      vertex 35 -16 52.6
      vertex 35 -16 64.4
    endloop
  endfacet
  facet normal -1 0 0
    outer loop
      vertex 35 -16 39.6
      vertex 35 -15.21 51.4
      vertex 35 -15.21 39.6
    endloop
  endfacet
  facet normal -1 -0 0
    outer loop
      vertex 35 -15.21 51.4
      vertex 35 -16 39.6
      vertex 35 -16 51.4
    endloop
  endfacet
  facet normal -1 0 0
    outer loop
      vertex 35 -16 26.6
      vertex 35 -15.21 38.4
      vertex 35 -15.21 26.6
    endloop
  endfacet
  facet normal -1 -0 0
    outer loop
      vertex 35 -15.21 38.4
      vertex 35 -16 26.6
      vertex 35 -16 38.4
    endloop
  endfacet
  facet normal -1 0 0
    outer loop
      vertex 35 -16 13.6
      vertex 35 -15.21 25.4
      vertex 35 -15.21 13.6
    endloop
  endfacet
  facet normal -1 -0 0
    outer loop
      vertex 35 -15.21 25.4
      vertex 35 -16 13.6
      vertex 35 -16 25.4
    endloop
  endfacet
  facet normal -1 0 0
    outer loop
      vertex 35 16 0
      vertex 35 15.21 12.4
      vertex 35 16 12.4
    endloop
  endfacet
  facet normal -1 0 0
    outer loop
      vertex 35 -15.21 13.6
      vertex 35 15.21 13.6
      vertex 35 15.21 12.4
    endloop
  endfacet
  facet normal -1 0 0
    outer loop
      vertex 35 15.21 13.6
      vertex 35 -15.21 13.6
      vertex 35 15.21 25.4
    endloop
  endfacet
  facet normal -1 0 0
    outer loop
      vertex 35 15.21 25.4
      vertex 35 -15.21 25.4
      vertex 35 15.21 26.6
    endloop
  endfacet
  facet normal -1 0 0
    outer loop
      vertex 35 -15.21 26.6
      vertex 35 15.21 26.6
      vertex 35 -15.21 25.4
    endloop
  endfacet
  facet normal -1 0 0
    outer loop
      vertex 35 -15.21 38.4
      vertex 35 15.21 38.4
      vertex 35 -15.21 26.6
    endloop
  endfacet
  facet normal -1 0 0
    outer loop
      vertex 35 15.21 38.4
      vertex 35 -15.21 38.4
      vertex 35 15.21 39.6
    endloop
  endfacet
  facet normal -1 0 0
    outer loop
      vertex 35 15.21 39.6
      vertex 35 -15.21 39.6
      vertex 35 15.21 51.4
    endloop
  endfacet
  facet normal -1 0 0
    outer loop
      vertex 35 -15.21 51.4
      vertex 35 15.21 51.4
      vertex 35 -15.21 39.6
    endloop
  endfacet
  facet normal -1 0 0
    outer loop
      vertex 35 -15.21 13.6
      vertex 35 15.21 12.4
      vertex 35 -15.21 12.4
    endloop
  endfacet
  facet normal -1 0 0
    outer loop
      vertex 35 16 0
      vertex 35 -15.21 12.4
      vertex 35 15.21 12.4
    endloop
  endfacet
  facet normal -1 0 0
    outer loop
      vertex 35 -16 0
      vertex 35 -15.21 12.4
      vertex 35 16 0
    endloop
  endfacet
  facet normal -1 -0 0
    outer loop
      vertex 35 -15.21 12.4
      vertex 35 -16 0
      vertex 35 -16 12.4
    endloop
  endfacet
  facet normal -1 0 0
    outer loop
      vertex 35 15.21 13.6
      vertex 35 16 25.4
      vertex 35 16 13.6
    endloop
  endfacet
  facet normal -1 -0 0
    outer loop
      vertex 35 16 25.4
      vertex 35 15.21 13.6
      vertex 35 15.21 25.4
    endloop
  endfacet
  facet normal -1 0 0
    outer loop
      vertex 35 15.21 26.6
      vertex 35 16 38.4
      vertex 35 16 26.6
    endloop
  endfacet
  facet normal -1 -0 0
    outer loop
      vertex 35 16 38.4
      vertex 35 15.21 26.6
      vertex 35 15.21 38.4
    endloop
  endfacet
  facet normal -1 0 0
    outer loop
      vertex 35 15.21 39.6
      vertex 35 16 51.4
      vertex 35 16 39.6
    endloop
  endfacet
  facet normal -1 -0 0
    outer loop
      vertex 35 16 51.4
      vertex 35 15.21 39.6
      vertex 35 15.21 51.4
    endloop
  endfacet
  facet normal -1 0 0
    outer loop
      vertex 35 15.21 52.6
      vertex 35 16 64.4
      vertex 35 16 52.6
    endloop
  endfacet
  facet normal -1 -0 0
    outer loop
      vertex 35 16 64.4
      vertex 35 15.21 52.6
      vertex 35 15.21 64.4
    endloop
  endfacet
  facet normal -1 0 0
    outer loop
      vertex 35 15.21 65.6
      vertex 35 16 76
      vertex 35 16 65.6
    endloop
  endfacet
  facet normal -1 -0 0
    outer loop
      vertex 35 15.21 25.4
      vertex 35 -15.21 13.6
      vertex 35 -15.21 25.4
    endloop
  endfacet
  facet normal -1 0 0
    outer loop
      vertex 35 15.21 26.6
      vertex 35 -15.21 26.6
      vertex 35 15.21 38.4
    endloop
  endfacet
  facet normal -1 0 0
    outer loop
      vertex 35 -15.21 39.6
      vertex 35 15.21 39.6
      vertex 35 -15.21 38.4
    endloop
  endfacet
  facet normal -1 0 0
    outer loop
      vertex 35 15.21 51.4
      vertex 35 -15.21 51.4
      vertex 35 15.21 52.6
    endloop
  endfacet
  facet normal -1 0 0
    outer loop
      vertex 35 -15.21 52.6
      vertex 35 15.21 52.6
      vertex 35 -15.21 51.4
    endloop
  endfacet
  facet normal -1 0 0
    outer loop
      vertex 35 15.21 52.6
      vertex 35 -15.21 52.6
      vertex 35 15.21 64.4
    endloop
  endfacet
  facet normal -1 0 0
    outer loop
      vertex 35 -15.21 64.4
      vertex 35 15.21 64.4
      vertex 35 -15.21 52.6
    endloop
  endfacet
  facet normal -1 0 0
    outer loop
      vertex 35 15.21 64.4
      vertex 35 -15.21 64.4
      vertex 35 15.21 65.6
    endloop
  endfacet
  facet normal -1 0 0
    outer loop
      vertex 35 -15.21 65.6
      vertex 35 15.21 65.6
      vertex 35 -15.21 64.4
    endloop
  endfacet
  facet normal -1 0 0
    outer loop
      vertex 35 15.21 65.6
      vertex 35 -15.21 65.6
      vertex 35 16 76
    endloop
  endfacet
  facet normal -1 0 0
    outer loop
      vertex 35 -16 76
      vertex 35 -15.21 65.6
      vertex 35 -16 65.6
    endloop
  endfacet
  facet normal -1 0 0
    outer loop
      vertex 35 -15.21 65.6
      vertex 35 -16 76
      vertex 35 16 76
    endloop
  endfacet
  facet normal 1 0 0
    outer loop
      vertex -46 -15.21 103.4
      vertex -46 -14.81 111
      vertex -46 -15.21 104.6
    endloop
  endfacet
  facet normal 1 -0 0
    outer loop
      vertex -46 -16 111
      vertex -46 -15.21 104.6
      vertex -46 -14.81 111
    endloop
  endfacet
  facet normal 1 0 0
    outer loop
      vertex -46 -15.21 104.6
      vertex -46 -16 111
      vertex -46 -16 104.6
    endloop
  endfacet
  facet normal 1 0 0
    outer loop
      vertex -46 -14.81 111
      vertex -46 -15.21 103.4
      vertex -46 -14.81 94.4303
    endloop
  endfacet
  facet normal 1 0 0
    outer loop
      vertex -46 -16 94.4303
      vertex -46 -15.21 103.4
      vertex -46 -16 103.4
    endloop
  endfacet
  facet normal 1 0 0
    outer loop
      vertex -46 -15.21 103.4
      vertex -46 -16 94.4303
      vertex -46 -14.81 94.4303
    endloop
  endfacet
  facet normal 1 -0 0
    outer loop
      vertex -46 -16 25.4
      vertex -46 -15.21 13.6
      vertex -46 -15.21 25.4
    endloop
  endfacet
  facet normal 1 0 0
    outer loop
      vertex -46 -15.21 13.6
      vertex -46 -16 25.4
      vertex -46 -16 13.6
    endloop
  endfacet
  facet normal 1 -0 0
    outer loop
      vertex -46 -16 38.4
      vertex -46 -15.21 26.6
      vertex -46 -15.21 38.4
    endloop
  endfacet
  facet normal 1 0 0
    outer loop
      vertex -46 -15.21 26.6
      vertex -46 -16 38.4
      vertex -46 -16 26.6
    endloop
  endfacet
  facet normal 1 -0 0
    outer loop
      vertex -46 -16 51.4
      vertex -46 -15.21 39.6
      vertex -46 -15.21 51.4
    endloop
  endfacet
  facet normal 1 0 0
    outer loop
      vertex -46 -15.21 39.6
      vertex -46 -16 51.4
      vertex -46 -16 39.6
    endloop
  endfacet
  facet normal 1 -0 0
    outer loop
      vertex -46 -16 64.4
      vertex -46 -15.21 52.6
      vertex -46 -15.21 64.4
    endloop
  endfacet
  facet normal 1 0 0
    outer loop
      vertex -46 -15.21 52.6
      vertex -46 -16 64.4
      vertex -46 -16 52.6
    endloop
  endfacet
  facet normal 1 -0 0
    outer loop
      vertex -46 -16 77.4
      vertex -46 -15.21 65.6
      vertex -46 -15.21 77.4
    endloop
  endfacet
  facet normal 1 0 0
    outer loop
      vertex -46 -15.21 65.6
      vertex -46 -16 77.4
      vertex -46 -16 65.6
    endloop
  endfacet
  facet normal 1 -0 0
    outer loop
      vertex -46 -16 90.4
      vertex -46 -15.21 78.6
      vertex -46 -15.21 90.4
    endloop
  endfacet
  facet normal 1 0 0
    outer loop
      vertex -46 -15.21 78.6
      vertex -46 -16 90.4
      vertex -46 -16 78.6
    endloop
  endfacet
  facet normal 1 0 0
    outer loop
      vertex -46 -15.21 90.4
      vertex -46 -14.81 92.3086
      vertex -46 -15.21 91.6
    endloop
  endfacet
  facet normal 1 -0 0
    outer loop
      vertex -46 -16 92.3086
      vertex -46 -15.21 91.6
      vertex -46 -14.81 92.3086
    endloop
  endfacet
  facet normal 1 0 0
    outer loop
      vertex -46 -15.21 91.6
      vertex -46 -16 92.3086
      vertex -46 -16 91.6
    endloop
  endfacet
  facet normal 1 0 0
    outer loop
      vertex -46 -15.21 78.6
      vertex -46 -14.81 92.3086
      vertex -46 -15.21 90.4
    endloop
  endfacet
  facet normal 1 0 0
    outer loop
      vertex -46 -15.21 77.4
      vertex -46 -14.81 92.3086
      vertex -46 -15.21 78.6
    endloop
  endfacet
  facet normal 1 0 0
    outer loop
      vertex -46 -15.21 65.6
      vertex -46 -14.81 92.3086
      vertex -46 -15.21 77.4
    endloop
  endfacet
  facet normal 1 0 0
    outer loop
      vertex -46 -14.81 92.3086
      vertex -46 -15.21 65.6
      vertex -46 -14.81 12
    endloop
  endfacet
  facet normal 1 -0 0
    outer loop
      vertex -46 -15.21 64.4
      vertex -46 -14.81 12
      vertex -46 -15.21 65.6
    endloop
  endfacet
  facet normal 1 -0 0
    outer loop
      vertex -46 -15.21 52.6
      vertex -46 -14.81 12
      vertex -46 -15.21 64.4
    endloop
  endfacet
  facet normal 1 -0 0
    outer loop
      vertex -46 -15.21 51.4
      vertex -46 -14.81 12
      vertex -46 -15.21 52.6
    endloop
  endfacet
  facet normal 1 -0 0
    outer loop
      vertex -46 -15.21 39.6
      vertex -46 -14.81 12
      vertex -46 -15.21 51.4
    endloop
  endfacet
  facet normal 1 -0 0
    outer loop
      vertex -46 -15.21 38.4
      vertex -46 -14.81 12
      vertex -46 -15.21 39.6
    endloop
  endfacet
  facet normal 1 -0 0
    outer loop
      vertex -46 -15.21 26.6
      vertex -46 -14.81 12
      vertex -46 -15.21 38.4
    endloop
  endfacet
  facet normal 1 -0 0
    outer loop
      vertex -46 -15.21 25.4
      vertex -46 -14.81 12
      vertex -46 -15.21 26.6
    endloop
  endfacet
  facet normal 1 -0 0
    outer loop
      vertex -46 -15.21 13.6
      vertex -46 -14.81 12
      vertex -46 -15.21 25.4
    endloop
  endfacet
  facet normal 1 -0 0
    outer loop
      vertex -46 -15.21 12.4
      vertex -46 -14.81 12
      vertex -46 -15.21 13.6
    endloop
  endfacet
  facet normal 1 0 0
    outer loop
      vertex -46 -16 12
      vertex -46 -15.21 12.4
      vertex -46 -16 12.4
    endloop
  endfacet
  facet normal 1 0 0
    outer loop
      vertex -46 -15.21 12.4
      vertex -46 -16 12
      vertex -46 -14.81 12
    endloop
  endfacet
  facet normal 0 0 -1
    outer loop
      vertex -46 -16 111
      vertex -40 -14.81 111
      vertex -40 -16 111
    endloop
  endfacet
  facet normal -0 0 -1
    outer loop
      vertex -40 -14.81 111
      vertex -46 -16 111
      vertex -46 -14.81 111
    endloop
  endfacet
  facet normal -1 0 0
    outer loop
      vertex -40 -16 78.6
      vertex -40 -15.21 90.4
      vertex -40 -15.21 78.6
    endloop
  endfacet
  facet normal -1 -0 0
    outer loop
      vertex -40 -15.21 90.4
      vertex -40 -16 78.6
      vertex -40 -16 90.4
    endloop
  endfacet
  facet normal -1 0 0
    outer loop
      vertex -40 -16 65.6
      vertex -40 -15.21 77.4
      vertex -40 -15.21 65.6
    endloop
  endfacet
  facet normal -1 -0 0
    outer loop
      vertex -40 -15.21 77.4
      vertex -40 -16 65.6
      vertex -40 -16 77.4
    endloop
  endfacet
  facet normal -1 0 0
    outer loop
      vertex -40 -16 52.6
      vertex -40 -15.21 64.4
      vertex -40 -15.21 52.6
    endloop
  endfacet
  facet normal -1 -0 0
    outer loop
      vertex -40 -15.21 64.4
      vertex -40 -16 52.6
      vertex -40 -16 64.4
    endloop
  endfacet
  facet normal -1 0 0
    outer loop
      vertex -40 -16 39.6
      vertex -40 -15.21 51.4
      vertex -40 -15.21 39.6
    endloop
  endfacet
  facet normal -1 -0 0
    outer loop
      vertex -40 -15.21 51.4
      vertex -40 -16 39.6
      vertex -40 -16 51.4
    endloop
  endfacet
  facet normal -1 0 0
    outer loop
      vertex -40 -16 26.6
      vertex -40 -15.21 38.4
      vertex -40 -15.21 26.6
    endloop
  endfacet
  facet normal -1 -0 0
    outer loop
      vertex -40 -15.21 38.4
      vertex -40 -16 26.6
      vertex -40 -16 38.4
    endloop
  endfacet
  facet normal -1 0 0
    outer loop
      vertex -40 -16 13.6
      vertex -40 -15.21 25.4
      vertex -40 -15.21 13.6
    endloop
  endfacet
  facet normal -1 -0 0
    outer loop
      vertex -40 -15.21 25.4
      vertex -40 -16 13.6
      vertex -40 -16 25.4
    endloop
  endfacet
  facet normal -1 0 0
    outer loop
      vertex -40 -15.21 13.6
      vertex -40 -14.81 12
      vertex -40 -15.21 12.4
    endloop
  endfacet
  facet normal -1 0 0
    outer loop
      vertex -40 -16 12
      vertex -40 -15.21 12.4
      vertex -40 -14.81 12
    endloop
  endfacet
  facet normal -1 -0 0
    outer loop
      vertex -40 -15.21 12.4
      vertex -40 -16 12
      vertex -40 -16 12.4
    endloop
  endfacet
  facet normal -1 0 0
    outer loop
      vertex -40 -15.21 25.4
      vertex -40 -14.81 12
      vertex -40 -15.21 13.6
    endloop
  endfacet
  facet normal -1 0 0
    outer loop
      vertex -40 -15.21 26.6
      vertex -40 -14.81 12
      vertex -40 -15.21 25.4
    endloop
  endfacet
  facet normal -1 0 0
    outer loop
      vertex -40 -15.21 38.4
      vertex -40 -14.81 12
      vertex -40 -15.21 26.6
    endloop
  endfacet
  facet normal -1 0 0
    outer loop
      vertex -40 -14.81 12
      vertex -40 -15.21 38.4
      vertex -40 -14.81 92.3086
    endloop
  endfacet
  facet normal -1 0 0
    outer loop
      vertex -40 -15.21 39.6
      vertex -40 -14.81 92.3086
      vertex -40 -15.21 38.4
    endloop
  endfacet
  facet normal -1 0 0
    outer loop
      vertex -40 -15.21 51.4
      vertex -40 -14.81 92.3086
      vertex -40 -15.21 39.6
    endloop
  endfacet
  facet normal -1 0 0
    outer loop
      vertex -40 -15.21 52.6
      vertex -40 -14.81 92.3086
      vertex -40 -15.21 51.4
    endloop
  endfacet
  facet normal -1 0 0
    outer loop
      vertex -40 -15.21 64.4
      vertex -40 -14.81 92.3086
      vertex -40 -15.21 52.6
    endloop
  endfacet
  facet normal -1 0 0
    outer loop
      vertex -40 -15.21 65.6
      vertex -40 -14.81 92.3086
      vertex -40 -15.21 64.4
    endloop
  endfacet
  facet normal -1 0 0
    outer loop
      vertex -40 -15.21 77.4
      vertex -40 -14.81 92.3086
      vertex -40 -15.21 65.6
    endloop
  endfacet
  facet normal -1 0 0
    outer loop
      vertex -40 -15.21 78.6
      vertex -40 -14.81 92.3086
      vertex -40 -15.21 77.4
    endloop
  endfacet
  facet normal -1 0 0
    outer loop
      vertex -40 -15.21 90.4
      vertex -40 -14.81 92.3086
      vertex -40 -15.21 78.6
    endloop
  endfacet
  facet normal -1 0 0
    outer loop
      vertex -40 -15.21 91.6
      vertex -40 -14.81 92.3086
      vertex -40 -15.21 90.4
    endloop
  endfacet
  facet normal -1 0 0
    outer loop
      vertex -40 -16 92.3086
      vertex -40 -15.21 91.6
      vertex -40 -16 91.6
    endloop
  endfacet
  facet normal -1 0 0
    outer loop
      vertex -40 -15.21 91.6
      vertex -40 -16 92.3086
      vertex -40 -14.81 92.3086
    endloop
  endfacet
  facet normal -1 0 0
    outer loop
      vertex -40 -15.21 104.6
      vertex -40 -14.81 103.872
      vertex -40 -15.21 103.872
    endloop
  endfacet
  facet normal -1 0 0
    outer loop
      vertex -40 -14.81 103.872
      vertex -40 -15.21 104.6
      vertex -40 -14.81 111
    endloop
  endfacet
  facet normal -1 0 0
    outer loop
      vertex -40 -16 111
      vertex -40 -15.21 104.6
      vertex -40 -16 104.6
    endloop
  endfacet
  facet normal -1 0 0
    outer loop
      vertex -40 -15.21 104.6
      vertex -40 -16 111
      vertex -40 -14.81 111
    endloop
  endfacet
  facet normal -1 0 0
    outer loop
      vertex -40 -16 94.4303
      vertex -40 -14.81 101.751
      vertex -40 -14.81 94.4303
    endloop
  endfacet
  facet normal -1 -0 0
    outer loop
      vertex -40 -14.81 101.751
      vertex -40 -16 94.4303
      vertex -40 -16 101.751
    endloop
  endfacet
  facet normal 0 -1 0
    outer loop
      vertex -46 -14.81 12
      vertex -40 -14.81 92.3086
      vertex -46 -14.81 92.3086
    endloop
  endfacet
  facet normal 0 -1 -0
    outer loop
      vertex -40 -14.81 92.3086
      vertex -46 -14.81 12
      vertex -40 -14.81 12
    endloop
  endfacet
  facet normal 0 -1 0
    outer loop
      vertex -46 -14.81 111
      vertex -41.795 -14.81 103.872
      vertex -40 -14.81 111
    endloop
  endfacet
  facet normal 0 -1 0
    outer loop
      vertex -46 -14.81 111
      vertex -41.795 -14.81 101.751
      vertex -41.795 -14.81 103.872
    endloop
  endfacet
  facet normal 0 -1 0
    outer loop
      vertex -46 -14.81 94.4303
      vertex -41.795 -14.81 101.751
      vertex -46 -14.81 111
    endloop
  endfacet
  facet normal 0 -1 0
    outer loop
      vertex -40 -14.81 94.4303
      vertex -41.795 -14.81 101.751
      vertex -46 -14.81 94.4303
    endloop
  endfacet
  facet normal 0 -1 0
    outer loop
      vertex -41.795 -14.81 101.751
      vertex -40 -14.81 94.4303
      vertex -40 -14.81 101.751
    endloop
  endfacet
  facet normal 0 -1 -0
    outer loop
      vertex -40 -14.81 111
      vertex -41.795 -14.81 103.872
      vertex -40 -14.81 103.872
    endloop
  endfacet
  facet normal -0 0 1
    outer loop
      vertex -46 -14.81 12
      vertex -40 -16 12
      vertex -40 -14.81 12
    endloop
  endfacet
  facet normal 0 0 1
    outer loop
      vertex -40 -16 12
      vertex -46 -14.81 12
      vertex -46 -16 12
    endloop
  endfacet
  facet normal 1 -0 0
    outer loop
      vertex 40 -16 25.4
      vertex 40 -15.21 13.6
      vertex 40 -15.21 25.4
    endloop
  endfacet
  facet normal 1 0 0
    outer loop
      vertex 40 -15.21 13.6
      vertex 40 -16 25.4
      vertex 40 -16 13.6
    endloop
  endfacet
  facet normal 1 -0 0
    outer loop
      vertex 40 -16 38.4
      vertex 40 -15.21 26.6
      vertex 40 -15.21 38.4
    endloop
  endfacet
  facet normal 1 0 0
    outer loop
      vertex 40 -15.21 26.6
      vertex 40 -16 38.4
      vertex 40 -16 26.6
    endloop
  endfacet
  facet normal 1 -0 0
    outer loop
      vertex 40 -16 51.4
      vertex 40 -15.21 39.6
      vertex 40 -15.21 51.4
    endloop
  endfacet
  facet normal 1 0 0
    outer loop
      vertex 40 -15.21 39.6
      vertex 40 -16 51.4
      vertex 40 -16 39.6
    endloop
  endfacet
  facet normal 1 -0 0
    outer loop
      vertex 40 -16 64.4
      vertex 40 -15.21 52.6
      vertex 40 -15.21 64.4
    endloop
  endfacet
  facet normal 1 0 0
    outer loop
      vertex 40 -15.21 52.6
      vertex 40 -16 64.4
      vertex 40 -16 52.6
    endloop
  endfacet
  facet normal 1 -0 0
    outer loop
      vertex 40 -16 77.4
      vertex 40 -15.21 65.6
      vertex 40 -15.21 77.4
    endloop
  endfacet
  facet normal 1 0 0
    outer loop
      vertex 40 -15.21 65.6
      vertex 40 -16 77.4
      vertex 40 -16 65.6
    endloop
  endfacet
  facet normal 1 -0 0
    outer loop
      vertex 40 -16 90.4
      vertex 40 -15.21 78.6
      vertex 40 -15.21 90.4
    endloop
  endfacet
  facet normal 1 0 0
    outer loop
      vertex 40 -15.21 78.6
      vertex 40 -16 90.4
      vertex 40 -16 78.6
    endloop
  endfacet
  facet normal 1 -0 0
    outer loop
      vertex 40 -16 103.4
      vertex 40 -15.21 91.6
      vertex 40 -15.21 103.4
    endloop
  endfacet
  facet normal 1 0 0
    outer loop
      vertex 40 -15.21 91.6
      vertex 40 -16 103.4
      vertex 40 -16 91.6
    endloop
  endfacet
  facet normal 1 0 0
    outer loop
      vertex 40 -15.21 103.4
      vertex 40 -14.81 111
      vertex 40 -15.21 104.6
    endloop
  endfacet
  facet normal 1 -0 0
    outer loop
      vertex 40 -16 111
      vertex 40 -15.21 104.6
      vertex 40 -14.81 111
    endloop
  endfacet
  facet normal 1 0 0
    outer loop
      vertex 40 -15.21 104.6
      vertex 40 -16 111
      vertex 40 -16 104.6
    endloop
  endfacet
  facet normal 1 0 0
    outer loop
      vertex 40 -15.21 91.6
      vertex 40 -14.81 111
      vertex 40 -15.21 103.4
    endloop
  endfacet
  facet normal 1 0 0
    outer loop
      vertex 40 -15.21 90.4
      vertex 40 -14.81 111
      vertex 40 -15.21 91.6
    endloop
  endfacet
  facet normal 1 0 0
    outer loop
      vertex 40 -15.21 78.6
      vertex 40 -14.81 111
      vertex 40 -15.21 90.4
    endloop
  endfacet
  facet normal 1 0 0
    outer loop
      vertex 40 -14.81 111
      vertex 40 -15.21 78.6
      vertex 40 -14.81 12
    endloop
  endfacet
  facet normal 1 -0 0
    outer loop
      vertex 40 -15.21 77.4
      vertex 40 -14.81 12
      vertex 40 -15.21 78.6
    endloop
  endfacet
  facet normal 1 -0 0
    outer loop
      vertex 40 -15.21 65.6
      vertex 40 -14.81 12
      vertex 40 -15.21 77.4
    endloop
  endfacet
  facet normal 1 -0 0
    outer loop
      vertex 40 -15.21 64.4
      vertex 40 -14.81 12
      vertex 40 -15.21 65.6
    endloop
  endfacet
  facet normal 1 -0 0
    outer loop
      vertex 40 -15.21 52.6
      vertex 40 -14.81 12
      vertex 40 -15.21 64.4
    endloop
  endfacet
  facet normal 1 -0 0
    outer loop
      vertex 40 -15.21 51.4
      vertex 40 -14.81 12
      vertex 40 -15.21 52.6
    endloop
  endfacet
  facet normal 1 -0 0
    outer loop
      vertex 40 -15.21 39.6
      vertex 40 -14.81 12
      vertex 40 -15.21 51.4
    endloop
  endfacet
  facet normal 1 -0 0
    outer loop
      vertex 40 -15.21 38.4
      vertex 40 -14.81 12
      vertex 40 -15.21 39.6
    endloop
  endfacet
  facet normal 1 -0 0
    outer loop
      vertex 40 -15.21 26.6
      vertex 40 -14.81 12
      vertex 40 -15.21 38.4
    endloop
  endfacet
  facet normal 1 -0 0
    outer loop
      vertex 40 -15.21 25.4
      vertex 40 -14.81 12
      vertex 40 -15.21 26.6
    endloop
  endfacet
  facet normal 1 -0 0
    outer loop
      vertex 40 -15.21 13.6
      vertex 40 -14.81 12
      vertex 40 -15.21 25.4
    endloop
  endfacet
  facet normal 1 -0 0
    outer loop
      vertex 40 -15.21 12.4
      vertex 40 -14.81 12
      vertex 40 -15.21 13.6
    endloop
  endfacet
  facet normal 1 0 0
    outer loop
      vertex 40 -16 12
      vertex 40 -15.21 12.4
      vertex 40 -16 12.4
    endloop
  endfacet
  facet normal 1 0 0
    outer loop
      vertex 40 -15.21 12.4
      vertex 40 -16 12
      vertex 40 -14.81 12
    endloop
  endfacet
  facet normal 0 0 -1
    outer loop
      vertex 45.4 -16 111
      vertex 40 -16 111
      vertex 45.4 -15.21 111
    endloop
  endfacet
  facet normal 0 0 -1
    outer loop
      vertex 45.4 -15.21 111
      vertex 46 -14.81 111
      vertex 46 -15.21 111
    endloop
  endfacet
  facet normal 0 0 -1
    outer loop
      vertex 40 -14.81 111
      vertex 45.4 -15.21 111
      vertex 40 -16 111
    endloop
  endfacet
  facet normal 0 0 -1
    outer loop
      vertex 45.4 -15.21 111
      vertex 40 -14.81 111
      vertex 46 -14.81 111
    endloop
  endfacet
  facet normal -1 0 0
    outer loop
      vertex 46 -16 91.6
      vertex 46 -15.21 103.4
      vertex 46 -15.21 91.6
    endloop
  endfacet
  facet normal -1 -0 0
    outer loop
      vertex 46 -15.21 103.4
      vertex 46 -16 91.6
      vertex 46 -16 103.4
    endloop
  endfacet
  facet normal -1 0 0
    outer loop
      vertex 46 -16 65.6
      vertex 46 -15.21 77.4
      vertex 46 -15.21 65.6
    endloop
  endfacet
  facet normal -1 -0 0
    outer loop
      vertex 46 -15.21 77.4
      vertex 46 -16 65.6
      vertex 46 -16 77.4
    endloop
  endfacet
  facet normal -1 0 0
    outer loop
      vertex 46 -16 39.6
      vertex 46 -15.21 51.4
      vertex 46 -15.21 39.6
    endloop
  endfacet
  facet normal -1 -0 0
    outer loop
      vertex 46 -15.21 51.4
      vertex 46 -16 39.6
      vertex 46 -16 51.4
    endloop
  endfacet
  facet normal -1 0 0
    outer loop
      vertex 46 -16 13.6
      vertex 46 -15.21 25.4
      vertex 46 -15.21 13.6
    endloop
  endfacet
  facet normal -1 -0 0
    outer loop
      vertex 46 -15.21 25.4
      vertex 46 -16 13.6
      vertex 46 -16 25.4
    endloop
  endfacet
  facet normal -1 0 0
    outer loop
      vertex 46 -15.21 13.6
      vertex 46 -14.81 12
      vertex 46 -15.21 12
    endloop
  endfacet
  facet normal -1 0 0
    outer loop
      vertex 46 -15.21 25.4
      vertex 46 -14.81 12
      vertex 46 -15.21 13.6
    endloop
  endfacet
  facet normal -1 0 0
    outer loop
      vertex 46 -15.21 39.6
      vertex 46 -14.81 12
      vertex 46 -15.21 25.4
    endloop
  endfacet
  facet normal -1 0 0
    outer loop
      vertex 46 -14.81 12
      vertex 46 -15.21 39.6
      vertex 46 -14.81 111
    endloop
  endfacet
  facet normal -1 0 0
    outer loop
      vertex 46 -15.21 51.4
      vertex 46 -14.81 111
      vertex 46 -15.21 39.6
    endloop
  endfacet
  facet normal -1 0 0
    outer loop
      vertex 46 -15.21 65.6
      vertex 46 -14.81 111
      vertex 46 -15.21 51.4
    endloop
  endfacet
  facet normal -1 0 0
    outer loop
      vertex 46 -15.21 77.4
      vertex 46 -14.81 111
      vertex 46 -15.21 65.6
    endloop
  endfacet
  facet normal -1 0 0
    outer loop
      vertex 46 -15.21 91.6
      vertex 46 -14.81 111
      vertex 46 -15.21 77.4
    endloop
  endfacet
  facet normal -1 0 0
    outer loop
      vertex 46 -15.21 103.4
      vertex 46 -14.81 111
      vertex 46 -15.21 91.6
    endloop
  endfacet
  facet normal -1 -0 0
    outer loop
      vertex 46 -14.81 111
      vertex 46 -15.21 103.4
      vertex 46 -15.21 111
    endloop
  endfacet
  facet normal 0 0 1
    outer loop
      vertex 46 -14.81 12
      vertex 45.4 -15.21 12
      vertex 46 -15.21 12
    endloop
  endfacet
  facet normal -0 0 1
    outer loop
      vertex 40 -14.81 12
      vertex 45.4 -15.21 12
      vertex 46 -14.81 12
    endloop
  endfacet
  facet normal 0 0 1
    outer loop
      vertex 40 -16 12
      vertex 45.4 -15.21 12
      vertex 40 -14.81 12
    endloop
  endfacet
  facet normal 0 0 1
    outer loop
      vertex 45.4 -15.21 12
      vertex 40 -16 12
      vertex 45.4 -16 12
    endloop
  endfacet
  facet normal 0 -1 0
    outer loop
      vertex 40 -14.81 12
      vertex 46 -14.81 111
      vertex 40 -14.81 111
    endloop
  endfacet
  facet normal 0 -1 -0
    outer loop
      vertex 46 -14.81 111
      vertex 40 -14.81 12
      vertex 46 -14.81 12
    endloop
  endfacet
  facet normal -0.207907 -0.978149 3.4125e-05
    outer loop
      vertex 47.0362 -28.0824 85.1165
      vertex 37.4041 -26.0351 84.6462
      vertex 46.4955 -27.9675 84.3556
    endloop
  endfacet
  facet normal 0.207861 0.978158 -0
    outer loop
      vertex 48.9074 -19.2791 85.1165
      vertex 48.3667 -19.1642 86.4773
      vertex 48.9074 -19.2791 85.7165
    endloop
  endfacet
  facet normal 0.207861 0.978158 0
    outer loop
      vertex 48.3667 -19.1642 86.4773
      vertex 48.9074 -19.2791 85.1165
      vertex 48.3667 -19.1642 84.3556
    endloop
  endfacet
  facet normal 0 0 -1
    outer loop
      vertex 46.4955 -27.9675 84.3556
      vertex 40.1502 -17.4177 84.3556
      vertex 48.3667 -19.1642 84.3556
    endloop
  endfacet
  facet normal 0 -0 -1
    outer loop
      vertex 40.1502 -17.4177 84.3556
      vertex 46.4955 -27.9675 84.3556
      vertex 38.279 -26.2211 84.3556
    endloop
  endfacet
  facet normal -0.978145 0.207922 0
    outer loop
      vertex 37.4041 -26.0351 84.6462
      vertex 39.2754 -17.2318 86.1867
      vertex 39.2754 -17.2318 84.6462
    endloop
  endfacet
  facet normal -0.978145 0.207922 0
    outer loop
      vertex 39.2754 -17.2318 86.1867
      vertex 37.4041 -26.0351 84.6462
      vertex 37.4041 -26.0351 86.1867
    endloop
  endfacet
  facet normal 0 0 1
    outer loop
      vertex 40.1502 -17.4177 86.4773
      vertex 46.4955 -27.9675 86.4773
      vertex 48.3667 -19.1642 86.4773
    endloop
  endfacet
  facet normal 0 0 1
    outer loop
      vertex 46.4955 -27.9675 86.4773
      vertex 40.1502 -17.4177 86.4773
      vertex 38.279 -26.2211 86.4773
    endloop
  endfacet
  facet normal 0.207864 0.978158 0
    outer loop
      vertex 40.1502 -17.4177 86.4773
      vertex 39.2754 -17.2318 84.6462
      vertex 39.2754 -17.2318 86.1867
    endloop
  endfacet
  facet normal 0.207864 0.978158 0
    outer loop
      vertex 39.2754 -17.2318 84.6462
      vertex 40.1502 -17.4177 86.4773
      vertex 40.1502 -17.4177 84.3556
    endloop
  endfacet
  facet normal 0.207915 0.978147 -0
    outer loop
      vertex 48.3667 -19.1642 84.3556
      vertex 40.1502 -17.4177 86.4773
      vertex 48.3667 -19.1642 86.4773
    endloop
  endfacet
  facet normal 0.207915 0.978147 0
    outer loop
      vertex 40.1502 -17.4177 86.4773
      vertex 48.3667 -19.1642 84.3556
      vertex 40.1502 -17.4177 84.3556
    endloop
  endfacet
  facet normal -0.302277 0.0642502 -0.951052
    outer loop
      vertex 38.279 -26.2211 84.3556
      vertex 39.2754 -17.2318 84.6462
      vertex 40.1502 -17.4177 84.3556
    endloop
  endfacet
  facet normal -0.30224 0.0642465 -0.951064
    outer loop
      vertex 39.2754 -17.2318 84.6462
      vertex 38.279 -26.2211 84.3556
      vertex 37.4041 -26.0351 84.6462
    endloop
  endfacet
  facet normal 0.791364 -0.16821 -0.587749
    outer loop
      vertex 47.0362 -28.0824 85.1165
      vertex 46.4955 -27.9675 84.3556
      vertex 48.3667 -19.1642 84.3556
    endloop
  endfacet
  facet normal -0.207905 -0.978149 0
    outer loop
      vertex 37.4041 -26.0351 86.1867
      vertex 47.0362 -28.0824 85.1165
      vertex 47.0362 -28.0824 85.7165
    endloop
  endfacet
  facet normal -0.207905 -0.978149 0
    outer loop
      vertex 47.0362 -28.0824 85.1165
      vertex 37.4041 -26.0351 86.1867
      vertex 37.4041 -26.0351 84.6462
    endloop
  endfacet
  facet normal 0.791364 -0.16821 -0.587749
    outer loop
      vertex 48.9074 -19.2791 85.1165
      vertex 47.0362 -28.0824 85.1165
      vertex 48.3667 -19.1642 84.3556
    endloop
  endfacet
  facet normal 0.791328 -0.168202 0.587799
    outer loop
      vertex 48.3667 -19.1642 86.4773
      vertex 46.4955 -27.9675 86.4773
      vertex 47.0362 -28.0824 85.7165
    endloop
  endfacet
  facet normal -0.207907 -0.978149 -3.41294e-05
    outer loop
      vertex 46.4955 -27.9675 86.4773
      vertex 37.4041 -26.0351 86.1867
      vertex 47.0362 -28.0824 85.7165
    endloop
  endfacet
  facet normal -0.207904 -0.978149 0.000140775
    outer loop
      vertex 46.4955 -27.9675 84.3556
      vertex 37.4041 -26.0351 84.6462
      vertex 38.279 -26.2211 84.3556
    endloop
  endfacet
  facet normal -0.207904 -0.978149 -0.000140775
    outer loop
      vertex 38.279 -26.2211 86.4773
      vertex 37.4041 -26.0351 86.1867
      vertex 46.4955 -27.9675 86.4773
    endloop
  endfacet
  facet normal -0.302277 0.0642502 0.951052
    outer loop
      vertex 39.2754 -17.2318 86.1867
      vertex 38.279 -26.2211 86.4773
      vertex 40.1502 -17.4177 86.4773
    endloop
  endfacet
  facet normal -0.30224 0.0642465 0.951064
    outer loop
      vertex 38.279 -26.2211 86.4773
      vertex 39.2754 -17.2318 86.1867
      vertex 37.4041 -26.0351 86.1867
    endloop
  endfacet
  facet normal 0.978148 -0.207912 0
    outer loop
      vertex 47.0362 -28.0824 85.7165
      vertex 48.9074 -19.2791 85.1165
      vertex 48.9074 -19.2791 85.7165
    endloop
  endfacet
  facet normal 0.978148 -0.207912 0
    outer loop
      vertex 48.9074 -19.2791 85.1165
      vertex 47.0362 -28.0824 85.7165
      vertex 47.0362 -28.0824 85.1165
    endloop
  endfacet
  facet normal 0.791328 -0.168202 0.587799
    outer loop
      vertex 48.3667 -19.1642 86.4773
      vertex 47.0362 -28.0824 85.7165
      vertex 48.9074 -19.2791 85.7165
    endloop
  endfacet
  facet normal 0.469473 0.882947 3.3104e-05
    outer loop
      vertex 44.1474 -21.8947 96.1789
      vertex 36.2425 -17.6916 96.9397
      vertex 43.6593 -21.6352 96.9397
    endloop
  endfacet
  facet normal -0.272841 0.14507 -0.951059
    outer loop
      vertex 32.0173 -25.6382 94.818
      vertex 31.2276 -25.2183 95.1086
      vertex 36.2425 -17.6916 94.818
    endloop
  endfacet
  facet normal -0.272841 0.14507 -0.951059
    outer loop
      vertex 36.2425 -17.6916 94.818
      vertex 31.2276 -25.2183 95.1086
      vertex 35.4528 -17.2717 95.1086
    endloop
  endfacet
  facet normal 0.469479 0.882943 0
    outer loop
      vertex 36.2425 -17.6916 96.9397
      vertex 35.4528 -17.2717 95.1086
      vertex 35.4528 -17.2717 96.6491
    endloop
  endfacet
  facet normal 0.469479 0.882943 0
    outer loop
      vertex 35.4528 -17.2717 95.1086
      vertex 36.2425 -17.6916 96.9397
      vertex 36.2425 -17.6916 94.818
    endloop
  endfacet
  facet normal -0.882951 0.469464 0
    outer loop
      vertex 31.2276 -25.2183 95.1086
      vertex 35.4528 -17.2717 96.6491
      vertex 35.4528 -17.2717 95.1086
    endloop
  endfacet
  facet normal -0.882951 0.469464 0
    outer loop
      vertex 35.4528 -17.2717 96.6491
      vertex 31.2276 -25.2183 95.1086
      vertex 31.2276 -25.2183 96.6491
    endloop
  endfacet
  facet normal -0.272841 0.14507 0.951059
    outer loop
      vertex 35.4528 -17.2717 96.6491
      vertex 31.2276 -25.2183 96.6491
      vertex 36.2425 -17.6916 96.9397
    endloop
  endfacet
  facet normal -0.469465 -0.882951 0
    outer loop
      vertex 31.2276 -25.2183 95.1086
      vertex 39.4341 -29.5817 96.9397
      vertex 31.2276 -25.2183 96.6491
    endloop
  endfacet
  facet normal -0.469465 -0.882951 -0
    outer loop
      vertex 39.4341 -29.5817 96.9397
      vertex 31.2276 -25.2183 95.1086
      vertex 39.4341 -29.5817 94.818
    endloop
  endfacet
  facet normal -0.272841 0.14507 0.951059
    outer loop
      vertex 36.2425 -17.6916 96.9397
      vertex 31.2276 -25.2183 96.6491
      vertex 32.0173 -25.6382 96.9397
    endloop
  endfacet
  facet normal -0.469464 -0.882952 5.42268e-05
    outer loop
      vertex 39.4341 -29.5817 94.818
      vertex 31.2276 -25.2183 95.1086
      vertex 32.0173 -25.6382 94.818
    endloop
  endfacet
  facet normal 0 0 -1
    outer loop
      vertex 39.4341 -29.5817 94.818
      vertex 36.2425 -17.6916 94.818
      vertex 43.6593 -21.6352 94.818
    endloop
  endfacet
  facet normal 0 -0 -1
    outer loop
      vertex 36.2425 -17.6916 94.818
      vertex 39.4341 -29.5817 94.818
      vertex 32.0173 -25.6382 94.818
    endloop
  endfacet
  facet normal 0.882944 -0.469478 0
    outer loop
      vertex 39.9221 -29.8412 96.1789
      vertex 44.1474 -21.8947 95.5789
      vertex 44.1474 -21.8947 96.1789
    endloop
  endfacet
  facet normal 0.882944 -0.469478 0
    outer loop
      vertex 44.1474 -21.8947 95.5789
      vertex 39.9221 -29.8412 96.1789
      vertex 39.9221 -29.8412 95.5789
    endloop
  endfacet
  facet normal -0.469464 -0.882952 -5.42268e-05
    outer loop
      vertex 32.0173 -25.6382 96.9397
      vertex 31.2276 -25.2183 96.6491
      vertex 39.4341 -29.5817 96.9397
    endloop
  endfacet
  facet normal 0 0 1
    outer loop
      vertex 36.2425 -17.6916 96.9397
      vertex 39.4341 -29.5817 96.9397
      vertex 43.6593 -21.6352 96.9397
    endloop
  endfacet
  facet normal 0 0 1
    outer loop
      vertex 39.4341 -29.5817 96.9397
      vertex 36.2425 -17.6916 96.9397
      vertex 32.0173 -25.6382 96.9397
    endloop
  endfacet
  facet normal -0.469508 -0.882928 0
    outer loop
      vertex 39.4341 -29.5817 96.9397
      vertex 39.9221 -29.8412 95.5789
      vertex 39.9221 -29.8412 96.1789
    endloop
  endfacet
  facet normal -0.469508 -0.882928 0
    outer loop
      vertex 39.9221 -29.8412 95.5789
      vertex 39.4341 -29.5817 96.9397
      vertex 39.4341 -29.5817 94.818
    endloop
  endfacet
  facet normal 0.714335 -0.379816 -0.587763
    outer loop
      vertex 44.1474 -21.8947 95.5789
      vertex 39.4341 -29.5817 94.818
      vertex 43.6593 -21.6352 94.818
    endloop
  endfacet
  facet normal 0.71437 -0.379844 -0.587702
    outer loop
      vertex 39.4341 -29.5817 94.818
      vertex 44.1474 -21.8947 95.5789
      vertex 39.9221 -29.8412 95.5789
    endloop
  endfacet
  facet normal 0.469473 0.882947 -3.30997e-05
    outer loop
      vertex 43.6593 -21.6352 94.818
      vertex 36.2425 -17.6916 94.818
      vertex 44.1474 -21.8947 95.5789
    endloop
  endfacet
  facet normal 0.469471 0.882948 -0
    outer loop
      vertex 44.1474 -21.8947 95.5789
      vertex 36.2425 -17.6916 96.9397
      vertex 44.1474 -21.8947 96.1789
    endloop
  endfacet
  facet normal 0.469471 0.882948 0
    outer loop
      vertex 36.2425 -17.6916 96.9397
      vertex 44.1474 -21.8947 95.5789
      vertex 36.2425 -17.6916 94.818
    endloop
  endfacet
  facet normal 0.714302 -0.379799 0.587814
    outer loop
      vertex 39.4341 -29.5817 96.9397
      vertex 44.1474 -21.8947 96.1789
      vertex 43.6593 -21.6352 96.9397
    endloop
  endfacet
  facet normal 0.714338 -0.379827 0.587752
    outer loop
      vertex 44.1474 -21.8947 96.1789
      vertex 39.4341 -29.5817 96.9397
      vertex 39.9221 -29.8412 96.1789
    endloop
  endfacet
  facet normal -0.22254 0.214905 -0.950943
    outer loop
      vertex 23.275 -24.4015 103.825
      vertex 28.8835 -17.3061 104.116
      vertex 29.5269 -17.9275 103.825
    endloop
  endfacet
  facet normal -0.222557 0.214919 -0.950935
    outer loop
      vertex 28.8835 -17.3061 104.116
      vertex 23.275 -24.4015 103.825
      vertex 22.6316 -23.7802 104.116
    endloop
  endfacet
  facet normal 0.694607 0.719389 -0
    outer loop
      vertex 35.967 -24.1466 104.586
      vertex 35.5693 -23.7626 105.947
      vertex 35.967 -24.1466 105.186
    endloop
  endfacet
  facet normal 0.694607 0.719389 0
    outer loop
      vertex 35.5693 -23.7626 105.947
      vertex 35.967 -24.1466 104.586
      vertex 35.5693 -23.7626 103.825
    endloop
  endfacet
  facet normal 0 0 -1
    outer loop
      vertex 29.3174 -30.2366 103.825
      vertex 29.5269 -17.9275 103.825
      vertex 35.5693 -23.7626 103.825
    endloop
  endfacet
  facet normal 0 0 -1
    outer loop
      vertex 29.5269 -17.9275 103.825
      vertex 29.3174 -30.2366 103.825
      vertex 23.275 -24.4015 103.825
    endloop
  endfacet
  facet normal 0.69466 0.719338 0.000182276
    outer loop
      vertex 35.5693 -23.7626 105.947
      vertex 28.8835 -17.3061 105.657
      vertex 29.5269 -17.9275 105.947
    endloop
  endfacet
  facet normal 0.694664 0.719335 0
    outer loop
      vertex 35.5693 -23.7626 105.947
      vertex 28.8835 -17.3061 104.116
      vertex 28.8835 -17.3061 105.657
    endloop
  endfacet
  facet normal 0.694664 0.719335 0
    outer loop
      vertex 28.8835 -17.3061 104.116
      vertex 35.5693 -23.7626 105.947
      vertex 35.5693 -23.7626 103.825
    endloop
  endfacet
  facet normal 0.69466 0.719338 -0.000181649
    outer loop
      vertex 29.5269 -17.9275 103.825
      vertex 28.8835 -17.3061 104.116
      vertex 35.5693 -23.7626 103.825
    endloop
  endfacet
  facet normal 0 0 1
    outer loop
      vertex 29.5269 -17.9275 105.947
      vertex 29.3174 -30.2366 105.947
      vertex 35.5693 -23.7626 105.947
    endloop
  endfacet
  facet normal 0 -0 1
    outer loop
      vertex 29.3174 -30.2366 105.947
      vertex 29.5269 -17.9275 105.947
      vertex 23.275 -24.4015 105.947
    endloop
  endfacet
  facet normal -0.69466 -0.719338 -3.84584e-05
    outer loop
      vertex 29.3174 -30.2366 103.825
      vertex 23.6726 -24.7855 104.586
      vertex 23.275 -24.4015 103.825
    endloop
  endfacet
  facet normal -0.694654 -0.719344 4.68165e-05
    outer loop
      vertex 23.6726 -24.7855 104.586
      vertex 29.3174 -30.2366 103.825
      vertex 29.7151 -30.6206 104.586
    endloop
  endfacet
  facet normal 0.581982 -0.562016 -0.587738
    outer loop
      vertex 29.7151 -30.6206 104.586
      vertex 35.5693 -23.7626 103.825
      vertex 35.967 -24.1466 104.586
    endloop
  endfacet
  facet normal 0.581982 -0.562016 -0.587738
    outer loop
      vertex 35.5693 -23.7626 103.825
      vertex 29.7151 -30.6206 104.586
      vertex 29.3174 -30.2366 103.825
    endloop
  endfacet
  facet normal 0.719338 -0.69466 0
    outer loop
      vertex 29.7151 -30.6206 105.186
      vertex 35.967 -24.1466 104.586
      vertex 35.967 -24.1466 105.186
    endloop
  endfacet
  facet normal 0.719338 -0.69466 0
    outer loop
      vertex 35.967 -24.1466 104.586
      vertex 29.7151 -30.6206 105.186
      vertex 29.7151 -30.6206 104.586
    endloop
  endfacet
  facet normal -0.221848 0.214237 0.951255
    outer loop
      vertex 28.8835 -17.3061 105.657
      vertex 23.275 -24.4015 105.947
      vertex 29.5269 -17.9275 105.947
    endloop
  endfacet
  facet normal -0.221865 0.21425 0.951248
    outer loop
      vertex 23.275 -24.4015 105.947
      vertex 28.8835 -17.3061 105.657
      vertex 22.6316 -23.7802 105.657
    endloop
  endfacet
  facet normal 0.581982 -0.562016 0.587738
    outer loop
      vertex 35.5693 -23.7626 105.947
      vertex 29.7151 -30.6206 105.186
      vertex 35.967 -24.1466 105.186
    endloop
  endfacet
  facet normal 0.581982 -0.562016 0.587738
    outer loop
      vertex 29.7151 -30.6206 105.186
      vertex 35.5693 -23.7626 105.947
      vertex 29.3174 -30.2366 105.947
    endloop
  endfacet
  facet normal -0.694655 -0.719343 2.41617e-05
    outer loop
      vertex 29.7151 -30.6206 105.186
      vertex 23.275 -24.4015 105.947
      vertex 23.6726 -24.7855 104.586
    endloop
  endfacet
  facet normal -0.694654 -0.719344 -0
    outer loop
      vertex 29.7151 -30.6206 105.186
      vertex 23.6726 -24.7855 104.586
      vertex 29.7151 -30.6206 104.586
    endloop
  endfacet
  facet normal -0.694651 -0.719347 2.66551e-05
    outer loop
      vertex 23.275 -24.4015 105.947
      vertex 22.6316 -23.7802 105.657
      vertex 23.6726 -24.7855 104.586
    endloop
  endfacet
  facet normal -0.694655 -0.719343 -4.36363e-05
    outer loop
      vertex 23.6726 -24.7855 104.586
      vertex 22.6316 -23.7802 104.116
      vertex 23.275 -24.4015 103.825
    endloop
  endfacet
  facet normal -0.694665 -0.719334 -0
    outer loop
      vertex 22.6316 -23.7802 105.657
      vertex 22.6316 -23.7802 104.116
      vertex 23.6726 -24.7855 104.586
    endloop
  endfacet
  facet normal -0.719343 0.694655 0
    outer loop
      vertex 22.6316 -23.7802 104.116
      vertex 28.8835 -17.3061 105.657
      vertex 28.8835 -17.3061 104.116
    endloop
  endfacet
  facet normal -0.719343 0.694655 0
    outer loop
      vertex 28.8835 -17.3061 105.657
      vertex 22.6316 -23.7802 104.116
      vertex 22.6316 -23.7802 105.657
    endloop
  endfacet
  facet normal -0.69466 -0.719338 -5.2824e-05
    outer loop
      vertex 29.3174 -30.2366 105.947
      vertex 23.275 -24.4015 105.947
      vertex 29.7151 -30.6206 105.186
    endloop
  endfacet
  facet normal 0.866028 0.499995 3.01163e-05
    outer loop
      vertex 25 -25.8603 112.041
      vertex 20.0764 -17.3323 112.511
      vertex 20.5236 -18.1069 112.802
    endloop
  endfacet
  facet normal 0.866025 0.500001 4.0761e-05
    outer loop
      vertex 24.7236 -25.3815 110.68
      vertex 20.5236 -18.1069 110.68
      vertex 25 -25.8603 111.441
    endloop
  endfacet
  facet normal -0.866027 -0.499997 0
    outer loop
      vertex 17.2058 -30.3603 111.441
      vertex 12.2822 -21.8323 112.511
      vertex 12.2822 -21.8323 110.971
    endloop
  endfacet
  facet normal -0.866027 -0.499997 0
    outer loop
      vertex 12.2822 -21.8323 112.511
      vertex 17.2058 -30.3603 111.441
      vertex 17.2058 -30.3603 112.041
    endloop
  endfacet
  facet normal -0.866025 -0.500001 -4.86337e-05
    outer loop
      vertex 12.7294 -22.6069 112.802
      vertex 12.2822 -21.8323 112.511
      vertex 16.9294 -29.8815 112.802
    endloop
  endfacet
  facet normal -0.154694 0.267936 -0.950936
    outer loop
      vertex 20.5236 -18.1069 110.68
      vertex 12.2822 -21.8323 110.971
      vertex 20.0764 -17.3323 110.971
    endloop
  endfacet
  facet normal 0.866027 0.499997 0
    outer loop
      vertex 25 -25.8603 112.041
      vertex 20.0764 -17.3323 110.971
      vertex 20.0764 -17.3323 112.511
    endloop
  endfacet
  facet normal 0.866027 0.499997 0
    outer loop
      vertex 20.0764 -17.3323 110.971
      vertex 25 -25.8603 112.041
      vertex 25 -25.8603 111.441
    endloop
  endfacet
  facet normal 0.866025 0.500001 -4.0761e-05
    outer loop
      vertex 25 -25.8603 112.041
      vertex 20.5236 -18.1069 112.802
      vertex 24.7236 -25.3815 112.802
    endloop
  endfacet
  facet normal 0 0 1
    outer loop
      vertex 20.5236 -18.1069 112.802
      vertex 16.9294 -29.8815 112.802
      vertex 24.7236 -25.3815 112.802
    endloop
  endfacet
  facet normal 0 -0 1
    outer loop
      vertex 16.9294 -29.8815 112.802
      vertex 20.5236 -18.1069 112.802
      vertex 12.7294 -22.6069 112.802
    endloop
  endfacet
  facet normal -0.154694 0.267936 -0.950936
    outer loop
      vertex 12.7294 -22.6069 110.68
      vertex 12.2822 -21.8323 110.971
      vertex 20.5236 -18.1069 110.68
    endloop
  endfacet
  facet normal 0 0 -1
    outer loop
      vertex 16.9294 -29.8815 110.68
      vertex 20.5236 -18.1069 110.68
      vertex 24.7236 -25.3815 110.68
    endloop
  endfacet
  facet normal 0 0 -1
    outer loop
      vertex 20.5236 -18.1069 110.68
      vertex 16.9294 -29.8815 110.68
      vertex 12.7294 -22.6069 110.68
    endloop
  endfacet
  facet normal 0.866028 0.499995 -3.01163e-05
    outer loop
      vertex 20.5236 -18.1069 110.68
      vertex 20.0764 -17.3323 110.971
      vertex 25 -25.8603 111.441
    endloop
  endfacet
  facet normal -0.500001 0.866025 0
    outer loop
      vertex 20.0764 -17.3323 110.971
      vertex 12.2822 -21.8323 112.511
      vertex 20.0764 -17.3323 112.511
    endloop
  endfacet
  facet normal -0.500001 0.866025 0
    outer loop
      vertex 12.2822 -21.8323 112.511
      vertex 20.0764 -17.3323 110.971
      vertex 12.2822 -21.8323 110.971
    endloop
  endfacet
  facet normal -0.154694 0.267936 0.950936
    outer loop
      vertex 20.0764 -17.3323 112.511
      vertex 12.2822 -21.8323 112.511
      vertex 20.5236 -18.1069 112.802
    endloop
  endfacet
  facet normal 0.500001 -0.866025 0
    outer loop
      vertex 17.2058 -30.3603 111.441
      vertex 25 -25.8603 112.041
      vertex 17.2058 -30.3603 112.041
    endloop
  endfacet
  facet normal 0.500001 -0.866025 0
    outer loop
      vertex 25 -25.8603 112.041
      vertex 17.2058 -30.3603 111.441
      vertex 25 -25.8603 111.441
    endloop
  endfacet
  facet normal -0.866026 -0.499998 3.87729e-05
    outer loop
      vertex 16.9294 -29.8815 112.802
      vertex 12.2822 -21.8323 112.511
      vertex 17.2058 -30.3603 112.041
    endloop
  endfacet
  facet normal -0.154694 0.267936 0.950936
    outer loop
      vertex 20.5236 -18.1069 112.802
      vertex 12.2822 -21.8323 112.511
      vertex 12.7294 -22.6069 112.802
    endloop
  endfacet
  facet normal 0.404521 -0.700649 -0.587753
    outer loop
      vertex 25 -25.8603 111.441
      vertex 16.9294 -29.8815 110.68
      vertex 24.7236 -25.3815 110.68
    endloop
  endfacet
  facet normal 0.404521 -0.700649 -0.587753
    outer loop
      vertex 17.2058 -30.3603 111.441
      vertex 16.9294 -29.8815 110.68
      vertex 25 -25.8603 111.441
    endloop
  endfacet
  facet normal 0.404521 -0.700649 0.587753
    outer loop
      vertex 25 -25.8603 112.041
      vertex 16.9294 -29.8815 112.802
      vertex 17.2058 -30.3603 112.041
    endloop
  endfacet
  facet normal 0.404521 -0.700649 0.587753
    outer loop
      vertex 24.7236 -25.3815 112.802
      vertex 16.9294 -29.8815 112.802
      vertex 25 -25.8603 112.041
    endloop
  endfacet
  facet normal -0.866026 -0.499998 -3.87729e-05
    outer loop
      vertex 17.2058 -30.3603 111.441
      vertex 12.2822 -21.8323 110.971
      vertex 16.9294 -29.8815 110.68
    endloop
  endfacet
  facet normal -0.866025 -0.500001 4.86337e-05
    outer loop
      vertex 16.9294 -29.8815 110.68
      vertex 12.2822 -21.8323 110.971
      vertex 12.7294 -22.6069 110.68
    endloop
  endfacet
  facet normal 0.970313 0.241855 0
    outer loop
      vertex 12.0961 -26.903 116.212
      vertex 11.9624 -26.3666 114.851
      vertex 11.9624 -26.3666 116.973
    endloop
  endfacet
  facet normal 0.970313 0.241855 0
    outer loop
      vertex 11.9624 -26.3666 114.851
      vertex 12.0961 -26.903 116.212
      vertex 12.0961 -26.903 115.612
    endloop
  endfacet
  facet normal -0.0748441 0.300183 -0.950941
    outer loop
      vertex 1.19756 -20.3934 114.851
      vertex 0.981176 -19.5255 115.142
      vertex 9.71384 -17.3482 115.142
    endloop
  endfacet
  facet normal -0.970296 -0.241921 1.15029e-05
    outer loop
      vertex 3.2297 -28.5439 116.973
      vertex 1.19756 -20.3934 116.973
      vertex 3.36343 -29.0803 116.212
    endloop
  endfacet
  facet normal 0.970299 0.24191 0
    outer loop
      vertex 9.93022 -18.2161 116.973
      vertex 9.71384 -17.3482 115.142
      vertex 9.71384 -17.3482 116.682
    endloop
  endfacet
  facet normal 0.970299 0.24191 0
    outer loop
      vertex 9.71384 -17.3482 115.142
      vertex 9.93022 -18.2161 116.973
      vertex 9.93022 -18.2161 114.851
    endloop
  endfacet
  facet normal 0.970295 0.241925 0
    outer loop
      vertex 11.9624 -26.3666 116.973
      vertex 9.93022 -18.2161 114.851
      vertex 9.93022 -18.2161 116.973
    endloop
  endfacet
  facet normal 0.970295 0.241925 0
    outer loop
      vertex 9.93022 -18.2161 114.851
      vertex 11.9624 -26.3666 116.973
      vertex 11.9624 -26.3666 114.851
    endloop
  endfacet
  facet normal 0 0 1
    outer loop
      vertex 9.93022 -18.2161 116.973
      vertex 3.2297 -28.5439 116.973
      vertex 11.9624 -26.3666 116.973
    endloop
  endfacet
  facet normal 0 -0 1
    outer loop
      vertex 3.2297 -28.5439 116.973
      vertex 9.93022 -18.2161 116.973
      vertex 1.19756 -20.3934 116.973
    endloop
  endfacet
  facet normal -0.0748442 0.300183 -0.950941
    outer loop
      vertex 9.93022 -18.2161 114.851
      vertex 1.19756 -20.3934 114.851
      vertex 9.71384 -17.3482 115.142
    endloop
  endfacet
  facet normal 0 0 -1
    outer loop
      vertex 3.2297 -28.5439 114.851
      vertex 9.93022 -18.2161 114.851
      vertex 11.9624 -26.3666 114.851
    endloop
  endfacet
  facet normal 0 0 -1
    outer loop
      vertex 9.93022 -18.2161 114.851
      vertex 3.2297 -28.5439 114.851
      vertex 1.19756 -20.3934 114.851
    endloop
  endfacet
  facet normal -0.970298 -0.241913 2.9825e-06
    outer loop
      vertex 1.19756 -20.3934 116.973
      vertex 0.981176 -19.5255 116.682
      vertex 1.33129 -20.9298 115.612
    endloop
  endfacet
  facet normal -0.970298 -0.241912 -4.8845e-06
    outer loop
      vertex 1.33129 -20.9298 115.612
      vertex 0.981176 -19.5255 115.142
      vertex 1.19756 -20.3934 114.851
    endloop
  endfacet
  facet normal -0.970296 -0.241921 -0
    outer loop
      vertex 3.36343 -29.0803 116.212
      vertex 1.33129 -20.9298 115.612
      vertex 3.36343 -29.0803 115.612
    endloop
  endfacet
  facet normal 0.195728 -0.785025 0.58773
    outer loop
      vertex 3.36343 -29.0803 116.212
      vertex 11.9624 -26.3666 116.973
      vertex 3.2297 -28.5439 116.973
    endloop
  endfacet
  facet normal 0.19573 -0.785029 0.587725
    outer loop
      vertex 11.9624 -26.3666 116.973
      vertex 3.36343 -29.0803 116.212
      vertex 12.0961 -26.903 116.212
    endloop
  endfacet
  facet normal -0.970296 -0.241921 6.25045e-06
    outer loop
      vertex 3.36343 -29.0803 116.212
      vertex 1.19756 -20.3934 116.973
      vertex 1.33129 -20.9298 115.612
    endloop
  endfacet
  facet normal -0.970296 -0.241921 -1.15029e-05
    outer loop
      vertex 3.2297 -28.5439 114.851
      vertex 1.33129 -20.9298 115.612
      vertex 1.19756 -20.3934 114.851
    endloop
  endfacet
  facet normal -0.970296 -0.241921 -1.15029e-05
    outer loop
      vertex 1.33129 -20.9298 115.612
      vertex 3.2297 -28.5439 114.851
      vertex 3.36343 -29.0803 115.612
    endloop
  endfacet
  facet normal -0.0748441 0.300183 0.950941
    outer loop
      vertex 9.71384 -17.3482 116.682
      vertex 0.981176 -19.5255 116.682
      vertex 1.19756 -20.3934 116.973
    endloop
  endfacet
  facet normal -0.0748442 0.300183 0.950941
    outer loop
      vertex 9.71384 -17.3482 116.682
      vertex 1.19756 -20.3934 116.973
      vertex 9.93022 -18.2161 116.973
    endloop
  endfacet
  facet normal -0.970299 -0.241911 -0
    outer loop
      vertex 0.981176 -19.5255 116.682
      vertex 0.981176 -19.5255 115.142
      vertex 1.33129 -20.9298 115.612
    endloop
  endfacet
  facet normal -0.241922 0.970296 0
    outer loop
      vertex 9.71384 -17.3482 115.142
      vertex 0.981176 -19.5255 116.682
      vertex 9.71384 -17.3482 116.682
    endloop
  endfacet
  facet normal -0.241922 0.970296 0
    outer loop
      vertex 0.981176 -19.5255 116.682
      vertex 9.71384 -17.3482 115.142
      vertex 0.981176 -19.5255 115.142
    endloop
  endfacet
  facet normal 0.195728 -0.785025 -0.58773
    outer loop
      vertex 11.9624 -26.3666 114.851
      vertex 3.36343 -29.0803 115.612
      vertex 3.2297 -28.5439 114.851
    endloop
  endfacet
  facet normal 0.19573 -0.785029 -0.587725
    outer loop
      vertex 3.36343 -29.0803 115.612
      vertex 11.9624 -26.3666 114.851
      vertex 12.0961 -26.903 115.612
    endloop
  endfacet
  facet normal 0.241922 -0.970296 0
    outer loop
      vertex 3.36343 -29.0803 115.612
      vertex 12.0961 -26.903 116.212
      vertex 3.36343 -29.0803 116.212
    endloop
  endfacet
  facet normal 0.241922 -0.970296 0
    outer loop
      vertex 12.0961 -26.903 116.212
      vertex 3.36343 -29.0803 115.612
      vertex 12.0961 -26.903 115.612
    endloop
  endfacet
  facet normal 0.999391 -0.0348991 0
    outer loop
      vertex -1.43253 -18.2466 118.136
      vertex -1.45182 -18.799 116.776
      vertex -1.43253 -18.2466 116.015
    endloop
  endfacet
  facet normal 0.999391 -0.0349043 0
    outer loop
      vertex -1.43253 -18.2466 118.136
      vertex -1.40131 -17.3527 116.305
      vertex -1.40131 -17.3527 117.846
    endloop
  endfacet
  facet normal 0.999391 -0.0349043 0
    outer loop
      vertex -1.40131 -17.3527 116.305
      vertex -1.43253 -18.2466 118.136
      vertex -1.43253 -18.2466 116.015
    endloop
  endfacet
  facet normal 0.999391 -0.0348987 -1.32787e-07
    outer loop
      vertex -1.43253 -18.2466 118.136
      vertex -1.74497 -27.1939 117.376
      vertex -1.45182 -18.799 116.776
    endloop
  endfacet
  facet normal 0.999391 -0.0348987 -2.44517e-07
    outer loop
      vertex -1.72568 -26.6415 118.136
      vertex -1.74497 -27.1939 117.376
      vertex -1.43253 -18.2466 118.136
    endloop
  endfacet
  facet normal 0 0 -1
    outer loop
      vertex -1.72568 -26.6415 116.015
      vertex -10.427 -17.9325 116.015
      vertex -1.43253 -18.2466 116.015
    endloop
  endfacet
  facet normal 0 -0 -1
    outer loop
      vertex -10.427 -17.9325 116.015
      vertex -1.72568 -26.6415 116.015
      vertex -10.7202 -26.3274 116.015
    endloop
  endfacet
  facet normal -0.99939 0.0349171 0
    outer loop
      vertex -10.7395 -26.8798 116.776
      vertex -10.7202 -26.3274 118.136
      vertex -10.7202 -26.3274 116.015
    endloop
  endfacet
  facet normal -0.99939 0.0349171 0
    outer loop
      vertex -10.7202 -26.3274 118.136
      vertex -10.7395 -26.8798 116.776
      vertex -10.7395 -26.8798 117.376
    endloop
  endfacet
  facet normal 0.999391 -0.0348987 2.44196e-07
    outer loop
      vertex -1.43253 -18.2466 116.015
      vertex -1.74497 -27.1939 116.776
      vertex -1.72568 -26.6415 116.015
    endloop
  endfacet
  facet normal 0.999391 -0.0348987 2.44196e-07
    outer loop
      vertex -1.45182 -18.799 116.776
      vertex -1.74497 -27.1939 116.776
      vertex -1.43253 -18.2466 116.015
    endloop
  endfacet
  facet normal 0 0 1
    outer loop
      vertex -10.427 -17.9325 118.136
      vertex -1.72568 -26.6415 118.136
      vertex -1.43253 -18.2466 118.136
    endloop
  endfacet
  facet normal 0 0 1
    outer loop
      vertex -1.72568 -26.6415 118.136
      vertex -10.427 -17.9325 118.136
      vertex -10.7202 -26.3274 118.136
    endloop
  endfacet
  facet normal -0.0282375 -0.808606 -0.587673
    outer loop
      vertex -10.7202 -26.3274 116.015
      vertex -1.74497 -27.1939 116.776
      vertex -10.7395 -26.8798 116.776
    endloop
  endfacet
  facet normal -0.0282375 -0.808606 -0.587672
    outer loop
      vertex -1.74497 -27.1939 116.776
      vertex -10.7202 -26.3274 116.015
      vertex -1.72568 -26.6415 116.015
    endloop
  endfacet
  facet normal 0.999391 -0.0348987 0
    outer loop
      vertex -1.74497 -27.1939 117.376
      vertex -1.74497 -27.1939 116.776
      vertex -1.45182 -18.799 116.776
    endloop
  endfacet
  facet normal -0.999391 0.0349025 0
    outer loop
      vertex -10.7202 -26.3274 116.015
      vertex -10.3958 -17.0386 117.846
      vertex -10.3958 -17.0386 116.305
    endloop
  endfacet
  facet normal -0.999391 0.0349025 0
    outer loop
      vertex -10.3958 -17.0386 117.846
      vertex -10.7202 -26.3274 116.015
      vertex -10.7202 -26.3274 118.136
    endloop
  endfacet
  facet normal 0.0349001 0.999391 -0
    outer loop
      vertex -1.40131 -17.3527 116.305
      vertex -10.3958 -17.0386 117.846
      vertex -1.40131 -17.3527 117.846
    endloop
  endfacet
  facet normal 0.0349001 0.999391 0
    outer loop
      vertex -10.3958 -17.0386 117.846
      vertex -1.40131 -17.3527 116.305
      vertex -10.3958 -17.0386 116.305
    endloop
  endfacet
  facet normal 0.0107638 0.30823 0.951251
    outer loop
      vertex -10.3958 -17.0386 117.846
      vertex -1.43253 -18.2466 118.136
      vertex -1.40131 -17.3527 117.846
    endloop
  endfacet
  facet normal 0.0107638 0.30823 0.951251
    outer loop
      vertex -1.43253 -18.2466 118.136
      vertex -10.3958 -17.0386 117.846
      vertex -10.427 -17.9325 118.136
    endloop
  endfacet
  facet normal -0.999391 0.0349047 7.00327e-05
    outer loop
      vertex -10.3958 -17.0386 117.846
      vertex -10.7202 -26.3274 118.136
      vertex -10.427 -17.9325 118.136
    endloop
  endfacet
  facet normal -0.0349 -0.999391 0
    outer loop
      vertex -10.7395 -26.8798 116.776
      vertex -1.74497 -27.1939 117.376
      vertex -10.7395 -26.8798 117.376
    endloop
  endfacet
  facet normal -0.0349 -0.999391 -0
    outer loop
      vertex -1.74497 -27.1939 117.376
      vertex -10.7395 -26.8798 116.776
      vertex -1.74497 -27.1939 116.776
    endloop
  endfacet
  facet normal -0.0282247 -0.808238 0.588179
    outer loop
      vertex -1.74497 -27.1939 117.376
      vertex -10.7202 -26.3274 118.136
      vertex -10.7395 -26.8798 117.376
    endloop
  endfacet
  facet normal -0.0282247 -0.808239 0.588178
    outer loop
      vertex -10.7202 -26.3274 118.136
      vertex -1.74497 -27.1939 117.376
      vertex -1.72568 -26.6415 118.136
    endloop
  endfacet
  facet normal -0.999391 0.0349047 -7.00327e-05
    outer loop
      vertex -10.427 -17.9325 116.015
      vertex -10.7202 -26.3274 116.015
      vertex -10.3958 -17.0386 116.305
    endloop
  endfacet
  facet normal 0.0107638 0.30823 -0.951251
    outer loop
      vertex -1.43253 -18.2466 116.015
      vertex -10.3958 -17.0386 116.305
      vertex -1.40131 -17.3527 116.305
    endloop
  endfacet
  facet normal 0.0107638 0.30823 -0.951251
    outer loop
      vertex -10.3958 -17.0386 116.305
      vertex -1.43253 -18.2466 116.015
      vertex -10.427 -17.9325 116.015
    endloop
  endfacet
  facet normal -0.951057 0.309016 0
    outer loop
      vertex -21.4339 -16 114.081
      vertex -23.8395 -23.4037 114.081
      vertex -21.4339 -16 114.325
    endloop
  endfacet
  facet normal 0 0 -1
    outer loop
      vertex -15.28 -26.1848 114.081
      vertex -19.4428 -16 114.081
      vertex -12.6843 -18.196 114.081
    endloop
  endfacet
  facet normal 0 0 -1
    outer loop
      vertex -23.8395 -23.4037 114.081
      vertex -19.4428 -16 114.081
      vertex -15.28 -26.1848 114.081
    endloop
  endfacet
  facet normal -0 0 -1
    outer loop
      vertex -19.4428 -16 114.081
      vertex -23.8395 -23.4037 114.081
      vertex -21.4339 -16 114.081
    endloop
  endfacet
  facet normal 0.0956007 0.294228 -0.950942
    outer loop
      vertex -12.6843 -18.196 114.081
      vertex -16.5483 -16 114.372
      vertex -12.4079 -17.3453 114.372
    endloop
  endfacet
  facet normal 0.0956032 0.294232 -0.95094
    outer loop
      vertex -16.5483 -16 114.372
      vertex -12.6843 -18.196 114.081
      vertex -19.4428 -16 114.081
    endloop
  endfacet
  facet normal 0.95106 -0.309008 0
    outer loop
      vertex -12.6843 -18.196 116.203
      vertex -12.4079 -17.3453 114.372
      vertex -12.4079 -17.3453 115.912
    endloop
  endfacet
  facet normal 0.95106 -0.309008 0
    outer loop
      vertex -12.4079 -17.3453 114.372
      vertex -12.6843 -18.196 116.203
      vertex -12.6843 -18.196 114.081
    endloop
  endfacet
  facet normal 0.951079 -0.308947 0
    outer loop
      vertex -15.4508 -26.7106 115.442
      vertex -15.28 -26.1848 114.081
      vertex -15.28 -26.1848 116.203
    endloop
  endfacet
  facet normal 0.951079 -0.308947 0
    outer loop
      vertex -15.28 -26.1848 114.081
      vertex -15.4508 -26.7106 115.442
      vertex -15.4508 -26.7106 114.842
    endloop
  endfacet
  facet normal 0.951057 -0.309015 0
    outer loop
      vertex -15.28 -26.1848 116.203
      vertex -12.6843 -18.196 114.081
      vertex -12.6843 -18.196 116.203
    endloop
  endfacet
  facet normal 0.951057 -0.309015 0
    outer loop
      vertex -12.6843 -18.196 114.081
      vertex -15.28 -26.1848 116.203
      vertex -15.28 -26.1848 114.081
    endloop
  endfacet
  facet normal 0.0956007 0.294228 0.950942
    outer loop
      vertex -16.5483 -16 115.912
      vertex -12.6843 -18.196 116.203
      vertex -12.4079 -17.3453 115.912
    endloop
  endfacet
  facet normal 0.0956032 0.294232 0.95094
    outer loop
      vertex -12.6843 -18.196 116.203
      vertex -16.5483 -16 115.912
      vertex -19.4428 -16 116.203
    endloop
  endfacet
  facet normal -0.25001 -0.769446 -0.587748
    outer loop
      vertex -15.4508 -26.7106 114.842
      vertex -24.0104 -23.9294 114.842
      vertex -15.28 -26.1848 114.081
    endloop
  endfacet
  facet normal -0.309019 -0.951056 0
    outer loop
      vertex -24.0104 -23.9294 114.842
      vertex -15.4508 -26.7106 115.442
      vertex -24.0104 -23.9294 115.442
    endloop
  endfacet
  facet normal -0.309019 -0.951056 -0
    outer loop
      vertex -15.4508 -26.7106 115.442
      vertex -24.0104 -23.9294 114.842
      vertex -15.4508 -26.7106 114.842
    endloop
  endfacet
  facet normal -0.951057 0.309016 0
    outer loop
      vertex -23.8395 -23.4037 114.081
      vertex -21.4339 -16 115.96
      vertex -21.4339 -16 114.325
    endloop
  endfacet
  facet normal -0.951057 0.309016 0
    outer loop
      vertex -21.4339 -16 115.96
      vertex -23.8395 -23.4037 114.081
      vertex -23.8395 -23.4037 116.203
    endloop
  endfacet
  facet normal 0.309018 0.951056 -0
    outer loop
      vertex -12.4079 -17.3453 114.372
      vertex -16.5483 -16 115.912
      vertex -12.4079 -17.3453 115.912
    endloop
  endfacet
  facet normal 0.309018 0.951056 0
    outer loop
      vertex -16.5483 -16 115.912
      vertex -12.4079 -17.3453 114.372
      vertex -16.5483 -16 114.372
    endloop
  endfacet
  facet normal -0.25001 -0.769446 0.587748
    outer loop
      vertex -15.28 -26.1848 116.203
      vertex -24.0104 -23.9294 115.442
      vertex -15.4508 -26.7106 115.442
    endloop
  endfacet
  facet normal 0 0 1
    outer loop
      vertex -19.4428 -16 116.203
      vertex -15.28 -26.1848 116.203
      vertex -12.6843 -18.196 116.203
    endloop
  endfacet
  facet normal 0 0 1
    outer loop
      vertex -23.8395 -23.4037 116.203
      vertex -19.4428 -16 116.203
      vertex -21.4339 -16 116.203
    endloop
  endfacet
  facet normal 0 0 1
    outer loop
      vertex -19.4428 -16 116.203
      vertex -23.8395 -23.4037 116.203
      vertex -15.28 -26.1848 116.203
    endloop
  endfacet
  facet normal -0.951057 0.309016 0
    outer loop
      vertex -21.4339 -16 115.96
      vertex -23.8395 -23.4037 116.203
      vertex -21.4339 -16 116.203
    endloop
  endfacet
  facet normal -0.250014 -0.769479 0.587704
    outer loop
      vertex -23.8395 -23.4037 116.203
      vertex -24.0104 -23.9294 115.442
      vertex -15.28 -26.1848 116.203
    endloop
  endfacet
  facet normal -0.951009 0.309164 0
    outer loop
      vertex -24.0104 -23.9294 114.842
      vertex -23.8395 -23.4037 116.203
      vertex -23.8395 -23.4037 114.081
    endloop
  endfacet
  facet normal -0.951009 0.309164 0
    outer loop
      vertex -23.8395 -23.4037 116.203
      vertex -24.0104 -23.9294 114.842
      vertex -24.0104 -23.9294 115.442
    endloop
  endfacet
  facet normal -0.250014 -0.769479 -0.587704
    outer loop
      vertex -15.28 -26.1848 114.081
      vertex -24.0104 -23.9294 114.842
      vertex -23.8395 -23.4037 114.081
    endloop
  endfacet
  facet normal 0.829039 -0.55919 0
    outer loop
      vertex -27.9596 -25.4904 110.562
      vertex -22.9533 -18.0682 109.201
      vertex -22.9533 -18.0682 111.322
    endloop
  endfacet
  facet normal 0.829039 -0.55919 0
    outer loop
      vertex -22.9533 -18.0682 109.201
      vertex -27.9596 -25.4904 110.562
      vertex -27.9596 -25.4904 109.962
    endloop
  endfacet
  facet normal -0.829037 0.559194 0
    outer loop
      vertex -32.4143 -16 110.177
      vertex -35.421 -20.4576 110.562
      vertex -32.4143 -16 111.018
    endloop
  endfacet
  facet normal -0.452421 -0.670752 -0.587713
    outer loop
      vertex -27.9596 -25.4904 109.962
      vertex -35.1119 -19.9994 109.201
      vertex -27.6505 -25.0321 109.201
    endloop
  endfacet
  facet normal 0.829062 -0.559156 0
    outer loop
      vertex -22.9533 -18.0682 111.322
      vertex -22.4532 -17.3267 109.491
      vertex -22.4532 -17.3267 111.032
    endloop
  endfacet
  facet normal 0.829062 -0.559156 0
    outer loop
      vertex -22.4532 -17.3267 109.491
      vertex -22.9533 -18.0682 111.322
      vertex -22.9533 -18.0682 109.201
    endloop
  endfacet
  facet normal 0.173067 0.256567 -0.950905
    outer loop
      vertex -22.4532 -17.3267 109.491
      vertex -24.9145 -16 109.401
      vertex -24.42 -16 109.491
    endloop
  endfacet
  facet normal 0.173067 0.256567 0.950905
    outer loop
      vertex -24.42 -16 111.032
      vertex -24.9145 -16 111.122
      vertex -22.4532 -17.3267 111.032
    endloop
  endfacet
  facet normal -0.452216 -0.670448 0.588218
    outer loop
      vertex -27.6505 -25.0321 111.322
      vertex -35.1119 -19.9994 111.322
      vertex -27.9596 -25.4904 110.562
    endloop
  endfacet
  facet normal -0.829037 0.559194 0
    outer loop
      vertex -35.421 -20.4576 109.962
      vertex -32.4143 -16 110.177
      vertex -32.4143 -16 109.962
    endloop
  endfacet
  facet normal -0.829037 0.559194 0
    outer loop
      vertex -32.4143 -16 110.177
      vertex -35.421 -20.4576 109.962
      vertex -35.421 -20.4576 110.562
    endloop
  endfacet
  facet normal -0.452245 -0.670478 0.588161
    outer loop
      vertex -35.1119 -19.9994 111.322
      vertex -35.421 -20.4576 110.562
      vertex -27.9596 -25.4904 110.562
    endloop
  endfacet
  facet normal 0.172578 0.255637 -0.951245
    outer loop
      vertex -22.9533 -18.0682 109.201
      vertex -24.9145 -16 109.401
      vertex -22.4532 -17.3267 109.491
    endloop
  endfacet
  facet normal 0.1722 0.255294 -0.951405
    outer loop
      vertex -24.9145 -16 109.401
      vertex -22.9533 -18.0682 109.201
      vertex -26.0195 -16 109.201
    endloop
  endfacet
  facet normal 0.829038 -0.559192 -2.89829e-05
    outer loop
      vertex -22.9533 -18.0682 109.201
      vertex -27.9596 -25.4904 109.962
      vertex -27.6505 -25.0321 109.201
    endloop
  endfacet
  facet normal 0.829038 -0.559192 2.90211e-05
    outer loop
      vertex -27.6505 -25.0321 111.322
      vertex -27.9596 -25.4904 110.562
      vertex -22.9533 -18.0682 111.322
    endloop
  endfacet
  facet normal 0.172578 0.255637 0.951245
    outer loop
      vertex -24.9145 -16 111.122
      vertex -22.9533 -18.0682 111.322
      vertex -22.4532 -17.3267 111.032
    endloop
  endfacet
  facet normal 0.1722 0.255294 0.951405
    outer loop
      vertex -22.9533 -18.0682 111.322
      vertex -24.9145 -16 111.122
      vertex -26.0195 -16 111.322
    endloop
  endfacet
  facet normal 0 0 1
    outer loop
      vertex -26.0195 -16 111.322
      vertex -27.6505 -25.0321 111.322
      vertex -22.9533 -18.0682 111.322
    endloop
  endfacet
  facet normal -0 0 1
    outer loop
      vertex -32.4143 -16 111.322
      vertex -27.6505 -25.0321 111.322
      vertex -26.0195 -16 111.322
    endloop
  endfacet
  facet normal 0 0 1
    outer loop
      vertex -27.6505 -25.0321 111.322
      vertex -32.4143 -16 111.322
      vertex -35.1119 -19.9994 111.322
    endloop
  endfacet
  facet normal -0.82904 0.559189 0
    outer loop
      vertex -32.4143 -16 111.018
      vertex -35.1119 -19.9994 111.322
      vertex -32.4143 -16 111.322
    endloop
  endfacet
  facet normal -0.829039 0.559191 4.54365e-05
    outer loop
      vertex -35.1119 -19.9994 111.322
      vertex -32.4143 -16 111.018
      vertex -35.421 -20.4576 110.562
    endloop
  endfacet
  facet normal -0.829037 0.559194 0
    outer loop
      vertex -32.4143 -16 109.505
      vertex -35.421 -20.4576 109.962
      vertex -32.4143 -16 109.962
    endloop
  endfacet
  facet normal 0 0 -1
    outer loop
      vertex -27.6505 -25.0321 109.201
      vertex -26.0195 -16 109.201
      vertex -22.9533 -18.0682 109.201
    endloop
  endfacet
  facet normal 0 0 -1
    outer loop
      vertex -27.6505 -25.0321 109.201
      vertex -32.4143 -16 109.201
      vertex -26.0195 -16 109.201
    endloop
  endfacet
  facet normal 0 -0 -1
    outer loop
      vertex -32.4143 -16 109.201
      vertex -27.6505 -25.0321 109.201
      vertex -35.1119 -19.9994 109.201
    endloop
  endfacet
  facet normal -0.82904 0.559189 0
    outer loop
      vertex -35.1119 -19.9994 109.201
      vertex -32.4143 -16 109.505
      vertex -32.4143 -16 109.201
    endloop
  endfacet
  facet normal -0.829039 0.559191 -4.53794e-05
    outer loop
      vertex -32.4143 -16 109.505
      vertex -35.1119 -19.9994 109.201
      vertex -35.421 -20.4576 109.962
    endloop
  endfacet
  facet normal 0.559215 0.829023 -0
    outer loop
      vertex -22.4532 -17.3267 109.491
      vertex -24.42 -16 111.032
      vertex -22.4532 -17.3267 111.032
    endloop
  endfacet
  facet normal 0.559215 0.829023 0
    outer loop
      vertex -24.42 -16 111.032
      vertex -22.4532 -17.3267 109.491
      vertex -24.42 -16 109.491
    endloop
  endfacet
  facet normal -0.452451 -0.670783 -0.587655
    outer loop
      vertex -27.9596 -25.4904 109.962
      vertex -35.421 -20.4576 109.962
      vertex -35.1119 -19.9994 109.201
    endloop
  endfacet
  facet normal -0.559195 -0.829036 0
    outer loop
      vertex -35.421 -20.4576 109.962
      vertex -27.9596 -25.4904 110.562
      vertex -35.421 -20.4576 110.562
    endloop
  endfacet
  facet normal -0.559195 -0.829036 -0
    outer loop
      vertex -27.9596 -25.4904 110.562
      vertex -35.421 -20.4576 109.962
      vertex -27.9596 -25.4904 109.962
    endloop
  endfacet
  facet normal 0.642792 -0.766041 -0.000121959
    outer loop
      vertex -31.8674 -18.2285 102.512
      vertex -37.8788 -23.2726 101.751
      vertex -31.444 -17.8731 101.751
    endloop
  endfacet
  facet normal 0.642921 -0.765933 0
    outer loop
      vertex -31.444 -17.8731 103.872
      vertex -31.8674 -18.2285 102.512
      vertex -31.444 -17.8731 101.751
    endloop
  endfacet
  facet normal 0.642754 -0.766073 0
    outer loop
      vertex -31.444 -17.8731 103.872
      vertex -30.7588 -17.2982 102.041
      vertex -30.7588 -17.2982 103.582
    endloop
  endfacet
  facet normal 0.642754 -0.766073 0
    outer loop
      vertex -30.7588 -17.2982 102.041
      vertex -31.444 -17.8731 103.872
      vertex -31.444 -17.8731 101.751
    endloop
  endfacet
  facet normal 0.236073 0.198478 -0.95125
    outer loop
      vertex -31.444 -17.8731 101.751
      vertex -32.088 -16 101.982
      vertex -30.7588 -17.2982 102.041
    endloop
  endfacet
  facet normal 0.236807 0.198702 -0.95102
    outer loop
      vertex -32.088 -16 101.982
      vertex -31.444 -17.8731 101.751
      vertex -33.0157 -16 101.751
    endloop
  endfacet
  facet normal -0.642809 0.766026 0
    outer loop
      vertex -41.795 -14.81 101.751
      vertex -43.6638 -16.3782 103.872
      vertex -41.795 -14.81 103.872
    endloop
  endfacet
  facet normal -0.642809 0.766026 0
    outer loop
      vertex -43.6638 -16.3782 103.872
      vertex -41.795 -14.81 101.751
      vertex -43.6638 -16.3782 101.751
    endloop
  endfacet
  facet normal 0.642783 -0.766048 0
    outer loop
      vertex -37.8788 -23.2726 103.872
      vertex -37.8788 -23.2726 101.751
      vertex -31.8674 -18.2285 102.512
    endloop
  endfacet
  facet normal 0 0 -1
    outer loop
      vertex -37.8788 -23.2726 101.751
      vertex -40 -16 101.751
      vertex -38.6 -16 101.751
    endloop
  endfacet
  facet normal 0 0 -1
    outer loop
      vertex -40 -16 101.751
      vertex -41.795 -14.81 101.751
      vertex -40 -14.81 101.751
    endloop
  endfacet
  facet normal 0 0 -1
    outer loop
      vertex -43.6638 -16.3782 101.751
      vertex -40 -16 101.751
      vertex -37.8788 -23.2726 101.751
    endloop
  endfacet
  facet normal -0 0 -1
    outer loop
      vertex -40 -16 101.751
      vertex -43.6638 -16.3782 101.751
      vertex -41.795 -14.81 101.751
    endloop
  endfacet
  facet normal 0 0 -1
    outer loop
      vertex -31.444 -17.8731 101.751
      vertex -37.4 -16 101.751
      vertex -33.0157 -16 101.751
    endloop
  endfacet
  facet normal 0 0 -1
    outer loop
      vertex -37.8788 -23.2726 101.751
      vertex -37.4 -16 101.751
      vertex -31.444 -17.8731 101.751
    endloop
  endfacet
  facet normal 0 0 -1
    outer loop
      vertex -38.6 -16 101.751
      vertex -37.4 -16 101.751
      vertex -37.8788 -23.2726 101.751
    endloop
  endfacet
  facet normal 0 0 -1
    outer loop
      vertex -37.4 -16 101.751
      vertex -38.6 -16 101.751
      vertex -37.4 -15.21 101.751
    endloop
  endfacet
  facet normal -0 0 -1
    outer loop
      vertex -37.4 -15.21 101.751
      vertex -38.6 -16 101.751
      vertex -38.6 -15.21 101.751
    endloop
  endfacet
  facet normal 0.642792 -0.766041 6.82434e-05
    outer loop
      vertex -31.444 -17.8731 103.872
      vertex -37.8788 -23.2726 103.872
      vertex -31.8674 -18.2285 102.512
    endloop
  endfacet
  facet normal -0.61981 -0.520083 -0.587665
    outer loop
      vertex -38.3022 -23.6279 102.512
      vertex -44.0873 -16.7335 102.512
      vertex -37.8788 -23.2726 101.751
    endloop
  endfacet
  facet normal -0.766044 -0.642788 0
    outer loop
      vertex -38.3022 -23.6279 102.512
      vertex -44.0873 -16.7335 103.112
      vertex -44.0873 -16.7335 102.512
    endloop
  endfacet
  facet normal -0.766044 -0.642788 0
    outer loop
      vertex -44.0873 -16.7335 103.112
      vertex -38.3022 -23.6279 102.512
      vertex -38.3022 -23.6279 103.112
    endloop
  endfacet
  facet normal 0.236297 0.198212 0.95125
    outer loop
      vertex -32.8969 -15.21 103.678
      vertex -31.444 -17.8731 103.872
      vertex -30.7588 -17.2982 103.582
    endloop
  endfacet
  facet normal 0.236096 0.198108 0.951321
    outer loop
      vertex -31.444 -17.8731 103.872
      vertex -32.8969 -15.21 103.678
      vertex -33.6786 -15.21 103.872
    endloop
  endfacet
  facet normal -0.619528 -0.519847 0.588171
    outer loop
      vertex -37.8788 -23.2726 103.872
      vertex -44.0873 -16.7335 103.112
      vertex -38.3022 -23.6279 103.112
    endloop
  endfacet
  facet normal -0.619503 -0.519816 0.588224
    outer loop
      vertex -43.6638 -16.3782 103.872
      vertex -44.0873 -16.7335 103.112
      vertex -37.8788 -23.2726 103.872
    endloop
  endfacet
  facet normal 0 0 1
    outer loop
      vertex -40 -14.81 103.872
      vertex -41.795 -14.81 103.872
      vertex -40 -15.21 103.872
    endloop
  endfacet
  facet normal 0 0 1
    outer loop
      vertex -33.6786 -15.21 103.872
      vertex -37.8788 -23.2726 103.872
      vertex -31.444 -17.8731 103.872
    endloop
  endfacet
  facet normal -0 0 1
    outer loop
      vertex -40 -15.21 103.872
      vertex -37.8788 -23.2726 103.872
      vertex -33.6786 -15.21 103.872
    endloop
  endfacet
  facet normal 0 0 1
    outer loop
      vertex -43.6638 -16.3782 103.872
      vertex -40 -15.21 103.872
      vertex -41.795 -14.81 103.872
    endloop
  endfacet
  facet normal 0 0 1
    outer loop
      vertex -40 -15.21 103.872
      vertex -43.6638 -16.3782 103.872
      vertex -37.8788 -23.2726 103.872
    endloop
  endfacet
  facet normal 0.234164 0.196484 -0.952135
    outer loop
      vertex -30.7588 -17.2982 102.041
      vertex -32.088 -16 101.982
      vertex -31.8481 -16 102.041
    endloop
  endfacet
  facet normal 0.236606 0.198535 0.951106
    outer loop
      vertex -32.511 -15.21 103.582
      vertex -32.8969 -15.21 103.678
      vertex -30.7588 -17.2982 103.582
    endloop
  endfacet
  facet normal -0.642725 0.766097 0
    outer loop
      vertex -43.6638 -16.3782 103.872
      vertex -44.0873 -16.7335 102.512
      vertex -44.0873 -16.7335 103.112
    endloop
  endfacet
  facet normal -0.642725 0.766097 0
    outer loop
      vertex -44.0873 -16.7335 102.512
      vertex -43.6638 -16.3782 103.872
      vertex -43.6638 -16.3782 101.751
    endloop
  endfacet
  facet normal -0.619784 -0.520053 -0.587718
    outer loop
      vertex -37.8788 -23.2726 101.751
      vertex -44.0873 -16.7335 102.512
      vertex -43.6638 -16.3782 101.751
    endloop
  endfacet
  facet normal 0.642814 -0.766022 0
    outer loop
      vertex -38.3022 -23.6279 102.512
      vertex -37.8788 -23.2726 103.872
      vertex -38.3022 -23.6279 103.112
    endloop
  endfacet
  facet normal 0.642814 -0.766022 0
    outer loop
      vertex -37.8788 -23.2726 103.872
      vertex -38.3022 -23.6279 102.512
      vertex -37.8788 -23.2726 101.751
    endloop
  endfacet
  facet normal 0.766039 0.642794 0
    outer loop
      vertex -32.511 -15.21 103.582
      vertex -31.8481 -16 103.4
      vertex -32.511 -15.21 103.4
    endloop
  endfacet
  facet normal 0.766046 0.642786 6.00255e-05
    outer loop
      vertex -30.7588 -17.2982 103.582
      vertex -31.8481 -16 103.4
      vertex -32.511 -15.21 103.582
    endloop
  endfacet
  facet normal 0.76605 0.642781 -0
    outer loop
      vertex -30.7588 -17.2982 102.041
      vertex -31.8481 -16 103.4
      vertex -30.7588 -17.2982 103.582
    endloop
  endfacet
  facet normal 0.76605 0.642781 0
    outer loop
      vertex -31.8481 -16 103.4
      vertex -30.7588 -17.2982 102.041
      vertex -31.8481 -16 102.041
    endloop
  endfacet
  facet normal 0.406739 -0.913544 6.93334e-05
    outer loop
      vertex -45.1723 -21.0425 94.4303
      vertex -45.6773 -21.2674 93.6695
      vertex -36.6814 -17.2621 94.1397
    endloop
  endfacet
  facet normal -0.913545 -0.406737 0
    outer loop
      vertex -45.6773 -21.2674 93.0695
      vertex -48.0225 -16 93.6695
      vertex -48.0225 -16 93.0695
    endloop
  endfacet
  facet normal -0.913545 -0.406737 0
    outer loop
      vertex -48.0225 -16 93.6695
      vertex -45.6773 -21.2674 93.0695
      vertex -45.6773 -21.2674 93.6695
    endloop
  endfacet
  facet normal -0.739053 -0.329048 -0.587816
    outer loop
      vertex -45.6773 -21.2674 93.0695
      vertex -48.0225 -16 93.0695
      vertex -47.6451 -16 92.595
    endloop
  endfacet
  facet normal 0.282284 0.125685 -0.951062
    outer loop
      vertex -37.4985 -17.6259 92.3086
      vertex -37.8508 -15.21 92.5233
      vertex -36.6814 -17.2621 92.5992
    endloop
  endfacet
  facet normal 0.282306 0.125687 -0.951055
    outer loop
      vertex -37.8508 -15.21 92.5233
      vertex -37.4985 -17.6259 92.3086
      vertex -38.5741 -15.21 92.3086
    endloop
  endfacet
  facet normal 0.406737 -0.913545 1.00695e-05
    outer loop
      vertex -36.6814 -17.2621 92.5992
      vertex -45.1723 -21.0425 92.3086
      vertex -37.4985 -17.6259 92.3086
    endloop
  endfacet
  facet normal 0 0 1
    outer loop
      vertex -46 -16 94.4303
      vertex -40 -16 94.4303
      vertex -40 -14.81 94.4303
    endloop
  endfacet
  facet normal 0 0 1
    outer loop
      vertex -46 -16 94.4303
      vertex -40 -14.81 94.4303
      vertex -46 -14.81 94.4303
    endloop
  endfacet
  facet normal 0 0 1
    outer loop
      vertex -40 -16 94.4303
      vertex -46 -16 94.4303
      vertex -45.1723 -21.0425 94.4303
    endloop
  endfacet
  facet normal 0 0 1
    outer loop
      vertex -45.1723 -21.0425 94.4303
      vertex -46 -16 94.4303
      vertex -47.4174 -16 94.4303
    endloop
  endfacet
  facet normal 0 0 1
    outer loop
      vertex -38.6 -16 94.4303
      vertex -38.5741 -15.21 94.4303
      vertex -38.6 -15.21 94.4303
    endloop
  endfacet
  facet normal 0 0 1
    outer loop
      vertex -38.5741 -15.21 94.4303
      vertex -38.6 -16 94.4303
      vertex -37.4985 -17.6259 94.4303
    endloop
  endfacet
  facet normal -0 0 1
    outer loop
      vertex -40 -16 94.4303
      vertex -37.4985 -17.6259 94.4303
      vertex -38.6 -16 94.4303
    endloop
  endfacet
  facet normal 0 0 1
    outer loop
      vertex -37.4985 -17.6259 94.4303
      vertex -40 -16 94.4303
      vertex -45.1723 -21.0425 94.4303
    endloop
  endfacet
  facet normal 0.282284 0.125685 0.951062
    outer loop
      vertex -37.8508 -15.21 94.2156
      vertex -37.4985 -17.6259 94.4303
      vertex -36.6814 -17.2621 94.1397
    endloop
  endfacet
  facet normal 0.282306 0.125687 0.951055
    outer loop
      vertex -37.4985 -17.6259 94.4303
      vertex -37.8508 -15.21 94.2156
      vertex -38.5741 -15.21 94.4303
    endloop
  endfacet
  facet normal 0.282229 0.125651 -0.951083
    outer loop
      vertex -36.6814 -17.2621 92.5992
      vertex -37.4 -16 92.5527
      vertex -37.2433 -16 92.5992
    endloop
  endfacet
  facet normal 0.282263 0.125674 -0.95107
    outer loop
      vertex -37.8508 -15.21 92.5233
      vertex -37.4 -15.6481 92.5992
      vertex -37.4 -16 92.5527
    endloop
  endfacet
  facet normal 0.282303 0.125719 -0.951052
    outer loop
      vertex -37.4 -15.6481 92.5992
      vertex -37.8508 -15.21 92.5233
      vertex -37.5951 -15.21 92.5992
    endloop
  endfacet
  facet normal 0.279944 0.124319 -0.951933
    outer loop
      vertex -37.8508 -15.21 92.5233
      vertex -37.4 -16 92.5527
      vertex -36.6814 -17.2621 92.5992
    endloop
  endfacet
  facet normal -0.739155 -0.329098 -0.587659
    outer loop
      vertex -45.1723 -21.0425 92.3086
      vertex -47.6451 -16 92.595
      vertex -47.4174 -16 92.3086
    endloop
  endfacet
  facet normal -0.739081 -0.329055 -0.587778
    outer loop
      vertex -47.6451 -16 92.595
      vertex -45.1723 -21.0425 92.3086
      vertex -45.6773 -21.2674 93.0695
    endloop
  endfacet
  facet normal 0.282303 0.125719 0.951052
    outer loop
      vertex -37.8508 -15.21 94.2156
      vertex -37.4 -15.6481 94.1397
      vertex -37.5951 -15.21 94.1397
    endloop
  endfacet
  facet normal 0.282229 0.125651 0.951083
    outer loop
      vertex -37.4 -16 94.1862
      vertex -36.6814 -17.2621 94.1397
      vertex -37.2433 -16 94.1397
    endloop
  endfacet
  facet normal 0.279944 0.124319 0.951933
    outer loop
      vertex -37.4 -16 94.1862
      vertex -37.8508 -15.21 94.2156
      vertex -36.6814 -17.2621 94.1397
    endloop
  endfacet
  facet normal 0.282263 0.125674 0.95107
    outer loop
      vertex -37.4 -15.6481 94.1397
      vertex -37.8508 -15.21 94.2156
      vertex -37.4 -16 94.1862
    endloop
  endfacet
  facet normal 0.406739 -0.913544 -6.93245e-05
    outer loop
      vertex -36.6814 -17.2621 92.5992
      vertex -45.6773 -21.2674 93.0695
      vertex -45.1723 -21.0425 92.3086
    endloop
  endfacet
  facet normal -0.738999 -0.329024 0.587897
    outer loop
      vertex -47.6451 -16 94.1439
      vertex -48.0225 -16 93.6695
      vertex -45.6773 -21.2674 93.6695
    endloop
  endfacet
  facet normal -0.739155 -0.329098 0.587659
    outer loop
      vertex -47.6451 -16 94.1439
      vertex -45.1723 -21.0425 94.4303
      vertex -47.4174 -16 94.4303
    endloop
  endfacet
  facet normal -0.739049 -0.329036 0.587828
    outer loop
      vertex -45.1723 -21.0425 94.4303
      vertex -47.6451 -16 94.1439
      vertex -45.6773 -21.2674 93.6695
    endloop
  endfacet
  facet normal 0 0 -1
    outer loop
      vertex -45.1723 -21.0425 92.3086
      vertex -47.4174 -16 92.3086
      vertex -46 -16 92.3086
    endloop
  endfacet
  facet normal 0 0 -1
    outer loop
      vertex -37.4985 -17.6259 92.3086
      vertex -38.6 -16 92.3086
      vertex -38.5741 -15.21 92.3086
    endloop
  endfacet
  facet normal 0 0 -1
    outer loop
      vertex -37.4985 -17.6259 92.3086
      vertex -40 -16 92.3086
      vertex -38.6 -16 92.3086
    endloop
  endfacet
  facet normal 0 0 -1
    outer loop
      vertex -45.1723 -21.0425 92.3086
      vertex -40 -16 92.3086
      vertex -37.4985 -17.6259 92.3086
    endloop
  endfacet
  facet normal 0 0 -1
    outer loop
      vertex -46 -16 92.3086
      vertex -40 -16 92.3086
      vertex -45.1723 -21.0425 92.3086
    endloop
  endfacet
  facet normal 0 0 -1
    outer loop
      vertex -40 -16 92.3086
      vertex -46 -16 92.3086
      vertex -40 -14.81 92.3086
    endloop
  endfacet
  facet normal -0 0 -1
    outer loop
      vertex -40 -14.81 92.3086
      vertex -46 -16 92.3086
      vertex -46 -14.81 92.3086
    endloop
  endfacet
  facet normal -0 0 -1
    outer loop
      vertex -38.5741 -15.21 92.3086
      vertex -38.6 -16 92.3086
      vertex -38.6 -15.21 92.3086
    endloop
  endfacet
  facet normal 0.406737 -0.913545 -1.00695e-05
    outer loop
      vertex -37.4985 -17.6259 94.4303
      vertex -45.1723 -21.0425 94.4303
      vertex -36.6814 -17.2621 94.1397
    endloop
  endfacet
  facet normal 0.913552 0.406723 0
    outer loop
      vertex -36.6814 -17.2621 94.1397
      vertex -37.2433 -16 92.5992
      vertex -37.2433 -16 94.1397
    endloop
  endfacet
  facet normal 0.913552 0.406723 0
    outer loop
      vertex -37.2433 -16 92.5992
      vertex -36.6814 -17.2621 94.1397
      vertex -36.6814 -17.2621 92.5992
    endloop
  endfacet
  facet normal 0.91351 0.406815 0
    outer loop
      vertex -37.4 -15.6481 94.1397
      vertex -37.5951 -15.21 92.5992
      vertex -37.5951 -15.21 94.1397
    endloop
  endfacet
  facet normal 0.91351 0.406815 0
    outer loop
      vertex -37.5951 -15.21 92.5992
      vertex -37.4 -15.6481 94.1397
      vertex -37.4 -15.6481 92.5992
    endloop
  endfacet
  facet normal 0.406742 -0.913543 0
    outer loop
      vertex -45.6773 -21.2674 93.0695
      vertex -36.6814 -17.2621 94.1397
      vertex -45.6773 -21.2674 93.6695
    endloop
  endfacet
  facet normal 0.406742 -0.913543 0
    outer loop
      vertex -36.6814 -17.2621 94.1397
      vertex -45.6773 -21.2674 93.0695
      vertex -36.6814 -17.2621 92.5992
    endloop
  endfacet
endsolid OpenSCAD_Model
