solid OpenSCAD_Model
  facet normal -1 0 0
    outer loop
      vertex -90 -16 104.6
      vertex -90 -15.21 116.4
      vertex -90 -15.21 104.6
    endloop
  endfacet
  facet normal -1 -0 0
    outer loop
      vertex -90 -15.21 116.4
      vertex -90 -16 104.6
      vertex -90 -16 116.4
    endloop
  endfacet
  facet normal -1 0 0
    outer loop
      vertex -90 -16 91.6
      vertex -90 -15.21 103.4
      vertex -90 -15.21 91.6
    endloop
  endfacet
  facet normal -1 -0 0
    outer loop
      vertex -90 -15.21 103.4
      vertex -90 -16 91.6
      vertex -90 -16 103.4
    endloop
  endfacet
  facet normal -1 0 0
    outer loop
      vertex -90 -16 78.6
      vertex -90 -15.21 90.4
      vertex -90 -15.21 78.6
    endloop
  endfacet
  facet normal -1 -0 0
    outer loop
      vertex -90 -15.21 90.4
      vertex -90 -16 78.6
      vertex -90 -16 90.4
    endloop
  endfacet
  facet normal -1 0 0
    outer loop
      vertex -90 -16 65.6
      vertex -90 -15.21 77.4
      vertex -90 -15.21 65.6
    endloop
  endfacet
  facet normal -1 -0 0
    outer loop
      vertex -90 -15.21 77.4
      vertex -90 -16 65.6
      vertex -90 -16 77.4
    endloop
  endfacet
  facet normal -1 0 0
    outer loop
      vertex -90 -16 52.6
      vertex -90 -15.21 64.4
      vertex -90 -15.21 52.6
    endloop
  endfacet
  facet normal -1 -0 0
    outer loop
      vertex -90 -15.21 64.4
      vertex -90 -16 52.6
      vertex -90 -16 64.4
    endloop
  endfacet
  facet normal -1 0 0
    outer loop
      vertex -90 -16 39.6
      vertex -90 -15.21 51.4
      vertex -90 -15.21 39.6
    endloop
  endfacet
  facet normal -1 -0 0
    outer loop
      vertex -90 -15.21 51.4
      vertex -90 -16 39.6
      vertex -90 -16 51.4
    endloop
  endfacet
  facet normal -1 0 0
    outer loop
      vertex -90 -16 26.6
      vertex -90 -15.21 38.4
      vertex -90 -15.21 26.6
    endloop
  endfacet
  facet normal -1 -0 0
    outer loop
      vertex -90 -15.21 38.4
      vertex -90 -16 26.6
      vertex -90 -16 38.4
    endloop
  endfacet
  facet normal -1 0 0
    outer loop
      vertex -90 -16 13.6
      vertex -90 -15.21 25.4
      vertex -90 -15.21 13.6
    endloop
  endfacet
  facet normal -1 -0 0
    outer loop
      vertex -90 -15.21 25.4
      vertex -90 -16 13.6
      vertex -90 -16 25.4
    endloop
  endfacet
  facet normal -1 0 0
    outer loop
      vertex -90 -15.21 64.4
      vertex -90 15.21 64.4
      vertex -90 -15.21 52.6
    endloop
  endfacet
  facet normal -1 0 0
    outer loop
      vertex -90 -15.21 65.6
      vertex -90 15.21 65.6
      vertex -90 -15.21 64.4
    endloop
  endfacet
  facet normal -1 0 0
    outer loop
      vertex -90 16 0
      vertex -90 15.21 12.4
      vertex -90 16 12.4
    endloop
  endfacet
  facet normal -1 0 0
    outer loop
      vertex -90 -15.21 13.6
      vertex -90 15.21 13.6
      vertex -90 15.21 12.4
    endloop
  endfacet
  facet normal -1 0 -0
    outer loop
      vertex -90 6.25 34.25
      vertex -90 15.21 13.6
      vertex -90 -15.21 13.6
    endloop
  endfacet
  facet normal -1 0 0
    outer loop
      vertex -90 15.21 25.4
      vertex -90 6.25 34.25
      vertex -90 15.21 26.6
    endloop
  endfacet
  facet normal -1 0 0
    outer loop
      vertex -90 15.21 26.6
      vertex -90 6.25 34.25
      vertex -90 15.21 38.4
    endloop
  endfacet
  facet normal -1 0 0
    outer loop
      vertex -90 6.25 41.75
      vertex -90 15.21 38.4
      vertex -90 6.25 34.25
    endloop
  endfacet
  facet normal -1 0 0
    outer loop
      vertex -90 15.21 38.4
      vertex -90 6.25 41.75
      vertex -90 15.21 39.6
    endloop
  endfacet
  facet normal -1 0 0
    outer loop
      vertex -90 15.21 39.6
      vertex -90 6.25 41.75
      vertex -90 15.21 51.4
    endloop
  endfacet
  facet normal -1 0 0
    outer loop
      vertex -90 -6.25 41.75
      vertex -90 15.21 52.6
      vertex -90 6.25 41.75
    endloop
  endfacet
  facet normal -1 0 0
    outer loop
      vertex -90 -15.21 52.6
      vertex -90 15.21 52.6
      vertex -90 -6.25 41.75
    endloop
  endfacet
  facet normal -1 0 0
    outer loop
      vertex -90 15.21 52.6
      vertex -90 -15.21 52.6
      vertex -90 15.21 64.4
    endloop
  endfacet
  facet normal -1 0 0
    outer loop
      vertex -90 15.21 65.6
      vertex -90 6.25 84.25
      vertex -90 15.21 77.4
    endloop
  endfacet
  facet normal -1 0 0
    outer loop
      vertex -90 15.21 77.4
      vertex -90 6.25 84.25
      vertex -90 15.21 78.6
    endloop
  endfacet
  facet normal -1 0 0
    outer loop
      vertex -90 15.21 78.6
      vertex -90 6.25 84.25
      vertex -90 15.21 90.4
    endloop
  endfacet
  facet normal -1 0 0
    outer loop
      vertex -90 6.25 91.75
      vertex -90 15.21 90.4
      vertex -90 6.25 84.25
    endloop
  endfacet
  facet normal -1 0 0
    outer loop
      vertex -90 15.21 90.4
      vertex -90 6.25 91.75
      vertex -90 15.21 91.6
    endloop
  endfacet
  facet normal -1 -0 0
    outer loop
      vertex -90 15.21 103.4
      vertex -90 6.25 91.75
      vertex -90 15.21 104.6
    endloop
  endfacet
  facet normal -1 0 0
    outer loop
      vertex -90 -15.21 104.6
      vertex -90 15.21 104.6
      vertex -90 6.25 91.75
    endloop
  endfacet
  facet normal -1 -0 0
    outer loop
      vertex -90 15.21 51.4
      vertex -90 6.25 41.75
      vertex -90 15.21 52.6
    endloop
  endfacet
  facet normal -1 0 0
    outer loop
      vertex -90 -15.21 12.4
      vertex -90 15.21 12.4
      vertex -90 16 0
    endloop
  endfacet
  facet normal -1 0 0
    outer loop
      vertex -90 15.21 13.6
      vertex -90 6.25 34.25
      vertex -90 15.21 25.4
    endloop
  endfacet
  facet normal -1 0 0
    outer loop
      vertex -90 -15.21 38.4
      vertex -90 -6.25 41.75
      vertex -90 -6.25 34.25
    endloop
  endfacet
  facet normal -1 0 0
    outer loop
      vertex -90 15.21 65.6
      vertex -90 -15.21 65.6
      vertex -90 6.25 84.25
    endloop
  endfacet
  facet normal -1 -0 0
    outer loop
      vertex -90 6.25 84.25
      vertex -90 -15.21 65.6
      vertex -90 -6.25 84.25
    endloop
  endfacet
  facet normal -1 0 0
    outer loop
      vertex -90 -15.21 25.4
      vertex -90 -6.25 34.25
      vertex -90 -15.21 13.6
    endloop
  endfacet
  facet normal -1 -0 0
    outer loop
      vertex -90 6.25 34.25
      vertex -90 -15.21 13.6
      vertex -90 -6.25 34.25
    endloop
  endfacet
  facet normal -1 0 0
    outer loop
      vertex -90 15.21 12.4
      vertex -90 -15.21 12.4
      vertex -90 -15.21 13.6
    endloop
  endfacet
  facet normal -1 0 0
    outer loop
      vertex -90 -16 0
      vertex -90 -15.21 12.4
      vertex -90 16 0
    endloop
  endfacet
  facet normal -1 -0 0
    outer loop
      vertex -90 -15.21 12.4
      vertex -90 -16 0
      vertex -90 -16 12.4
    endloop
  endfacet
  facet normal -1 0 0
    outer loop
      vertex -90 15.21 13.6
      vertex -90 16 25.4
      vertex -90 16 13.6
    endloop
  endfacet
  facet normal -1 -0 0
    outer loop
      vertex -90 16 25.4
      vertex -90 15.21 13.6
      vertex -90 15.21 25.4
    endloop
  endfacet
  facet normal -1 0 0
    outer loop
      vertex -90 15.21 26.6
      vertex -90 16 38.4
      vertex -90 16 26.6
    endloop
  endfacet
  facet normal -1 -0 0
    outer loop
      vertex -90 16 38.4
      vertex -90 15.21 26.6
      vertex -90 15.21 38.4
    endloop
  endfacet
  facet normal -1 0 0
    outer loop
      vertex -90 15.21 39.6
      vertex -90 16 51.4
      vertex -90 16 39.6
    endloop
  endfacet
  facet normal -1 -0 0
    outer loop
      vertex -90 16 51.4
      vertex -90 15.21 39.6
      vertex -90 15.21 51.4
    endloop
  endfacet
  facet normal -1 0 0
    outer loop
      vertex -90 15.21 52.6
      vertex -90 16 64.4
      vertex -90 16 52.6
    endloop
  endfacet
  facet normal -1 -0 0
    outer loop
      vertex -90 16 64.4
      vertex -90 15.21 52.6
      vertex -90 15.21 64.4
    endloop
  endfacet
  facet normal -1 0 0
    outer loop
      vertex -90 15.21 65.6
      vertex -90 16 77.4
      vertex -90 16 65.6
    endloop
  endfacet
  facet normal -1 -0 0
    outer loop
      vertex -90 16 77.4
      vertex -90 15.21 65.6
      vertex -90 15.21 77.4
    endloop
  endfacet
  facet normal -1 0 0
    outer loop
      vertex -90 15.21 78.6
      vertex -90 16 90.4
      vertex -90 16 78.6
    endloop
  endfacet
  facet normal -1 -0 0
    outer loop
      vertex -90 16 90.4
      vertex -90 15.21 78.6
      vertex -90 15.21 90.4
    endloop
  endfacet
  facet normal -1 0 0
    outer loop
      vertex -90 15.21 91.6
      vertex -90 16 103.4
      vertex -90 16 91.6
    endloop
  endfacet
  facet normal -1 -0 0
    outer loop
      vertex -90 16 103.4
      vertex -90 15.21 91.6
      vertex -90 15.21 103.4
    endloop
  endfacet
  facet normal -1 0 0
    outer loop
      vertex -90 15.21 104.6
      vertex -90 16 116.4
      vertex -90 16 104.6
    endloop
  endfacet
  facet normal -1 -0 0
    outer loop
      vertex -90 16 116.4
      vertex -90 15.21 104.6
      vertex -90 15.21 116.4
    endloop
  endfacet
  facet normal -1 0 0
    outer loop
      vertex -90 11 125
      vertex -90 16 117.6
      vertex -90 15.21 117.6
    endloop
  endfacet
  facet normal -1 0 0
    outer loop
      vertex -90 16 117.6
      vertex -90 11 125
      vertex -90 16 130
    endloop
  endfacet
  facet normal -1 -0 0
    outer loop
      vertex -90 16 130
      vertex -90 11 125
      vertex -90 11 130
    endloop
  endfacet
  facet normal -1 0 0
    outer loop
      vertex -90 15.21 91.6
      vertex -90 6.25 91.75
      vertex -90 15.21 103.4
    endloop
  endfacet
  facet normal -1 0 0
    outer loop
      vertex -90 15.21 104.6
      vertex -90 -15.21 104.6
      vertex -90 15.21 116.4
    endloop
  endfacet
  facet normal -1 0 0
    outer loop
      vertex -90 -15.21 104.6
      vertex -90 6.25 91.75
      vertex -90 -6.25 91.75
    endloop
  endfacet
  facet normal -1 0 0
    outer loop
      vertex -90 -15.21 116.4
      vertex -90 15.21 116.4
      vertex -90 -15.21 104.6
    endloop
  endfacet
  facet normal -1 0 0
    outer loop
      vertex -90 15.21 116.4
      vertex -90 11 125
      vertex -90 15.21 117.6
    endloop
  endfacet
  facet normal -1 0 0
    outer loop
      vertex -90 -15.21 26.6
      vertex -90 -6.25 34.25
      vertex -90 -15.21 25.4
    endloop
  endfacet
  facet normal -1 0 0
    outer loop
      vertex -90 -15.21 38.4
      vertex -90 -6.25 34.25
      vertex -90 -15.21 26.6
    endloop
  endfacet
  facet normal -1 0 0
    outer loop
      vertex -90 -6.25 41.75
      vertex -90 -15.21 38.4
      vertex -90 -15.21 39.6
    endloop
  endfacet
  facet normal -1 -0 0
    outer loop
      vertex -90 -6.25 41.75
      vertex -90 -15.21 39.6
      vertex -90 -15.21 51.4
    endloop
  endfacet
  facet normal -1 0 0
    outer loop
      vertex -90 -6.25 41.75
      vertex -90 -15.21 51.4
      vertex -90 -15.21 52.6
    endloop
  endfacet
  facet normal -1 0 0
    outer loop
      vertex -90 15.21 64.4
      vertex -90 -15.21 64.4
      vertex -90 15.21 65.6
    endloop
  endfacet
  facet normal -1 0 0
    outer loop
      vertex -90 -15.21 77.4
      vertex -90 -6.25 84.25
      vertex -90 -15.21 65.6
    endloop
  endfacet
  facet normal -1 0 0
    outer loop
      vertex -90 -15.21 78.6
      vertex -90 -6.25 84.25
      vertex -90 -15.21 77.4
    endloop
  endfacet
  facet normal -1 0 0
    outer loop
      vertex -90 -15.21 90.4
      vertex -90 -6.25 84.25
      vertex -90 -15.21 78.6
    endloop
  endfacet
  facet normal -1 0 0
    outer loop
      vertex -90 -6.25 84.25
      vertex -90 -15.21 90.4
      vertex -90 -6.25 91.75
    endloop
  endfacet
  facet normal -1 0 0
    outer loop
      vertex -90 -15.21 91.6
      vertex -90 -6.25 91.75
      vertex -90 -15.21 90.4
    endloop
  endfacet
  facet normal -1 0 0
    outer loop
      vertex -90 -15.21 103.4
      vertex -90 -6.25 91.75
      vertex -90 -15.21 91.6
    endloop
  endfacet
  facet normal -1 0 0
    outer loop
      vertex -90 -15.21 104.6
      vertex -90 -6.25 91.75
      vertex -90 -15.21 103.4
    endloop
  endfacet
  facet normal -1 0 -0
    outer loop
      vertex -90 -11 125
      vertex -90 15.21 116.4
      vertex -90 -15.21 116.4
    endloop
  endfacet
  facet normal -1 -0 -0
    outer loop
      vertex -90 11 125
      vertex -90 15.21 116.4
      vertex -90 -11 125
    endloop
  endfacet
  facet normal -1 0 0
    outer loop
      vertex -90 -15.21 117.6
      vertex -90 -11 125
      vertex -90 -15.21 116.4
    endloop
  endfacet
  facet normal -1 0 0
    outer loop
      vertex -90 -16 117.6
      vertex -90 -11 125
      vertex -90 -15.21 117.6
    endloop
  endfacet
  facet normal -1 -0 0
    outer loop
      vertex -90 -11 125
      vertex -90 -16 117.6
      vertex -90 -16 130
    endloop
  endfacet
  facet normal -1 0 0
    outer loop
      vertex -90 -11 125
      vertex -90 -16 130
      vertex -90 -11 130
    endloop
  endfacet
  facet normal -0 0 1
    outer loop
      vertex 75 -11 130
      vertex 90 -16 130
      vertex 90 -11 130
    endloop
  endfacet
  facet normal 0 0 1
    outer loop
      vertex 90 -16 130
      vertex 75 -11 130
      vertex 75 -16 130
    endloop
  endfacet
  facet normal -0 0 1
    outer loop
      vertex -90 -11 130
      vertex -75 -16 130
      vertex -75 -11 130
    endloop
  endfacet
  facet normal 0 0 1
    outer loop
      vertex -75 -16 130
      vertex -90 -11 130
      vertex -90 -16 130
    endloop
  endfacet
  facet normal -0 0 1
    outer loop
      vertex -60 -11 130
      vertex -48 -16 130
      vertex -48 -11 130
    endloop
  endfacet
  facet normal 0 0 1
    outer loop
      vertex -48 -16 130
      vertex -60 -11 130
      vertex -60 -16 130
    endloop
  endfacet
  facet normal -0 0 1
    outer loop
      vertex -33 -11 130
      vertex -21 -16 130
      vertex -21 -11 130
    endloop
  endfacet
  facet normal 0 0 1
    outer loop
      vertex -21 -16 130
      vertex -33 -11 130
      vertex -33 -16 130
    endloop
  endfacet
  facet normal -0 0 1
    outer loop
      vertex -6 -11 130
      vertex 6 -16 130
      vertex 6 -11 130
    endloop
  endfacet
  facet normal 0 0 1
    outer loop
      vertex 6 -16 130
      vertex -6 -11 130
      vertex -6 -16 130
    endloop
  endfacet
  facet normal -0 0 1
    outer loop
      vertex 21 -11 130
      vertex 33 -16 130
      vertex 33 -11 130
    endloop
  endfacet
  facet normal 0 0 1
    outer loop
      vertex 33 -16 130
      vertex 21 -11 130
      vertex 21 -16 130
    endloop
  endfacet
  facet normal -0 0 1
    outer loop
      vertex 48 -11 130
      vertex 60 -16 130
      vertex 60 -11 130
    endloop
  endfacet
  facet normal 0 0 1
    outer loop
      vertex 60 -16 130
      vertex 48 -11 130
      vertex 48 -16 130
    endloop
  endfacet
  facet normal 1 -0 0
    outer loop
      vertex 90 -16 25.4
      vertex 90 -15.21 13.6
      vertex 90 -15.21 25.4
    endloop
  endfacet
  facet normal 1 0 0
    outer loop
      vertex 90 -15.21 13.6
      vertex 90 -16 25.4
      vertex 90 -16 13.6
    endloop
  endfacet
  facet normal 1 -0 0
    outer loop
      vertex 90 -16 38.4
      vertex 90 -15.21 26.6
      vertex 90 -15.21 38.4
    endloop
  endfacet
  facet normal 1 0 0
    outer loop
      vertex 90 -15.21 26.6
      vertex 90 -16 38.4
      vertex 90 -16 26.6
    endloop
  endfacet
  facet normal 1 -0 0
    outer loop
      vertex 90 -16 51.4
      vertex 90 -15.21 39.6
      vertex 90 -15.21 51.4
    endloop
  endfacet
  facet normal 1 0 0
    outer loop
      vertex 90 -15.21 39.6
      vertex 90 -16 51.4
      vertex 90 -16 39.6
    endloop
  endfacet
  facet normal 1 -0 0
    outer loop
      vertex 90 -16 64.4
      vertex 90 -15.21 52.6
      vertex 90 -15.21 64.4
    endloop
  endfacet
  facet normal 1 0 0
    outer loop
      vertex 90 -15.21 52.6
      vertex 90 -16 64.4
      vertex 90 -16 52.6
    endloop
  endfacet
  facet normal 1 -0 0
    outer loop
      vertex 90 -16 77.4
      vertex 90 -15.21 65.6
      vertex 90 -15.21 77.4
    endloop
  endfacet
  facet normal 1 0 0
    outer loop
      vertex 90 -15.21 65.6
      vertex 90 -16 77.4
      vertex 90 -16 65.6
    endloop
  endfacet
  facet normal 1 -0 0
    outer loop
      vertex 90 -16 90.4
      vertex 90 -15.21 78.6
      vertex 90 -15.21 90.4
    endloop
  endfacet
  facet normal 1 0 0
    outer loop
      vertex 90 -15.21 78.6
      vertex 90 -16 90.4
      vertex 90 -16 78.6
    endloop
  endfacet
  facet normal 1 -0 0
    outer loop
      vertex 90 -16 103.4
      vertex 90 -15.21 91.6
      vertex 90 -15.21 103.4
    endloop
  endfacet
  facet normal 1 0 0
    outer loop
      vertex 90 -15.21 91.6
      vertex 90 -16 103.4
      vertex 90 -16 91.6
    endloop
  endfacet
  facet normal 1 -0 0
    outer loop
      vertex 90 -16 116.4
      vertex 90 -15.21 104.6
      vertex 90 -15.21 116.4
    endloop
  endfacet
  facet normal 1 0 0
    outer loop
      vertex 90 -15.21 104.6
      vertex 90 -16 116.4
      vertex 90 -16 104.6
    endloop
  endfacet
  facet normal 1 -0 0
    outer loop
      vertex 90 -16 130
      vertex 90 -11 125
      vertex 90 -11 130
    endloop
  endfacet
  facet normal 1 0 0
    outer loop
      vertex 90 -16 117.6
      vertex 90 -11 125
      vertex 90 -16 130
    endloop
  endfacet
  facet normal 1 0 0
    outer loop
      vertex 90 -11 125
      vertex 90 -16 117.6
      vertex 90 -15.21 117.6
    endloop
  endfacet
  facet normal 1 -0 0
    outer loop
      vertex 90 11 125
      vertex 90 16 117.6
      vertex 90 16 130
    endloop
  endfacet
  facet normal 1 0 0
    outer loop
      vertex 90 11 125
      vertex 90 15.21 116.4
      vertex 90 15.21 117.6
    endloop
  endfacet
  facet normal 1 0 0
    outer loop
      vertex 90 15.21 116.4
      vertex 90 -15.21 116.4
      vertex 90 15.21 104.6
    endloop
  endfacet
  facet normal 1 0 -0
    outer loop
      vertex 90 6.25 91.75
      vertex 90 15.21 104.6
      vertex 90 -15.21 104.6
    endloop
  endfacet
  facet normal 1 0 0
    outer loop
      vertex 90 15.21 103.4
      vertex 90 6.25 91.75
      vertex 90 15.21 91.6
    endloop
  endfacet
  facet normal 1 0 0
    outer loop
      vertex 90 15.21 91.6
      vertex 90 6.25 91.75
      vertex 90 15.21 90.4
    endloop
  endfacet
  facet normal 1 0 0
    outer loop
      vertex 90 6.25 84.25
      vertex 90 15.21 90.4
      vertex 90 6.25 91.75
    endloop
  endfacet
  facet normal 1 0 0
    outer loop
      vertex 90 15.21 90.4
      vertex 90 6.25 84.25
      vertex 90 15.21 78.6
    endloop
  endfacet
  facet normal 1 0 0
    outer loop
      vertex 90 15.21 78.6
      vertex 90 6.25 84.25
      vertex 90 15.21 77.4
    endloop
  endfacet
  facet normal 1 0 0
    outer loop
      vertex 90 15.21 77.4
      vertex 90 6.25 84.25
      vertex 90 15.21 65.6
    endloop
  endfacet
  facet normal 1 0 0
    outer loop
      vertex 90 15.21 65.6
      vertex 90 -15.21 65.6
      vertex 90 15.21 64.4
    endloop
  endfacet
  facet normal 1 0 0
    outer loop
      vertex 90 -15.21 64.4
      vertex 90 15.21 64.4
      vertex 90 -15.21 65.6
    endloop
  endfacet
  facet normal 1 0 0
    outer loop
      vertex 90 -15.21 65.6
      vertex 90 6.25 84.25
      vertex 90 -6.25 84.25
    endloop
  endfacet
  facet normal 1 0 0
    outer loop
      vertex 90 15.21 51.4
      vertex 90 6.25 41.75
      vertex 90 15.21 39.6
    endloop
  endfacet
  facet normal 1 0 0
    outer loop
      vertex 90 15.21 39.6
      vertex 90 6.25 41.75
      vertex 90 15.21 38.4
    endloop
  endfacet
  facet normal 1 0 0
    outer loop
      vertex 90 6.25 34.25
      vertex 90 15.21 38.4
      vertex 90 6.25 41.75
    endloop
  endfacet
  facet normal 1 0 0
    outer loop
      vertex 90 15.21 38.4
      vertex 90 6.25 34.25
      vertex 90 15.21 26.6
    endloop
  endfacet
  facet normal 1 0 0
    outer loop
      vertex 90 16 117.6
      vertex 90 11 125
      vertex 90 15.21 117.6
    endloop
  endfacet
  facet normal 1 0 0
    outer loop
      vertex 90 11 125
      vertex 90 16 130
      vertex 90 11 130
    endloop
  endfacet
  facet normal 1 -0 0
    outer loop
      vertex 90 15.21 116.4
      vertex 90 16 104.6
      vertex 90 16 116.4
    endloop
  endfacet
  facet normal 1 0 0
    outer loop
      vertex 90 16 104.6
      vertex 90 15.21 116.4
      vertex 90 15.21 104.6
    endloop
  endfacet
  facet normal 1 -0 0
    outer loop
      vertex 90 15.21 103.4
      vertex 90 16 91.6
      vertex 90 16 103.4
    endloop
  endfacet
  facet normal 1 0 0
    outer loop
      vertex 90 16 91.6
      vertex 90 15.21 103.4
      vertex 90 15.21 91.6
    endloop
  endfacet
  facet normal 1 -0 0
    outer loop
      vertex 90 15.21 90.4
      vertex 90 16 78.6
      vertex 90 16 90.4
    endloop
  endfacet
  facet normal 1 0 0
    outer loop
      vertex 90 16 78.6
      vertex 90 15.21 90.4
      vertex 90 15.21 78.6
    endloop
  endfacet
  facet normal 1 -0 0
    outer loop
      vertex 90 15.21 77.4
      vertex 90 16 65.6
      vertex 90 16 77.4
    endloop
  endfacet
  facet normal 1 0 0
    outer loop
      vertex 90 16 65.6
      vertex 90 15.21 77.4
      vertex 90 15.21 65.6
    endloop
  endfacet
  facet normal 1 -0 0
    outer loop
      vertex 90 15.21 64.4
      vertex 90 16 52.6
      vertex 90 16 64.4
    endloop
  endfacet
  facet normal 1 0 0
    outer loop
      vertex 90 16 52.6
      vertex 90 15.21 64.4
      vertex 90 15.21 52.6
    endloop
  endfacet
  facet normal 1 -0 0
    outer loop
      vertex 90 15.21 51.4
      vertex 90 16 39.6
      vertex 90 16 51.4
    endloop
  endfacet
  facet normal 1 0 0
    outer loop
      vertex 90 16 39.6
      vertex 90 15.21 51.4
      vertex 90 15.21 39.6
    endloop
  endfacet
  facet normal 1 -0 0
    outer loop
      vertex 90 15.21 38.4
      vertex 90 16 26.6
      vertex 90 16 38.4
    endloop
  endfacet
  facet normal 1 0 0
    outer loop
      vertex 90 16 26.6
      vertex 90 15.21 38.4
      vertex 90 15.21 26.6
    endloop
  endfacet
  facet normal 1 -0 0
    outer loop
      vertex 90 15.21 25.4
      vertex 90 16 13.6
      vertex 90 16 25.4
    endloop
  endfacet
  facet normal 1 0 0
    outer loop
      vertex 90 16 13.6
      vertex 90 15.21 25.4
      vertex 90 15.21 13.6
    endloop
  endfacet
  facet normal 1 -0 0
    outer loop
      vertex 90 15.21 12.4
      vertex 90 16 0
      vertex 90 16 12.4
    endloop
  endfacet
  facet normal 1 0 0
    outer loop
      vertex 90 15.21 116.4
      vertex 90 11 125
      vertex 90 -15.21 116.4
    endloop
  endfacet
  facet normal 1 0 0
    outer loop
      vertex 90 -15.21 65.6
      vertex 90 15.21 65.6
      vertex 90 6.25 84.25
    endloop
  endfacet
  facet normal 1 0 0
    outer loop
      vertex 90 15.21 26.6
      vertex 90 6.25 34.25
      vertex 90 15.21 25.4
    endloop
  endfacet
  facet normal 1 0 0
    outer loop
      vertex 90 15.21 25.4
      vertex 90 6.25 34.25
      vertex 90 15.21 13.6
    endloop
  endfacet
  facet normal 1 0 0
    outer loop
      vertex 90 -15.21 13.6
      vertex 90 15.21 13.6
      vertex 90 6.25 34.25
    endloop
  endfacet
  facet normal 1 0 0
    outer loop
      vertex 90 15.21 13.6
      vertex 90 -15.21 13.6
      vertex 90 15.21 12.4
    endloop
  endfacet
  facet normal 1 0 0
    outer loop
      vertex 90 -15.21 13.6
      vertex 90 6.25 34.25
      vertex 90 -6.25 34.25
    endloop
  endfacet
  facet normal 1 -0 0
    outer loop
      vertex 90 -15.21 103.4
      vertex 90 -6.25 91.75
      vertex 90 -15.21 104.6
    endloop
  endfacet
  facet normal 1 0 0
    outer loop
      vertex 90 -15.21 91.6
      vertex 90 -6.25 91.75
      vertex 90 -15.21 103.4
    endloop
  endfacet
  facet normal 1 0 0
    outer loop
      vertex 90 -15.21 90.4
      vertex 90 -6.25 91.75
      vertex 90 -15.21 91.6
    endloop
  endfacet
  facet normal 1 0 0
    outer loop
      vertex 90 -6.25 91.75
      vertex 90 -15.21 90.4
      vertex 90 -6.25 84.25
    endloop
  endfacet
  facet normal 1 0 0
    outer loop
      vertex 90 -15.21 78.6
      vertex 90 -6.25 84.25
      vertex 90 -15.21 90.4
    endloop
  endfacet
  facet normal 1 0 0
    outer loop
      vertex 90 -15.21 77.4
      vertex 90 -6.25 84.25
      vertex 90 -15.21 78.6
    endloop
  endfacet
  facet normal 1 0 0
    outer loop
      vertex 90 -15.21 65.6
      vertex 90 -6.25 84.25
      vertex 90 -15.21 77.4
    endloop
  endfacet
  facet normal 1 0 0
    outer loop
      vertex 90 -15.21 52.6
      vertex 90 15.21 52.6
      vertex 90 -15.21 64.4
    endloop
  endfacet
  facet normal 1 0 -0
    outer loop
      vertex 90 -6.25 41.75
      vertex 90 15.21 52.6
      vertex 90 -15.21 52.6
    endloop
  endfacet
  facet normal 1 0 -0
    outer loop
      vertex 90 6.25 41.75
      vertex 90 15.21 52.6
      vertex 90 -6.25 41.75
    endloop
  endfacet
  facet normal 1 -0 0
    outer loop
      vertex 90 -15.21 51.4
      vertex 90 -6.25 41.75
      vertex 90 -15.21 52.6
    endloop
  endfacet
  facet normal 1 0 0
    outer loop
      vertex 90 -15.21 39.6
      vertex 90 -6.25 41.75
      vertex 90 -15.21 51.4
    endloop
  endfacet
  facet normal 1 0 0
    outer loop
      vertex 90 -15.21 38.4
      vertex 90 -6.25 41.75
      vertex 90 -15.21 39.6
    endloop
  endfacet
  facet normal 1 0 0
    outer loop
      vertex 90 -6.25 41.75
      vertex 90 -15.21 38.4
      vertex 90 -6.25 34.25
    endloop
  endfacet
  facet normal 1 0 0
    outer loop
      vertex 90 -15.21 26.6
      vertex 90 -6.25 34.25
      vertex 90 -15.21 38.4
    endloop
  endfacet
  facet normal 1 0 0
    outer loop
      vertex 90 -15.21 25.4
      vertex 90 -6.25 34.25
      vertex 90 -15.21 26.6
    endloop
  endfacet
  facet normal 1 0 0
    outer loop
      vertex 90 -15.21 13.6
      vertex 90 -6.25 34.25
      vertex 90 -15.21 25.4
    endloop
  endfacet
  facet normal 1 0 0
    outer loop
      vertex 90 -15.21 12.4
      vertex 90 15.21 12.4
      vertex 90 -15.21 13.6
    endloop
  endfacet
  facet normal 1 0 0
    outer loop
      vertex 90 15.21 12.4
      vertex 90 -15.21 12.4
      vertex 90 16 0
    endloop
  endfacet
  facet normal 1 0 0
    outer loop
      vertex 90 -16 0
      vertex 90 -15.21 12.4
      vertex 90 -16 12.4
    endloop
  endfacet
  facet normal 1 0 0
    outer loop
      vertex 90 -15.21 12.4
      vertex 90 -16 0
      vertex 90 16 0
    endloop
  endfacet
  facet normal 1 0 0
    outer loop
      vertex 90 15.21 64.4
      vertex 90 -15.21 64.4
      vertex 90 15.21 52.6
    endloop
  endfacet
  facet normal 1 0 0
    outer loop
      vertex 90 15.21 52.6
      vertex 90 6.25 41.75
      vertex 90 15.21 51.4
    endloop
  endfacet
  facet normal 1 -0 0
    outer loop
      vertex 90 -11 125
      vertex 90 -15.21 116.4
      vertex 90 11 125
    endloop
  endfacet
  facet normal 1 0 0
    outer loop
      vertex 90 15.21 104.6
      vertex 90 -15.21 116.4
      vertex 90 -15.21 104.6
    endloop
  endfacet
  facet normal 1 0 0
    outer loop
      vertex 90 15.21 104.6
      vertex 90 6.25 91.75
      vertex 90 15.21 103.4
    endloop
  endfacet
  facet normal 1 0 0
    outer loop
      vertex 90 6.25 91.75
      vertex 90 -15.21 104.6
      vertex 90 -6.25 91.75
    endloop
  endfacet
  facet normal 1 0 0
    outer loop
      vertex 90 -15.21 116.4
      vertex 90 -11 125
      vertex 90 -15.21 117.6
    endloop
  endfacet
  facet normal 0 1 -0
    outer loop
      vertex 90 -11 125
      vertex 75 -11 130
      vertex 90 -11 130
    endloop
  endfacet
  facet normal 0 1 0
    outer loop
      vertex 75 -11 130
      vertex 90 -11 125
      vertex 60 -11 130
    endloop
  endfacet
  facet normal 0 1 0
    outer loop
      vertex 60 -11 130
      vertex 90 -11 125
      vertex 48 -11 130
    endloop
  endfacet
  facet normal 0 1 0
    outer loop
      vertex 48 -11 130
      vertex 90 -11 125
      vertex 33 -11 130
    endloop
  endfacet
  facet normal 0 1 0
    outer loop
      vertex 33 -11 130
      vertex 90 -11 125
      vertex 21 -11 130
    endloop
  endfacet
  facet normal 0 1 0
    outer loop
      vertex 21 -11 130
      vertex 90 -11 125
      vertex 6 -11 130
    endloop
  endfacet
  facet normal 0 1 0
    outer loop
      vertex 6 -11 130
      vertex 90 -11 125
      vertex -6 -11 130
    endloop
  endfacet
  facet normal 0 1 0
    outer loop
      vertex -90 -11 125
      vertex -6 -11 130
      vertex 90 -11 125
    endloop
  endfacet
  facet normal 0 1 0
    outer loop
      vertex -6 -11 130
      vertex -90 -11 125
      vertex -21 -11 130
    endloop
  endfacet
  facet normal 0 1 0
    outer loop
      vertex -21 -11 130
      vertex -90 -11 125
      vertex -33 -11 130
    endloop
  endfacet
  facet normal 0 1 0
    outer loop
      vertex -33 -11 130
      vertex -90 -11 125
      vertex -48 -11 130
    endloop
  endfacet
  facet normal 0 1 0
    outer loop
      vertex -48 -11 130
      vertex -90 -11 125
      vertex -60 -11 130
    endloop
  endfacet
  facet normal 0 1 0
    outer loop
      vertex -60 -11 130
      vertex -90 -11 125
      vertex -75 -11 130
    endloop
  endfacet
  facet normal 0 1 0
    outer loop
      vertex -75 -11 130
      vertex -90 -11 125
      vertex -90 -11 130
    endloop
  endfacet
  facet normal 0 1 -0
    outer loop
      vertex 75 -11 130
      vertex 60 -11 140
      vertex 75 -11 140
    endloop
  endfacet
  facet normal 0 1 0
    outer loop
      vertex 60 -11 140
      vertex 75 -11 130
      vertex 60 -11 130
    endloop
  endfacet
  facet normal 0 1 -0
    outer loop
      vertex 48 -11 130
      vertex 33 -11 140
      vertex 48 -11 140
    endloop
  endfacet
  facet normal 0 1 0
    outer loop
      vertex 33 -11 140
      vertex 48 -11 130
      vertex 33 -11 130
    endloop
  endfacet
  facet normal 0 1 -0
    outer loop
      vertex 21 -11 130
      vertex 6 -11 140
      vertex 21 -11 140
    endloop
  endfacet
  facet normal 0 1 0
    outer loop
      vertex 6 -11 140
      vertex 21 -11 130
      vertex 6 -11 130
    endloop
  endfacet
  facet normal 0 1 -0
    outer loop
      vertex -6 -11 130
      vertex -21 -11 140
      vertex -6 -11 140
    endloop
  endfacet
  facet normal 0 1 0
    outer loop
      vertex -21 -11 140
      vertex -6 -11 130
      vertex -21 -11 130
    endloop
  endfacet
  facet normal 0 1 -0
    outer loop
      vertex -33 -11 130
      vertex -48 -11 140
      vertex -33 -11 140
    endloop
  endfacet
  facet normal 0 1 0
    outer loop
      vertex -48 -11 140
      vertex -33 -11 130
      vertex -48 -11 130
    endloop
  endfacet
  facet normal 0 1 -0
    outer loop
      vertex -60 -11 130
      vertex -75 -11 140
      vertex -60 -11 140
    endloop
  endfacet
  facet normal 0 1 0
    outer loop
      vertex -75 -11 140
      vertex -60 -11 130
      vertex -75 -11 130
    endloop
  endfacet
  facet normal -0 0 1
    outer loop
      vertex -90 11 125
      vertex 90 -11 125
      vertex 90 11 125
    endloop
  endfacet
  facet normal 0 0 1
    outer loop
      vertex 90 -11 125
      vertex -90 11 125
      vertex -90 -11 125
    endloop
  endfacet
  facet normal 0 -1 0
    outer loop
      vertex -90 -16 0
      vertex -78.6 -16 12.4
      vertex -90 -16 12.4
    endloop
  endfacet
  facet normal 0 -1 -0
    outer loop
      vertex -78.6 -16 12.4
      vertex -90 -16 0
      vertex -78.6 -16 0
    endloop
  endfacet
  facet normal 0 -1 0
    outer loop
      vertex 66.6 -16 0
      vertex 90 -16 12.4
      vertex 66.6 -16 12.4
    endloop
  endfacet
  facet normal 0 -1 -0
    outer loop
      vertex 90 -16 12.4
      vertex 66.6 -16 0
      vertex 90 -16 0
    endloop
  endfacet
  facet normal 0 -1 0
    outer loop
      vertex -90 -16 117.6
      vertex -75 -16 130
      vertex -90 -16 130
    endloop
  endfacet
  facet normal 0 -1 -0
    outer loop
      vertex -75 -16 130
      vertex -90 -16 117.6
      vertex -60 -16 130
    endloop
  endfacet
  facet normal 0 -1 -0
    outer loop
      vertex -60 -16 130
      vertex -90 -16 117.6
      vertex -48 -16 130
    endloop
  endfacet
  facet normal 0 -1 -0
    outer loop
      vertex -48 -16 130
      vertex -90 -16 117.6
      vertex -33 -16 130
    endloop
  endfacet
  facet normal 0 -1 -0
    outer loop
      vertex -33 -16 130
      vertex -90 -16 117.6
      vertex -21 -16 130
    endloop
  endfacet
  facet normal 0 -1 -0
    outer loop
      vertex -21 -16 130
      vertex -90 -16 117.6
      vertex -6 -16 130
    endloop
  endfacet
  facet normal 0 -1 -0
    outer loop
      vertex -6 -16 130
      vertex -90 -16 117.6
      vertex 6 -16 130
    endloop
  endfacet
  facet normal 0 -1 0
    outer loop
      vertex 90 -16 117.6
      vertex 6 -16 130
      vertex -90 -16 117.6
    endloop
  endfacet
  facet normal 0 -1 0
    outer loop
      vertex 6 -16 130
      vertex 90 -16 117.6
      vertex 21 -16 130
    endloop
  endfacet
  facet normal 0 -1 0
    outer loop
      vertex 21 -16 130
      vertex 90 -16 117.6
      vertex 33 -16 130
    endloop
  endfacet
  facet normal 0 -1 0
    outer loop
      vertex 33 -16 130
      vertex 90 -16 117.6
      vertex 48 -16 130
    endloop
  endfacet
  facet normal 0 -1 0
    outer loop
      vertex 48 -16 130
      vertex 90 -16 117.6
      vertex 60 -16 130
    endloop
  endfacet
  facet normal 0 -1 0
    outer loop
      vertex 60 -16 130
      vertex 90 -16 117.6
      vertex 75 -16 130
    endloop
  endfacet
  facet normal 0 -1 0
    outer loop
      vertex 75 -16 130
      vertex 90 -16 117.6
      vertex 90 -16 130
    endloop
  endfacet
  facet normal 0 -1 0
    outer loop
      vertex -75 -16 130
      vertex -60 -16 140
      vertex -75 -16 140
    endloop
  endfacet
  facet normal 0 -1 -0
    outer loop
      vertex -60 -16 140
      vertex -75 -16 130
      vertex -60 -16 130
    endloop
  endfacet
  facet normal 0 -1 0
    outer loop
      vertex -48 -16 130
      vertex -33 -16 140
      vertex -48 -16 140
    endloop
  endfacet
  facet normal 0 -1 -0
    outer loop
      vertex -33 -16 140
      vertex -48 -16 130
      vertex -33 -16 130
    endloop
  endfacet
  facet normal 0 -1 0
    outer loop
      vertex -21 -16 130
      vertex -6 -16 140
      vertex -21 -16 140
    endloop
  endfacet
  facet normal 0 -1 -0
    outer loop
      vertex -6 -16 140
      vertex -21 -16 130
      vertex -6 -16 130
    endloop
  endfacet
  facet normal 0 -1 0
    outer loop
      vertex 6 -16 130
      vertex 21 -16 140
      vertex 6 -16 140
    endloop
  endfacet
  facet normal 0 -1 -0
    outer loop
      vertex 21 -16 140
      vertex 6 -16 130
      vertex 21 -16 130
    endloop
  endfacet
  facet normal 0 -1 0
    outer loop
      vertex 33 -16 130
      vertex 48 -16 140
      vertex 33 -16 140
    endloop
  endfacet
  facet normal 0 -1 -0
    outer loop
      vertex 48 -16 140
      vertex 33 -16 130
      vertex 48 -16 130
    endloop
  endfacet
  facet normal 0 -1 0
    outer loop
      vertex 60 -16 130
      vertex 75 -16 140
      vertex 60 -16 140
    endloop
  endfacet
  facet normal 0 -1 -0
    outer loop
      vertex 75 -16 140
      vertex 60 -16 130
      vertex 75 -16 130
    endloop
  endfacet
  facet normal 0 -1 0
    outer loop
      vertex -77.4 -16 0
      vertex -54.6 -16 12.4
      vertex -77.4 -16 12.4
    endloop
  endfacet
  facet normal 0 -1 -0
    outer loop
      vertex -54.6 -16 12.4
      vertex -77.4 -16 0
      vertex -54.6 -16 0
    endloop
  endfacet
  facet normal 0 -1 0
    outer loop
      vertex -53.4 -16 0
      vertex -30.6 -16 12.4
      vertex -53.4 -16 12.4
    endloop
  endfacet
  facet normal 0 -1 -0
    outer loop
      vertex -30.6 -16 12.4
      vertex -53.4 -16 0
      vertex -30.6 -16 0
    endloop
  endfacet
  facet normal 0 -1 0
    outer loop
      vertex -29.4 -16 0
      vertex -6.6 -16 12.4
      vertex -29.4 -16 12.4
    endloop
  endfacet
  facet normal 0 -1 -0
    outer loop
      vertex -6.6 -16 12.4
      vertex -29.4 -16 0
      vertex -6.6 -16 0
    endloop
  endfacet
  facet normal 0 -1 0
    outer loop
      vertex -5.4 -16 0
      vertex 17.4 -16 12.4
      vertex -5.4 -16 12.4
    endloop
  endfacet
  facet normal 0 -1 -0
    outer loop
      vertex 17.4 -16 12.4
      vertex -5.4 -16 0
      vertex 17.4 -16 0
    endloop
  endfacet
  facet normal 0 -1 0
    outer loop
      vertex 18.6 -16 0
      vertex 41.4 -16 12.4
      vertex 18.6 -16 12.4
    endloop
  endfacet
  facet normal 0 -1 -0
    outer loop
      vertex 41.4 -16 12.4
      vertex 18.6 -16 0
      vertex 41.4 -16 0
    endloop
  endfacet
  facet normal 0 -1 0
    outer loop
      vertex 42.6 -16 0
      vertex 65.4 -16 12.4
      vertex 42.6 -16 12.4
    endloop
  endfacet
  facet normal 0 -1 -0
    outer loop
      vertex 65.4 -16 12.4
      vertex 42.6 -16 0
      vertex 65.4 -16 0
    endloop
  endfacet
  facet normal 0 -1 0
    outer loop
      vertex -90 -16 26.6
      vertex -78.6 -16 38.4
      vertex -90 -16 38.4
    endloop
  endfacet
  facet normal 0 -1 -0
    outer loop
      vertex -78.6 -16 38.4
      vertex -90 -16 26.6
      vertex -78.6 -16 26.6
    endloop
  endfacet
  facet normal 0 -1 0
    outer loop
      vertex -90 -16 13.6
      vertex -66.6 -16 25.4
      vertex -90 -16 25.4
    endloop
  endfacet
  facet normal 0 -1 -0
    outer loop
      vertex -66.6 -16 25.4
      vertex -90 -16 13.6
      vertex -66.6 -16 13.6
    endloop
  endfacet
  facet normal 0 -1 0
    outer loop
      vertex 66.6 -16 26.6
      vertex 90 -16 38.4
      vertex 66.6 -16 38.4
    endloop
  endfacet
  facet normal 0 -1 -0
    outer loop
      vertex 90 -16 38.4
      vertex 66.6 -16 26.6
      vertex 90 -16 26.6
    endloop
  endfacet
  facet normal 0 -1 0
    outer loop
      vertex 78.6 -16 13.6
      vertex 90 -16 25.4
      vertex 78.6 -16 25.4
    endloop
  endfacet
  facet normal 0 -1 -0
    outer loop
      vertex 90 -16 25.4
      vertex 78.6 -16 13.6
      vertex 90 -16 13.6
    endloop
  endfacet
  facet normal 0 -1 0
    outer loop
      vertex -90 -16 39.6
      vertex -66.6 -16 51.4
      vertex -90 -16 51.4
    endloop
  endfacet
  facet normal 0 -1 -0
    outer loop
      vertex -66.6 -16 51.4
      vertex -90 -16 39.6
      vertex -66.6 -16 39.6
    endloop
  endfacet
  facet normal 0 -1 0
    outer loop
      vertex -90 -16 52.6
      vertex -78.6 -16 64.4
      vertex -90 -16 64.4
    endloop
  endfacet
  facet normal 0 -1 -0
    outer loop
      vertex -78.6 -16 64.4
      vertex -90 -16 52.6
      vertex -78.6 -16 52.6
    endloop
  endfacet
  facet normal 0 -1 0
    outer loop
      vertex 66.6 -16 52.6
      vertex 90 -16 64.4
      vertex 66.6 -16 64.4
    endloop
  endfacet
  facet normal 0 -1 -0
    outer loop
      vertex 90 -16 64.4
      vertex 66.6 -16 52.6
      vertex 90 -16 52.6
    endloop
  endfacet
  facet normal 0 -1 0
    outer loop
      vertex 78.6 -16 39.6
      vertex 90 -16 51.4
      vertex 78.6 -16 51.4
    endloop
  endfacet
  facet normal 0 -1 -0
    outer loop
      vertex 90 -16 51.4
      vertex 78.6 -16 39.6
      vertex 90 -16 39.6
    endloop
  endfacet
  facet normal 0 -1 0
    outer loop
      vertex -90 -16 65.6
      vertex -66.6 -16 77.4
      vertex -90 -16 77.4
    endloop
  endfacet
  facet normal 0 -1 -0
    outer loop
      vertex -66.6 -16 77.4
      vertex -90 -16 65.6
      vertex -66.6 -16 65.6
    endloop
  endfacet
  facet normal 0 -1 0
    outer loop
      vertex -90 -16 78.6
      vertex -78.6 -16 90.4
      vertex -90 -16 90.4
    endloop
  endfacet
  facet normal 0 -1 -0
    outer loop
      vertex -78.6 -16 90.4
      vertex -90 -16 78.6
      vertex -78.6 -16 78.6
    endloop
  endfacet
  facet normal 0 -1 0
    outer loop
      vertex 78.6 -16 65.6
      vertex 90 -16 77.4
      vertex 78.6 -16 77.4
    endloop
  endfacet
  facet normal 0 -1 -0
    outer loop
      vertex 90 -16 77.4
      vertex 78.6 -16 65.6
      vertex 90 -16 65.6
    endloop
  endfacet
  facet normal 0 -1 0
    outer loop
      vertex 66.6 -16 78.6
      vertex 90 -16 90.4
      vertex 66.6 -16 90.4
    endloop
  endfacet
  facet normal 0 -1 -0
    outer loop
      vertex 90 -16 90.4
      vertex 66.6 -16 78.6
      vertex 90 -16 78.6
    endloop
  endfacet
  facet normal 0 -1 0
    outer loop
      vertex -90 -16 91.6
      vertex -66.6 -16 103.4
      vertex -90 -16 103.4
    endloop
  endfacet
  facet normal 0 -1 -0
    outer loop
      vertex -66.6 -16 103.4
      vertex -90 -16 91.6
      vertex -66.6 -16 91.6
    endloop
  endfacet
  facet normal 0 -1 0
    outer loop
      vertex 78.6 -16 91.6
      vertex 90 -16 103.4
      vertex 78.6 -16 103.4
    endloop
  endfacet
  facet normal 0 -1 -0
    outer loop
      vertex 90 -16 103.4
      vertex 78.6 -16 91.6
      vertex 90 -16 91.6
    endloop
  endfacet
  facet normal 0 -1 0
    outer loop
      vertex -90 -16 104.6
      vertex -78.6 -16 116.4
      vertex -90 -16 116.4
    endloop
  endfacet
  facet normal 0 -1 -0
    outer loop
      vertex -78.6 -16 116.4
      vertex -90 -16 104.6
      vertex -78.6 -16 104.6
    endloop
  endfacet
  facet normal 0 -1 0
    outer loop
      vertex 66.6 -16 104.6
      vertex 90 -16 116.4
      vertex 66.6 -16 116.4
    endloop
  endfacet
  facet normal 0 -1 -0
    outer loop
      vertex 90 -16 116.4
      vertex 66.6 -16 104.6
      vertex 90 -16 104.6
    endloop
  endfacet
  facet normal 0 -1 0
    outer loop
      vertex -65.4 -16 13.6
      vertex -42.6 -16 25.4
      vertex -65.4 -16 25.4
    endloop
  endfacet
  facet normal 0 -1 -0
    outer loop
      vertex -42.6 -16 25.4
      vertex -65.4 -16 13.6
      vertex -42.6 -16 13.6
    endloop
  endfacet
  facet normal 0 -1 0
    outer loop
      vertex -41.4 -16 13.6
      vertex -18.6 -16 25.4
      vertex -41.4 -16 25.4
    endloop
  endfacet
  facet normal 0 -1 -0
    outer loop
      vertex -18.6 -16 25.4
      vertex -41.4 -16 13.6
      vertex -18.6 -16 13.6
    endloop
  endfacet
  facet normal 0 -1 0
    outer loop
      vertex -17.4 -16 13.6
      vertex 5.4 -16 25.4
      vertex -17.4 -16 25.4
    endloop
  endfacet
  facet normal 0 -1 -0
    outer loop
      vertex 5.4 -16 25.4
      vertex -17.4 -16 13.6
      vertex 5.4 -16 13.6
    endloop
  endfacet
  facet normal 0 -1 0
    outer loop
      vertex 6.6 -16 13.6
      vertex 29.4 -16 25.4
      vertex 6.6 -16 25.4
    endloop
  endfacet
  facet normal 0 -1 -0
    outer loop
      vertex 29.4 -16 25.4
      vertex 6.6 -16 13.6
      vertex 29.4 -16 13.6
    endloop
  endfacet
  facet normal 0 -1 0
    outer loop
      vertex 30.6 -16 13.6
      vertex 53.4 -16 25.4
      vertex 30.6 -16 25.4
    endloop
  endfacet
  facet normal 0 -1 -0
    outer loop
      vertex 53.4 -16 25.4
      vertex 30.6 -16 13.6
      vertex 53.4 -16 13.6
    endloop
  endfacet
  facet normal 0 -1 0
    outer loop
      vertex 54.6 -16 13.6
      vertex 77.4 -16 25.4
      vertex 54.6 -16 25.4
    endloop
  endfacet
  facet normal 0 -1 -0
    outer loop
      vertex 77.4 -16 25.4
      vertex 54.6 -16 13.6
      vertex 77.4 -16 13.6
    endloop
  endfacet
  facet normal 0 -1 0
    outer loop
      vertex -77.4 -16 26.6
      vertex -54.6 -16 38.4
      vertex -77.4 -16 38.4
    endloop
  endfacet
  facet normal 0 -1 -0
    outer loop
      vertex -54.6 -16 38.4
      vertex -77.4 -16 26.6
      vertex -54.6 -16 26.6
    endloop
  endfacet
  facet normal 0 -1 0
    outer loop
      vertex -77.4 -16 52.6
      vertex -54.6 -16 64.4
      vertex -77.4 -16 64.4
    endloop
  endfacet
  facet normal 0 -1 -0
    outer loop
      vertex -54.6 -16 64.4
      vertex -77.4 -16 52.6
      vertex -54.6 -16 52.6
    endloop
  endfacet
  facet normal 0 -1 0
    outer loop
      vertex -65.4 -16 39.6
      vertex -42.6 -16 51.4
      vertex -65.4 -16 51.4
    endloop
  endfacet
  facet normal 0 -1 -0
    outer loop
      vertex -42.6 -16 51.4
      vertex -65.4 -16 39.6
      vertex -42.6 -16 39.6
    endloop
  endfacet
  facet normal 0 -1 0
    outer loop
      vertex -53.4 -16 26.6
      vertex -30.6 -16 38.4
      vertex -53.4 -16 38.4
    endloop
  endfacet
  facet normal 0 -1 -0
    outer loop
      vertex -30.6 -16 38.4
      vertex -53.4 -16 26.6
      vertex -30.6 -16 26.6
    endloop
  endfacet
  facet normal 0 -1 0
    outer loop
      vertex -53.4 -16 52.6
      vertex -30.6 -16 64.4
      vertex -53.4 -16 64.4
    endloop
  endfacet
  facet normal 0 -1 -0
    outer loop
      vertex -30.6 -16 64.4
      vertex -53.4 -16 52.6
      vertex -30.6 -16 52.6
    endloop
  endfacet
  facet normal 0 -1 0
    outer loop
      vertex -41.4 -16 39.6
      vertex -18.6 -16 51.4
      vertex -41.4 -16 51.4
    endloop
  endfacet
  facet normal 0 -1 -0
    outer loop
      vertex -18.6 -16 51.4
      vertex -41.4 -16 39.6
      vertex -18.6 -16 39.6
    endloop
  endfacet
  facet normal 0 -1 0
    outer loop
      vertex -29.4 -16 26.6
      vertex -6.6 -16 38.4
      vertex -29.4 -16 38.4
    endloop
  endfacet
  facet normal 0 -1 -0
    outer loop
      vertex -6.6 -16 38.4
      vertex -29.4 -16 26.6
      vertex -6.6 -16 26.6
    endloop
  endfacet
  facet normal 0 -1 0
    outer loop
      vertex -29.4 -16 52.6
      vertex -6.6 -16 64.4
      vertex -29.4 -16 64.4
    endloop
  endfacet
  facet normal 0 -1 -0
    outer loop
      vertex -6.6 -16 64.4
      vertex -29.4 -16 52.6
      vertex -6.6 -16 52.6
    endloop
  endfacet
  facet normal 0 -1 0
    outer loop
      vertex -17.4 -16 39.6
      vertex 5.4 -16 51.4
      vertex -17.4 -16 51.4
    endloop
  endfacet
  facet normal 0 -1 -0
    outer loop
      vertex 5.4 -16 51.4
      vertex -17.4 -16 39.6
      vertex 5.4 -16 39.6
    endloop
  endfacet
  facet normal 0 -1 0
    outer loop
      vertex -5.4 -16 26.6
      vertex 17.4 -16 38.4
      vertex -5.4 -16 38.4
    endloop
  endfacet
  facet normal 0 -1 -0
    outer loop
      vertex 17.4 -16 38.4
      vertex -5.4 -16 26.6
      vertex 17.4 -16 26.6
    endloop
  endfacet
  facet normal 0 -1 0
    outer loop
      vertex -5.4 -16 52.6
      vertex 17.4 -16 64.4
      vertex -5.4 -16 64.4
    endloop
  endfacet
  facet normal 0 -1 -0
    outer loop
      vertex 17.4 -16 64.4
      vertex -5.4 -16 52.6
      vertex 17.4 -16 52.6
    endloop
  endfacet
  facet normal 0 -1 0
    outer loop
      vertex 6.6 -16 39.6
      vertex 29.4 -16 51.4
      vertex 6.6 -16 51.4
    endloop
  endfacet
  facet normal 0 -1 -0
    outer loop
      vertex 29.4 -16 51.4
      vertex 6.6 -16 39.6
      vertex 29.4 -16 39.6
    endloop
  endfacet
  facet normal 0 -1 0
    outer loop
      vertex 18.6 -16 26.6
      vertex 41.4 -16 38.4
      vertex 18.6 -16 38.4
    endloop
  endfacet
  facet normal 0 -1 -0
    outer loop
      vertex 41.4 -16 38.4
      vertex 18.6 -16 26.6
      vertex 41.4 -16 26.6
    endloop
  endfacet
  facet normal 0 -1 0
    outer loop
      vertex 18.6 -16 52.6
      vertex 41.4 -16 64.4
      vertex 18.6 -16 64.4
    endloop
  endfacet
  facet normal 0 -1 -0
    outer loop
      vertex 41.4 -16 64.4
      vertex 18.6 -16 52.6
      vertex 41.4 -16 52.6
    endloop
  endfacet
  facet normal 0 -1 0
    outer loop
      vertex 30.6 -16 39.6
      vertex 53.4 -16 51.4
      vertex 30.6 -16 51.4
    endloop
  endfacet
  facet normal 0 -1 -0
    outer loop
      vertex 53.4 -16 51.4
      vertex 30.6 -16 39.6
      vertex 53.4 -16 39.6
    endloop
  endfacet
  facet normal 0 -1 0
    outer loop
      vertex 42.6 -16 26.6
      vertex 65.4 -16 38.4
      vertex 42.6 -16 38.4
    endloop
  endfacet
  facet normal 0 -1 -0
    outer loop
      vertex 65.4 -16 38.4
      vertex 42.6 -16 26.6
      vertex 65.4 -16 26.6
    endloop
  endfacet
  facet normal 0 -1 0
    outer loop
      vertex 42.6 -16 52.6
      vertex 65.4 -16 64.4
      vertex 42.6 -16 64.4
    endloop
  endfacet
  facet normal 0 -1 -0
    outer loop
      vertex 65.4 -16 64.4
      vertex 42.6 -16 52.6
      vertex 65.4 -16 52.6
    endloop
  endfacet
  facet normal 0 -1 0
    outer loop
      vertex 54.6 -16 39.6
      vertex 77.4 -16 51.4
      vertex 54.6 -16 51.4
    endloop
  endfacet
  facet normal 0 -1 -0
    outer loop
      vertex 77.4 -16 51.4
      vertex 54.6 -16 39.6
      vertex 77.4 -16 39.6
    endloop
  endfacet
  facet normal 0 -1 0
    outer loop
      vertex -77.4 -16 78.6
      vertex -54.6 -16 90.4
      vertex -77.4 -16 90.4
    endloop
  endfacet
  facet normal 0 -1 -0
    outer loop
      vertex -54.6 -16 90.4
      vertex -77.4 -16 78.6
      vertex -54.6 -16 78.6
    endloop
  endfacet
  facet normal 0 -1 0
    outer loop
      vertex -65.4 -16 77.4
      vertex -51 -16 76
      vertex -51 -16 77.4
    endloop
  endfacet
  facet normal 0 -1 0
    outer loop
      vertex -51 -16 76
      vertex -47 -16 68
      vertex -47 -16 76
    endloop
  endfacet
  facet normal 0 -1 0
    outer loop
      vertex -65.4 -16 65.6
      vertex -51 -16 76
      vertex -65.4 -16 77.4
    endloop
  endfacet
  facet normal 0 -1 0
    outer loop
      vertex -42.6 -16 65.6
      vertex -47 -16 68
      vertex -65.4 -16 65.6
    endloop
  endfacet
  facet normal 0 -1 -0
    outer loop
      vertex -51 -16 76
      vertex -65.4 -16 65.6
      vertex -47 -16 68
    endloop
  endfacet
  facet normal 0 -1 0
    outer loop
      vertex -43 -16 68
      vertex -42.6 -16 76
      vertex -43 -16 76
    endloop
  endfacet
  facet normal 0 -1 0
    outer loop
      vertex -43 -16 68
      vertex -42.6 -16 65.6
      vertex -42.6 -16 76
    endloop
  endfacet
  facet normal 0 -1 0
    outer loop
      vertex -47 -16 68
      vertex -42.6 -16 65.6
      vertex -43 -16 68
    endloop
  endfacet
  facet normal 0 -1 0
    outer loop
      vertex -43 -16 88
      vertex -53.4 -16 90.4
      vertex -47 -16 88
    endloop
  endfacet
  facet normal 0 -1 0
    outer loop
      vertex -53.4 -16 90.4
      vertex -51 -16 80
      vertex -47 -16 88
    endloop
  endfacet
  facet normal 0 -1 0
    outer loop
      vertex -53.4 -16 78.6
      vertex -51 -16 80
      vertex -53.4 -16 90.4
    endloop
  endfacet
  facet normal 0 -1 -0
    outer loop
      vertex -51 -16 80
      vertex -53.4 -16 78.6
      vertex -51 -16 78.6
    endloop
  endfacet
  facet normal 0 -1 0
    outer loop
      vertex -53.4 -16 90.4
      vertex -43 -16 88
      vertex -30.6 -16 90.4
    endloop
  endfacet
  facet normal 0 -1 0
    outer loop
      vertex -39 -16 80
      vertex -43 -16 88
      vertex -43 -16 80
    endloop
  endfacet
  facet normal 0 -1 0
    outer loop
      vertex -43 -16 88
      vertex -39 -16 80
      vertex -30.6 -16 90.4
    endloop
  endfacet
  facet normal 0 -1 0
    outer loop
      vertex -30.6 -16 78.6
      vertex -39 -16 80
      vertex -39 -16 78.6
    endloop
  endfacet
  facet normal 0 -1 0
    outer loop
      vertex -39 -16 80
      vertex -30.6 -16 78.6
      vertex -30.6 -16 90.4
    endloop
  endfacet
  facet normal 0 -1 -0
    outer loop
      vertex -47 -16 88
      vertex -51 -16 80
      vertex -47 -16 80
    endloop
  endfacet
  facet normal 0 -1 0
    outer loop
      vertex -41.4 -16 76
      vertex -41.4 -16 65.6
      vertex -39 -16 76
    endloop
  endfacet
  facet normal 0 -1 0
    outer loop
      vertex -39 -16 76
      vertex -18.6 -16 77.4
      vertex -39 -16 77.4
    endloop
  endfacet
  facet normal 0 -1 0
    outer loop
      vertex -18.6 -16 65.6
      vertex -39 -16 76
      vertex -41.4 -16 65.6
    endloop
  endfacet
  facet normal 0 -1 0
    outer loop
      vertex -39 -16 76
      vertex -18.6 -16 65.6
      vertex -18.6 -16 77.4
    endloop
  endfacet
  facet normal 0 -1 0
    outer loop
      vertex -29.4 -16 78.6
      vertex -6.6 -16 90.4
      vertex -29.4 -16 90.4
    endloop
  endfacet
  facet normal 0 -1 -0
    outer loop
      vertex -6.6 -16 90.4
      vertex -29.4 -16 78.6
      vertex -6.6 -16 78.6
    endloop
  endfacet
  facet normal 0 -1 0
    outer loop
      vertex -17.4 -16 65.6
      vertex 5.4 -16 77.4
      vertex -17.4 -16 77.4
    endloop
  endfacet
  facet normal 0 -1 -0
    outer loop
      vertex 5.4 -16 77.4
      vertex -17.4 -16 65.6
      vertex 5.4 -16 65.6
    endloop
  endfacet
  facet normal 0 -1 0
    outer loop
      vertex -5.4 -16 78.6
      vertex 17.4 -16 90.4
      vertex -5.4 -16 90.4
    endloop
  endfacet
  facet normal 0 -1 -0
    outer loop
      vertex 17.4 -16 90.4
      vertex -5.4 -16 78.6
      vertex 17.4 -16 78.6
    endloop
  endfacet
  facet normal 0 -1 0
    outer loop
      vertex 6.6 -16 65.6
      vertex 29.4 -16 77.4
      vertex 6.6 -16 77.4
    endloop
  endfacet
  facet normal 0 -1 -0
    outer loop
      vertex 29.4 -16 77.4
      vertex 6.6 -16 65.6
      vertex 29.4 -16 65.6
    endloop
  endfacet
  facet normal 0 -1 0
    outer loop
      vertex 18.6 -16 90.4
      vertex 39 -16 80
      vertex 41.4 -16 90.4
    endloop
  endfacet
  facet normal 0 -1 0
    outer loop
      vertex 18.6 -16 78.6
      vertex 39 -16 80
      vertex 18.6 -16 90.4
    endloop
  endfacet
  facet normal 0 -1 -0
    outer loop
      vertex 39 -16 80
      vertex 18.6 -16 78.6
      vertex 39 -16 78.6
    endloop
  endfacet
  facet normal 0 -1 -0
    outer loop
      vertex 41.4 -16 90.4
      vertex 39 -16 80
      vertex 41.4 -16 80
    endloop
  endfacet
  facet normal 0 -1 0
    outer loop
      vertex 30.6 -16 77.4
      vertex 39 -16 76
      vertex 39 -16 77.4
    endloop
  endfacet
  facet normal 0 -1 0
    outer loop
      vertex 39 -16 76
      vertex 43 -16 68
      vertex 43 -16 76
    endloop
  endfacet
  facet normal 0 -1 0
    outer loop
      vertex 30.6 -16 65.6
      vertex 39 -16 76
      vertex 30.6 -16 77.4
    endloop
  endfacet
  facet normal 0 -1 0
    outer loop
      vertex 53.4 -16 65.6
      vertex 43 -16 68
      vertex 30.6 -16 65.6
    endloop
  endfacet
  facet normal 0 -1 -0
    outer loop
      vertex 39 -16 76
      vertex 30.6 -16 65.6
      vertex 43 -16 68
    endloop
  endfacet
  facet normal 0 -1 0
    outer loop
      vertex 47 -16 76
      vertex 47 -16 68
      vertex 51 -16 76
    endloop
  endfacet
  facet normal 0 -1 0
    outer loop
      vertex 51 -16 76
      vertex 53.4 -16 77.4
      vertex 51 -16 77.4
    endloop
  endfacet
  facet normal 0 -1 0
    outer loop
      vertex 53.4 -16 65.6
      vertex 51 -16 76
      vertex 47 -16 68
    endloop
  endfacet
  facet normal 0 -1 0
    outer loop
      vertex 51 -16 76
      vertex 53.4 -16 65.6
      vertex 53.4 -16 77.4
    endloop
  endfacet
  facet normal 0 -1 0
    outer loop
      vertex 43 -16 68
      vertex 53.4 -16 65.6
      vertex 47 -16 68
    endloop
  endfacet
  facet normal 0 -1 0
    outer loop
      vertex 54.6 -16 65.6
      vertex 77.4 -16 77.4
      vertex 54.6 -16 77.4
    endloop
  endfacet
  facet normal 0 -1 -0
    outer loop
      vertex 77.4 -16 77.4
      vertex 54.6 -16 65.6
      vertex 77.4 -16 65.6
    endloop
  endfacet
  facet normal 0 -1 0
    outer loop
      vertex 47 -16 88
      vertex 42.6 -16 90.4
      vertex 43 -16 88
    endloop
  endfacet
  facet normal 0 -1 0
    outer loop
      vertex 42.6 -16 80
      vertex 43 -16 88
      vertex 42.6 -16 90.4
    endloop
  endfacet
  facet normal 0 -1 -0
    outer loop
      vertex 43 -16 88
      vertex 42.6 -16 80
      vertex 43 -16 80
    endloop
  endfacet
  facet normal 0 -1 0
    outer loop
      vertex 42.6 -16 90.4
      vertex 47 -16 88
      vertex 65.4 -16 90.4
    endloop
  endfacet
  facet normal 0 -1 0
    outer loop
      vertex 51 -16 80
      vertex 47 -16 88
      vertex 47 -16 80
    endloop
  endfacet
  facet normal 0 -1 0
    outer loop
      vertex 47 -16 88
      vertex 51 -16 80
      vertex 65.4 -16 90.4
    endloop
  endfacet
  facet normal 0 -1 0
    outer loop
      vertex 65.4 -16 78.6
      vertex 51 -16 80
      vertex 51 -16 78.6
    endloop
  endfacet
  facet normal 0 -1 0
    outer loop
      vertex 51 -16 80
      vertex 65.4 -16 78.6
      vertex 65.4 -16 90.4
    endloop
  endfacet
  facet normal 0 -1 0
    outer loop
      vertex -65.4 -16 91.6
      vertex -42.6 -16 103.4
      vertex -65.4 -16 103.4
    endloop
  endfacet
  facet normal 0 -1 -0
    outer loop
      vertex -42.6 -16 103.4
      vertex -65.4 -16 91.6
      vertex -42.6 -16 91.6
    endloop
  endfacet
  facet normal 0 -1 0
    outer loop
      vertex -41.4 -16 91.6
      vertex -18.6 -16 103.4
      vertex -41.4 -16 103.4
    endloop
  endfacet
  facet normal 0 -1 -0
    outer loop
      vertex -18.6 -16 103.4
      vertex -41.4 -16 91.6
      vertex -18.6 -16 91.6
    endloop
  endfacet
  facet normal 0 -1 0
    outer loop
      vertex -17.4 -16 91.6
      vertex 5.4 -16 103.4
      vertex -17.4 -16 103.4
    endloop
  endfacet
  facet normal 0 -1 -0
    outer loop
      vertex 5.4 -16 103.4
      vertex -17.4 -16 91.6
      vertex 5.4 -16 91.6
    endloop
  endfacet
  facet normal 0 -1 0
    outer loop
      vertex 6.6 -16 91.6
      vertex 29.4 -16 103.4
      vertex 6.6 -16 103.4
    endloop
  endfacet
  facet normal 0 -1 -0
    outer loop
      vertex 29.4 -16 103.4
      vertex 6.6 -16 91.6
      vertex 29.4 -16 91.6
    endloop
  endfacet
  facet normal 0 -1 0
    outer loop
      vertex 30.6 -16 91.6
      vertex 53.4 -16 103.4
      vertex 30.6 -16 103.4
    endloop
  endfacet
  facet normal 0 -1 -0
    outer loop
      vertex 53.4 -16 103.4
      vertex 30.6 -16 91.6
      vertex 53.4 -16 91.6
    endloop
  endfacet
  facet normal 0 -1 0
    outer loop
      vertex 54.6 -16 91.6
      vertex 77.4 -16 103.4
      vertex 54.6 -16 103.4
    endloop
  endfacet
  facet normal 0 -1 -0
    outer loop
      vertex 77.4 -16 103.4
      vertex 54.6 -16 91.6
      vertex 77.4 -16 91.6
    endloop
  endfacet
  facet normal 0 -1 0
    outer loop
      vertex -77.4 -16 104.6
      vertex -54.6 -16 116.4
      vertex -77.4 -16 116.4
    endloop
  endfacet
  facet normal 0 -1 -0
    outer loop
      vertex -54.6 -16 116.4
      vertex -77.4 -16 104.6
      vertex -54.6 -16 104.6
    endloop
  endfacet
  facet normal 0 -1 0
    outer loop
      vertex -53.4 -16 104.6
      vertex -30.6 -16 116.4
      vertex -53.4 -16 116.4
    endloop
  endfacet
  facet normal 0 -1 -0
    outer loop
      vertex -30.6 -16 116.4
      vertex -53.4 -16 104.6
      vertex -30.6 -16 104.6
    endloop
  endfacet
  facet normal 0 -1 0
    outer loop
      vertex -29.4 -16 104.6
      vertex -6.6 -16 116.4
      vertex -29.4 -16 116.4
    endloop
  endfacet
  facet normal 0 -1 -0
    outer loop
      vertex -6.6 -16 116.4
      vertex -29.4 -16 104.6
      vertex -6.6 -16 104.6
    endloop
  endfacet
  facet normal 0 -1 0
    outer loop
      vertex -5.4 -16 104.6
      vertex 17.4 -16 116.4
      vertex -5.4 -16 116.4
    endloop
  endfacet
  facet normal 0 -1 -0
    outer loop
      vertex 17.4 -16 116.4
      vertex -5.4 -16 104.6
      vertex 17.4 -16 104.6
    endloop
  endfacet
  facet normal 0 -1 0
    outer loop
      vertex 18.6 -16 104.6
      vertex 41.4 -16 116.4
      vertex 18.6 -16 116.4
    endloop
  endfacet
  facet normal 0 -1 -0
    outer loop
      vertex 41.4 -16 116.4
      vertex 18.6 -16 104.6
      vertex 41.4 -16 104.6
    endloop
  endfacet
  facet normal 0 -1 0
    outer loop
      vertex 42.6 -16 104.6
      vertex 65.4 -16 116.4
      vertex 42.6 -16 116.4
    endloop
  endfacet
  facet normal 0 -1 -0
    outer loop
      vertex 65.4 -16 116.4
      vertex 42.6 -16 104.6
      vertex 65.4 -16 104.6
    endloop
  endfacet
  facet normal -0 0 1
    outer loop
      vertex 75 16 130
      vertex 90 11 130
      vertex 90 16 130
    endloop
  endfacet
  facet normal 0 0 1
    outer loop
      vertex 90 11 130
      vertex 75 16 130
      vertex 75 11 130
    endloop
  endfacet
  facet normal -0 0 1
    outer loop
      vertex -90 16 130
      vertex -75 11 130
      vertex -75 16 130
    endloop
  endfacet
  facet normal 0 0 1
    outer loop
      vertex -75 11 130
      vertex -90 16 130
      vertex -90 11 130
    endloop
  endfacet
  facet normal -0 0 1
    outer loop
      vertex -60 16 130
      vertex -48 11 130
      vertex -48 16 130
    endloop
  endfacet
  facet normal 0 0 1
    outer loop
      vertex -48 11 130
      vertex -60 16 130
      vertex -60 11 130
    endloop
  endfacet
  facet normal -0 0 1
    outer loop
      vertex -33 16 130
      vertex -21 11 130
      vertex -21 16 130
    endloop
  endfacet
  facet normal 0 0 1
    outer loop
      vertex -21 11 130
      vertex -33 16 130
      vertex -33 11 130
    endloop
  endfacet
  facet normal -0 0 1
    outer loop
      vertex -6 16 130
      vertex 6 11 130
      vertex 6 16 130
    endloop
  endfacet
  facet normal 0 0 1
    outer loop
      vertex 6 11 130
      vertex -6 16 130
      vertex -6 11 130
    endloop
  endfacet
  facet normal -0 0 1
    outer loop
      vertex 21 16 130
      vertex 33 11 130
      vertex 33 16 130
    endloop
  endfacet
  facet normal 0 0 1
    outer loop
      vertex 33 11 130
      vertex 21 16 130
      vertex 21 11 130
    endloop
  endfacet
  facet normal -0 0 1
    outer loop
      vertex 48 16 130
      vertex 60 11 130
      vertex 60 16 130
    endloop
  endfacet
  facet normal 0 0 1
    outer loop
      vertex 60 11 130
      vertex 48 16 130
      vertex 48 11 130
    endloop
  endfacet
  facet normal 0 1 -0
    outer loop
      vertex 90 16 0
      vertex 66.6 16 12.4
      vertex 90 16 12.4
    endloop
  endfacet
  facet normal 0 1 0
    outer loop
      vertex 66.6 16 12.4
      vertex 90 16 0
      vertex 66.6 16 0
    endloop
  endfacet
  facet normal 0 1 -0
    outer loop
      vertex -78.6 16 0
      vertex -90 16 12.4
      vertex -78.6 16 12.4
    endloop
  endfacet
  facet normal 0 1 0
    outer loop
      vertex -90 16 12.4
      vertex -78.6 16 0
      vertex -90 16 0
    endloop
  endfacet
  facet normal 0 1 -0
    outer loop
      vertex 90 16 117.6
      vertex 75 16 130
      vertex 90 16 130
    endloop
  endfacet
  facet normal 0 1 0
    outer loop
      vertex 75 16 130
      vertex 90 16 117.6
      vertex 60 16 130
    endloop
  endfacet
  facet normal 0 1 0
    outer loop
      vertex 60 16 130
      vertex 90 16 117.6
      vertex 48 16 130
    endloop
  endfacet
  facet normal 0 1 0
    outer loop
      vertex 48 16 130
      vertex 90 16 117.6
      vertex 33 16 130
    endloop
  endfacet
  facet normal 0 1 0
    outer loop
      vertex 33 16 130
      vertex 90 16 117.6
      vertex 21 16 130
    endloop
  endfacet
  facet normal 0 1 0
    outer loop
      vertex 21 16 130
      vertex 90 16 117.6
      vertex 6 16 130
    endloop
  endfacet
  facet normal 0 1 0
    outer loop
      vertex 6 16 130
      vertex 90 16 117.6
      vertex -6 16 130
    endloop
  endfacet
  facet normal 0 1 0
    outer loop
      vertex -90 16 117.6
      vertex -6 16 130
      vertex 90 16 117.6
    endloop
  endfacet
  facet normal 0 1 0
    outer loop
      vertex -6 16 130
      vertex -90 16 117.6
      vertex -21 16 130
    endloop
  endfacet
  facet normal 0 1 0
    outer loop
      vertex -21 16 130
      vertex -90 16 117.6
      vertex -33 16 130
    endloop
  endfacet
  facet normal 0 1 0
    outer loop
      vertex -33 16 130
      vertex -90 16 117.6
      vertex -48 16 130
    endloop
  endfacet
  facet normal 0 1 0
    outer loop
      vertex -48 16 130
      vertex -90 16 117.6
      vertex -60 16 130
    endloop
  endfacet
  facet normal 0 1 0
    outer loop
      vertex -60 16 130
      vertex -90 16 117.6
      vertex -75 16 130
    endloop
  endfacet
  facet normal 0 1 0
    outer loop
      vertex -75 16 130
      vertex -90 16 117.6
      vertex -90 16 130
    endloop
  endfacet
  facet normal 0 1 -0
    outer loop
      vertex 75 16 130
      vertex 60 16 140
      vertex 75 16 140
    endloop
  endfacet
  facet normal 0 1 0
    outer loop
      vertex 60 16 140
      vertex 75 16 130
      vertex 60 16 130
    endloop
  endfacet
  facet normal 0 1 -0
    outer loop
      vertex 48 16 130
      vertex 33 16 140
      vertex 48 16 140
    endloop
  endfacet
  facet normal 0 1 0
    outer loop
      vertex 33 16 140
      vertex 48 16 130
      vertex 33 16 130
    endloop
  endfacet
  facet normal 0 1 -0
    outer loop
      vertex 21 16 130
      vertex 6 16 140
      vertex 21 16 140
    endloop
  endfacet
  facet normal 0 1 0
    outer loop
      vertex 6 16 140
      vertex 21 16 130
      vertex 6 16 130
    endloop
  endfacet
  facet normal 0 1 -0
    outer loop
      vertex -6 16 130
      vertex -21 16 140
      vertex -6 16 140
    endloop
  endfacet
  facet normal 0 1 0
    outer loop
      vertex -21 16 140
      vertex -6 16 130
      vertex -21 16 130
    endloop
  endfacet
  facet normal 0 1 -0
    outer loop
      vertex -33 16 130
      vertex -48 16 140
      vertex -33 16 140
    endloop
  endfacet
  facet normal 0 1 0
    outer loop
      vertex -48 16 140
      vertex -33 16 130
      vertex -48 16 130
    endloop
  endfacet
  facet normal 0 1 -0
    outer loop
      vertex -60 16 130
      vertex -75 16 140
      vertex -60 16 140
    endloop
  endfacet
  facet normal 0 1 0
    outer loop
      vertex -75 16 140
      vertex -60 16 130
      vertex -75 16 130
    endloop
  endfacet
  facet normal 0 1 -0
    outer loop
      vertex -54.6 16 0
      vertex -77.4 16 12.4
      vertex -54.6 16 12.4
    endloop
  endfacet
  facet normal 0 1 0
    outer loop
      vertex -77.4 16 12.4
      vertex -54.6 16 0
      vertex -77.4 16 0
    endloop
  endfacet
  facet normal 0 1 -0
    outer loop
      vertex -30.6 16 0
      vertex -53.4 16 12.4
      vertex -30.6 16 12.4
    endloop
  endfacet
  facet normal 0 1 0
    outer loop
      vertex -53.4 16 12.4
      vertex -30.6 16 0
      vertex -53.4 16 0
    endloop
  endfacet
  facet normal 0 1 -0
    outer loop
      vertex -6.6 16 0
      vertex -29.4 16 12.4
      vertex -6.6 16 12.4
    endloop
  endfacet
  facet normal 0 1 0
    outer loop
      vertex -29.4 16 12.4
      vertex -6.6 16 0
      vertex -29.4 16 0
    endloop
  endfacet
  facet normal 0 1 -0
    outer loop
      vertex 17.4 16 0
      vertex -5.4 16 12.4
      vertex 17.4 16 12.4
    endloop
  endfacet
  facet normal 0 1 0
    outer loop
      vertex -5.4 16 12.4
      vertex 17.4 16 0
      vertex -5.4 16 0
    endloop
  endfacet
  facet normal 0 1 -0
    outer loop
      vertex 41.4 16 0
      vertex 18.6 16 12.4
      vertex 41.4 16 12.4
    endloop
  endfacet
  facet normal 0 1 0
    outer loop
      vertex 18.6 16 12.4
      vertex 41.4 16 0
      vertex 18.6 16 0
    endloop
  endfacet
  facet normal 0 1 -0
    outer loop
      vertex 65.4 16 0
      vertex 42.6 16 12.4
      vertex 65.4 16 12.4
    endloop
  endfacet
  facet normal 0 1 0
    outer loop
      vertex 42.6 16 12.4
      vertex 65.4 16 0
      vertex 42.6 16 0
    endloop
  endfacet
  facet normal 0 1 -0
    outer loop
      vertex -66.6 16 13.6
      vertex -90 16 25.4
      vertex -66.6 16 25.4
    endloop
  endfacet
  facet normal 0 1 0
    outer loop
      vertex -90 16 25.4
      vertex -66.6 16 13.6
      vertex -90 16 13.6
    endloop
  endfacet
  facet normal 0 1 -0
    outer loop
      vertex -78.6 16 26.6
      vertex -90 16 38.4
      vertex -78.6 16 38.4
    endloop
  endfacet
  facet normal 0 1 0
    outer loop
      vertex -90 16 38.4
      vertex -78.6 16 26.6
      vertex -90 16 26.6
    endloop
  endfacet
  facet normal 0 1 -0
    outer loop
      vertex 90 16 26.6
      vertex 66.6 16 38.4
      vertex 90 16 38.4
    endloop
  endfacet
  facet normal 0 1 0
    outer loop
      vertex 66.6 16 38.4
      vertex 90 16 26.6
      vertex 66.6 16 26.6
    endloop
  endfacet
  facet normal 0 1 -0
    outer loop
      vertex 90 16 13.6
      vertex 78.6 16 25.4
      vertex 90 16 25.4
    endloop
  endfacet
  facet normal 0 1 0
    outer loop
      vertex 78.6 16 25.4
      vertex 90 16 13.6
      vertex 78.6 16 13.6
    endloop
  endfacet
  facet normal 0 1 -0
    outer loop
      vertex -78.6 16 52.6
      vertex -90 16 64.4
      vertex -78.6 16 64.4
    endloop
  endfacet
  facet normal 0 1 0
    outer loop
      vertex -90 16 64.4
      vertex -78.6 16 52.6
      vertex -90 16 52.6
    endloop
  endfacet
  facet normal 0 1 -0
    outer loop
      vertex -66.6 16 39.6
      vertex -90 16 51.4
      vertex -66.6 16 51.4
    endloop
  endfacet
  facet normal 0 1 0
    outer loop
      vertex -90 16 51.4
      vertex -66.6 16 39.6
      vertex -90 16 39.6
    endloop
  endfacet
  facet normal 0 1 -0
    outer loop
      vertex 90 16 39.6
      vertex 78.6 16 51.4
      vertex 90 16 51.4
    endloop
  endfacet
  facet normal 0 1 0
    outer loop
      vertex 78.6 16 51.4
      vertex 90 16 39.6
      vertex 78.6 16 39.6
    endloop
  endfacet
  facet normal 0 1 -0
    outer loop
      vertex 90 16 52.6
      vertex 66.6 16 64.4
      vertex 90 16 64.4
    endloop
  endfacet
  facet normal 0 1 0
    outer loop
      vertex 66.6 16 64.4
      vertex 90 16 52.6
      vertex 66.6 16 52.6
    endloop
  endfacet
  facet normal 0 1 -0
    outer loop
      vertex -66.6 16 65.6
      vertex -90 16 77.4
      vertex -66.6 16 77.4
    endloop
  endfacet
  facet normal 0 1 0
    outer loop
      vertex -90 16 77.4
      vertex -66.6 16 65.6
      vertex -90 16 65.6
    endloop
  endfacet
  facet normal 0 1 -0
    outer loop
      vertex -78.6 16 78.6
      vertex -90 16 90.4
      vertex -78.6 16 90.4
    endloop
  endfacet
  facet normal 0 1 0
    outer loop
      vertex -90 16 90.4
      vertex -78.6 16 78.6
      vertex -90 16 78.6
    endloop
  endfacet
  facet normal 0 1 -0
    outer loop
      vertex 90 16 65.6
      vertex 78.6 16 77.4
      vertex 90 16 77.4
    endloop
  endfacet
  facet normal 0 1 0
    outer loop
      vertex 78.6 16 77.4
      vertex 90 16 65.6
      vertex 78.6 16 65.6
    endloop
  endfacet
  facet normal 0 1 -0
    outer loop
      vertex 90 16 78.6
      vertex 66.6 16 90.4
      vertex 90 16 90.4
    endloop
  endfacet
  facet normal 0 1 0
    outer loop
      vertex 66.6 16 90.4
      vertex 90 16 78.6
      vertex 66.6 16 78.6
    endloop
  endfacet
  facet normal 0 1 -0
    outer loop
      vertex -66.6 16 91.6
      vertex -90 16 103.4
      vertex -66.6 16 103.4
    endloop
  endfacet
  facet normal 0 1 0
    outer loop
      vertex -90 16 103.4
      vertex -66.6 16 91.6
      vertex -90 16 91.6
    endloop
  endfacet
  facet normal 0 1 -0
    outer loop
      vertex 90 16 91.6
      vertex 78.6 16 103.4
      vertex 90 16 103.4
    endloop
  endfacet
  facet normal 0 1 0
    outer loop
      vertex 78.6 16 103.4
      vertex 90 16 91.6
      vertex 78.6 16 91.6
    endloop
  endfacet
  facet normal 0 1 -0
    outer loop
      vertex -78.6 16 104.6
      vertex -90 16 116.4
      vertex -78.6 16 116.4
    endloop
  endfacet
  facet normal 0 1 0
    outer loop
      vertex -90 16 116.4
      vertex -78.6 16 104.6
      vertex -90 16 104.6
    endloop
  endfacet
  facet normal 0 1 -0
    outer loop
      vertex 90 16 104.6
      vertex 66.6 16 116.4
      vertex 90 16 116.4
    endloop
  endfacet
  facet normal 0 1 0
    outer loop
      vertex 66.6 16 116.4
      vertex 90 16 104.6
      vertex 66.6 16 104.6
    endloop
  endfacet
  facet normal 0 1 -0
    outer loop
      vertex -42.6 16 13.6
      vertex -65.4 16 25.4
      vertex -42.6 16 25.4
    endloop
  endfacet
  facet normal 0 1 0
    outer loop
      vertex -65.4 16 25.4
      vertex -42.6 16 13.6
      vertex -65.4 16 13.6
    endloop
  endfacet
  facet normal 0 1 -0
    outer loop
      vertex -18.6 16 13.6
      vertex -41.4 16 25.4
      vertex -18.6 16 25.4
    endloop
  endfacet
  facet normal 0 1 0
    outer loop
      vertex -41.4 16 25.4
      vertex -18.6 16 13.6
      vertex -41.4 16 13.6
    endloop
  endfacet
  facet normal 0 1 -0
    outer loop
      vertex 5.4 16 13.6
      vertex -17.4 16 25.4
      vertex 5.4 16 25.4
    endloop
  endfacet
  facet normal 0 1 0
    outer loop
      vertex -17.4 16 25.4
      vertex 5.4 16 13.6
      vertex -17.4 16 13.6
    endloop
  endfacet
  facet normal 0 1 -0
    outer loop
      vertex 29.4 16 13.6
      vertex 6.6 16 25.4
      vertex 29.4 16 25.4
    endloop
  endfacet
  facet normal 0 1 0
    outer loop
      vertex 6.6 16 25.4
      vertex 29.4 16 13.6
      vertex 6.6 16 13.6
    endloop
  endfacet
  facet normal 0 1 -0
    outer loop
      vertex 53.4 16 13.6
      vertex 30.6 16 25.4
      vertex 53.4 16 25.4
    endloop
  endfacet
  facet normal 0 1 0
    outer loop
      vertex 30.6 16 25.4
      vertex 53.4 16 13.6
      vertex 30.6 16 13.6
    endloop
  endfacet
  facet normal 0 1 -0
    outer loop
      vertex 77.4 16 13.6
      vertex 54.6 16 25.4
      vertex 77.4 16 25.4
    endloop
  endfacet
  facet normal 0 1 0
    outer loop
      vertex 54.6 16 25.4
      vertex 77.4 16 13.6
      vertex 54.6 16 13.6
    endloop
  endfacet
  facet normal 0 1 -0
    outer loop
      vertex -54.6 16 26.6
      vertex -77.4 16 38.4
      vertex -54.6 16 38.4
    endloop
  endfacet
  facet normal 0 1 0
    outer loop
      vertex -77.4 16 38.4
      vertex -54.6 16 26.6
      vertex -77.4 16 26.6
    endloop
  endfacet
  facet normal 0 1 -0
    outer loop
      vertex -54.6 16 52.6
      vertex -77.4 16 64.4
      vertex -54.6 16 64.4
    endloop
  endfacet
  facet normal 0 1 0
    outer loop
      vertex -77.4 16 64.4
      vertex -54.6 16 52.6
      vertex -77.4 16 52.6
    endloop
  endfacet
  facet normal 0 1 -0
    outer loop
      vertex -42.6 16 39.6
      vertex -65.4 16 51.4
      vertex -42.6 16 51.4
    endloop
  endfacet
  facet normal 0 1 0
    outer loop
      vertex -65.4 16 51.4
      vertex -42.6 16 39.6
      vertex -65.4 16 39.6
    endloop
  endfacet
  facet normal 0 1 -0
    outer loop
      vertex -30.6 16 26.6
      vertex -53.4 16 38.4
      vertex -30.6 16 38.4
    endloop
  endfacet
  facet normal 0 1 0
    outer loop
      vertex -53.4 16 38.4
      vertex -30.6 16 26.6
      vertex -53.4 16 26.6
    endloop
  endfacet
  facet normal 0 1 -0
    outer loop
      vertex -30.6 16 52.6
      vertex -53.4 16 64.4
      vertex -30.6 16 64.4
    endloop
  endfacet
  facet normal 0 1 0
    outer loop
      vertex -53.4 16 64.4
      vertex -30.6 16 52.6
      vertex -53.4 16 52.6
    endloop
  endfacet
  facet normal 0 1 -0
    outer loop
      vertex -18.6 16 39.6
      vertex -41.4 16 51.4
      vertex -18.6 16 51.4
    endloop
  endfacet
  facet normal 0 1 0
    outer loop
      vertex -41.4 16 51.4
      vertex -18.6 16 39.6
      vertex -41.4 16 39.6
    endloop
  endfacet
  facet normal 0 1 -0
    outer loop
      vertex -6.6 16 26.6
      vertex -29.4 16 38.4
      vertex -6.6 16 38.4
    endloop
  endfacet
  facet normal 0 1 0
    outer loop
      vertex -29.4 16 38.4
      vertex -6.6 16 26.6
      vertex -29.4 16 26.6
    endloop
  endfacet
  facet normal 0 1 -0
    outer loop
      vertex -6.6 16 52.6
      vertex -29.4 16 64.4
      vertex -6.6 16 64.4
    endloop
  endfacet
  facet normal 0 1 0
    outer loop
      vertex -29.4 16 64.4
      vertex -6.6 16 52.6
      vertex -29.4 16 52.6
    endloop
  endfacet
  facet normal 0 1 -0
    outer loop
      vertex 5.4 16 39.6
      vertex -17.4 16 51.4
      vertex 5.4 16 51.4
    endloop
  endfacet
  facet normal 0 1 0
    outer loop
      vertex -17.4 16 51.4
      vertex 5.4 16 39.6
      vertex -17.4 16 39.6
    endloop
  endfacet
  facet normal 0 1 -0
    outer loop
      vertex 17.4 16 26.6
      vertex -5.4 16 38.4
      vertex 17.4 16 38.4
    endloop
  endfacet
  facet normal 0 1 0
    outer loop
      vertex -5.4 16 38.4
      vertex 17.4 16 26.6
      vertex -5.4 16 26.6
    endloop
  endfacet
  facet normal 0 1 -0
    outer loop
      vertex 17.4 16 52.6
      vertex -5.4 16 64.4
      vertex 17.4 16 64.4
    endloop
  endfacet
  facet normal 0 1 0
    outer loop
      vertex -5.4 16 64.4
      vertex 17.4 16 52.6
      vertex -5.4 16 52.6
    endloop
  endfacet
  facet normal 0 1 -0
    outer loop
      vertex 29.4 16 39.6
      vertex 6.6 16 51.4
      vertex 29.4 16 51.4
    endloop
  endfacet
  facet normal 0 1 0
    outer loop
      vertex 6.6 16 51.4
      vertex 29.4 16 39.6
      vertex 6.6 16 39.6
    endloop
  endfacet
  facet normal 0 1 -0
    outer loop
      vertex 41.4 16 26.6
      vertex 18.6 16 38.4
      vertex 41.4 16 38.4
    endloop
  endfacet
  facet normal 0 1 0
    outer loop
      vertex 18.6 16 38.4
      vertex 41.4 16 26.6
      vertex 18.6 16 26.6
    endloop
  endfacet
  facet normal 0 1 -0
    outer loop
      vertex 41.4 16 52.6
      vertex 18.6 16 64.4
      vertex 41.4 16 64.4
    endloop
  endfacet
  facet normal 0 1 0
    outer loop
      vertex 18.6 16 64.4
      vertex 41.4 16 52.6
      vertex 18.6 16 52.6
    endloop
  endfacet
  facet normal 0 1 -0
    outer loop
      vertex 53.4 16 39.6
      vertex 30.6 16 51.4
      vertex 53.4 16 51.4
    endloop
  endfacet
  facet normal 0 1 0
    outer loop
      vertex 30.6 16 51.4
      vertex 53.4 16 39.6
      vertex 30.6 16 39.6
    endloop
  endfacet
  facet normal 0 1 -0
    outer loop
      vertex 65.4 16 26.6
      vertex 42.6 16 38.4
      vertex 65.4 16 38.4
    endloop
  endfacet
  facet normal 0 1 0
    outer loop
      vertex 42.6 16 38.4
      vertex 65.4 16 26.6
      vertex 42.6 16 26.6
    endloop
  endfacet
  facet normal 0 1 -0
    outer loop
      vertex 65.4 16 52.6
      vertex 42.6 16 64.4
      vertex 65.4 16 64.4
    endloop
  endfacet
  facet normal 0 1 0
    outer loop
      vertex 42.6 16 64.4
      vertex 65.4 16 52.6
      vertex 42.6 16 52.6
    endloop
  endfacet
  facet normal 0 1 -0
    outer loop
      vertex 77.4 16 39.6
      vertex 54.6 16 51.4
      vertex 77.4 16 51.4
    endloop
  endfacet
  facet normal 0 1 0
    outer loop
      vertex 54.6 16 51.4
      vertex 77.4 16 39.6
      vertex 54.6 16 39.6
    endloop
  endfacet
  facet normal 0 1 -0
    outer loop
      vertex -54.6 16 78.6
      vertex -77.4 16 90.4
      vertex -54.6 16 90.4
    endloop
  endfacet
  facet normal 0 1 0
    outer loop
      vertex -77.4 16 90.4
      vertex -54.6 16 78.6
      vertex -77.4 16 78.6
    endloop
  endfacet
  facet normal 0 1 0
    outer loop
      vertex -42.6 16 76
      vertex -43 16 68
      vertex -43 16 76
    endloop
  endfacet
  facet normal 0 1 0
    outer loop
      vertex -43 16 68
      vertex -42.6 16 65.6
      vertex -47 16 68
    endloop
  endfacet
  facet normal 0 1 -0
    outer loop
      vertex -42.6 16 65.6
      vertex -43 16 68
      vertex -42.6 16 76
    endloop
  endfacet
  facet normal 0 1 0
    outer loop
      vertex -47 16 76
      vertex -47 16 68
      vertex -51 16 76
    endloop
  endfacet
  facet normal 0 1 -0
    outer loop
      vertex -51 16 76
      vertex -65.4 16 77.4
      vertex -51 16 77.4
    endloop
  endfacet
  facet normal 0 1 0
    outer loop
      vertex -65.4 16 65.6
      vertex -51 16 76
      vertex -47 16 68
    endloop
  endfacet
  facet normal 0 1 0
    outer loop
      vertex -65.4 16 65.6
      vertex -47 16 68
      vertex -42.6 16 65.6
    endloop
  endfacet
  facet normal 0 1 0
    outer loop
      vertex -51 16 76
      vertex -65.4 16 65.6
      vertex -65.4 16 77.4
    endloop
  endfacet
  facet normal 0 1 0
    outer loop
      vertex -30.6 16 90.4
      vertex -43 16 88
      vertex -53.4 16 90.4
    endloop
  endfacet
  facet normal 0 1 0
    outer loop
      vertex -30.6 16 90.4
      vertex -39 16 80
      vertex -43 16 88
    endloop
  endfacet
  facet normal 0 1 -0
    outer loop
      vertex -30.6 16 78.6
      vertex -39 16 80
      vertex -30.6 16 90.4
    endloop
  endfacet
  facet normal 0 1 0
    outer loop
      vertex -39 16 80
      vertex -30.6 16 78.6
      vertex -39 16 78.6
    endloop
  endfacet
  facet normal 0 1 -0
    outer loop
      vertex -47 16 88
      vertex -53.4 16 90.4
      vertex -43 16 88
    endloop
  endfacet
  facet normal 0 1 0
    outer loop
      vertex -51 16 80
      vertex -47 16 88
      vertex -47 16 80
    endloop
  endfacet
  facet normal 0 1 0
    outer loop
      vertex -47 16 88
      vertex -51 16 80
      vertex -53.4 16 90.4
    endloop
  endfacet
  facet normal 0 1 0
    outer loop
      vertex -53.4 16 78.6
      vertex -51 16 80
      vertex -51 16 78.6
    endloop
  endfacet
  facet normal 0 1 0
    outer loop
      vertex -51 16 80
      vertex -53.4 16 78.6
      vertex -53.4 16 90.4
    endloop
  endfacet
  facet normal 0 1 0
    outer loop
      vertex -43 16 88
      vertex -39 16 80
      vertex -43 16 80
    endloop
  endfacet
  facet normal 0 1 0
    outer loop
      vertex -18.6 16 77.4
      vertex -39 16 76
      vertex -39 16 77.4
    endloop
  endfacet
  facet normal 0 1 -0
    outer loop
      vertex -18.6 16 65.6
      vertex -39 16 76
      vertex -18.6 16 77.4
    endloop
  endfacet
  facet normal 0 1 0
    outer loop
      vertex -41.4 16 65.6
      vertex -39 16 76
      vertex -18.6 16 65.6
    endloop
  endfacet
  facet normal 0 1 0
    outer loop
      vertex -39 16 76
      vertex -41.4 16 65.6
      vertex -41.4 16 76
    endloop
  endfacet
  facet normal 0 1 -0
    outer loop
      vertex -6.6 16 78.6
      vertex -29.4 16 90.4
      vertex -6.6 16 90.4
    endloop
  endfacet
  facet normal 0 1 0
    outer loop
      vertex -29.4 16 90.4
      vertex -6.6 16 78.6
      vertex -29.4 16 78.6
    endloop
  endfacet
  facet normal 0 1 -0
    outer loop
      vertex 5.4 16 65.6
      vertex -17.4 16 77.4
      vertex 5.4 16 77.4
    endloop
  endfacet
  facet normal 0 1 0
    outer loop
      vertex -17.4 16 77.4
      vertex 5.4 16 65.6
      vertex -17.4 16 65.6
    endloop
  endfacet
  facet normal 0 1 -0
    outer loop
      vertex 17.4 16 78.6
      vertex -5.4 16 90.4
      vertex 17.4 16 90.4
    endloop
  endfacet
  facet normal 0 1 0
    outer loop
      vertex -5.4 16 90.4
      vertex 17.4 16 78.6
      vertex -5.4 16 78.6
    endloop
  endfacet
  facet normal 0 1 -0
    outer loop
      vertex 29.4 16 65.6
      vertex 6.6 16 77.4
      vertex 29.4 16 77.4
    endloop
  endfacet
  facet normal 0 1 0
    outer loop
      vertex 6.6 16 77.4
      vertex 29.4 16 65.6
      vertex 6.6 16 65.6
    endloop
  endfacet
  facet normal 0 1 0
    outer loop
      vertex 39 16 80
      vertex 41.4 16 90.4
      vertex 41.4 16 80
    endloop
  endfacet
  facet normal 0 1 0
    outer loop
      vertex 41.4 16 90.4
      vertex 39 16 80
      vertex 18.6 16 90.4
    endloop
  endfacet
  facet normal 0 1 0
    outer loop
      vertex 18.6 16 78.6
      vertex 39 16 80
      vertex 39 16 78.6
    endloop
  endfacet
  facet normal 0 1 0
    outer loop
      vertex 39 16 80
      vertex 18.6 16 78.6
      vertex 18.6 16 90.4
    endloop
  endfacet
  facet normal 0 1 0
    outer loop
      vertex 53.4 16 77.4
      vertex 51 16 76
      vertex 51 16 77.4
    endloop
  endfacet
  facet normal 0 1 0
    outer loop
      vertex 51 16 76
      vertex 47 16 68
      vertex 47 16 76
    endloop
  endfacet
  facet normal 0 1 -0
    outer loop
      vertex 53.4 16 65.6
      vertex 51 16 76
      vertex 53.4 16 77.4
    endloop
  endfacet
  facet normal 0 1 0
    outer loop
      vertex 47 16 68
      vertex 53.4 16 65.6
      vertex 43 16 68
    endloop
  endfacet
  facet normal 0 1 0
    outer loop
      vertex 51 16 76
      vertex 53.4 16 65.6
      vertex 47 16 68
    endloop
  endfacet
  facet normal 0 1 0
    outer loop
      vertex 43 16 76
      vertex 43 16 68
      vertex 39 16 76
    endloop
  endfacet
  facet normal 0 1 -0
    outer loop
      vertex 39 16 76
      vertex 30.6 16 77.4
      vertex 39 16 77.4
    endloop
  endfacet
  facet normal 0 1 0
    outer loop
      vertex 30.6 16 65.6
      vertex 39 16 76
      vertex 43 16 68
    endloop
  endfacet
  facet normal 0 1 0
    outer loop
      vertex 39 16 76
      vertex 30.6 16 65.6
      vertex 30.6 16 77.4
    endloop
  endfacet
  facet normal 0 1 0
    outer loop
      vertex 30.6 16 65.6
      vertex 43 16 68
      vertex 53.4 16 65.6
    endloop
  endfacet
  facet normal 0 1 -0
    outer loop
      vertex 77.4 16 65.6
      vertex 54.6 16 77.4
      vertex 77.4 16 77.4
    endloop
  endfacet
  facet normal 0 1 0
    outer loop
      vertex 54.6 16 77.4
      vertex 77.4 16 65.6
      vertex 54.6 16 65.6
    endloop
  endfacet
  facet normal 0 1 0
    outer loop
      vertex 65.4 16 90.4
      vertex 47 16 88
      vertex 42.6 16 90.4
    endloop
  endfacet
  facet normal 0 1 0
    outer loop
      vertex 65.4 16 90.4
      vertex 51 16 80
      vertex 47 16 88
    endloop
  endfacet
  facet normal 0 1 -0
    outer loop
      vertex 65.4 16 78.6
      vertex 51 16 80
      vertex 65.4 16 90.4
    endloop
  endfacet
  facet normal 0 1 0
    outer loop
      vertex 51 16 80
      vertex 65.4 16 78.6
      vertex 51 16 78.6
    endloop
  endfacet
  facet normal 0 1 -0
    outer loop
      vertex 43 16 88
      vertex 42.6 16 90.4
      vertex 47 16 88
    endloop
  endfacet
  facet normal 0 1 0
    outer loop
      vertex 42.6 16 80
      vertex 43 16 88
      vertex 43 16 80
    endloop
  endfacet
  facet normal 0 1 0
    outer loop
      vertex 43 16 88
      vertex 42.6 16 80
      vertex 42.6 16 90.4
    endloop
  endfacet
  facet normal 0 1 0
    outer loop
      vertex 47 16 88
      vertex 51 16 80
      vertex 47 16 80
    endloop
  endfacet
  facet normal 0 1 -0
    outer loop
      vertex -42.6 16 91.6
      vertex -65.4 16 103.4
      vertex -42.6 16 103.4
    endloop
  endfacet
  facet normal 0 1 0
    outer loop
      vertex -65.4 16 103.4
      vertex -42.6 16 91.6
      vertex -65.4 16 91.6
    endloop
  endfacet
  facet normal 0 1 -0
    outer loop
      vertex -18.6 16 91.6
      vertex -41.4 16 103.4
      vertex -18.6 16 103.4
    endloop
  endfacet
  facet normal 0 1 0
    outer loop
      vertex -41.4 16 103.4
      vertex -18.6 16 91.6
      vertex -41.4 16 91.6
    endloop
  endfacet
  facet normal 0 1 -0
    outer loop
      vertex 5.4 16 91.6
      vertex -17.4 16 103.4
      vertex 5.4 16 103.4
    endloop
  endfacet
  facet normal 0 1 0
    outer loop
      vertex -17.4 16 103.4
      vertex 5.4 16 91.6
      vertex -17.4 16 91.6
    endloop
  endfacet
  facet normal 0 1 -0
    outer loop
      vertex 29.4 16 91.6
      vertex 6.6 16 103.4
      vertex 29.4 16 103.4
    endloop
  endfacet
  facet normal 0 1 0
    outer loop
      vertex 6.6 16 103.4
      vertex 29.4 16 91.6
      vertex 6.6 16 91.6
    endloop
  endfacet
  facet normal 0 1 -0
    outer loop
      vertex 53.4 16 91.6
      vertex 30.6 16 103.4
      vertex 53.4 16 103.4
    endloop
  endfacet
  facet normal 0 1 0
    outer loop
      vertex 30.6 16 103.4
      vertex 53.4 16 91.6
      vertex 30.6 16 91.6
    endloop
  endfacet
  facet normal 0 1 -0
    outer loop
      vertex 77.4 16 91.6
      vertex 54.6 16 103.4
      vertex 77.4 16 103.4
    endloop
  endfacet
  facet normal 0 1 0
    outer loop
      vertex 54.6 16 103.4
      vertex 77.4 16 91.6
      vertex 54.6 16 91.6
    endloop
  endfacet
  facet normal 0 1 -0
    outer loop
      vertex -54.6 16 104.6
      vertex -77.4 16 116.4
      vertex -54.6 16 116.4
    endloop
  endfacet
  facet normal 0 1 0
    outer loop
      vertex -77.4 16 116.4
      vertex -54.6 16 104.6
      vertex -77.4 16 104.6
    endloop
  endfacet
  facet normal 0 1 -0
    outer loop
      vertex -30.6 16 104.6
      vertex -53.4 16 116.4
      vertex -30.6 16 116.4
    endloop
  endfacet
  facet normal 0 1 0
    outer loop
      vertex -53.4 16 116.4
      vertex -30.6 16 104.6
      vertex -53.4 16 104.6
    endloop
  endfacet
  facet normal 0 1 -0
    outer loop
      vertex -6.6 16 104.6
      vertex -29.4 16 116.4
      vertex -6.6 16 116.4
    endloop
  endfacet
  facet normal 0 1 0
    outer loop
      vertex -29.4 16 116.4
      vertex -6.6 16 104.6
      vertex -29.4 16 104.6
    endloop
  endfacet
  facet normal 0 1 -0
    outer loop
      vertex 17.4 16 104.6
      vertex -5.4 16 116.4
      vertex 17.4 16 116.4
    endloop
  endfacet
  facet normal 0 1 0
    outer loop
      vertex -5.4 16 116.4
      vertex 17.4 16 104.6
      vertex -5.4 16 104.6
    endloop
  endfacet
  facet normal 0 1 -0
    outer loop
      vertex 41.4 16 104.6
      vertex 18.6 16 116.4
      vertex 41.4 16 116.4
    endloop
  endfacet
  facet normal 0 1 0
    outer loop
      vertex 18.6 16 116.4
      vertex 41.4 16 104.6
      vertex 18.6 16 104.6
    endloop
  endfacet
  facet normal 0 1 -0
    outer loop
      vertex 65.4 16 104.6
      vertex 42.6 16 116.4
      vertex 65.4 16 116.4
    endloop
  endfacet
  facet normal 0 1 0
    outer loop
      vertex 42.6 16 116.4
      vertex 65.4 16 104.6
      vertex 42.6 16 104.6
    endloop
  endfacet
  facet normal 0 -1 0
    outer loop
      vertex -90 11 125
      vertex -75 11 130
      vertex -90 11 130
    endloop
  endfacet
  facet normal 0 -1 -0
    outer loop
      vertex -75 11 130
      vertex -90 11 125
      vertex -60 11 130
    endloop
  endfacet
  facet normal 0 -1 -0
    outer loop
      vertex -60 11 130
      vertex -90 11 125
      vertex -48 11 130
    endloop
  endfacet
  facet normal 0 -1 -0
    outer loop
      vertex -48 11 130
      vertex -90 11 125
      vertex -33 11 130
    endloop
  endfacet
  facet normal 0 -1 -0
    outer loop
      vertex -33 11 130
      vertex -90 11 125
      vertex -21 11 130
    endloop
  endfacet
  facet normal 0 -1 -0
    outer loop
      vertex -21 11 130
      vertex -90 11 125
      vertex -6 11 130
    endloop
  endfacet
  facet normal 0 -1 -0
    outer loop
      vertex -6 11 130
      vertex -90 11 125
      vertex 6 11 130
    endloop
  endfacet
  facet normal 0 -1 0
    outer loop
      vertex 90 11 125
      vertex 6 11 130
      vertex -90 11 125
    endloop
  endfacet
  facet normal 0 -1 0
    outer loop
      vertex 6 11 130
      vertex 90 11 125
      vertex 21 11 130
    endloop
  endfacet
  facet normal 0 -1 0
    outer loop
      vertex 21 11 130
      vertex 90 11 125
      vertex 33 11 130
    endloop
  endfacet
  facet normal 0 -1 0
    outer loop
      vertex 33 11 130
      vertex 90 11 125
      vertex 48 11 130
    endloop
  endfacet
  facet normal 0 -1 0
    outer loop
      vertex 48 11 130
      vertex 90 11 125
      vertex 60 11 130
    endloop
  endfacet
  facet normal 0 -1 0
    outer loop
      vertex 60 11 130
      vertex 90 11 125
      vertex 75 11 130
    endloop
  endfacet
  facet normal 0 -1 0
    outer loop
      vertex 75 11 130
      vertex 90 11 125
      vertex 90 11 130
    endloop
  endfacet
  facet normal 0 -1 0
    outer loop
      vertex -75 11 130
      vertex -60 11 140
      vertex -75 11 140
    endloop
  endfacet
  facet normal 0 -1 -0
    outer loop
      vertex -60 11 140
      vertex -75 11 130
      vertex -60 11 130
    endloop
  endfacet
  facet normal 0 -1 0
    outer loop
      vertex -48 11 130
      vertex -33 11 140
      vertex -48 11 140
    endloop
  endfacet
  facet normal 0 -1 -0
    outer loop
      vertex -33 11 140
      vertex -48 11 130
      vertex -33 11 130
    endloop
  endfacet
  facet normal 0 -1 0
    outer loop
      vertex -21 11 130
      vertex -6 11 140
      vertex -21 11 140
    endloop
  endfacet
  facet normal 0 -1 -0
    outer loop
      vertex -6 11 140
      vertex -21 11 130
      vertex -6 11 130
    endloop
  endfacet
  facet normal 0 -1 0
    outer loop
      vertex 6 11 130
      vertex 21 11 140
      vertex 6 11 140
    endloop
  endfacet
  facet normal 0 -1 -0
    outer loop
      vertex 21 11 140
      vertex 6 11 130
      vertex 21 11 130
    endloop
  endfacet
  facet normal 0 -1 0
    outer loop
      vertex 33 11 130
      vertex 48 11 140
      vertex 33 11 140
    endloop
  endfacet
  facet normal 0 -1 -0
    outer loop
      vertex 48 11 140
      vertex 33 11 130
      vertex 48 11 130
    endloop
  endfacet
  facet normal 0 -1 0
    outer loop
      vertex 60 11 130
      vertex 75 11 140
      vertex 60 11 140
    endloop
  endfacet
  facet normal 0 -1 -0
    outer loop
      vertex 75 11 140
      vertex 60 11 130
      vertex 75 11 130
    endloop
  endfacet
  facet normal -1 0 0
    outer loop
      vertex -75 -16 130
      vertex -75 -11 140
      vertex -75 -11 130
    endloop
  endfacet
  facet normal -1 -0 0
    outer loop
      vertex -75 -11 140
      vertex -75 -16 130
      vertex -75 -16 140
    endloop
  endfacet
  facet normal -0 0 1
    outer loop
      vertex -75 -11 140
      vertex -60 -16 140
      vertex -60 -11 140
    endloop
  endfacet
  facet normal 0 0 1
    outer loop
      vertex -60 -16 140
      vertex -75 -11 140
      vertex -75 -16 140
    endloop
  endfacet
  facet normal 1 -0 0
    outer loop
      vertex -60 -16 140
      vertex -60 -11 130
      vertex -60 -11 140
    endloop
  endfacet
  facet normal 1 0 0
    outer loop
      vertex -60 -11 130
      vertex -60 -16 140
      vertex -60 -16 130
    endloop
  endfacet
  facet normal -1 0 0
    outer loop
      vertex -75 11 130
      vertex -75 16 140
      vertex -75 16 130
    endloop
  endfacet
  facet normal -1 -0 0
    outer loop
      vertex -75 16 140
      vertex -75 11 130
      vertex -75 11 140
    endloop
  endfacet
  facet normal -0 0 1
    outer loop
      vertex -75 16 140
      vertex -60 11 140
      vertex -60 16 140
    endloop
  endfacet
  facet normal 0 0 1
    outer loop
      vertex -60 11 140
      vertex -75 16 140
      vertex -75 11 140
    endloop
  endfacet
  facet normal 1 -0 0
    outer loop
      vertex -60 11 140
      vertex -60 16 130
      vertex -60 16 140
    endloop
  endfacet
  facet normal 1 0 0
    outer loop
      vertex -60 16 130
      vertex -60 11 140
      vertex -60 11 130
    endloop
  endfacet
  facet normal -1 0 0
    outer loop
      vertex -48 -16 130
      vertex -48 -11 140
      vertex -48 -11 130
    endloop
  endfacet
  facet normal -1 -0 0
    outer loop
      vertex -48 -11 140
      vertex -48 -16 130
      vertex -48 -16 140
    endloop
  endfacet
  facet normal -0 0 1
    outer loop
      vertex -48 -11 140
      vertex -33 -16 140
      vertex -33 -11 140
    endloop
  endfacet
  facet normal 0 0 1
    outer loop
      vertex -33 -16 140
      vertex -48 -11 140
      vertex -48 -16 140
    endloop
  endfacet
  facet normal 1 -0 0
    outer loop
      vertex -33 -16 140
      vertex -33 -11 130
      vertex -33 -11 140
    endloop
  endfacet
  facet normal 1 0 0
    outer loop
      vertex -33 -11 130
      vertex -33 -16 140
      vertex -33 -16 130
    endloop
  endfacet
  facet normal -1 0 0
    outer loop
      vertex -48 11 130
      vertex -48 16 140
      vertex -48 16 130
    endloop
  endfacet
  facet normal -1 -0 0
    outer loop
      vertex -48 16 140
      vertex -48 11 130
      vertex -48 11 140
    endloop
  endfacet
  facet normal -0 0 1
    outer loop
      vertex -48 16 140
      vertex -33 11 140
      vertex -33 16 140
    endloop
  endfacet
  facet normal 0 0 1
    outer loop
      vertex -33 11 140
      vertex -48 16 140
      vertex -48 11 140
    endloop
  endfacet
  facet normal 1 -0 0
    outer loop
      vertex -33 11 140
      vertex -33 16 130
      vertex -33 16 140
    endloop
  endfacet
  facet normal 1 0 0
    outer loop
      vertex -33 16 130
      vertex -33 11 140
      vertex -33 11 130
    endloop
  endfacet
  facet normal -1 0 0
    outer loop
      vertex -21 -16 130
      vertex -21 -11 140
      vertex -21 -11 130
    endloop
  endfacet
  facet normal -1 -0 0
    outer loop
      vertex -21 -11 140
      vertex -21 -16 130
      vertex -21 -16 140
    endloop
  endfacet
  facet normal -0 0 1
    outer loop
      vertex -21 -11 140
      vertex -6 -16 140
      vertex -6 -11 140
    endloop
  endfacet
  facet normal 0 0 1
    outer loop
      vertex -6 -16 140
      vertex -21 -11 140
      vertex -21 -16 140
    endloop
  endfacet
  facet normal 1 -0 0
    outer loop
      vertex -6 -16 140
      vertex -6 -11 130
      vertex -6 -11 140
    endloop
  endfacet
  facet normal 1 0 0
    outer loop
      vertex -6 -11 130
      vertex -6 -16 140
      vertex -6 -16 130
    endloop
  endfacet
  facet normal -1 0 0
    outer loop
      vertex -21 11 130
      vertex -21 16 140
      vertex -21 16 130
    endloop
  endfacet
  facet normal -1 -0 0
    outer loop
      vertex -21 16 140
      vertex -21 11 130
      vertex -21 11 140
    endloop
  endfacet
  facet normal -0 0 1
    outer loop
      vertex -21 16 140
      vertex -6 11 140
      vertex -6 16 140
    endloop
  endfacet
  facet normal 0 0 1
    outer loop
      vertex -6 11 140
      vertex -21 16 140
      vertex -21 11 140
    endloop
  endfacet
  facet normal 1 -0 0
    outer loop
      vertex -6 11 140
      vertex -6 16 130
      vertex -6 16 140
    endloop
  endfacet
  facet normal 1 0 0
    outer loop
      vertex -6 16 130
      vertex -6 11 140
      vertex -6 11 130
    endloop
  endfacet
  facet normal -1 0 0
    outer loop
      vertex 6 -16 130
      vertex 6 -11 140
      vertex 6 -11 130
    endloop
  endfacet
  facet normal -1 -0 0
    outer loop
      vertex 6 -11 140
      vertex 6 -16 130
      vertex 6 -16 140
    endloop
  endfacet
  facet normal -0 0 1
    outer loop
      vertex 6 -11 140
      vertex 21 -16 140
      vertex 21 -11 140
    endloop
  endfacet
  facet normal 0 0 1
    outer loop
      vertex 21 -16 140
      vertex 6 -11 140
      vertex 6 -16 140
    endloop
  endfacet
  facet normal 1 -0 0
    outer loop
      vertex 21 -16 140
      vertex 21 -11 130
      vertex 21 -11 140
    endloop
  endfacet
  facet normal 1 0 0
    outer loop
      vertex 21 -11 130
      vertex 21 -16 140
      vertex 21 -16 130
    endloop
  endfacet
  facet normal -1 0 0
    outer loop
      vertex 6 11 130
      vertex 6 16 140
      vertex 6 16 130
    endloop
  endfacet
  facet normal -1 -0 0
    outer loop
      vertex 6 16 140
      vertex 6 11 130
      vertex 6 11 140
    endloop
  endfacet
  facet normal -0 0 1
    outer loop
      vertex 6 16 140
      vertex 21 11 140
      vertex 21 16 140
    endloop
  endfacet
  facet normal 0 0 1
    outer loop
      vertex 21 11 140
      vertex 6 16 140
      vertex 6 11 140
    endloop
  endfacet
  facet normal 1 -0 0
    outer loop
      vertex 21 11 140
      vertex 21 16 130
      vertex 21 16 140
    endloop
  endfacet
  facet normal 1 0 0
    outer loop
      vertex 21 16 130
      vertex 21 11 140
      vertex 21 11 130
    endloop
  endfacet
  facet normal -1 0 0
    outer loop
      vertex 33 -16 130
      vertex 33 -11 140
      vertex 33 -11 130
    endloop
  endfacet
  facet normal -1 -0 0
    outer loop
      vertex 33 -11 140
      vertex 33 -16 130
      vertex 33 -16 140
    endloop
  endfacet
  facet normal -0 0 1
    outer loop
      vertex 33 -11 140
      vertex 48 -16 140
      vertex 48 -11 140
    endloop
  endfacet
  facet normal 0 0 1
    outer loop
      vertex 48 -16 140
      vertex 33 -11 140
      vertex 33 -16 140
    endloop
  endfacet
  facet normal 1 -0 0
    outer loop
      vertex 48 -16 140
      vertex 48 -11 130
      vertex 48 -11 140
    endloop
  endfacet
  facet normal 1 0 0
    outer loop
      vertex 48 -11 130
      vertex 48 -16 140
      vertex 48 -16 130
    endloop
  endfacet
  facet normal -1 0 0
    outer loop
      vertex 33 11 130
      vertex 33 16 140
      vertex 33 16 130
    endloop
  endfacet
  facet normal -1 -0 0
    outer loop
      vertex 33 16 140
      vertex 33 11 130
      vertex 33 11 140
    endloop
  endfacet
  facet normal -0 0 1
    outer loop
      vertex 33 16 140
      vertex 48 11 140
      vertex 48 16 140
    endloop
  endfacet
  facet normal 0 0 1
    outer loop
      vertex 48 11 140
      vertex 33 16 140
      vertex 33 11 140
    endloop
  endfacet
  facet normal 1 -0 0
    outer loop
      vertex 48 11 140
      vertex 48 16 130
      vertex 48 16 140
    endloop
  endfacet
  facet normal 1 0 0
    outer loop
      vertex 48 16 130
      vertex 48 11 140
      vertex 48 11 130
    endloop
  endfacet
  facet normal -1 0 0
    outer loop
      vertex 60 -16 130
      vertex 60 -11 140
      vertex 60 -11 130
    endloop
  endfacet
  facet normal -1 -0 0
    outer loop
      vertex 60 -11 140
      vertex 60 -16 130
      vertex 60 -16 140
    endloop
  endfacet
  facet normal -0 0 1
    outer loop
      vertex 60 -11 140
      vertex 75 -16 140
      vertex 75 -11 140
    endloop
  endfacet
  facet normal 0 0 1
    outer loop
      vertex 75 -16 140
      vertex 60 -11 140
      vertex 60 -16 140
    endloop
  endfacet
  facet normal 1 -0 0
    outer loop
      vertex 75 -16 140
      vertex 75 -11 130
      vertex 75 -11 140
    endloop
  endfacet
  facet normal 1 0 0
    outer loop
      vertex 75 -11 130
      vertex 75 -16 140
      vertex 75 -16 130
    endloop
  endfacet
  facet normal -1 0 0
    outer loop
      vertex 60 11 130
      vertex 60 16 140
      vertex 60 16 130
    endloop
  endfacet
  facet normal -1 -0 0
    outer loop
      vertex 60 16 140
      vertex 60 11 130
      vertex 60 11 140
    endloop
  endfacet
  facet normal -0 0 1
    outer loop
      vertex 60 16 140
      vertex 75 11 140
      vertex 75 16 140
    endloop
  endfacet
  facet normal 0 0 1
    outer loop
      vertex 75 11 140
      vertex 60 16 140
      vertex 60 11 140
    endloop
  endfacet
  facet normal 1 -0 0
    outer loop
      vertex 75 11 140
      vertex 75 16 130
      vertex 75 16 140
    endloop
  endfacet
  facet normal 1 0 0
    outer loop
      vertex 75 16 130
      vertex 75 11 140
      vertex 75 11 130
    endloop
  endfacet
  facet normal 0 0 -1
    outer loop
      vertex -90 -16 0
      vertex -78.6 -15.21 0
      vertex -78.6 -16 0
    endloop
  endfacet
  facet normal -0 0 -1
    outer loop
      vertex -78.6 -15.21 0
      vertex -90 -16 0
      vertex -78.6 15.21 0
    endloop
  endfacet
  facet normal 0 0 -1
    outer loop
      vertex -90 16 0
      vertex -78.6 15.21 0
      vertex -90 -16 0
    endloop
  endfacet
  facet normal 0 0 -1
    outer loop
      vertex -78.6 15.21 0
      vertex -90 16 0
      vertex -78.6 16 0
    endloop
  endfacet
  facet normal 0 0 -1
    outer loop
      vertex -78.6 -15.21 0
      vertex -77.4 15.21 0
      vertex -77.4 -15.21 0
    endloop
  endfacet
  facet normal -0 0 -1
    outer loop
      vertex -77.4 15.21 0
      vertex -78.6 -15.21 0
      vertex -78.6 15.21 0
    endloop
  endfacet
  facet normal 0 0 -1
    outer loop
      vertex -77.4 -15.21 0
      vertex -54.6 -15.21 0
      vertex -54.6 -16 0
    endloop
  endfacet
  facet normal 0 0 -1
    outer loop
      vertex -54.6 -15.21 0
      vertex -77.4 -15.21 0
      vertex -54.6 15.21 0
    endloop
  endfacet
  facet normal 0 0 -1
    outer loop
      vertex -77.4 -15.21 0
      vertex -54.6 -16 0
      vertex -77.4 -16 0
    endloop
  endfacet
  facet normal 0 0 -1
    outer loop
      vertex -77.4 15.21 0
      vertex -54.6 15.21 0
      vertex -77.4 -15.21 0
    endloop
  endfacet
  facet normal 0 0 -1
    outer loop
      vertex -54.6 15.21 0
      vertex -77.4 15.21 0
      vertex -54.6 16 0
    endloop
  endfacet
  facet normal -0 0 -1
    outer loop
      vertex -54.6 16 0
      vertex -77.4 15.21 0
      vertex -77.4 16 0
    endloop
  endfacet
  facet normal 0 0 -1
    outer loop
      vertex -54.6 -15.21 0
      vertex -53.4 15.21 0
      vertex -53.4 -15.21 0
    endloop
  endfacet
  facet normal -0 0 -1
    outer loop
      vertex -53.4 15.21 0
      vertex -54.6 -15.21 0
      vertex -54.6 15.21 0
    endloop
  endfacet
  facet normal 0 0 -1
    outer loop
      vertex -53.4 -15.21 0
      vertex -30.6 -15.21 0
      vertex -30.6 -16 0
    endloop
  endfacet
  facet normal 0 0 -1
    outer loop
      vertex -30.6 -15.21 0
      vertex -53.4 -15.21 0
      vertex -30.6 15.21 0
    endloop
  endfacet
  facet normal 0 0 -1
    outer loop
      vertex -53.4 -15.21 0
      vertex -30.6 -16 0
      vertex -53.4 -16 0
    endloop
  endfacet
  facet normal 0 0 -1
    outer loop
      vertex -53.4 15.21 0
      vertex -30.6 15.21 0
      vertex -53.4 -15.21 0
    endloop
  endfacet
  facet normal 0 0 -1
    outer loop
      vertex -30.6 15.21 0
      vertex -53.4 15.21 0
      vertex -30.6 16 0
    endloop
  endfacet
  facet normal -0 0 -1
    outer loop
      vertex -30.6 16 0
      vertex -53.4 15.21 0
      vertex -53.4 16 0
    endloop
  endfacet
  facet normal 0 0 -1
    outer loop
      vertex -30.6 -15.21 0
      vertex -29.4 15.21 0
      vertex -29.4 -15.21 0
    endloop
  endfacet
  facet normal -0 0 -1
    outer loop
      vertex -29.4 15.21 0
      vertex -30.6 -15.21 0
      vertex -30.6 15.21 0
    endloop
  endfacet
  facet normal 0 0 -1
    outer loop
      vertex -29.4 -15.21 0
      vertex -6.6 -15.21 0
      vertex -6.6 -16 0
    endloop
  endfacet
  facet normal 0 0 -1
    outer loop
      vertex -6.6 -15.21 0
      vertex -29.4 -15.21 0
      vertex -6.6 15.21 0
    endloop
  endfacet
  facet normal 0 0 -1
    outer loop
      vertex -29.4 -15.21 0
      vertex -6.6 -16 0
      vertex -29.4 -16 0
    endloop
  endfacet
  facet normal 0 0 -1
    outer loop
      vertex -29.4 15.21 0
      vertex -6.6 15.21 0
      vertex -29.4 -15.21 0
    endloop
  endfacet
  facet normal 0 0 -1
    outer loop
      vertex -6.6 15.21 0
      vertex -29.4 15.21 0
      vertex -6.6 16 0
    endloop
  endfacet
  facet normal -0 0 -1
    outer loop
      vertex -6.6 16 0
      vertex -29.4 15.21 0
      vertex -29.4 16 0
    endloop
  endfacet
  facet normal 0 0 -1
    outer loop
      vertex -6.6 -15.21 0
      vertex -5.4 15.21 0
      vertex -5.4 -15.21 0
    endloop
  endfacet
  facet normal -0 0 -1
    outer loop
      vertex -5.4 15.21 0
      vertex -6.6 -15.21 0
      vertex -6.6 15.21 0
    endloop
  endfacet
  facet normal 0 0 -1
    outer loop
      vertex -5.4 -15.21 0
      vertex 17.4 -15.21 0
      vertex 17.4 -16 0
    endloop
  endfacet
  facet normal 0 0 -1
    outer loop
      vertex 17.4 -15.21 0
      vertex -5.4 -15.21 0
      vertex 17.4 15.21 0
    endloop
  endfacet
  facet normal 0 0 -1
    outer loop
      vertex -5.4 -15.21 0
      vertex 17.4 -16 0
      vertex -5.4 -16 0
    endloop
  endfacet
  facet normal 0 0 -1
    outer loop
      vertex -5.4 15.21 0
      vertex 17.4 15.21 0
      vertex -5.4 -15.21 0
    endloop
  endfacet
  facet normal 0 0 -1
    outer loop
      vertex 17.4 15.21 0
      vertex -5.4 15.21 0
      vertex 17.4 16 0
    endloop
  endfacet
  facet normal -0 0 -1
    outer loop
      vertex 17.4 16 0
      vertex -5.4 15.21 0
      vertex -5.4 16 0
    endloop
  endfacet
  facet normal 0 0 -1
    outer loop
      vertex 17.4 -15.21 0
      vertex 18.6 15.21 0
      vertex 18.6 -15.21 0
    endloop
  endfacet
  facet normal -0 0 -1
    outer loop
      vertex 18.6 15.21 0
      vertex 17.4 -15.21 0
      vertex 17.4 15.21 0
    endloop
  endfacet
  facet normal 0 0 -1
    outer loop
      vertex 18.6 -15.21 0
      vertex 41.4 -15.21 0
      vertex 41.4 -16 0
    endloop
  endfacet
  facet normal 0 0 -1
    outer loop
      vertex 41.4 -15.21 0
      vertex 18.6 -15.21 0
      vertex 41.4 15.21 0
    endloop
  endfacet
  facet normal 0 0 -1
    outer loop
      vertex 18.6 -15.21 0
      vertex 41.4 -16 0
      vertex 18.6 -16 0
    endloop
  endfacet
  facet normal 0 0 -1
    outer loop
      vertex 18.6 15.21 0
      vertex 41.4 15.21 0
      vertex 18.6 -15.21 0
    endloop
  endfacet
  facet normal 0 0 -1
    outer loop
      vertex 41.4 15.21 0
      vertex 18.6 15.21 0
      vertex 41.4 16 0
    endloop
  endfacet
  facet normal -0 0 -1
    outer loop
      vertex 41.4 16 0
      vertex 18.6 15.21 0
      vertex 18.6 16 0
    endloop
  endfacet
  facet normal 0 0 -1
    outer loop
      vertex 41.4 -15.21 0
      vertex 42.6 15.21 0
      vertex 42.6 -15.21 0
    endloop
  endfacet
  facet normal -0 0 -1
    outer loop
      vertex 42.6 15.21 0
      vertex 41.4 -15.21 0
      vertex 41.4 15.21 0
    endloop
  endfacet
  facet normal 0 0 -1
    outer loop
      vertex 42.6 -15.21 0
      vertex 65.4 -15.21 0
      vertex 65.4 -16 0
    endloop
  endfacet
  facet normal 0 0 -1
    outer loop
      vertex 65.4 -15.21 0
      vertex 42.6 -15.21 0
      vertex 65.4 15.21 0
    endloop
  endfacet
  facet normal 0 0 -1
    outer loop
      vertex 42.6 -15.21 0
      vertex 65.4 -16 0
      vertex 42.6 -16 0
    endloop
  endfacet
  facet normal 0 0 -1
    outer loop
      vertex 42.6 15.21 0
      vertex 65.4 15.21 0
      vertex 42.6 -15.21 0
    endloop
  endfacet
  facet normal 0 0 -1
    outer loop
      vertex 65.4 15.21 0
      vertex 42.6 15.21 0
      vertex 65.4 16 0
    endloop
  endfacet
  facet normal -0 0 -1
    outer loop
      vertex 65.4 16 0
      vertex 42.6 15.21 0
      vertex 42.6 16 0
    endloop
  endfacet
  facet normal 0 0 -1
    outer loop
      vertex 65.4 -15.21 0
      vertex 66.6 15.21 0
      vertex 66.6 -15.21 0
    endloop
  endfacet
  facet normal -0 0 -1
    outer loop
      vertex 66.6 15.21 0
      vertex 65.4 -15.21 0
      vertex 65.4 15.21 0
    endloop
  endfacet
  facet normal 0 0 -1
    outer loop
      vertex 66.6 -15.21 0
      vertex 90 -16 0
      vertex 66.6 -16 0
    endloop
  endfacet
  facet normal 0 0 -1
    outer loop
      vertex 90 -16 0
      vertex 66.6 -15.21 0
      vertex 90 16 0
    endloop
  endfacet
  facet normal 0 0 -1
    outer loop
      vertex 66.6 15.21 0
      vertex 90 16 0
      vertex 66.6 -15.21 0
    endloop
  endfacet
  facet normal -0 0 -1
    outer loop
      vertex 90 16 0
      vertex 66.6 15.21 0
      vertex 66.6 16 0
    endloop
  endfacet
  facet normal 0 0 -1
    outer loop
      vertex -90 -6.25 41.75
      vertex -81.99 6.25 41.75
      vertex -81.99 -6.25 41.75
    endloop
  endfacet
  facet normal -0 0 -1
    outer loop
      vertex -81.99 6.25 41.75
      vertex -90 -6.25 41.75
      vertex -90 6.25 41.75
    endloop
  endfacet
  facet normal -1 0 0
    outer loop
      vertex -81.99 -6.25 34.25
      vertex -81.99 6.25 41.75
      vertex -81.99 6.25 34.25
    endloop
  endfacet
  facet normal -1 -0 0
    outer loop
      vertex -81.99 6.25 41.75
      vertex -81.99 -6.25 34.25
      vertex -81.99 -6.25 41.75
    endloop
  endfacet
  facet normal 0 -1 0
    outer loop
      vertex -90 6.25 34.25
      vertex -81.99 6.25 41.75
      vertex -90 6.25 41.75
    endloop
  endfacet
  facet normal 0 -1 -0
    outer loop
      vertex -81.99 6.25 41.75
      vertex -90 6.25 34.25
      vertex -81.99 6.25 34.25
    endloop
  endfacet
  facet normal -0 0 1
    outer loop
      vertex -90 6.25 34.25
      vertex -81.99 -6.25 34.25
      vertex -81.99 6.25 34.25
    endloop
  endfacet
  facet normal 0 0 1
    outer loop
      vertex -81.99 -6.25 34.25
      vertex -90 6.25 34.25
      vertex -90 -6.25 34.25
    endloop
  endfacet
  facet normal 0 1 -0
    outer loop
      vertex -81.99 -6.25 34.25
      vertex -90 -6.25 41.75
      vertex -81.99 -6.25 41.75
    endloop
  endfacet
  facet normal 0 1 0
    outer loop
      vertex -90 -6.25 41.75
      vertex -81.99 -6.25 34.25
      vertex -90 -6.25 34.25
    endloop
  endfacet
  facet normal 0 0 -1
    outer loop
      vertex -90 -6.25 91.75
      vertex -81.99 6.25 91.75
      vertex -81.99 -6.25 91.75
    endloop
  endfacet
  facet normal -0 0 -1
    outer loop
      vertex -81.99 6.25 91.75
      vertex -90 -6.25 91.75
      vertex -90 6.25 91.75
    endloop
  endfacet
  facet normal -1 0 0
    outer loop
      vertex -81.99 -6.25 84.25
      vertex -81.99 6.25 91.75
      vertex -81.99 6.25 84.25
    endloop
  endfacet
  facet normal -1 -0 0
    outer loop
      vertex -81.99 6.25 91.75
      vertex -81.99 -6.25 84.25
      vertex -81.99 -6.25 91.75
    endloop
  endfacet
  facet normal -0 0 1
    outer loop
      vertex -90 6.25 84.25
      vertex -81.99 -6.25 84.25
      vertex -81.99 6.25 84.25
    endloop
  endfacet
  facet normal 0 0 1
    outer loop
      vertex -81.99 -6.25 84.25
      vertex -90 6.25 84.25
      vertex -90 -6.25 84.25
    endloop
  endfacet
  facet normal 0 1 -0
    outer loop
      vertex -81.99 -6.25 84.25
      vertex -90 -6.25 91.75
      vertex -81.99 -6.25 91.75
    endloop
  endfacet
  facet normal 0 1 0
    outer loop
      vertex -90 -6.25 91.75
      vertex -81.99 -6.25 84.25
      vertex -90 -6.25 84.25
    endloop
  endfacet
  facet normal 0 -1 0
    outer loop
      vertex -90 6.25 84.25
      vertex -81.99 6.25 91.75
      vertex -90 6.25 91.75
    endloop
  endfacet
  facet normal 0 -1 -0
    outer loop
      vertex -81.99 6.25 91.75
      vertex -90 6.25 84.25
      vertex -81.99 6.25 84.25
    endloop
  endfacet
  facet normal 1 -0 0
    outer loop
      vertex 82 -6.25 41.75
      vertex 82 6.25 34.25
      vertex 82 6.25 41.75
    endloop
  endfacet
  facet normal 1 0 0
    outer loop
      vertex 82 6.25 34.25
      vertex 82 -6.25 41.75
      vertex 82 -6.25 34.25
    endloop
  endfacet
  facet normal 0 0 -1
    outer loop
      vertex 82 -6.25 41.75
      vertex 90 6.25 41.75
      vertex 90 -6.25 41.75
    endloop
  endfacet
  facet normal -0 0 -1
    outer loop
      vertex 90 6.25 41.75
      vertex 82 -6.25 41.75
      vertex 82 6.25 41.75
    endloop
  endfacet
  facet normal 0 -1 0
    outer loop
      vertex 82 6.25 34.25
      vertex 90 6.25 41.75
      vertex 82 6.25 41.75
    endloop
  endfacet
  facet normal 0 -1 -0
    outer loop
      vertex 90 6.25 41.75
      vertex 82 6.25 34.25
      vertex 90 6.25 34.25
    endloop
  endfacet
  facet normal -0 0 1
    outer loop
      vertex 82 6.25 34.25
      vertex 90 -6.25 34.25
      vertex 90 6.25 34.25
    endloop
  endfacet
  facet normal 0 0 1
    outer loop
      vertex 90 -6.25 34.25
      vertex 82 6.25 34.25
      vertex 82 -6.25 34.25
    endloop
  endfacet
  facet normal 0 1 -0
    outer loop
      vertex 90 -6.25 34.25
      vertex 82 -6.25 41.75
      vertex 90 -6.25 41.75
    endloop
  endfacet
  facet normal 0 1 0
    outer loop
      vertex 82 -6.25 41.75
      vertex 90 -6.25 34.25
      vertex 82 -6.25 34.25
    endloop
  endfacet
  facet normal 1 -0 0
    outer loop
      vertex 82 -6.25 91.75
      vertex 82 6.25 84.25
      vertex 82 6.25 91.75
    endloop
  endfacet
  facet normal 1 0 0
    outer loop
      vertex 82 6.25 84.25
      vertex 82 -6.25 91.75
      vertex 82 -6.25 84.25
    endloop
  endfacet
  facet normal 0 0 -1
    outer loop
      vertex 82 -6.25 91.75
      vertex 90 6.25 91.75
      vertex 90 -6.25 91.75
    endloop
  endfacet
  facet normal -0 0 -1
    outer loop
      vertex 90 6.25 91.75
      vertex 82 -6.25 91.75
      vertex 82 6.25 91.75
    endloop
  endfacet
  facet normal 0 -1 0
    outer loop
      vertex 82 6.25 84.25
      vertex 90 6.25 91.75
      vertex 82 6.25 91.75
    endloop
  endfacet
  facet normal 0 -1 -0
    outer loop
      vertex 90 6.25 91.75
      vertex 82 6.25 84.25
      vertex 90 6.25 84.25
    endloop
  endfacet
  facet normal -0 0 1
    outer loop
      vertex 82 6.25 84.25
      vertex 90 -6.25 84.25
      vertex 90 6.25 84.25
    endloop
  endfacet
  facet normal 0 0 1
    outer loop
      vertex 90 -6.25 84.25
      vertex 82 6.25 84.25
      vertex 82 -6.25 84.25
    endloop
  endfacet
  facet normal 0 1 -0
    outer loop
      vertex 90 -6.25 84.25
      vertex 82 -6.25 91.75
      vertex 90 -6.25 91.75
    endloop
  endfacet
  facet normal 0 1 0
    outer loop
      vertex 82 -6.25 91.75
      vertex 90 -6.25 84.25
      vertex 82 -6.25 84.25
    endloop
  endfacet
  facet normal 0 0 -1
    outer loop
      vertex 78.6 -16 13.6
      vertex 90 -15.21 13.6
      vertex 90 -16 13.6
    endloop
  endfacet
  facet normal -0 0 -1
    outer loop
      vertex 90 -15.21 13.6
      vertex 78.6 -16 13.6
      vertex 78.6 -15.21 13.6
    endloop
  endfacet
  facet normal 0 0 -1
    outer loop
      vertex -90 -16 13.6
      vertex -66.6 -15.21 13.6
      vertex -66.6 -16 13.6
    endloop
  endfacet
  facet normal -0 0 -1
    outer loop
      vertex -66.6 -15.21 13.6
      vertex -90 -16 13.6
      vertex -90 -15.21 13.6
    endloop
  endfacet
  facet normal 0 0 -1
    outer loop
      vertex -65.4 -16 13.6
      vertex -42.6 -15.21 13.6
      vertex -42.6 -16 13.6
    endloop
  endfacet
  facet normal -0 0 -1
    outer loop
      vertex -42.6 -15.21 13.6
      vertex -65.4 -16 13.6
      vertex -65.4 -15.21 13.6
    endloop
  endfacet
  facet normal 0 0 -1
    outer loop
      vertex -41.4 -16 13.6
      vertex -18.6 -15.21 13.6
      vertex -18.6 -16 13.6
    endloop
  endfacet
  facet normal -0 0 -1
    outer loop
      vertex -18.6 -15.21 13.6
      vertex -41.4 -16 13.6
      vertex -41.4 -15.21 13.6
    endloop
  endfacet
  facet normal 0 0 -1
    outer loop
      vertex -17.4 -16 13.6
      vertex 5.4 -15.21 13.6
      vertex 5.4 -16 13.6
    endloop
  endfacet
  facet normal -0 0 -1
    outer loop
      vertex 5.4 -15.21 13.6
      vertex -17.4 -16 13.6
      vertex -17.4 -15.21 13.6
    endloop
  endfacet
  facet normal 0 0 -1
    outer loop
      vertex 6.6 -16 13.6
      vertex 29.4 -15.21 13.6
      vertex 29.4 -16 13.6
    endloop
  endfacet
  facet normal -0 0 -1
    outer loop
      vertex 29.4 -15.21 13.6
      vertex 6.6 -16 13.6
      vertex 6.6 -15.21 13.6
    endloop
  endfacet
  facet normal 0 0 -1
    outer loop
      vertex 30.6 -16 13.6
      vertex 53.4 -15.21 13.6
      vertex 53.4 -16 13.6
    endloop
  endfacet
  facet normal -0 0 -1
    outer loop
      vertex 53.4 -15.21 13.6
      vertex 30.6 -16 13.6
      vertex 30.6 -15.21 13.6
    endloop
  endfacet
  facet normal 0 0 -1
    outer loop
      vertex 54.6 -16 13.6
      vertex 77.4 -15.21 13.6
      vertex 77.4 -16 13.6
    endloop
  endfacet
  facet normal -0 0 -1
    outer loop
      vertex 77.4 -15.21 13.6
      vertex 54.6 -16 13.6
      vertex 54.6 -15.21 13.6
    endloop
  endfacet
  facet normal -0 0 1
    outer loop
      vertex 66.6 -15.21 12.4
      vertex 90 -16 12.4
      vertex 90 -15.21 12.4
    endloop
  endfacet
  facet normal 0 0 1
    outer loop
      vertex 90 -16 12.4
      vertex 66.6 -15.21 12.4
      vertex 66.6 -16 12.4
    endloop
  endfacet
  facet normal -0 0 1
    outer loop
      vertex -90 -15.21 12.4
      vertex -78.6 -16 12.4
      vertex -78.6 -15.21 12.4
    endloop
  endfacet
  facet normal 0 0 1
    outer loop
      vertex -78.6 -16 12.4
      vertex -90 -15.21 12.4
      vertex -90 -16 12.4
    endloop
  endfacet
  facet normal -0 0 1
    outer loop
      vertex -77.4 -15.21 12.4
      vertex -54.6 -16 12.4
      vertex -54.6 -15.21 12.4
    endloop
  endfacet
  facet normal 0 0 1
    outer loop
      vertex -54.6 -16 12.4
      vertex -77.4 -15.21 12.4
      vertex -77.4 -16 12.4
    endloop
  endfacet
  facet normal -0 0 1
    outer loop
      vertex -53.4 -15.21 12.4
      vertex -30.6 -16 12.4
      vertex -30.6 -15.21 12.4
    endloop
  endfacet
  facet normal 0 0 1
    outer loop
      vertex -30.6 -16 12.4
      vertex -53.4 -15.21 12.4
      vertex -53.4 -16 12.4
    endloop
  endfacet
  facet normal -0 0 1
    outer loop
      vertex -29.4 -15.21 12.4
      vertex -6.6 -16 12.4
      vertex -6.6 -15.21 12.4
    endloop
  endfacet
  facet normal 0 0 1
    outer loop
      vertex -6.6 -16 12.4
      vertex -29.4 -15.21 12.4
      vertex -29.4 -16 12.4
    endloop
  endfacet
  facet normal -0 0 1
    outer loop
      vertex -5.4 -15.21 12.4
      vertex 17.4 -16 12.4
      vertex 17.4 -15.21 12.4
    endloop
  endfacet
  facet normal 0 0 1
    outer loop
      vertex 17.4 -16 12.4
      vertex -5.4 -15.21 12.4
      vertex -5.4 -16 12.4
    endloop
  endfacet
  facet normal -0 0 1
    outer loop
      vertex 18.6 -15.21 12.4
      vertex 41.4 -16 12.4
      vertex 41.4 -15.21 12.4
    endloop
  endfacet
  facet normal 0 0 1
    outer loop
      vertex 41.4 -16 12.4
      vertex 18.6 -15.21 12.4
      vertex 18.6 -16 12.4
    endloop
  endfacet
  facet normal -0 0 1
    outer loop
      vertex 42.6 -15.21 12.4
      vertex 65.4 -16 12.4
      vertex 65.4 -15.21 12.4
    endloop
  endfacet
  facet normal 0 0 1
    outer loop
      vertex 65.4 -16 12.4
      vertex 42.6 -15.21 12.4
      vertex 42.6 -16 12.4
    endloop
  endfacet
  facet normal 0 -1 0
    outer loop
      vertex 65.4 -15.21 0
      vertex 66.6 -15.21 12.4
      vertex 65.4 -15.21 12.4
    endloop
  endfacet
  facet normal 0 -1 -0
    outer loop
      vertex 66.6 -15.21 12.4
      vertex 65.4 -15.21 0
      vertex 66.6 -15.21 0
    endloop
  endfacet
  facet normal 0 -1 0
    outer loop
      vertex 41.4 -15.21 0
      vertex 42.6 -15.21 12.4
      vertex 41.4 -15.21 12.4
    endloop
  endfacet
  facet normal 0 -1 -0
    outer loop
      vertex 42.6 -15.21 12.4
      vertex 41.4 -15.21 0
      vertex 42.6 -15.21 0
    endloop
  endfacet
  facet normal 0 -1 0
    outer loop
      vertex 17.4 -15.21 0
      vertex 18.6 -15.21 12.4
      vertex 17.4 -15.21 12.4
    endloop
  endfacet
  facet normal 0 -1 -0
    outer loop
      vertex 18.6 -15.21 12.4
      vertex 17.4 -15.21 0
      vertex 18.6 -15.21 0
    endloop
  endfacet
  facet normal 0 -1 0
    outer loop
      vertex -6.6 -15.21 0
      vertex -5.4 -15.21 12.4
      vertex -6.6 -15.21 12.4
    endloop
  endfacet
  facet normal 0 -1 -0
    outer loop
      vertex -5.4 -15.21 12.4
      vertex -6.6 -15.21 0
      vertex -5.4 -15.21 0
    endloop
  endfacet
  facet normal 0 -1 0
    outer loop
      vertex -30.6 -15.21 0
      vertex -29.4 -15.21 12.4
      vertex -30.6 -15.21 12.4
    endloop
  endfacet
  facet normal 0 -1 -0
    outer loop
      vertex -29.4 -15.21 12.4
      vertex -30.6 -15.21 0
      vertex -29.4 -15.21 0
    endloop
  endfacet
  facet normal 0 -1 0
    outer loop
      vertex -54.6 -15.21 0
      vertex -53.4 -15.21 12.4
      vertex -54.6 -15.21 12.4
    endloop
  endfacet
  facet normal 0 -1 -0
    outer loop
      vertex -53.4 -15.21 12.4
      vertex -54.6 -15.21 0
      vertex -53.4 -15.21 0
    endloop
  endfacet
  facet normal 0 -1 0
    outer loop
      vertex -78.6 -15.21 0
      vertex -77.4 -15.21 12.4
      vertex -78.6 -15.21 12.4
    endloop
  endfacet
  facet normal 0 -1 -0
    outer loop
      vertex -77.4 -15.21 12.4
      vertex -78.6 -15.21 0
      vertex -77.4 -15.21 0
    endloop
  endfacet
  facet normal 0 -1 0
    outer loop
      vertex -77.4 -15.21 12.4
      vertex -66.6 -15.21 13.6
      vertex -90 -15.21 13.6
    endloop
  endfacet
  facet normal 0 -1 -0
    outer loop
      vertex -66.6 -15.21 13.6
      vertex -77.4 -15.21 12.4
      vertex -65.4 -15.21 13.6
    endloop
  endfacet
  facet normal 0 -1 0
    outer loop
      vertex -65.4 -15.21 13.6
      vertex -54.6 -15.21 12.4
      vertex -42.6 -15.21 13.6
    endloop
  endfacet
  facet normal 0 -1 0
    outer loop
      vertex -53.4 -15.21 12.4
      vertex -42.6 -15.21 13.6
      vertex -54.6 -15.21 12.4
    endloop
  endfacet
  facet normal 0 -1 0
    outer loop
      vertex -30.6 -15.21 12.4
      vertex -41.4 -15.21 13.6
      vertex -53.4 -15.21 12.4
    endloop
  endfacet
  facet normal 0 -1 0
    outer loop
      vertex -41.4 -15.21 13.6
      vertex -30.6 -15.21 12.4
      vertex -18.6 -15.21 13.6
    endloop
  endfacet
  facet normal 0 -1 -0
    outer loop
      vertex -18.6 -15.21 13.6
      vertex -29.4 -15.21 12.4
      vertex -17.4 -15.21 13.6
    endloop
  endfacet
  facet normal 0 -1 0
    outer loop
      vertex -6.6 -15.21 12.4
      vertex -17.4 -15.21 13.6
      vertex -29.4 -15.21 12.4
    endloop
  endfacet
  facet normal 0 -1 0
    outer loop
      vertex -5.4 -15.21 12.4
      vertex 5.4 -15.21 13.6
      vertex -6.6 -15.21 12.4
    endloop
  endfacet
  facet normal 0 -1 -0
    outer loop
      vertex 5.4 -15.21 13.6
      vertex -5.4 -15.21 12.4
      vertex 6.6 -15.21 13.6
    endloop
  endfacet
  facet normal 0 -1 0
    outer loop
      vertex 17.4 -15.21 12.4
      vertex 6.6 -15.21 13.6
      vertex -5.4 -15.21 12.4
    endloop
  endfacet
  facet normal 0 -1 0
    outer loop
      vertex 6.6 -15.21 13.6
      vertex 17.4 -15.21 12.4
      vertex 29.4 -15.21 13.6
    endloop
  endfacet
  facet normal 0 -1 0
    outer loop
      vertex 18.6 -15.21 12.4
      vertex 29.4 -15.21 13.6
      vertex 17.4 -15.21 12.4
    endloop
  endfacet
  facet normal 0 -1 -0
    outer loop
      vertex 29.4 -15.21 13.6
      vertex 18.6 -15.21 12.4
      vertex 30.6 -15.21 13.6
    endloop
  endfacet
  facet normal 0 -1 0
    outer loop
      vertex -78.6 -15.21 12.4
      vertex -90 -15.21 13.6
      vertex -90 -15.21 12.4
    endloop
  endfacet
  facet normal 0 -1 0
    outer loop
      vertex -77.4 -15.21 12.4
      vertex -90 -15.21 13.6
      vertex -78.6 -15.21 12.4
    endloop
  endfacet
  facet normal 0 -1 -0
    outer loop
      vertex -65.4 -15.21 13.6
      vertex -77.4 -15.21 12.4
      vertex -54.6 -15.21 12.4
    endloop
  endfacet
  facet normal 0 -1 -0
    outer loop
      vertex -42.6 -15.21 13.6
      vertex -53.4 -15.21 12.4
      vertex -41.4 -15.21 13.6
    endloop
  endfacet
  facet normal 0 -1 0
    outer loop
      vertex -29.4 -15.21 12.4
      vertex -18.6 -15.21 13.6
      vertex -30.6 -15.21 12.4
    endloop
  endfacet
  facet normal 0 -1 0
    outer loop
      vertex -17.4 -15.21 13.6
      vertex -6.6 -15.21 12.4
      vertex 5.4 -15.21 13.6
    endloop
  endfacet
  facet normal 0 -1 0
    outer loop
      vertex 41.4 -15.21 12.4
      vertex 30.6 -15.21 13.6
      vertex 18.6 -15.21 12.4
    endloop
  endfacet
  facet normal 0 -1 0
    outer loop
      vertex 30.6 -15.21 13.6
      vertex 41.4 -15.21 12.4
      vertex 53.4 -15.21 13.6
    endloop
  endfacet
  facet normal 0 -1 0
    outer loop
      vertex 42.6 -15.21 12.4
      vertex 53.4 -15.21 13.6
      vertex 41.4 -15.21 12.4
    endloop
  endfacet
  facet normal 0 -1 -0
    outer loop
      vertex 53.4 -15.21 13.6
      vertex 42.6 -15.21 12.4
      vertex 54.6 -15.21 13.6
    endloop
  endfacet
  facet normal 0 -1 0
    outer loop
      vertex 65.4 -15.21 12.4
      vertex 54.6 -15.21 13.6
      vertex 42.6 -15.21 12.4
    endloop
  endfacet
  facet normal 0 -1 0
    outer loop
      vertex 54.6 -15.21 13.6
      vertex 65.4 -15.21 12.4
      vertex 77.4 -15.21 13.6
    endloop
  endfacet
  facet normal 0 -1 0
    outer loop
      vertex 66.6 -15.21 12.4
      vertex 77.4 -15.21 13.6
      vertex 65.4 -15.21 12.4
    endloop
  endfacet
  facet normal 0 -1 -0
    outer loop
      vertex 77.4 -15.21 13.6
      vertex 66.6 -15.21 12.4
      vertex 78.6 -15.21 13.6
    endloop
  endfacet
  facet normal 0 -1 0
    outer loop
      vertex 90 -15.21 12.4
      vertex 78.6 -15.21 13.6
      vertex 66.6 -15.21 12.4
    endloop
  endfacet
  facet normal 0 -1 0
    outer loop
      vertex 78.6 -15.21 13.6
      vertex 90 -15.21 12.4
      vertex 90 -15.21 13.6
    endloop
  endfacet
  facet normal 0 -1 0
    outer loop
      vertex 77.4 -15.21 13.6
      vertex 78.6 -15.21 25.4
      vertex 77.4 -15.21 25.4
    endloop
  endfacet
  facet normal 0 -1 -0
    outer loop
      vertex 78.6 -15.21 25.4
      vertex 77.4 -15.21 13.6
      vertex 78.6 -15.21 13.6
    endloop
  endfacet
  facet normal 0 -1 0
    outer loop
      vertex 53.4 -15.21 13.6
      vertex 54.6 -15.21 25.4
      vertex 53.4 -15.21 25.4
    endloop
  endfacet
  facet normal 0 -1 -0
    outer loop
      vertex 54.6 -15.21 25.4
      vertex 53.4 -15.21 13.6
      vertex 54.6 -15.21 13.6
    endloop
  endfacet
  facet normal 0 -1 0
    outer loop
      vertex 29.4 -15.21 13.6
      vertex 30.6 -15.21 25.4
      vertex 29.4 -15.21 25.4
    endloop
  endfacet
  facet normal 0 -1 -0
    outer loop
      vertex 30.6 -15.21 25.4
      vertex 29.4 -15.21 13.6
      vertex 30.6 -15.21 13.6
    endloop
  endfacet
  facet normal 0 -1 0
    outer loop
      vertex 5.4 -15.21 13.6
      vertex 6.6 -15.21 25.4
      vertex 5.4 -15.21 25.4
    endloop
  endfacet
  facet normal 0 -1 -0
    outer loop
      vertex 6.6 -15.21 25.4
      vertex 5.4 -15.21 13.6
      vertex 6.6 -15.21 13.6
    endloop
  endfacet
  facet normal 0 -1 0
    outer loop
      vertex -18.6 -15.21 13.6
      vertex -17.4 -15.21 25.4
      vertex -18.6 -15.21 25.4
    endloop
  endfacet
  facet normal 0 -1 -0
    outer loop
      vertex -17.4 -15.21 25.4
      vertex -18.6 -15.21 13.6
      vertex -17.4 -15.21 13.6
    endloop
  endfacet
  facet normal 0 -1 0
    outer loop
      vertex -42.6 -15.21 13.6
      vertex -41.4 -15.21 25.4
      vertex -42.6 -15.21 25.4
    endloop
  endfacet
  facet normal 0 -1 -0
    outer loop
      vertex -41.4 -15.21 25.4
      vertex -42.6 -15.21 13.6
      vertex -41.4 -15.21 13.6
    endloop
  endfacet
  facet normal 0 -1 0
    outer loop
      vertex -66.6 -15.21 13.6
      vertex -65.4 -15.21 25.4
      vertex -66.6 -15.21 25.4
    endloop
  endfacet
  facet normal 0 -1 -0
    outer loop
      vertex -65.4 -15.21 25.4
      vertex -66.6 -15.21 13.6
      vertex -65.4 -15.21 13.6
    endloop
  endfacet
  facet normal 0 -1 0
    outer loop
      vertex -90 -15.21 25.4
      vertex -78.6 -15.21 26.6
      vertex -90 -15.21 26.6
    endloop
  endfacet
  facet normal 0 -1 -0
    outer loop
      vertex -78.6 -15.21 26.6
      vertex -90 -15.21 25.4
      vertex -77.4 -15.21 26.6
    endloop
  endfacet
  facet normal 0 -1 0
    outer loop
      vertex -77.4 -15.21 26.6
      vertex -66.6 -15.21 25.4
      vertex -54.6 -15.21 26.6
    endloop
  endfacet
  facet normal 0 -1 0
    outer loop
      vertex -65.4 -15.21 25.4
      vertex -54.6 -15.21 26.6
      vertex -66.6 -15.21 25.4
    endloop
  endfacet
  facet normal 0 -1 0
    outer loop
      vertex -42.6 -15.21 25.4
      vertex -53.4 -15.21 26.6
      vertex -65.4 -15.21 25.4
    endloop
  endfacet
  facet normal 0 -1 0
    outer loop
      vertex -53.4 -15.21 26.6
      vertex -42.6 -15.21 25.4
      vertex -30.6 -15.21 26.6
    endloop
  endfacet
  facet normal 0 -1 0
    outer loop
      vertex -18.6 -15.21 25.4
      vertex -29.4 -15.21 26.6
      vertex -41.4 -15.21 25.4
    endloop
  endfacet
  facet normal 0 -1 0
    outer loop
      vertex -29.4 -15.21 26.6
      vertex -18.6 -15.21 25.4
      vertex -6.6 -15.21 26.6
    endloop
  endfacet
  facet normal 0 -1 -0
    outer loop
      vertex -6.6 -15.21 26.6
      vertex -17.4 -15.21 25.4
      vertex -5.4 -15.21 26.6
    endloop
  endfacet
  facet normal 0 -1 0
    outer loop
      vertex 5.4 -15.21 25.4
      vertex -5.4 -15.21 26.6
      vertex -17.4 -15.21 25.4
    endloop
  endfacet
  facet normal 0 -1 0
    outer loop
      vertex -5.4 -15.21 26.6
      vertex 5.4 -15.21 25.4
      vertex 17.4 -15.21 26.6
    endloop
  endfacet
  facet normal 0 -1 0
    outer loop
      vertex 6.6 -15.21 25.4
      vertex 17.4 -15.21 26.6
      vertex 5.4 -15.21 25.4
    endloop
  endfacet
  facet normal 0 -1 -0
    outer loop
      vertex 17.4 -15.21 26.6
      vertex 6.6 -15.21 25.4
      vertex 18.6 -15.21 26.6
    endloop
  endfacet
  facet normal 0 -1 0
    outer loop
      vertex 29.4 -15.21 25.4
      vertex 18.6 -15.21 26.6
      vertex 6.6 -15.21 25.4
    endloop
  endfacet
  facet normal 0 -1 -0
    outer loop
      vertex -77.4 -15.21 26.6
      vertex -90 -15.21 25.4
      vertex -66.6 -15.21 25.4
    endloop
  endfacet
  facet normal 0 -1 -0
    outer loop
      vertex -54.6 -15.21 26.6
      vertex -65.4 -15.21 25.4
      vertex -53.4 -15.21 26.6
    endloop
  endfacet
  facet normal 0 -1 0
    outer loop
      vertex -41.4 -15.21 25.4
      vertex -30.6 -15.21 26.6
      vertex -42.6 -15.21 25.4
    endloop
  endfacet
  facet normal 0 -1 -0
    outer loop
      vertex -30.6 -15.21 26.6
      vertex -41.4 -15.21 25.4
      vertex -29.4 -15.21 26.6
    endloop
  endfacet
  facet normal 0 -1 0
    outer loop
      vertex -17.4 -15.21 25.4
      vertex -6.6 -15.21 26.6
      vertex -18.6 -15.21 25.4
    endloop
  endfacet
  facet normal 0 -1 0
    outer loop
      vertex 18.6 -15.21 26.6
      vertex 29.4 -15.21 25.4
      vertex 41.4 -15.21 26.6
    endloop
  endfacet
  facet normal 0 -1 0
    outer loop
      vertex 30.6 -15.21 25.4
      vertex 41.4 -15.21 26.6
      vertex 29.4 -15.21 25.4
    endloop
  endfacet
  facet normal 0 -1 -0
    outer loop
      vertex 41.4 -15.21 26.6
      vertex 30.6 -15.21 25.4
      vertex 42.6 -15.21 26.6
    endloop
  endfacet
  facet normal 0 -1 0
    outer loop
      vertex 53.4 -15.21 25.4
      vertex 42.6 -15.21 26.6
      vertex 30.6 -15.21 25.4
    endloop
  endfacet
  facet normal 0 -1 0
    outer loop
      vertex 42.6 -15.21 26.6
      vertex 53.4 -15.21 25.4
      vertex 65.4 -15.21 26.6
    endloop
  endfacet
  facet normal 0 -1 0
    outer loop
      vertex 54.6 -15.21 25.4
      vertex 65.4 -15.21 26.6
      vertex 53.4 -15.21 25.4
    endloop
  endfacet
  facet normal 0 -1 -0
    outer loop
      vertex 65.4 -15.21 26.6
      vertex 54.6 -15.21 25.4
      vertex 66.6 -15.21 26.6
    endloop
  endfacet
  facet normal 0 -1 0
    outer loop
      vertex 77.4 -15.21 25.4
      vertex 66.6 -15.21 26.6
      vertex 54.6 -15.21 25.4
    endloop
  endfacet
  facet normal 0 -1 0
    outer loop
      vertex 66.6 -15.21 26.6
      vertex 77.4 -15.21 25.4
      vertex 90 -15.21 26.6
    endloop
  endfacet
  facet normal 0 -1 0
    outer loop
      vertex 78.6 -15.21 25.4
      vertex 90 -15.21 26.6
      vertex 77.4 -15.21 25.4
    endloop
  endfacet
  facet normal 0 -1 -0
    outer loop
      vertex 90 -15.21 26.6
      vertex 78.6 -15.21 25.4
      vertex 90 -15.21 25.4
    endloop
  endfacet
  facet normal 0 -1 0
    outer loop
      vertex 65.4 -15.21 26.6
      vertex 66.6 -15.21 38.4
      vertex 65.4 -15.21 38.4
    endloop
  endfacet
  facet normal 0 -1 -0
    outer loop
      vertex 66.6 -15.21 38.4
      vertex 65.4 -15.21 26.6
      vertex 66.6 -15.21 26.6
    endloop
  endfacet
  facet normal 0 -1 0
    outer loop
      vertex 41.4 -15.21 26.6
      vertex 42.6 -15.21 38.4
      vertex 41.4 -15.21 38.4
    endloop
  endfacet
  facet normal 0 -1 -0
    outer loop
      vertex 42.6 -15.21 38.4
      vertex 41.4 -15.21 26.6
      vertex 42.6 -15.21 26.6
    endloop
  endfacet
  facet normal 0 -1 0
    outer loop
      vertex 17.4 -15.21 26.6
      vertex 18.6 -15.21 38.4
      vertex 17.4 -15.21 38.4
    endloop
  endfacet
  facet normal 0 -1 -0
    outer loop
      vertex 18.6 -15.21 38.4
      vertex 17.4 -15.21 26.6
      vertex 18.6 -15.21 26.6
    endloop
  endfacet
  facet normal 0 -1 0
    outer loop
      vertex -6.6 -15.21 26.6
      vertex -5.4 -15.21 38.4
      vertex -6.6 -15.21 38.4
    endloop
  endfacet
  facet normal 0 -1 -0
    outer loop
      vertex -5.4 -15.21 38.4
      vertex -6.6 -15.21 26.6
      vertex -5.4 -15.21 26.6
    endloop
  endfacet
  facet normal 0 -1 0
    outer loop
      vertex -30.6 -15.21 26.6
      vertex -29.4 -15.21 38.4
      vertex -30.6 -15.21 38.4
    endloop
  endfacet
  facet normal 0 -1 -0
    outer loop
      vertex -29.4 -15.21 38.4
      vertex -30.6 -15.21 26.6
      vertex -29.4 -15.21 26.6
    endloop
  endfacet
  facet normal 0 -1 0
    outer loop
      vertex -54.6 -15.21 26.6
      vertex -53.4 -15.21 38.4
      vertex -54.6 -15.21 38.4
    endloop
  endfacet
  facet normal 0 -1 -0
    outer loop
      vertex -53.4 -15.21 38.4
      vertex -54.6 -15.21 26.6
      vertex -53.4 -15.21 26.6
    endloop
  endfacet
  facet normal 0 -1 0
    outer loop
      vertex -78.6 -15.21 26.6
      vertex -77.4 -15.21 38.4
      vertex -78.6 -15.21 38.4
    endloop
  endfacet
  facet normal 0 -1 -0
    outer loop
      vertex -77.4 -15.21 38.4
      vertex -78.6 -15.21 26.6
      vertex -77.4 -15.21 26.6
    endloop
  endfacet
  facet normal 0 -1 0
    outer loop
      vertex -77.4 -15.21 38.4
      vertex -66.6 -15.21 39.6
      vertex -90 -15.21 39.6
    endloop
  endfacet
  facet normal 0 -1 -0
    outer loop
      vertex -66.6 -15.21 39.6
      vertex -77.4 -15.21 38.4
      vertex -65.4 -15.21 39.6
    endloop
  endfacet
  facet normal 0 -1 0
    outer loop
      vertex -65.4 -15.21 39.6
      vertex -54.6 -15.21 38.4
      vertex -42.6 -15.21 39.6
    endloop
  endfacet
  facet normal 0 -1 0
    outer loop
      vertex -53.4 -15.21 38.4
      vertex -42.6 -15.21 39.6
      vertex -54.6 -15.21 38.4
    endloop
  endfacet
  facet normal 0 -1 0
    outer loop
      vertex -30.6 -15.21 38.4
      vertex -41.4 -15.21 39.6
      vertex -53.4 -15.21 38.4
    endloop
  endfacet
  facet normal 0 -1 0
    outer loop
      vertex -41.4 -15.21 39.6
      vertex -30.6 -15.21 38.4
      vertex -18.6 -15.21 39.6
    endloop
  endfacet
  facet normal 0 -1 -0
    outer loop
      vertex -18.6 -15.21 39.6
      vertex -29.4 -15.21 38.4
      vertex -17.4 -15.21 39.6
    endloop
  endfacet
  facet normal 0 -1 0
    outer loop
      vertex -6.6 -15.21 38.4
      vertex -17.4 -15.21 39.6
      vertex -29.4 -15.21 38.4
    endloop
  endfacet
  facet normal 0 -1 0
    outer loop
      vertex -5.4 -15.21 38.4
      vertex 5.4 -15.21 39.6
      vertex -6.6 -15.21 38.4
    endloop
  endfacet
  facet normal 0 -1 -0
    outer loop
      vertex 5.4 -15.21 39.6
      vertex -5.4 -15.21 38.4
      vertex 6.6 -15.21 39.6
    endloop
  endfacet
  facet normal 0 -1 0
    outer loop
      vertex 17.4 -15.21 38.4
      vertex 6.6 -15.21 39.6
      vertex -5.4 -15.21 38.4
    endloop
  endfacet
  facet normal 0 -1 0
    outer loop
      vertex 6.6 -15.21 39.6
      vertex 17.4 -15.21 38.4
      vertex 29.4 -15.21 39.6
    endloop
  endfacet
  facet normal 0 -1 0
    outer loop
      vertex 18.6 -15.21 38.4
      vertex 29.4 -15.21 39.6
      vertex 17.4 -15.21 38.4
    endloop
  endfacet
  facet normal 0 -1 -0
    outer loop
      vertex 29.4 -15.21 39.6
      vertex 18.6 -15.21 38.4
      vertex 30.6 -15.21 39.6
    endloop
  endfacet
  facet normal 0 -1 0
    outer loop
      vertex -78.6 -15.21 38.4
      vertex -90 -15.21 39.6
      vertex -90 -15.21 38.4
    endloop
  endfacet
  facet normal 0 -1 0
    outer loop
      vertex -77.4 -15.21 38.4
      vertex -90 -15.21 39.6
      vertex -78.6 -15.21 38.4
    endloop
  endfacet
  facet normal 0 -1 -0
    outer loop
      vertex -65.4 -15.21 39.6
      vertex -77.4 -15.21 38.4
      vertex -54.6 -15.21 38.4
    endloop
  endfacet
  facet normal 0 -1 -0
    outer loop
      vertex -42.6 -15.21 39.6
      vertex -53.4 -15.21 38.4
      vertex -41.4 -15.21 39.6
    endloop
  endfacet
  facet normal 0 -1 0
    outer loop
      vertex -29.4 -15.21 38.4
      vertex -18.6 -15.21 39.6
      vertex -30.6 -15.21 38.4
    endloop
  endfacet
  facet normal 0 -1 0
    outer loop
      vertex -17.4 -15.21 39.6
      vertex -6.6 -15.21 38.4
      vertex 5.4 -15.21 39.6
    endloop
  endfacet
  facet normal 0 -1 0
    outer loop
      vertex 41.4 -15.21 38.4
      vertex 30.6 -15.21 39.6
      vertex 18.6 -15.21 38.4
    endloop
  endfacet
  facet normal 0 -1 0
    outer loop
      vertex 30.6 -15.21 39.6
      vertex 41.4 -15.21 38.4
      vertex 53.4 -15.21 39.6
    endloop
  endfacet
  facet normal 0 -1 0
    outer loop
      vertex 42.6 -15.21 38.4
      vertex 53.4 -15.21 39.6
      vertex 41.4 -15.21 38.4
    endloop
  endfacet
  facet normal 0 -1 -0
    outer loop
      vertex 53.4 -15.21 39.6
      vertex 42.6 -15.21 38.4
      vertex 54.6 -15.21 39.6
    endloop
  endfacet
  facet normal 0 -1 0
    outer loop
      vertex 65.4 -15.21 38.4
      vertex 54.6 -15.21 39.6
      vertex 42.6 -15.21 38.4
    endloop
  endfacet
  facet normal 0 -1 0
    outer loop
      vertex 54.6 -15.21 39.6
      vertex 65.4 -15.21 38.4
      vertex 77.4 -15.21 39.6
    endloop
  endfacet
  facet normal 0 -1 0
    outer loop
      vertex 66.6 -15.21 38.4
      vertex 77.4 -15.21 39.6
      vertex 65.4 -15.21 38.4
    endloop
  endfacet
  facet normal 0 -1 -0
    outer loop
      vertex 77.4 -15.21 39.6
      vertex 66.6 -15.21 38.4
      vertex 78.6 -15.21 39.6
    endloop
  endfacet
  facet normal 0 -1 0
    outer loop
      vertex 90 -15.21 38.4
      vertex 78.6 -15.21 39.6
      vertex 66.6 -15.21 38.4
    endloop
  endfacet
  facet normal 0 -1 0
    outer loop
      vertex 78.6 -15.21 39.6
      vertex 90 -15.21 38.4
      vertex 90 -15.21 39.6
    endloop
  endfacet
  facet normal 0 -1 0
    outer loop
      vertex 77.4 -15.21 39.6
      vertex 78.6 -15.21 51.4
      vertex 77.4 -15.21 51.4
    endloop
  endfacet
  facet normal 0 -1 -0
    outer loop
      vertex 78.6 -15.21 51.4
      vertex 77.4 -15.21 39.6
      vertex 78.6 -15.21 39.6
    endloop
  endfacet
  facet normal 0 -1 0
    outer loop
      vertex 53.4 -15.21 39.6
      vertex 54.6 -15.21 51.4
      vertex 53.4 -15.21 51.4
    endloop
  endfacet
  facet normal 0 -1 -0
    outer loop
      vertex 54.6 -15.21 51.4
      vertex 53.4 -15.21 39.6
      vertex 54.6 -15.21 39.6
    endloop
  endfacet
  facet normal 0 -1 0
    outer loop
      vertex 29.4 -15.21 39.6
      vertex 30.6 -15.21 51.4
      vertex 29.4 -15.21 51.4
    endloop
  endfacet
  facet normal 0 -1 -0
    outer loop
      vertex 30.6 -15.21 51.4
      vertex 29.4 -15.21 39.6
      vertex 30.6 -15.21 39.6
    endloop
  endfacet
  facet normal 0 -1 0
    outer loop
      vertex 5.4 -15.21 39.6
      vertex 6.6 -15.21 51.4
      vertex 5.4 -15.21 51.4
    endloop
  endfacet
  facet normal 0 -1 -0
    outer loop
      vertex 6.6 -15.21 51.4
      vertex 5.4 -15.21 39.6
      vertex 6.6 -15.21 39.6
    endloop
  endfacet
  facet normal 0 -1 0
    outer loop
      vertex -18.6 -15.21 39.6
      vertex -17.4 -15.21 51.4
      vertex -18.6 -15.21 51.4
    endloop
  endfacet
  facet normal 0 -1 -0
    outer loop
      vertex -17.4 -15.21 51.4
      vertex -18.6 -15.21 39.6
      vertex -17.4 -15.21 39.6
    endloop
  endfacet
  facet normal 0 -1 0
    outer loop
      vertex -42.6 -15.21 39.6
      vertex -41.4 -15.21 51.4
      vertex -42.6 -15.21 51.4
    endloop
  endfacet
  facet normal 0 -1 -0
    outer loop
      vertex -41.4 -15.21 51.4
      vertex -42.6 -15.21 39.6
      vertex -41.4 -15.21 39.6
    endloop
  endfacet
  facet normal 0 -1 0
    outer loop
      vertex -66.6 -15.21 39.6
      vertex -65.4 -15.21 51.4
      vertex -66.6 -15.21 51.4
    endloop
  endfacet
  facet normal 0 -1 -0
    outer loop
      vertex -65.4 -15.21 51.4
      vertex -66.6 -15.21 39.6
      vertex -65.4 -15.21 39.6
    endloop
  endfacet
  facet normal 0 -1 0
    outer loop
      vertex -90 -15.21 51.4
      vertex -78.6 -15.21 52.6
      vertex -90 -15.21 52.6
    endloop
  endfacet
  facet normal 0 -1 -0
    outer loop
      vertex -78.6 -15.21 52.6
      vertex -90 -15.21 51.4
      vertex -77.4 -15.21 52.6
    endloop
  endfacet
  facet normal 0 -1 0
    outer loop
      vertex -77.4 -15.21 52.6
      vertex -66.6 -15.21 51.4
      vertex -54.6 -15.21 52.6
    endloop
  endfacet
  facet normal 0 -1 0
    outer loop
      vertex -65.4 -15.21 51.4
      vertex -54.6 -15.21 52.6
      vertex -66.6 -15.21 51.4
    endloop
  endfacet
  facet normal 0 -1 0
    outer loop
      vertex -42.6 -15.21 51.4
      vertex -53.4 -15.21 52.6
      vertex -65.4 -15.21 51.4
    endloop
  endfacet
  facet normal 0 -1 0
    outer loop
      vertex -53.4 -15.21 52.6
      vertex -42.6 -15.21 51.4
      vertex -30.6 -15.21 52.6
    endloop
  endfacet
  facet normal 0 -1 0
    outer loop
      vertex -18.6 -15.21 51.4
      vertex -29.4 -15.21 52.6
      vertex -41.4 -15.21 51.4
    endloop
  endfacet
  facet normal 0 -1 0
    outer loop
      vertex -29.4 -15.21 52.6
      vertex -18.6 -15.21 51.4
      vertex -6.6 -15.21 52.6
    endloop
  endfacet
  facet normal 0 -1 -0
    outer loop
      vertex -6.6 -15.21 52.6
      vertex -17.4 -15.21 51.4
      vertex -5.4 -15.21 52.6
    endloop
  endfacet
  facet normal 0 -1 0
    outer loop
      vertex 5.4 -15.21 51.4
      vertex -5.4 -15.21 52.6
      vertex -17.4 -15.21 51.4
    endloop
  endfacet
  facet normal 0 -1 0
    outer loop
      vertex -5.4 -15.21 52.6
      vertex 5.4 -15.21 51.4
      vertex 17.4 -15.21 52.6
    endloop
  endfacet
  facet normal 0 -1 0
    outer loop
      vertex 6.6 -15.21 51.4
      vertex 17.4 -15.21 52.6
      vertex 5.4 -15.21 51.4
    endloop
  endfacet
  facet normal 0 -1 -0
    outer loop
      vertex 17.4 -15.21 52.6
      vertex 6.6 -15.21 51.4
      vertex 18.6 -15.21 52.6
    endloop
  endfacet
  facet normal 0 -1 0
    outer loop
      vertex 29.4 -15.21 51.4
      vertex 18.6 -15.21 52.6
      vertex 6.6 -15.21 51.4
    endloop
  endfacet
  facet normal 0 -1 -0
    outer loop
      vertex -77.4 -15.21 52.6
      vertex -90 -15.21 51.4
      vertex -66.6 -15.21 51.4
    endloop
  endfacet
  facet normal 0 -1 -0
    outer loop
      vertex -54.6 -15.21 52.6
      vertex -65.4 -15.21 51.4
      vertex -53.4 -15.21 52.6
    endloop
  endfacet
  facet normal 0 -1 0
    outer loop
      vertex -41.4 -15.21 51.4
      vertex -30.6 -15.21 52.6
      vertex -42.6 -15.21 51.4
    endloop
  endfacet
  facet normal 0 -1 -0
    outer loop
      vertex -30.6 -15.21 52.6
      vertex -41.4 -15.21 51.4
      vertex -29.4 -15.21 52.6
    endloop
  endfacet
  facet normal 0 -1 0
    outer loop
      vertex -17.4 -15.21 51.4
      vertex -6.6 -15.21 52.6
      vertex -18.6 -15.21 51.4
    endloop
  endfacet
  facet normal 0 -1 0
    outer loop
      vertex 18.6 -15.21 52.6
      vertex 29.4 -15.21 51.4
      vertex 41.4 -15.21 52.6
    endloop
  endfacet
  facet normal 0 -1 0
    outer loop
      vertex 30.6 -15.21 51.4
      vertex 41.4 -15.21 52.6
      vertex 29.4 -15.21 51.4
    endloop
  endfacet
  facet normal 0 -1 -0
    outer loop
      vertex 41.4 -15.21 52.6
      vertex 30.6 -15.21 51.4
      vertex 42.6 -15.21 52.6
    endloop
  endfacet
  facet normal 0 -1 0
    outer loop
      vertex 53.4 -15.21 51.4
      vertex 42.6 -15.21 52.6
      vertex 30.6 -15.21 51.4
    endloop
  endfacet
  facet normal 0 -1 0
    outer loop
      vertex 42.6 -15.21 52.6
      vertex 53.4 -15.21 51.4
      vertex 65.4 -15.21 52.6
    endloop
  endfacet
  facet normal 0 -1 0
    outer loop
      vertex 54.6 -15.21 51.4
      vertex 65.4 -15.21 52.6
      vertex 53.4 -15.21 51.4
    endloop
  endfacet
  facet normal 0 -1 -0
    outer loop
      vertex 65.4 -15.21 52.6
      vertex 54.6 -15.21 51.4
      vertex 66.6 -15.21 52.6
    endloop
  endfacet
  facet normal 0 -1 0
    outer loop
      vertex 77.4 -15.21 51.4
      vertex 66.6 -15.21 52.6
      vertex 54.6 -15.21 51.4
    endloop
  endfacet
  facet normal 0 -1 0
    outer loop
      vertex 66.6 -15.21 52.6
      vertex 77.4 -15.21 51.4
      vertex 90 -15.21 52.6
    endloop
  endfacet
  facet normal 0 -1 0
    outer loop
      vertex 78.6 -15.21 51.4
      vertex 90 -15.21 52.6
      vertex 77.4 -15.21 51.4
    endloop
  endfacet
  facet normal 0 -1 -0
    outer loop
      vertex 90 -15.21 52.6
      vertex 78.6 -15.21 51.4
      vertex 90 -15.21 51.4
    endloop
  endfacet
  facet normal 0 -1 0
    outer loop
      vertex 65.4 -15.21 52.6
      vertex 66.6 -15.21 64.4
      vertex 65.4 -15.21 64.4
    endloop
  endfacet
  facet normal 0 -1 -0
    outer loop
      vertex 66.6 -15.21 64.4
      vertex 65.4 -15.21 52.6
      vertex 66.6 -15.21 52.6
    endloop
  endfacet
  facet normal 0 -1 0
    outer loop
      vertex 41.4 -15.21 52.6
      vertex 42.6 -15.21 64.4
      vertex 41.4 -15.21 64.4
    endloop
  endfacet
  facet normal 0 -1 -0
    outer loop
      vertex 42.6 -15.21 64.4
      vertex 41.4 -15.21 52.6
      vertex 42.6 -15.21 52.6
    endloop
  endfacet
  facet normal 0 -1 0
    outer loop
      vertex 17.4 -15.21 52.6
      vertex 18.6 -15.21 64.4
      vertex 17.4 -15.21 64.4
    endloop
  endfacet
  facet normal 0 -1 -0
    outer loop
      vertex 18.6 -15.21 64.4
      vertex 17.4 -15.21 52.6
      vertex 18.6 -15.21 52.6
    endloop
  endfacet
  facet normal 0 -1 0
    outer loop
      vertex -6.6 -15.21 52.6
      vertex -5.4 -15.21 64.4
      vertex -6.6 -15.21 64.4
    endloop
  endfacet
  facet normal 0 -1 -0
    outer loop
      vertex -5.4 -15.21 64.4
      vertex -6.6 -15.21 52.6
      vertex -5.4 -15.21 52.6
    endloop
  endfacet
  facet normal 0 -1 0
    outer loop
      vertex -30.6 -15.21 52.6
      vertex -29.4 -15.21 64.4
      vertex -30.6 -15.21 64.4
    endloop
  endfacet
  facet normal 0 -1 -0
    outer loop
      vertex -29.4 -15.21 64.4
      vertex -30.6 -15.21 52.6
      vertex -29.4 -15.21 52.6
    endloop
  endfacet
  facet normal 0 -1 0
    outer loop
      vertex -54.6 -15.21 52.6
      vertex -53.4 -15.21 64.4
      vertex -54.6 -15.21 64.4
    endloop
  endfacet
  facet normal 0 -1 -0
    outer loop
      vertex -53.4 -15.21 64.4
      vertex -54.6 -15.21 52.6
      vertex -53.4 -15.21 52.6
    endloop
  endfacet
  facet normal 0 -1 0
    outer loop
      vertex -78.6 -15.21 52.6
      vertex -77.4 -15.21 64.4
      vertex -78.6 -15.21 64.4
    endloop
  endfacet
  facet normal 0 -1 -0
    outer loop
      vertex -77.4 -15.21 64.4
      vertex -78.6 -15.21 52.6
      vertex -77.4 -15.21 52.6
    endloop
  endfacet
  facet normal 0 -1 0
    outer loop
      vertex -77.4 -15.21 64.4
      vertex -66.6 -15.21 65.6
      vertex -90 -15.21 65.6
    endloop
  endfacet
  facet normal 0 -1 -0
    outer loop
      vertex -66.6 -15.21 65.6
      vertex -77.4 -15.21 64.4
      vertex -65.4 -15.21 65.6
    endloop
  endfacet
  facet normal 0 -1 0
    outer loop
      vertex -65.4 -15.21 65.6
      vertex -54.6 -15.21 64.4
      vertex -42.6 -15.21 65.6
    endloop
  endfacet
  facet normal 0 -1 0
    outer loop
      vertex -53.4 -15.21 64.4
      vertex -42.6 -15.21 65.6
      vertex -54.6 -15.21 64.4
    endloop
  endfacet
  facet normal 0 -1 0
    outer loop
      vertex -30.6 -15.21 64.4
      vertex -41.4 -15.21 65.6
      vertex -53.4 -15.21 64.4
    endloop
  endfacet
  facet normal 0 -1 0
    outer loop
      vertex -41.4 -15.21 65.6
      vertex -30.6 -15.21 64.4
      vertex -18.6 -15.21 65.6
    endloop
  endfacet
  facet normal 0 -1 -0
    outer loop
      vertex -18.6 -15.21 65.6
      vertex -29.4 -15.21 64.4
      vertex -17.4 -15.21 65.6
    endloop
  endfacet
  facet normal 0 -1 0
    outer loop
      vertex -6.6 -15.21 64.4
      vertex -17.4 -15.21 65.6
      vertex -29.4 -15.21 64.4
    endloop
  endfacet
  facet normal 0 -1 0
    outer loop
      vertex -5.4 -15.21 64.4
      vertex 5.4 -15.21 65.6
      vertex -6.6 -15.21 64.4
    endloop
  endfacet
  facet normal 0 -1 -0
    outer loop
      vertex 5.4 -15.21 65.6
      vertex -5.4 -15.21 64.4
      vertex 6.6 -15.21 65.6
    endloop
  endfacet
  facet normal 0 -1 0
    outer loop
      vertex 17.4 -15.21 64.4
      vertex 6.6 -15.21 65.6
      vertex -5.4 -15.21 64.4
    endloop
  endfacet
  facet normal 0 -1 0
    outer loop
      vertex 6.6 -15.21 65.6
      vertex 17.4 -15.21 64.4
      vertex 29.4 -15.21 65.6
    endloop
  endfacet
  facet normal 0 -1 0
    outer loop
      vertex 18.6 -15.21 64.4
      vertex 29.4 -15.21 65.6
      vertex 17.4 -15.21 64.4
    endloop
  endfacet
  facet normal 0 -1 -0
    outer loop
      vertex 29.4 -15.21 65.6
      vertex 18.6 -15.21 64.4
      vertex 30.6 -15.21 65.6
    endloop
  endfacet
  facet normal 0 -1 0
    outer loop
      vertex -78.6 -15.21 64.4
      vertex -90 -15.21 65.6
      vertex -90 -15.21 64.4
    endloop
  endfacet
  facet normal 0 -1 0
    outer loop
      vertex -77.4 -15.21 64.4
      vertex -90 -15.21 65.6
      vertex -78.6 -15.21 64.4
    endloop
  endfacet
  facet normal 0 -1 -0
    outer loop
      vertex -65.4 -15.21 65.6
      vertex -77.4 -15.21 64.4
      vertex -54.6 -15.21 64.4
    endloop
  endfacet
  facet normal 0 -1 -0
    outer loop
      vertex -42.6 -15.21 65.6
      vertex -53.4 -15.21 64.4
      vertex -41.4 -15.21 65.6
    endloop
  endfacet
  facet normal 0 -1 0
    outer loop
      vertex -29.4 -15.21 64.4
      vertex -18.6 -15.21 65.6
      vertex -30.6 -15.21 64.4
    endloop
  endfacet
  facet normal 0 -1 0
    outer loop
      vertex -17.4 -15.21 65.6
      vertex -6.6 -15.21 64.4
      vertex 5.4 -15.21 65.6
    endloop
  endfacet
  facet normal 0 -1 0
    outer loop
      vertex 41.4 -15.21 64.4
      vertex 30.6 -15.21 65.6
      vertex 18.6 -15.21 64.4
    endloop
  endfacet
  facet normal 0 -1 0
    outer loop
      vertex 30.6 -15.21 65.6
      vertex 41.4 -15.21 64.4
      vertex 53.4 -15.21 65.6
    endloop
  endfacet
  facet normal 0 -1 0
    outer loop
      vertex 42.6 -15.21 64.4
      vertex 53.4 -15.21 65.6
      vertex 41.4 -15.21 64.4
    endloop
  endfacet
  facet normal 0 -1 -0
    outer loop
      vertex 53.4 -15.21 65.6
      vertex 42.6 -15.21 64.4
      vertex 54.6 -15.21 65.6
    endloop
  endfacet
  facet normal 0 -1 0
    outer loop
      vertex 65.4 -15.21 64.4
      vertex 54.6 -15.21 65.6
      vertex 42.6 -15.21 64.4
    endloop
  endfacet
  facet normal 0 -1 0
    outer loop
      vertex 54.6 -15.21 65.6
      vertex 65.4 -15.21 64.4
      vertex 77.4 -15.21 65.6
    endloop
  endfacet
  facet normal 0 -1 0
    outer loop
      vertex 66.6 -15.21 64.4
      vertex 77.4 -15.21 65.6
      vertex 65.4 -15.21 64.4
    endloop
  endfacet
  facet normal 0 -1 -0
    outer loop
      vertex 77.4 -15.21 65.6
      vertex 66.6 -15.21 64.4
      vertex 78.6 -15.21 65.6
    endloop
  endfacet
  facet normal 0 -1 0
    outer loop
      vertex 90 -15.21 64.4
      vertex 78.6 -15.21 65.6
      vertex 66.6 -15.21 64.4
    endloop
  endfacet
  facet normal 0 -1 0
    outer loop
      vertex 78.6 -15.21 65.6
      vertex 90 -15.21 64.4
      vertex 90 -15.21 65.6
    endloop
  endfacet
  facet normal 0 -1 0
    outer loop
      vertex 77.4 -15.21 65.6
      vertex 78.6 -15.21 77.4
      vertex 77.4 -15.21 77.4
    endloop
  endfacet
  facet normal 0 -1 -0
    outer loop
      vertex 78.6 -15.21 77.4
      vertex 77.4 -15.21 65.6
      vertex 78.6 -15.21 65.6
    endloop
  endfacet
  facet normal 0 -1 0
    outer loop
      vertex 53.4 -15.21 65.6
      vertex 54.6 -15.21 77.4
      vertex 53.4 -15.21 77.4
    endloop
  endfacet
  facet normal 0 -1 -0
    outer loop
      vertex 54.6 -15.21 77.4
      vertex 53.4 -15.21 65.6
      vertex 54.6 -15.21 65.6
    endloop
  endfacet
  facet normal 0 -1 0
    outer loop
      vertex 29.4 -15.21 65.6
      vertex 30.6 -15.21 77.4
      vertex 29.4 -15.21 77.4
    endloop
  endfacet
  facet normal 0 -1 -0
    outer loop
      vertex 30.6 -15.21 77.4
      vertex 29.4 -15.21 65.6
      vertex 30.6 -15.21 65.6
    endloop
  endfacet
  facet normal 0 -1 0
    outer loop
      vertex 5.4 -15.21 65.6
      vertex 6.6 -15.21 77.4
      vertex 5.4 -15.21 77.4
    endloop
  endfacet
  facet normal 0 -1 -0
    outer loop
      vertex 6.6 -15.21 77.4
      vertex 5.4 -15.21 65.6
      vertex 6.6 -15.21 65.6
    endloop
  endfacet
  facet normal 0 -1 0
    outer loop
      vertex -18.6 -15.21 65.6
      vertex -17.4 -15.21 77.4
      vertex -18.6 -15.21 77.4
    endloop
  endfacet
  facet normal 0 -1 -0
    outer loop
      vertex -17.4 -15.21 77.4
      vertex -18.6 -15.21 65.6
      vertex -17.4 -15.21 65.6
    endloop
  endfacet
  facet normal 0 -1 0
    outer loop
      vertex -66.6 -15.21 65.6
      vertex -65.4 -15.21 77.4
      vertex -66.6 -15.21 77.4
    endloop
  endfacet
  facet normal 0 -1 -0
    outer loop
      vertex -65.4 -15.21 77.4
      vertex -66.6 -15.21 65.6
      vertex -65.4 -15.21 65.6
    endloop
  endfacet
  facet normal 0 -1 0
    outer loop
      vertex 54.6 -15.21 77.4
      vertex 65.4 -15.21 78.6
      vertex 51 -15.21 78.6
    endloop
  endfacet
  facet normal 0 -1 -0
    outer loop
      vertex 65.4 -15.21 78.6
      vertex 54.6 -15.21 77.4
      vertex 66.6 -15.21 78.6
    endloop
  endfacet
  facet normal 0 -1 0
    outer loop
      vertex 53.4 -15.21 77.4
      vertex 51 -15.21 78.6
      vertex 51 -15.21 77.4
    endloop
  endfacet
  facet normal 0 -1 0
    outer loop
      vertex 54.6 -15.21 77.4
      vertex 51 -15.21 78.6
      vertex 53.4 -15.21 77.4
    endloop
  endfacet
  facet normal 0 -1 -0
    outer loop
      vertex 66.6 -15.21 78.6
      vertex 54.6 -15.21 77.4
      vertex 77.4 -15.21 77.4
    endloop
  endfacet
  facet normal 0 -1 0
    outer loop
      vertex 66.6 -15.21 78.6
      vertex 77.4 -15.21 77.4
      vertex 90 -15.21 78.6
    endloop
  endfacet
  facet normal 0 -1 0
    outer loop
      vertex 78.6 -15.21 77.4
      vertex 90 -15.21 78.6
      vertex 77.4 -15.21 77.4
    endloop
  endfacet
  facet normal 0 -1 -0
    outer loop
      vertex 90 -15.21 78.6
      vertex 78.6 -15.21 77.4
      vertex 90 -15.21 77.4
    endloop
  endfacet
  facet normal 0 -1 0
    outer loop
      vertex -39 -15.21 77.4
      vertex -30.6 -15.21 78.6
      vertex -39 -15.21 78.6
    endloop
  endfacet
  facet normal 0 -1 -0
    outer loop
      vertex -30.6 -15.21 78.6
      vertex -39 -15.21 77.4
      vertex -29.4 -15.21 78.6
    endloop
  endfacet
  facet normal 0 -1 0
    outer loop
      vertex -29.4 -15.21 78.6
      vertex -18.6 -15.21 77.4
      vertex -6.6 -15.21 78.6
    endloop
  endfacet
  facet normal 0 -1 0
    outer loop
      vertex -17.4 -15.21 77.4
      vertex -6.6 -15.21 78.6
      vertex -18.6 -15.21 77.4
    endloop
  endfacet
  facet normal 0 -1 0
    outer loop
      vertex 5.4 -15.21 77.4
      vertex -5.4 -15.21 78.6
      vertex -17.4 -15.21 77.4
    endloop
  endfacet
  facet normal 0 -1 0
    outer loop
      vertex -5.4 -15.21 78.6
      vertex 5.4 -15.21 77.4
      vertex 17.4 -15.21 78.6
    endloop
  endfacet
  facet normal 0 -1 -0
    outer loop
      vertex -29.4 -15.21 78.6
      vertex -39 -15.21 77.4
      vertex -18.6 -15.21 77.4
    endloop
  endfacet
  facet normal 0 -1 -0
    outer loop
      vertex -6.6 -15.21 78.6
      vertex -17.4 -15.21 77.4
      vertex -5.4 -15.21 78.6
    endloop
  endfacet
  facet normal 0 -1 0
    outer loop
      vertex 6.6 -15.21 77.4
      vertex 17.4 -15.21 78.6
      vertex 5.4 -15.21 77.4
    endloop
  endfacet
  facet normal 0 -1 -0
    outer loop
      vertex 17.4 -15.21 78.6
      vertex 6.6 -15.21 77.4
      vertex 18.6 -15.21 78.6
    endloop
  endfacet
  facet normal 0 -1 0
    outer loop
      vertex 29.4 -15.21 77.4
      vertex 18.6 -15.21 78.6
      vertex 6.6 -15.21 77.4
    endloop
  endfacet
  facet normal 0 -1 0
    outer loop
      vertex 18.6 -15.21 78.6
      vertex 29.4 -15.21 77.4
      vertex 39 -15.21 78.6
    endloop
  endfacet
  facet normal 0 -1 0
    outer loop
      vertex 30.6 -15.21 77.4
      vertex 39 -15.21 78.6
      vertex 29.4 -15.21 77.4
    endloop
  endfacet
  facet normal 0 -1 -0
    outer loop
      vertex 39 -15.21 78.6
      vertex 30.6 -15.21 77.4
      vertex 39 -15.21 77.4
    endloop
  endfacet
  facet normal 0 -1 0
    outer loop
      vertex -90 -15.21 77.4
      vertex -78.6 -15.21 78.6
      vertex -90 -15.21 78.6
    endloop
  endfacet
  facet normal 0 -1 -0
    outer loop
      vertex -78.6 -15.21 78.6
      vertex -90 -15.21 77.4
      vertex -77.4 -15.21 78.6
    endloop
  endfacet
  facet normal 0 -1 0
    outer loop
      vertex -77.4 -15.21 78.6
      vertex -66.6 -15.21 77.4
      vertex -54.6 -15.21 78.6
    endloop
  endfacet
  facet normal 0 -1 0
    outer loop
      vertex -65.4 -15.21 77.4
      vertex -54.6 -15.21 78.6
      vertex -66.6 -15.21 77.4
    endloop
  endfacet
  facet normal 0 -1 -0
    outer loop
      vertex -77.4 -15.21 78.6
      vertex -90 -15.21 77.4
      vertex -66.6 -15.21 77.4
    endloop
  endfacet
  facet normal 0 -1 0
    outer loop
      vertex -51 -15.21 77.4
      vertex -54.6 -15.21 78.6
      vertex -65.4 -15.21 77.4
    endloop
  endfacet
  facet normal 0 -1 0
    outer loop
      vertex -54.6 -15.21 78.6
      vertex -51 -15.21 77.4
      vertex -53.4 -15.21 78.6
    endloop
  endfacet
  facet normal 0 -1 0
    outer loop
      vertex -53.4 -15.21 78.6
      vertex -51 -15.21 77.4
      vertex -51 -15.21 78.6
    endloop
  endfacet
  facet normal 0 -1 0
    outer loop
      vertex 65.4 -15.21 78.6
      vertex 66.6 -15.21 90.4
      vertex 65.4 -15.21 90.4
    endloop
  endfacet
  facet normal 0 -1 -0
    outer loop
      vertex 66.6 -15.21 90.4
      vertex 65.4 -15.21 78.6
      vertex 66.6 -15.21 78.6
    endloop
  endfacet
  facet normal 0 -1 0
    outer loop
      vertex 41.4 -15.21 80
      vertex 42.6 -15.21 90.4
      vertex 41.4 -15.21 90.4
    endloop
  endfacet
  facet normal 0 -1 -0
    outer loop
      vertex 42.6 -15.21 90.4
      vertex 41.4 -15.21 80
      vertex 42.6 -15.21 80
    endloop
  endfacet
  facet normal 0 -1 0
    outer loop
      vertex 17.4 -15.21 78.6
      vertex 18.6 -15.21 90.4
      vertex 17.4 -15.21 90.4
    endloop
  endfacet
  facet normal 0 -1 -0
    outer loop
      vertex 18.6 -15.21 90.4
      vertex 17.4 -15.21 78.6
      vertex 18.6 -15.21 78.6
    endloop
  endfacet
  facet normal 0 -1 0
    outer loop
      vertex -6.6 -15.21 78.6
      vertex -5.4 -15.21 90.4
      vertex -6.6 -15.21 90.4
    endloop
  endfacet
  facet normal 0 -1 -0
    outer loop
      vertex -5.4 -15.21 90.4
      vertex -6.6 -15.21 78.6
      vertex -5.4 -15.21 78.6
    endloop
  endfacet
  facet normal 0 -1 0
    outer loop
      vertex -30.6 -15.21 78.6
      vertex -29.4 -15.21 90.4
      vertex -30.6 -15.21 90.4
    endloop
  endfacet
  facet normal 0 -1 -0
    outer loop
      vertex -29.4 -15.21 90.4
      vertex -30.6 -15.21 78.6
      vertex -29.4 -15.21 78.6
    endloop
  endfacet
  facet normal 0 -1 0
    outer loop
      vertex -54.6 -15.21 78.6
      vertex -53.4 -15.21 90.4
      vertex -54.6 -15.21 90.4
    endloop
  endfacet
  facet normal 0 -1 -0
    outer loop
      vertex -53.4 -15.21 90.4
      vertex -54.6 -15.21 78.6
      vertex -53.4 -15.21 78.6
    endloop
  endfacet
  facet normal 0 -1 0
    outer loop
      vertex -78.6 -15.21 78.6
      vertex -77.4 -15.21 90.4
      vertex -78.6 -15.21 90.4
    endloop
  endfacet
  facet normal 0 -1 -0
    outer loop
      vertex -77.4 -15.21 90.4
      vertex -78.6 -15.21 78.6
      vertex -77.4 -15.21 78.6
    endloop
  endfacet
  facet normal 0 -1 0
    outer loop
      vertex -77.4 -15.21 90.4
      vertex -66.6 -15.21 91.6
      vertex -90 -15.21 91.6
    endloop
  endfacet
  facet normal 0 -1 -0
    outer loop
      vertex -66.6 -15.21 91.6
      vertex -77.4 -15.21 90.4
      vertex -65.4 -15.21 91.6
    endloop
  endfacet
  facet normal 0 -1 0
    outer loop
      vertex -65.4 -15.21 91.6
      vertex -54.6 -15.21 90.4
      vertex -42.6 -15.21 91.6
    endloop
  endfacet
  facet normal 0 -1 0
    outer loop
      vertex -53.4 -15.21 90.4
      vertex -42.6 -15.21 91.6
      vertex -54.6 -15.21 90.4
    endloop
  endfacet
  facet normal 0 -1 0
    outer loop
      vertex -30.6 -15.21 90.4
      vertex -41.4 -15.21 91.6
      vertex -53.4 -15.21 90.4
    endloop
  endfacet
  facet normal 0 -1 0
    outer loop
      vertex -41.4 -15.21 91.6
      vertex -30.6 -15.21 90.4
      vertex -18.6 -15.21 91.6
    endloop
  endfacet
  facet normal 0 -1 -0
    outer loop
      vertex -18.6 -15.21 91.6
      vertex -29.4 -15.21 90.4
      vertex -17.4 -15.21 91.6
    endloop
  endfacet
  facet normal 0 -1 0
    outer loop
      vertex -6.6 -15.21 90.4
      vertex -17.4 -15.21 91.6
      vertex -29.4 -15.21 90.4
    endloop
  endfacet
  facet normal 0 -1 0
    outer loop
      vertex -5.4 -15.21 90.4
      vertex 5.4 -15.21 91.6
      vertex -6.6 -15.21 90.4
    endloop
  endfacet
  facet normal 0 -1 -0
    outer loop
      vertex 5.4 -15.21 91.6
      vertex -5.4 -15.21 90.4
      vertex 6.6 -15.21 91.6
    endloop
  endfacet
  facet normal 0 -1 0
    outer loop
      vertex 17.4 -15.21 90.4
      vertex 6.6 -15.21 91.6
      vertex -5.4 -15.21 90.4
    endloop
  endfacet
  facet normal 0 -1 0
    outer loop
      vertex 6.6 -15.21 91.6
      vertex 17.4 -15.21 90.4
      vertex 29.4 -15.21 91.6
    endloop
  endfacet
  facet normal 0 -1 0
    outer loop
      vertex 18.6 -15.21 90.4
      vertex 29.4 -15.21 91.6
      vertex 17.4 -15.21 90.4
    endloop
  endfacet
  facet normal 0 -1 -0
    outer loop
      vertex 29.4 -15.21 91.6
      vertex 18.6 -15.21 90.4
      vertex 30.6 -15.21 91.6
    endloop
  endfacet
  facet normal 0 -1 0
    outer loop
      vertex -78.6 -15.21 90.4
      vertex -90 -15.21 91.6
      vertex -90 -15.21 90.4
    endloop
  endfacet
  facet normal 0 -1 0
    outer loop
      vertex -77.4 -15.21 90.4
      vertex -90 -15.21 91.6
      vertex -78.6 -15.21 90.4
    endloop
  endfacet
  facet normal 0 -1 -0
    outer loop
      vertex -65.4 -15.21 91.6
      vertex -77.4 -15.21 90.4
      vertex -54.6 -15.21 90.4
    endloop
  endfacet
  facet normal 0 -1 -0
    outer loop
      vertex -42.6 -15.21 91.6
      vertex -53.4 -15.21 90.4
      vertex -41.4 -15.21 91.6
    endloop
  endfacet
  facet normal 0 -1 0
    outer loop
      vertex -29.4 -15.21 90.4
      vertex -18.6 -15.21 91.6
      vertex -30.6 -15.21 90.4
    endloop
  endfacet
  facet normal 0 -1 0
    outer loop
      vertex -17.4 -15.21 91.6
      vertex -6.6 -15.21 90.4
      vertex 5.4 -15.21 91.6
    endloop
  endfacet
  facet normal 0 -1 0
    outer loop
      vertex 41.4 -15.21 90.4
      vertex 30.6 -15.21 91.6
      vertex 18.6 -15.21 90.4
    endloop
  endfacet
  facet normal 0 -1 0
    outer loop
      vertex 30.6 -15.21 91.6
      vertex 41.4 -15.21 90.4
      vertex 53.4 -15.21 91.6
    endloop
  endfacet
  facet normal 0 -1 0
    outer loop
      vertex 42.6 -15.21 90.4
      vertex 53.4 -15.21 91.6
      vertex 41.4 -15.21 90.4
    endloop
  endfacet
  facet normal 0 -1 -0
    outer loop
      vertex 53.4 -15.21 91.6
      vertex 42.6 -15.21 90.4
      vertex 54.6 -15.21 91.6
    endloop
  endfacet
  facet normal 0 -1 0
    outer loop
      vertex 65.4 -15.21 90.4
      vertex 54.6 -15.21 91.6
      vertex 42.6 -15.21 90.4
    endloop
  endfacet
  facet normal 0 -1 0
    outer loop
      vertex 54.6 -15.21 91.6
      vertex 65.4 -15.21 90.4
      vertex 77.4 -15.21 91.6
    endloop
  endfacet
  facet normal 0 -1 0
    outer loop
      vertex 66.6 -15.21 90.4
      vertex 77.4 -15.21 91.6
      vertex 65.4 -15.21 90.4
    endloop
  endfacet
  facet normal 0 -1 -0
    outer loop
      vertex 77.4 -15.21 91.6
      vertex 66.6 -15.21 90.4
      vertex 78.6 -15.21 91.6
    endloop
  endfacet
  facet normal 0 -1 0
    outer loop
      vertex 90 -15.21 90.4
      vertex 78.6 -15.21 91.6
      vertex 66.6 -15.21 90.4
    endloop
  endfacet
  facet normal 0 -1 0
    outer loop
      vertex 78.6 -15.21 91.6
      vertex 90 -15.21 90.4
      vertex 90 -15.21 91.6
    endloop
  endfacet
  facet normal 0 -1 0
    outer loop
      vertex 77.4 -15.21 91.6
      vertex 78.6 -15.21 103.4
      vertex 77.4 -15.21 103.4
    endloop
  endfacet
  facet normal 0 -1 -0
    outer loop
      vertex 78.6 -15.21 103.4
      vertex 77.4 -15.21 91.6
      vertex 78.6 -15.21 91.6
    endloop
  endfacet
  facet normal 0 -1 0
    outer loop
      vertex 53.4 -15.21 91.6
      vertex 54.6 -15.21 103.4
      vertex 53.4 -15.21 103.4
    endloop
  endfacet
  facet normal 0 -1 -0
    outer loop
      vertex 54.6 -15.21 103.4
      vertex 53.4 -15.21 91.6
      vertex 54.6 -15.21 91.6
    endloop
  endfacet
  facet normal 0 -1 0
    outer loop
      vertex 29.4 -15.21 91.6
      vertex 30.6 -15.21 103.4
      vertex 29.4 -15.21 103.4
    endloop
  endfacet
  facet normal 0 -1 -0
    outer loop
      vertex 30.6 -15.21 103.4
      vertex 29.4 -15.21 91.6
      vertex 30.6 -15.21 91.6
    endloop
  endfacet
  facet normal 0 -1 0
    outer loop
      vertex 5.4 -15.21 91.6
      vertex 6.6 -15.21 103.4
      vertex 5.4 -15.21 103.4
    endloop
  endfacet
  facet normal 0 -1 -0
    outer loop
      vertex 6.6 -15.21 103.4
      vertex 5.4 -15.21 91.6
      vertex 6.6 -15.21 91.6
    endloop
  endfacet
  facet normal 0 -1 0
    outer loop
      vertex -18.6 -15.21 91.6
      vertex -17.4 -15.21 103.4
      vertex -18.6 -15.21 103.4
    endloop
  endfacet
  facet normal 0 -1 -0
    outer loop
      vertex -17.4 -15.21 103.4
      vertex -18.6 -15.21 91.6
      vertex -17.4 -15.21 91.6
    endloop
  endfacet
  facet normal 0 -1 0
    outer loop
      vertex -42.6 -15.21 91.6
      vertex -41.4 -15.21 103.4
      vertex -42.6 -15.21 103.4
    endloop
  endfacet
  facet normal 0 -1 -0
    outer loop
      vertex -41.4 -15.21 103.4
      vertex -42.6 -15.21 91.6
      vertex -41.4 -15.21 91.6
    endloop
  endfacet
  facet normal 0 -1 0
    outer loop
      vertex -66.6 -15.21 91.6
      vertex -65.4 -15.21 103.4
      vertex -66.6 -15.21 103.4
    endloop
  endfacet
  facet normal 0 -1 -0
    outer loop
      vertex -65.4 -15.21 103.4
      vertex -66.6 -15.21 91.6
      vertex -65.4 -15.21 91.6
    endloop
  endfacet
  facet normal 0 -1 0
    outer loop
      vertex -90 -15.21 103.4
      vertex -78.6 -15.21 104.6
      vertex -90 -15.21 104.6
    endloop
  endfacet
  facet normal 0 -1 -0
    outer loop
      vertex -78.6 -15.21 104.6
      vertex -90 -15.21 103.4
      vertex -77.4 -15.21 104.6
    endloop
  endfacet
  facet normal 0 -1 0
    outer loop
      vertex -77.4 -15.21 104.6
      vertex -66.6 -15.21 103.4
      vertex -54.6 -15.21 104.6
    endloop
  endfacet
  facet normal 0 -1 0
    outer loop
      vertex -65.4 -15.21 103.4
      vertex -54.6 -15.21 104.6
      vertex -66.6 -15.21 103.4
    endloop
  endfacet
  facet normal 0 -1 0
    outer loop
      vertex -42.6 -15.21 103.4
      vertex -53.4 -15.21 104.6
      vertex -65.4 -15.21 103.4
    endloop
  endfacet
  facet normal 0 -1 0
    outer loop
      vertex -53.4 -15.21 104.6
      vertex -42.6 -15.21 103.4
      vertex -30.6 -15.21 104.6
    endloop
  endfacet
  facet normal 0 -1 0
    outer loop
      vertex -18.6 -15.21 103.4
      vertex -29.4 -15.21 104.6
      vertex -41.4 -15.21 103.4
    endloop
  endfacet
  facet normal 0 -1 0
    outer loop
      vertex -29.4 -15.21 104.6
      vertex -18.6 -15.21 103.4
      vertex -6.6 -15.21 104.6
    endloop
  endfacet
  facet normal 0 -1 -0
    outer loop
      vertex -6.6 -15.21 104.6
      vertex -17.4 -15.21 103.4
      vertex -5.4 -15.21 104.6
    endloop
  endfacet
  facet normal 0 -1 0
    outer loop
      vertex 5.4 -15.21 103.4
      vertex -5.4 -15.21 104.6
      vertex -17.4 -15.21 103.4
    endloop
  endfacet
  facet normal 0 -1 0
    outer loop
      vertex -5.4 -15.21 104.6
      vertex 5.4 -15.21 103.4
      vertex 17.4 -15.21 104.6
    endloop
  endfacet
  facet normal 0 -1 0
    outer loop
      vertex 6.6 -15.21 103.4
      vertex 17.4 -15.21 104.6
      vertex 5.4 -15.21 103.4
    endloop
  endfacet
  facet normal 0 -1 -0
    outer loop
      vertex 17.4 -15.21 104.6
      vertex 6.6 -15.21 103.4
      vertex 18.6 -15.21 104.6
    endloop
  endfacet
  facet normal 0 -1 0
    outer loop
      vertex 29.4 -15.21 103.4
      vertex 18.6 -15.21 104.6
      vertex 6.6 -15.21 103.4
    endloop
  endfacet
  facet normal 0 -1 -0
    outer loop
      vertex -77.4 -15.21 104.6
      vertex -90 -15.21 103.4
      vertex -66.6 -15.21 103.4
    endloop
  endfacet
  facet normal 0 -1 -0
    outer loop
      vertex -54.6 -15.21 104.6
      vertex -65.4 -15.21 103.4
      vertex -53.4 -15.21 104.6
    endloop
  endfacet
  facet normal 0 -1 0
    outer loop
      vertex -41.4 -15.21 103.4
      vertex -30.6 -15.21 104.6
      vertex -42.6 -15.21 103.4
    endloop
  endfacet
  facet normal 0 -1 -0
    outer loop
      vertex -30.6 -15.21 104.6
      vertex -41.4 -15.21 103.4
      vertex -29.4 -15.21 104.6
    endloop
  endfacet
  facet normal 0 -1 0
    outer loop
      vertex -17.4 -15.21 103.4
      vertex -6.6 -15.21 104.6
      vertex -18.6 -15.21 103.4
    endloop
  endfacet
  facet normal 0 -1 0
    outer loop
      vertex 18.6 -15.21 104.6
      vertex 29.4 -15.21 103.4
      vertex 41.4 -15.21 104.6
    endloop
  endfacet
  facet normal 0 -1 0
    outer loop
      vertex 30.6 -15.21 103.4
      vertex 41.4 -15.21 104.6
      vertex 29.4 -15.21 103.4
    endloop
  endfacet
  facet normal 0 -1 -0
    outer loop
      vertex 41.4 -15.21 104.6
      vertex 30.6 -15.21 103.4
      vertex 42.6 -15.21 104.6
    endloop
  endfacet
  facet normal 0 -1 0
    outer loop
      vertex 53.4 -15.21 103.4
      vertex 42.6 -15.21 104.6
      vertex 30.6 -15.21 103.4
    endloop
  endfacet
  facet normal 0 -1 0
    outer loop
      vertex 42.6 -15.21 104.6
      vertex 53.4 -15.21 103.4
      vertex 65.4 -15.21 104.6
    endloop
  endfacet
  facet normal 0 -1 0
    outer loop
      vertex 54.6 -15.21 103.4
      vertex 65.4 -15.21 104.6
      vertex 53.4 -15.21 103.4
    endloop
  endfacet
  facet normal 0 -1 -0
    outer loop
      vertex 65.4 -15.21 104.6
      vertex 54.6 -15.21 103.4
      vertex 66.6 -15.21 104.6
    endloop
  endfacet
  facet normal 0 -1 0
    outer loop
      vertex 77.4 -15.21 103.4
      vertex 66.6 -15.21 104.6
      vertex 54.6 -15.21 103.4
    endloop
  endfacet
  facet normal 0 -1 0
    outer loop
      vertex 66.6 -15.21 104.6
      vertex 77.4 -15.21 103.4
      vertex 90 -15.21 104.6
    endloop
  endfacet
  facet normal 0 -1 0
    outer loop
      vertex 78.6 -15.21 103.4
      vertex 90 -15.21 104.6
      vertex 77.4 -15.21 103.4
    endloop
  endfacet
  facet normal 0 -1 -0
    outer loop
      vertex 90 -15.21 104.6
      vertex 78.6 -15.21 103.4
      vertex 90 -15.21 103.4
    endloop
  endfacet
  facet normal 0 -1 0
    outer loop
      vertex 65.4 -15.21 104.6
      vertex 66.6 -15.21 116.4
      vertex 65.4 -15.21 116.4
    endloop
  endfacet
  facet normal 0 -1 -0
    outer loop
      vertex 66.6 -15.21 116.4
      vertex 65.4 -15.21 104.6
      vertex 66.6 -15.21 104.6
    endloop
  endfacet
  facet normal 0 -1 0
    outer loop
      vertex 41.4 -15.21 104.6
      vertex 42.6 -15.21 116.4
      vertex 41.4 -15.21 116.4
    endloop
  endfacet
  facet normal 0 -1 -0
    outer loop
      vertex 42.6 -15.21 116.4
      vertex 41.4 -15.21 104.6
      vertex 42.6 -15.21 104.6
    endloop
  endfacet
  facet normal 0 -1 0
    outer loop
      vertex 17.4 -15.21 104.6
      vertex 18.6 -15.21 116.4
      vertex 17.4 -15.21 116.4
    endloop
  endfacet
  facet normal 0 -1 -0
    outer loop
      vertex 18.6 -15.21 116.4
      vertex 17.4 -15.21 104.6
      vertex 18.6 -15.21 104.6
    endloop
  endfacet
  facet normal 0 -1 0
    outer loop
      vertex -6.6 -15.21 104.6
      vertex -5.4 -15.21 116.4
      vertex -6.6 -15.21 116.4
    endloop
  endfacet
  facet normal 0 -1 -0
    outer loop
      vertex -5.4 -15.21 116.4
      vertex -6.6 -15.21 104.6
      vertex -5.4 -15.21 104.6
    endloop
  endfacet
  facet normal 0 -1 0
    outer loop
      vertex -30.6 -15.21 104.6
      vertex -29.4 -15.21 116.4
      vertex -30.6 -15.21 116.4
    endloop
  endfacet
  facet normal 0 -1 -0
    outer loop
      vertex -29.4 -15.21 116.4
      vertex -30.6 -15.21 104.6
      vertex -29.4 -15.21 104.6
    endloop
  endfacet
  facet normal 0 -1 0
    outer loop
      vertex -54.6 -15.21 104.6
      vertex -53.4 -15.21 116.4
      vertex -54.6 -15.21 116.4
    endloop
  endfacet
  facet normal 0 -1 -0
    outer loop
      vertex -53.4 -15.21 116.4
      vertex -54.6 -15.21 104.6
      vertex -53.4 -15.21 104.6
    endloop
  endfacet
  facet normal 0 -1 0
    outer loop
      vertex -78.6 -15.21 104.6
      vertex -77.4 -15.21 116.4
      vertex -78.6 -15.21 116.4
    endloop
  endfacet
  facet normal 0 -1 -0
    outer loop
      vertex -77.4 -15.21 116.4
      vertex -78.6 -15.21 104.6
      vertex -77.4 -15.21 104.6
    endloop
  endfacet
  facet normal 0 -1 0
    outer loop
      vertex -78.6 -15.21 116.4
      vertex -90 -15.21 117.6
      vertex -90 -15.21 116.4
    endloop
  endfacet
  facet normal 0 -1 0
    outer loop
      vertex -77.4 -15.21 116.4
      vertex -90 -15.21 117.6
      vertex -78.6 -15.21 116.4
    endloop
  endfacet
  facet normal 0 -1 0
    outer loop
      vertex -54.6 -15.21 116.4
      vertex -90 -15.21 117.6
      vertex -77.4 -15.21 116.4
    endloop
  endfacet
  facet normal 0 -1 0
    outer loop
      vertex -53.4 -15.21 116.4
      vertex -90 -15.21 117.6
      vertex -54.6 -15.21 116.4
    endloop
  endfacet
  facet normal 0 -1 0
    outer loop
      vertex -30.6 -15.21 116.4
      vertex -90 -15.21 117.6
      vertex -53.4 -15.21 116.4
    endloop
  endfacet
  facet normal 0 -1 0
    outer loop
      vertex -29.4 -15.21 116.4
      vertex -90 -15.21 117.6
      vertex -30.6 -15.21 116.4
    endloop
  endfacet
  facet normal 0 -1 0
    outer loop
      vertex -90 -15.21 117.6
      vertex -29.4 -15.21 116.4
      vertex 90 -15.21 117.6
    endloop
  endfacet
  facet normal 0 -1 0
    outer loop
      vertex -6.6 -15.21 116.4
      vertex 90 -15.21 117.6
      vertex -29.4 -15.21 116.4
    endloop
  endfacet
  facet normal 0 -1 0
    outer loop
      vertex -5.4 -15.21 116.4
      vertex 90 -15.21 117.6
      vertex -6.6 -15.21 116.4
    endloop
  endfacet
  facet normal 0 -1 0
    outer loop
      vertex 17.4 -15.21 116.4
      vertex 90 -15.21 117.6
      vertex -5.4 -15.21 116.4
    endloop
  endfacet
  facet normal 0 -1 0
    outer loop
      vertex 18.6 -15.21 116.4
      vertex 90 -15.21 117.6
      vertex 17.4 -15.21 116.4
    endloop
  endfacet
  facet normal 0 -1 0
    outer loop
      vertex 41.4 -15.21 116.4
      vertex 90 -15.21 117.6
      vertex 18.6 -15.21 116.4
    endloop
  endfacet
  facet normal 0 -1 0
    outer loop
      vertex 42.6 -15.21 116.4
      vertex 90 -15.21 117.6
      vertex 41.4 -15.21 116.4
    endloop
  endfacet
  facet normal 0 -1 0
    outer loop
      vertex 65.4 -15.21 116.4
      vertex 90 -15.21 117.6
      vertex 42.6 -15.21 116.4
    endloop
  endfacet
  facet normal 0 -1 0
    outer loop
      vertex 66.6 -15.21 116.4
      vertex 90 -15.21 117.6
      vertex 65.4 -15.21 116.4
    endloop
  endfacet
  facet normal 0 -1 -0
    outer loop
      vertex 90 -15.21 117.6
      vertex 66.6 -15.21 116.4
      vertex 90 -15.21 116.4
    endloop
  endfacet
  facet normal 0 -1 0
    outer loop
      vertex -42.6 -15.21 65.6
      vertex -41.4 -15.21 76
      vertex -42.6 -15.21 76
    endloop
  endfacet
  facet normal 0 -1 -0
    outer loop
      vertex -41.4 -15.21 76
      vertex -42.6 -15.21 65.6
      vertex -41.4 -15.21 65.6
    endloop
  endfacet
  facet normal 0 0 -1
    outer loop
      vertex 78.6 15.21 13.6
      vertex 90 16 13.6
      vertex 90 15.21 13.6
    endloop
  endfacet
  facet normal -0 0 -1
    outer loop
      vertex 90 16 13.6
      vertex 78.6 15.21 13.6
      vertex 78.6 16 13.6
    endloop
  endfacet
  facet normal 0 0 -1
    outer loop
      vertex -90 15.21 13.6
      vertex -66.6 16 13.6
      vertex -66.6 15.21 13.6
    endloop
  endfacet
  facet normal -0 0 -1
    outer loop
      vertex -66.6 16 13.6
      vertex -90 15.21 13.6
      vertex -90 16 13.6
    endloop
  endfacet
  facet normal 0 0 -1
    outer loop
      vertex -65.4 15.21 13.6
      vertex -42.6 16 13.6
      vertex -42.6 15.21 13.6
    endloop
  endfacet
  facet normal -0 0 -1
    outer loop
      vertex -42.6 16 13.6
      vertex -65.4 15.21 13.6
      vertex -65.4 16 13.6
    endloop
  endfacet
  facet normal 0 0 -1
    outer loop
      vertex -41.4 15.21 13.6
      vertex -18.6 16 13.6
      vertex -18.6 15.21 13.6
    endloop
  endfacet
  facet normal -0 0 -1
    outer loop
      vertex -18.6 16 13.6
      vertex -41.4 15.21 13.6
      vertex -41.4 16 13.6
    endloop
  endfacet
  facet normal 0 0 -1
    outer loop
      vertex -17.4 15.21 13.6
      vertex 5.4 16 13.6
      vertex 5.4 15.21 13.6
    endloop
  endfacet
  facet normal -0 0 -1
    outer loop
      vertex 5.4 16 13.6
      vertex -17.4 15.21 13.6
      vertex -17.4 16 13.6
    endloop
  endfacet
  facet normal 0 0 -1
    outer loop
      vertex 6.6 15.21 13.6
      vertex 29.4 16 13.6
      vertex 29.4 15.21 13.6
    endloop
  endfacet
  facet normal -0 0 -1
    outer loop
      vertex 29.4 16 13.6
      vertex 6.6 15.21 13.6
      vertex 6.6 16 13.6
    endloop
  endfacet
  facet normal 0 0 -1
    outer loop
      vertex 30.6 15.21 13.6
      vertex 53.4 16 13.6
      vertex 53.4 15.21 13.6
    endloop
  endfacet
  facet normal -0 0 -1
    outer loop
      vertex 53.4 16 13.6
      vertex 30.6 15.21 13.6
      vertex 30.6 16 13.6
    endloop
  endfacet
  facet normal 0 0 -1
    outer loop
      vertex 54.6 15.21 13.6
      vertex 77.4 16 13.6
      vertex 77.4 15.21 13.6
    endloop
  endfacet
  facet normal -0 0 -1
    outer loop
      vertex 77.4 16 13.6
      vertex 54.6 15.21 13.6
      vertex 54.6 16 13.6
    endloop
  endfacet
  facet normal -0 0 1
    outer loop
      vertex -90 16 12.4
      vertex -78.6 15.21 12.4
      vertex -78.6 16 12.4
    endloop
  endfacet
  facet normal 0 0 1
    outer loop
      vertex -78.6 15.21 12.4
      vertex -90 16 12.4
      vertex -90 15.21 12.4
    endloop
  endfacet
  facet normal -0 0 1
    outer loop
      vertex 66.6 16 12.4
      vertex 90 15.21 12.4
      vertex 90 16 12.4
    endloop
  endfacet
  facet normal 0 0 1
    outer loop
      vertex 90 15.21 12.4
      vertex 66.6 16 12.4
      vertex 66.6 15.21 12.4
    endloop
  endfacet
  facet normal -0 0 1
    outer loop
      vertex -77.4 16 12.4
      vertex -54.6 15.21 12.4
      vertex -54.6 16 12.4
    endloop
  endfacet
  facet normal 0 0 1
    outer loop
      vertex -54.6 15.21 12.4
      vertex -77.4 16 12.4
      vertex -77.4 15.21 12.4
    endloop
  endfacet
  facet normal -0 0 1
    outer loop
      vertex -53.4 16 12.4
      vertex -30.6 15.21 12.4
      vertex -30.6 16 12.4
    endloop
  endfacet
  facet normal 0 0 1
    outer loop
      vertex -30.6 15.21 12.4
      vertex -53.4 16 12.4
      vertex -53.4 15.21 12.4
    endloop
  endfacet
  facet normal -0 0 1
    outer loop
      vertex -29.4 16 12.4
      vertex -6.6 15.21 12.4
      vertex -6.6 16 12.4
    endloop
  endfacet
  facet normal 0 0 1
    outer loop
      vertex -6.6 15.21 12.4
      vertex -29.4 16 12.4
      vertex -29.4 15.21 12.4
    endloop
  endfacet
  facet normal -0 0 1
    outer loop
      vertex -5.4 16 12.4
      vertex 17.4 15.21 12.4
      vertex 17.4 16 12.4
    endloop
  endfacet
  facet normal 0 0 1
    outer loop
      vertex 17.4 15.21 12.4
      vertex -5.4 16 12.4
      vertex -5.4 15.21 12.4
    endloop
  endfacet
  facet normal -0 0 1
    outer loop
      vertex 18.6 16 12.4
      vertex 41.4 15.21 12.4
      vertex 41.4 16 12.4
    endloop
  endfacet
  facet normal 0 0 1
    outer loop
      vertex 41.4 15.21 12.4
      vertex 18.6 16 12.4
      vertex 18.6 15.21 12.4
    endloop
  endfacet
  facet normal -0 0 1
    outer loop
      vertex 42.6 16 12.4
      vertex 65.4 15.21 12.4
      vertex 65.4 16 12.4
    endloop
  endfacet
  facet normal 0 0 1
    outer loop
      vertex 65.4 15.21 12.4
      vertex 42.6 16 12.4
      vertex 42.6 15.21 12.4
    endloop
  endfacet
  facet normal 0 1 -0
    outer loop
      vertex -77.4 15.21 0
      vertex -78.6 15.21 12.4
      vertex -77.4 15.21 12.4
    endloop
  endfacet
  facet normal 0 1 0
    outer loop
      vertex -78.6 15.21 12.4
      vertex -77.4 15.21 0
      vertex -78.6 15.21 0
    endloop
  endfacet
  facet normal 0 1 -0
    outer loop
      vertex -53.4 15.21 0
      vertex -54.6 15.21 12.4
      vertex -53.4 15.21 12.4
    endloop
  endfacet
  facet normal 0 1 0
    outer loop
      vertex -54.6 15.21 12.4
      vertex -53.4 15.21 0
      vertex -54.6 15.21 0
    endloop
  endfacet
  facet normal 0 1 -0
    outer loop
      vertex -29.4 15.21 0
      vertex -30.6 15.21 12.4
      vertex -29.4 15.21 12.4
    endloop
  endfacet
  facet normal 0 1 0
    outer loop
      vertex -30.6 15.21 12.4
      vertex -29.4 15.21 0
      vertex -30.6 15.21 0
    endloop
  endfacet
  facet normal 0 1 -0
    outer loop
      vertex -5.4 15.21 0
      vertex -6.6 15.21 12.4
      vertex -5.4 15.21 12.4
    endloop
  endfacet
  facet normal 0 1 0
    outer loop
      vertex -6.6 15.21 12.4
      vertex -5.4 15.21 0
      vertex -6.6 15.21 0
    endloop
  endfacet
  facet normal 0 1 -0
    outer loop
      vertex 18.6 15.21 0
      vertex 17.4 15.21 12.4
      vertex 18.6 15.21 12.4
    endloop
  endfacet
  facet normal 0 1 0
    outer loop
      vertex 17.4 15.21 12.4
      vertex 18.6 15.21 0
      vertex 17.4 15.21 0
    endloop
  endfacet
  facet normal 0 1 -0
    outer loop
      vertex 42.6 15.21 0
      vertex 41.4 15.21 12.4
      vertex 42.6 15.21 12.4
    endloop
  endfacet
  facet normal 0 1 0
    outer loop
      vertex 41.4 15.21 12.4
      vertex 42.6 15.21 0
      vertex 41.4 15.21 0
    endloop
  endfacet
  facet normal 0 1 -0
    outer loop
      vertex 66.6 15.21 0
      vertex 65.4 15.21 12.4
      vertex 66.6 15.21 12.4
    endloop
  endfacet
  facet normal 0 1 0
    outer loop
      vertex 65.4 15.21 12.4
      vertex 66.6 15.21 0
      vertex 65.4 15.21 0
    endloop
  endfacet
  facet normal 0 1 -0
    outer loop
      vertex 90 15.21 12.4
      vertex 78.6 15.21 13.6
      vertex 90 15.21 13.6
    endloop
  endfacet
  facet normal 0 1 0
    outer loop
      vertex 78.6 15.21 13.6
      vertex 90 15.21 12.4
      vertex 77.4 15.21 13.6
    endloop
  endfacet
  facet normal 0 1 0
    outer loop
      vertex 77.4 15.21 13.6
      vertex 66.6 15.21 12.4
      vertex 54.6 15.21 13.6
    endloop
  endfacet
  facet normal 0 1 -0
    outer loop
      vertex 65.4 15.21 12.4
      vertex 54.6 15.21 13.6
      vertex 66.6 15.21 12.4
    endloop
  endfacet
  facet normal 0 1 0
    outer loop
      vertex 42.6 15.21 12.4
      vertex 53.4 15.21 13.6
      vertex 65.4 15.21 12.4
    endloop
  endfacet
  facet normal 0 1 0
    outer loop
      vertex 53.4 15.21 13.6
      vertex 42.6 15.21 12.4
      vertex 30.6 15.21 13.6
    endloop
  endfacet
  facet normal 0 1 0
    outer loop
      vertex 18.6 15.21 12.4
      vertex 29.4 15.21 13.6
      vertex 41.4 15.21 12.4
    endloop
  endfacet
  facet normal 0 1 0
    outer loop
      vertex 29.4 15.21 13.6
      vertex 18.6 15.21 12.4
      vertex 6.6 15.21 13.6
    endloop
  endfacet
  facet normal 0 1 0
    outer loop
      vertex 6.6 15.21 13.6
      vertex 17.4 15.21 12.4
      vertex 5.4 15.21 13.6
    endloop
  endfacet
  facet normal 0 1 0
    outer loop
      vertex -5.4 15.21 12.4
      vertex 5.4 15.21 13.6
      vertex 17.4 15.21 12.4
    endloop
  endfacet
  facet normal 0 1 0
    outer loop
      vertex 5.4 15.21 13.6
      vertex -5.4 15.21 12.4
      vertex -17.4 15.21 13.6
    endloop
  endfacet
  facet normal 0 1 -0
    outer loop
      vertex -6.6 15.21 12.4
      vertex -17.4 15.21 13.6
      vertex -5.4 15.21 12.4
    endloop
  endfacet
  facet normal 0 1 0
    outer loop
      vertex -17.4 15.21 13.6
      vertex -6.6 15.21 12.4
      vertex -18.6 15.21 13.6
    endloop
  endfacet
  facet normal 0 1 0
    outer loop
      vertex -29.4 15.21 12.4
      vertex -18.6 15.21 13.6
      vertex -6.6 15.21 12.4
    endloop
  endfacet
  facet normal 0 1 0
    outer loop
      vertex 77.4 15.21 13.6
      vertex 90 15.21 12.4
      vertex 66.6 15.21 12.4
    endloop
  endfacet
  facet normal 0 1 0
    outer loop
      vertex 54.6 15.21 13.6
      vertex 65.4 15.21 12.4
      vertex 53.4 15.21 13.6
    endloop
  endfacet
  facet normal 0 1 -0
    outer loop
      vertex 41.4 15.21 12.4
      vertex 30.6 15.21 13.6
      vertex 42.6 15.21 12.4
    endloop
  endfacet
  facet normal 0 1 0
    outer loop
      vertex 30.6 15.21 13.6
      vertex 41.4 15.21 12.4
      vertex 29.4 15.21 13.6
    endloop
  endfacet
  facet normal 0 1 -0
    outer loop
      vertex 17.4 15.21 12.4
      vertex 6.6 15.21 13.6
      vertex 18.6 15.21 12.4
    endloop
  endfacet
  facet normal 0 1 0
    outer loop
      vertex -18.6 15.21 13.6
      vertex -29.4 15.21 12.4
      vertex -41.4 15.21 13.6
    endloop
  endfacet
  facet normal 0 1 -0
    outer loop
      vertex -30.6 15.21 12.4
      vertex -41.4 15.21 13.6
      vertex -29.4 15.21 12.4
    endloop
  endfacet
  facet normal 0 1 0
    outer loop
      vertex -41.4 15.21 13.6
      vertex -30.6 15.21 12.4
      vertex -42.6 15.21 13.6
    endloop
  endfacet
  facet normal 0 1 0
    outer loop
      vertex -53.4 15.21 12.4
      vertex -42.6 15.21 13.6
      vertex -30.6 15.21 12.4
    endloop
  endfacet
  facet normal 0 1 0
    outer loop
      vertex -42.6 15.21 13.6
      vertex -53.4 15.21 12.4
      vertex -65.4 15.21 13.6
    endloop
  endfacet
  facet normal 0 1 -0
    outer loop
      vertex -54.6 15.21 12.4
      vertex -65.4 15.21 13.6
      vertex -53.4 15.21 12.4
    endloop
  endfacet
  facet normal 0 1 0
    outer loop
      vertex -65.4 15.21 13.6
      vertex -54.6 15.21 12.4
      vertex -66.6 15.21 13.6
    endloop
  endfacet
  facet normal 0 1 0
    outer loop
      vertex -77.4 15.21 12.4
      vertex -66.6 15.21 13.6
      vertex -54.6 15.21 12.4
    endloop
  endfacet
  facet normal 0 1 0
    outer loop
      vertex -66.6 15.21 13.6
      vertex -77.4 15.21 12.4
      vertex -90 15.21 13.6
    endloop
  endfacet
  facet normal 0 1 -0
    outer loop
      vertex -78.6 15.21 12.4
      vertex -90 15.21 13.6
      vertex -77.4 15.21 12.4
    endloop
  endfacet
  facet normal 0 1 0
    outer loop
      vertex -90 15.21 13.6
      vertex -78.6 15.21 12.4
      vertex -90 15.21 12.4
    endloop
  endfacet
  facet normal 0 1 -0
    outer loop
      vertex -65.4 15.21 13.6
      vertex -66.6 15.21 25.4
      vertex -65.4 15.21 25.4
    endloop
  endfacet
  facet normal 0 1 0
    outer loop
      vertex -66.6 15.21 25.4
      vertex -65.4 15.21 13.6
      vertex -66.6 15.21 13.6
    endloop
  endfacet
  facet normal 0 1 -0
    outer loop
      vertex -41.4 15.21 13.6
      vertex -42.6 15.21 25.4
      vertex -41.4 15.21 25.4
    endloop
  endfacet
  facet normal 0 1 0
    outer loop
      vertex -42.6 15.21 25.4
      vertex -41.4 15.21 13.6
      vertex -42.6 15.21 13.6
    endloop
  endfacet
  facet normal 0 1 -0
    outer loop
      vertex -17.4 15.21 13.6
      vertex -18.6 15.21 25.4
      vertex -17.4 15.21 25.4
    endloop
  endfacet
  facet normal 0 1 0
    outer loop
      vertex -18.6 15.21 25.4
      vertex -17.4 15.21 13.6
      vertex -18.6 15.21 13.6
    endloop
  endfacet
  facet normal 0 1 -0
    outer loop
      vertex 6.6 15.21 13.6
      vertex 5.4 15.21 25.4
      vertex 6.6 15.21 25.4
    endloop
  endfacet
  facet normal 0 1 0
    outer loop
      vertex 5.4 15.21 25.4
      vertex 6.6 15.21 13.6
      vertex 5.4 15.21 13.6
    endloop
  endfacet
  facet normal 0 1 -0
    outer loop
      vertex 30.6 15.21 13.6
      vertex 29.4 15.21 25.4
      vertex 30.6 15.21 25.4
    endloop
  endfacet
  facet normal 0 1 0
    outer loop
      vertex 29.4 15.21 25.4
      vertex 30.6 15.21 13.6
      vertex 29.4 15.21 13.6
    endloop
  endfacet
  facet normal 0 1 -0
    outer loop
      vertex 54.6 15.21 13.6
      vertex 53.4 15.21 25.4
      vertex 54.6 15.21 25.4
    endloop
  endfacet
  facet normal 0 1 0
    outer loop
      vertex 53.4 15.21 25.4
      vertex 54.6 15.21 13.6
      vertex 53.4 15.21 13.6
    endloop
  endfacet
  facet normal 0 1 -0
    outer loop
      vertex 78.6 15.21 13.6
      vertex 77.4 15.21 25.4
      vertex 78.6 15.21 25.4
    endloop
  endfacet
  facet normal 0 1 0
    outer loop
      vertex 77.4 15.21 25.4
      vertex 78.6 15.21 13.6
      vertex 77.4 15.21 13.6
    endloop
  endfacet
  facet normal 0 1 -0
    outer loop
      vertex 77.4 15.21 25.4
      vertex 66.6 15.21 26.6
      vertex 90 15.21 26.6
    endloop
  endfacet
  facet normal 0 1 0
    outer loop
      vertex 66.6 15.21 26.6
      vertex 77.4 15.21 25.4
      vertex 65.4 15.21 26.6
    endloop
  endfacet
  facet normal 0 1 0
    outer loop
      vertex 65.4 15.21 26.6
      vertex 54.6 15.21 25.4
      vertex 42.6 15.21 26.6
    endloop
  endfacet
  facet normal 0 1 -0
    outer loop
      vertex 53.4 15.21 25.4
      vertex 42.6 15.21 26.6
      vertex 54.6 15.21 25.4
    endloop
  endfacet
  facet normal 0 1 0
    outer loop
      vertex 30.6 15.21 25.4
      vertex 41.4 15.21 26.6
      vertex 53.4 15.21 25.4
    endloop
  endfacet
  facet normal 0 1 0
    outer loop
      vertex 41.4 15.21 26.6
      vertex 30.6 15.21 25.4
      vertex 18.6 15.21 26.6
    endloop
  endfacet
  facet normal 0 1 0
    outer loop
      vertex 18.6 15.21 26.6
      vertex 29.4 15.21 25.4
      vertex 17.4 15.21 26.6
    endloop
  endfacet
  facet normal 0 1 0
    outer loop
      vertex 6.6 15.21 25.4
      vertex 17.4 15.21 26.6
      vertex 29.4 15.21 25.4
    endloop
  endfacet
  facet normal 0 1 -0
    outer loop
      vertex 5.4 15.21 25.4
      vertex -5.4 15.21 26.6
      vertex 6.6 15.21 25.4
    endloop
  endfacet
  facet normal 0 1 0
    outer loop
      vertex -5.4 15.21 26.6
      vertex 5.4 15.21 25.4
      vertex -6.6 15.21 26.6
    endloop
  endfacet
  facet normal 0 1 0
    outer loop
      vertex -17.4 15.21 25.4
      vertex -6.6 15.21 26.6
      vertex 5.4 15.21 25.4
    endloop
  endfacet
  facet normal 0 1 0
    outer loop
      vertex -6.6 15.21 26.6
      vertex -17.4 15.21 25.4
      vertex -29.4 15.21 26.6
    endloop
  endfacet
  facet normal 0 1 -0
    outer loop
      vertex -18.6 15.21 25.4
      vertex -29.4 15.21 26.6
      vertex -17.4 15.21 25.4
    endloop
  endfacet
  facet normal 0 1 0
    outer loop
      vertex -29.4 15.21 26.6
      vertex -18.6 15.21 25.4
      vertex -30.6 15.21 26.6
    endloop
  endfacet
  facet normal 0 1 0
    outer loop
      vertex 78.6 15.21 25.4
      vertex 90 15.21 26.6
      vertex 90 15.21 25.4
    endloop
  endfacet
  facet normal 0 1 0
    outer loop
      vertex 77.4 15.21 25.4
      vertex 90 15.21 26.6
      vertex 78.6 15.21 25.4
    endloop
  endfacet
  facet normal 0 1 0
    outer loop
      vertex 65.4 15.21 26.6
      vertex 77.4 15.21 25.4
      vertex 54.6 15.21 25.4
    endloop
  endfacet
  facet normal 0 1 0
    outer loop
      vertex 42.6 15.21 26.6
      vertex 53.4 15.21 25.4
      vertex 41.4 15.21 26.6
    endloop
  endfacet
  facet normal 0 1 -0
    outer loop
      vertex 29.4 15.21 25.4
      vertex 18.6 15.21 26.6
      vertex 30.6 15.21 25.4
    endloop
  endfacet
  facet normal 0 1 0
    outer loop
      vertex 17.4 15.21 26.6
      vertex 6.6 15.21 25.4
      vertex -5.4 15.21 26.6
    endloop
  endfacet
  facet normal 0 1 0
    outer loop
      vertex -41.4 15.21 25.4
      vertex -30.6 15.21 26.6
      vertex -18.6 15.21 25.4
    endloop
  endfacet
  facet normal 0 1 0
    outer loop
      vertex -30.6 15.21 26.6
      vertex -41.4 15.21 25.4
      vertex -53.4 15.21 26.6
    endloop
  endfacet
  facet normal 0 1 -0
    outer loop
      vertex -42.6 15.21 25.4
      vertex -53.4 15.21 26.6
      vertex -41.4 15.21 25.4
    endloop
  endfacet
  facet normal 0 1 0
    outer loop
      vertex -53.4 15.21 26.6
      vertex -42.6 15.21 25.4
      vertex -54.6 15.21 26.6
    endloop
  endfacet
  facet normal 0 1 0
    outer loop
      vertex -65.4 15.21 25.4
      vertex -54.6 15.21 26.6
      vertex -42.6 15.21 25.4
    endloop
  endfacet
  facet normal 0 1 0
    outer loop
      vertex -54.6 15.21 26.6
      vertex -65.4 15.21 25.4
      vertex -77.4 15.21 26.6
    endloop
  endfacet
  facet normal 0 1 -0
    outer loop
      vertex -66.6 15.21 25.4
      vertex -77.4 15.21 26.6
      vertex -65.4 15.21 25.4
    endloop
  endfacet
  facet normal 0 1 0
    outer loop
      vertex -77.4 15.21 26.6
      vertex -66.6 15.21 25.4
      vertex -78.6 15.21 26.6
    endloop
  endfacet
  facet normal 0 1 0
    outer loop
      vertex -90 15.21 25.4
      vertex -78.6 15.21 26.6
      vertex -66.6 15.21 25.4
    endloop
  endfacet
  facet normal 0 1 0
    outer loop
      vertex -78.6 15.21 26.6
      vertex -90 15.21 25.4
      vertex -90 15.21 26.6
    endloop
  endfacet
  facet normal 0 1 -0
    outer loop
      vertex -77.4 15.21 26.6
      vertex -78.6 15.21 38.4
      vertex -77.4 15.21 38.4
    endloop
  endfacet
  facet normal 0 1 0
    outer loop
      vertex -78.6 15.21 38.4
      vertex -77.4 15.21 26.6
      vertex -78.6 15.21 26.6
    endloop
  endfacet
  facet normal 0 1 -0
    outer loop
      vertex -53.4 15.21 26.6
      vertex -54.6 15.21 38.4
      vertex -53.4 15.21 38.4
    endloop
  endfacet
  facet normal 0 1 0
    outer loop
      vertex -54.6 15.21 38.4
      vertex -53.4 15.21 26.6
      vertex -54.6 15.21 26.6
    endloop
  endfacet
  facet normal 0 1 -0
    outer loop
      vertex -29.4 15.21 26.6
      vertex -30.6 15.21 38.4
      vertex -29.4 15.21 38.4
    endloop
  endfacet
  facet normal 0 1 0
    outer loop
      vertex -30.6 15.21 38.4
      vertex -29.4 15.21 26.6
      vertex -30.6 15.21 26.6
    endloop
  endfacet
  facet normal 0 1 -0
    outer loop
      vertex -5.4 15.21 26.6
      vertex -6.6 15.21 38.4
      vertex -5.4 15.21 38.4
    endloop
  endfacet
  facet normal 0 1 0
    outer loop
      vertex -6.6 15.21 38.4
      vertex -5.4 15.21 26.6
      vertex -6.6 15.21 26.6
    endloop
  endfacet
  facet normal 0 1 -0
    outer loop
      vertex 18.6 15.21 26.6
      vertex 17.4 15.21 38.4
      vertex 18.6 15.21 38.4
    endloop
  endfacet
  facet normal 0 1 0
    outer loop
      vertex 17.4 15.21 38.4
      vertex 18.6 15.21 26.6
      vertex 17.4 15.21 26.6
    endloop
  endfacet
  facet normal 0 1 -0
    outer loop
      vertex 42.6 15.21 26.6
      vertex 41.4 15.21 38.4
      vertex 42.6 15.21 38.4
    endloop
  endfacet
  facet normal 0 1 0
    outer loop
      vertex 41.4 15.21 38.4
      vertex 42.6 15.21 26.6
      vertex 41.4 15.21 26.6
    endloop
  endfacet
  facet normal 0 1 -0
    outer loop
      vertex 66.6 15.21 26.6
      vertex 65.4 15.21 38.4
      vertex 66.6 15.21 38.4
    endloop
  endfacet
  facet normal 0 1 0
    outer loop
      vertex 65.4 15.21 38.4
      vertex 66.6 15.21 26.6
      vertex 65.4 15.21 26.6
    endloop
  endfacet
  facet normal 0 1 -0
    outer loop
      vertex 90 15.21 38.4
      vertex 78.6 15.21 39.6
      vertex 90 15.21 39.6
    endloop
  endfacet
  facet normal 0 1 0
    outer loop
      vertex 78.6 15.21 39.6
      vertex 90 15.21 38.4
      vertex 77.4 15.21 39.6
    endloop
  endfacet
  facet normal 0 1 0
    outer loop
      vertex 77.4 15.21 39.6
      vertex 66.6 15.21 38.4
      vertex 54.6 15.21 39.6
    endloop
  endfacet
  facet normal 0 1 -0
    outer loop
      vertex 65.4 15.21 38.4
      vertex 54.6 15.21 39.6
      vertex 66.6 15.21 38.4
    endloop
  endfacet
  facet normal 0 1 0
    outer loop
      vertex 42.6 15.21 38.4
      vertex 53.4 15.21 39.6
      vertex 65.4 15.21 38.4
    endloop
  endfacet
  facet normal 0 1 0
    outer loop
      vertex 53.4 15.21 39.6
      vertex 42.6 15.21 38.4
      vertex 30.6 15.21 39.6
    endloop
  endfacet
  facet normal 0 1 0
    outer loop
      vertex 18.6 15.21 38.4
      vertex 29.4 15.21 39.6
      vertex 41.4 15.21 38.4
    endloop
  endfacet
  facet normal 0 1 0
    outer loop
      vertex 29.4 15.21 39.6
      vertex 18.6 15.21 38.4
      vertex 6.6 15.21 39.6
    endloop
  endfacet
  facet normal 0 1 0
    outer loop
      vertex 6.6 15.21 39.6
      vertex 17.4 15.21 38.4
      vertex 5.4 15.21 39.6
    endloop
  endfacet
  facet normal 0 1 0
    outer loop
      vertex -5.4 15.21 38.4
      vertex 5.4 15.21 39.6
      vertex 17.4 15.21 38.4
    endloop
  endfacet
  facet normal 0 1 0
    outer loop
      vertex 5.4 15.21 39.6
      vertex -5.4 15.21 38.4
      vertex -17.4 15.21 39.6
    endloop
  endfacet
  facet normal 0 1 -0
    outer loop
      vertex -6.6 15.21 38.4
      vertex -17.4 15.21 39.6
      vertex -5.4 15.21 38.4
    endloop
  endfacet
  facet normal 0 1 0
    outer loop
      vertex -17.4 15.21 39.6
      vertex -6.6 15.21 38.4
      vertex -18.6 15.21 39.6
    endloop
  endfacet
  facet normal 0 1 0
    outer loop
      vertex -29.4 15.21 38.4
      vertex -18.6 15.21 39.6
      vertex -6.6 15.21 38.4
    endloop
  endfacet
  facet normal 0 1 0
    outer loop
      vertex 77.4 15.21 39.6
      vertex 90 15.21 38.4
      vertex 66.6 15.21 38.4
    endloop
  endfacet
  facet normal 0 1 0
    outer loop
      vertex 54.6 15.21 39.6
      vertex 65.4 15.21 38.4
      vertex 53.4 15.21 39.6
    endloop
  endfacet
  facet normal 0 1 -0
    outer loop
      vertex 41.4 15.21 38.4
      vertex 30.6 15.21 39.6
      vertex 42.6 15.21 38.4
    endloop
  endfacet
  facet normal 0 1 0
    outer loop
      vertex 30.6 15.21 39.6
      vertex 41.4 15.21 38.4
      vertex 29.4 15.21 39.6
    endloop
  endfacet
  facet normal 0 1 -0
    outer loop
      vertex 17.4 15.21 38.4
      vertex 6.6 15.21 39.6
      vertex 18.6 15.21 38.4
    endloop
  endfacet
  facet normal 0 1 0
    outer loop
      vertex -18.6 15.21 39.6
      vertex -29.4 15.21 38.4
      vertex -41.4 15.21 39.6
    endloop
  endfacet
  facet normal 0 1 -0
    outer loop
      vertex -30.6 15.21 38.4
      vertex -41.4 15.21 39.6
      vertex -29.4 15.21 38.4
    endloop
  endfacet
  facet normal 0 1 0
    outer loop
      vertex -41.4 15.21 39.6
      vertex -30.6 15.21 38.4
      vertex -42.6 15.21 39.6
    endloop
  endfacet
  facet normal 0 1 0
    outer loop
      vertex -53.4 15.21 38.4
      vertex -42.6 15.21 39.6
      vertex -30.6 15.21 38.4
    endloop
  endfacet
  facet normal 0 1 0
    outer loop
      vertex -42.6 15.21 39.6
      vertex -53.4 15.21 38.4
      vertex -65.4 15.21 39.6
    endloop
  endfacet
  facet normal 0 1 -0
    outer loop
      vertex -54.6 15.21 38.4
      vertex -65.4 15.21 39.6
      vertex -53.4 15.21 38.4
    endloop
  endfacet
  facet normal 0 1 0
    outer loop
      vertex -65.4 15.21 39.6
      vertex -54.6 15.21 38.4
      vertex -66.6 15.21 39.6
    endloop
  endfacet
  facet normal 0 1 0
    outer loop
      vertex -77.4 15.21 38.4
      vertex -66.6 15.21 39.6
      vertex -54.6 15.21 38.4
    endloop
  endfacet
  facet normal 0 1 0
    outer loop
      vertex -66.6 15.21 39.6
      vertex -77.4 15.21 38.4
      vertex -90 15.21 39.6
    endloop
  endfacet
  facet normal 0 1 -0
    outer loop
      vertex -78.6 15.21 38.4
      vertex -90 15.21 39.6
      vertex -77.4 15.21 38.4
    endloop
  endfacet
  facet normal 0 1 0
    outer loop
      vertex -90 15.21 39.6
      vertex -78.6 15.21 38.4
      vertex -90 15.21 38.4
    endloop
  endfacet
  facet normal 0 1 -0
    outer loop
      vertex -65.4 15.21 39.6
      vertex -66.6 15.21 51.4
      vertex -65.4 15.21 51.4
    endloop
  endfacet
  facet normal 0 1 0
    outer loop
      vertex -66.6 15.21 51.4
      vertex -65.4 15.21 39.6
      vertex -66.6 15.21 39.6
    endloop
  endfacet
  facet normal 0 1 -0
    outer loop
      vertex -41.4 15.21 39.6
      vertex -42.6 15.21 51.4
      vertex -41.4 15.21 51.4
    endloop
  endfacet
  facet normal 0 1 0
    outer loop
      vertex -42.6 15.21 51.4
      vertex -41.4 15.21 39.6
      vertex -42.6 15.21 39.6
    endloop
  endfacet
  facet normal 0 1 -0
    outer loop
      vertex -17.4 15.21 39.6
      vertex -18.6 15.21 51.4
      vertex -17.4 15.21 51.4
    endloop
  endfacet
  facet normal 0 1 0
    outer loop
      vertex -18.6 15.21 51.4
      vertex -17.4 15.21 39.6
      vertex -18.6 15.21 39.6
    endloop
  endfacet
  facet normal 0 1 -0
    outer loop
      vertex 6.6 15.21 39.6
      vertex 5.4 15.21 51.4
      vertex 6.6 15.21 51.4
    endloop
  endfacet
  facet normal 0 1 0
    outer loop
      vertex 5.4 15.21 51.4
      vertex 6.6 15.21 39.6
      vertex 5.4 15.21 39.6
    endloop
  endfacet
  facet normal 0 1 -0
    outer loop
      vertex 30.6 15.21 39.6
      vertex 29.4 15.21 51.4
      vertex 30.6 15.21 51.4
    endloop
  endfacet
  facet normal 0 1 0
    outer loop
      vertex 29.4 15.21 51.4
      vertex 30.6 15.21 39.6
      vertex 29.4 15.21 39.6
    endloop
  endfacet
  facet normal 0 1 -0
    outer loop
      vertex 54.6 15.21 39.6
      vertex 53.4 15.21 51.4
      vertex 54.6 15.21 51.4
    endloop
  endfacet
  facet normal 0 1 0
    outer loop
      vertex 53.4 15.21 51.4
      vertex 54.6 15.21 39.6
      vertex 53.4 15.21 39.6
    endloop
  endfacet
  facet normal 0 1 -0
    outer loop
      vertex 78.6 15.21 39.6
      vertex 77.4 15.21 51.4
      vertex 78.6 15.21 51.4
    endloop
  endfacet
  facet normal 0 1 0
    outer loop
      vertex 77.4 15.21 51.4
      vertex 78.6 15.21 39.6
      vertex 77.4 15.21 39.6
    endloop
  endfacet
  facet normal 0 1 -0
    outer loop
      vertex 77.4 15.21 51.4
      vertex 66.6 15.21 52.6
      vertex 90 15.21 52.6
    endloop
  endfacet
  facet normal 0 1 0
    outer loop
      vertex 66.6 15.21 52.6
      vertex 77.4 15.21 51.4
      vertex 65.4 15.21 52.6
    endloop
  endfacet
  facet normal 0 1 0
    outer loop
      vertex 65.4 15.21 52.6
      vertex 54.6 15.21 51.4
      vertex 42.6 15.21 52.6
    endloop
  endfacet
  facet normal 0 1 -0
    outer loop
      vertex 53.4 15.21 51.4
      vertex 42.6 15.21 52.6
      vertex 54.6 15.21 51.4
    endloop
  endfacet
  facet normal 0 1 0
    outer loop
      vertex 30.6 15.21 51.4
      vertex 41.4 15.21 52.6
      vertex 53.4 15.21 51.4
    endloop
  endfacet
  facet normal 0 1 0
    outer loop
      vertex 41.4 15.21 52.6
      vertex 30.6 15.21 51.4
      vertex 18.6 15.21 52.6
    endloop
  endfacet
  facet normal 0 1 0
    outer loop
      vertex 18.6 15.21 52.6
      vertex 29.4 15.21 51.4
      vertex 17.4 15.21 52.6
    endloop
  endfacet
  facet normal 0 1 0
    outer loop
      vertex 6.6 15.21 51.4
      vertex 17.4 15.21 52.6
      vertex 29.4 15.21 51.4
    endloop
  endfacet
  facet normal 0 1 -0
    outer loop
      vertex 5.4 15.21 51.4
      vertex -5.4 15.21 52.6
      vertex 6.6 15.21 51.4
    endloop
  endfacet
  facet normal 0 1 0
    outer loop
      vertex -5.4 15.21 52.6
      vertex 5.4 15.21 51.4
      vertex -6.6 15.21 52.6
    endloop
  endfacet
  facet normal 0 1 0
    outer loop
      vertex -17.4 15.21 51.4
      vertex -6.6 15.21 52.6
      vertex 5.4 15.21 51.4
    endloop
  endfacet
  facet normal 0 1 0
    outer loop
      vertex -6.6 15.21 52.6
      vertex -17.4 15.21 51.4
      vertex -29.4 15.21 52.6
    endloop
  endfacet
  facet normal 0 1 -0
    outer loop
      vertex -18.6 15.21 51.4
      vertex -29.4 15.21 52.6
      vertex -17.4 15.21 51.4
    endloop
  endfacet
  facet normal 0 1 0
    outer loop
      vertex -29.4 15.21 52.6
      vertex -18.6 15.21 51.4
      vertex -30.6 15.21 52.6
    endloop
  endfacet
  facet normal 0 1 0
    outer loop
      vertex 78.6 15.21 51.4
      vertex 90 15.21 52.6
      vertex 90 15.21 51.4
    endloop
  endfacet
  facet normal 0 1 0
    outer loop
      vertex 77.4 15.21 51.4
      vertex 90 15.21 52.6
      vertex 78.6 15.21 51.4
    endloop
  endfacet
  facet normal 0 1 0
    outer loop
      vertex 65.4 15.21 52.6
      vertex 77.4 15.21 51.4
      vertex 54.6 15.21 51.4
    endloop
  endfacet
  facet normal 0 1 0
    outer loop
      vertex 42.6 15.21 52.6
      vertex 53.4 15.21 51.4
      vertex 41.4 15.21 52.6
    endloop
  endfacet
  facet normal 0 1 -0
    outer loop
      vertex 29.4 15.21 51.4
      vertex 18.6 15.21 52.6
      vertex 30.6 15.21 51.4
    endloop
  endfacet
  facet normal 0 1 0
    outer loop
      vertex 17.4 15.21 52.6
      vertex 6.6 15.21 51.4
      vertex -5.4 15.21 52.6
    endloop
  endfacet
  facet normal 0 1 0
    outer loop
      vertex -41.4 15.21 51.4
      vertex -30.6 15.21 52.6
      vertex -18.6 15.21 51.4
    endloop
  endfacet
  facet normal 0 1 0
    outer loop
      vertex -30.6 15.21 52.6
      vertex -41.4 15.21 51.4
      vertex -53.4 15.21 52.6
    endloop
  endfacet
  facet normal 0 1 -0
    outer loop
      vertex -42.6 15.21 51.4
      vertex -53.4 15.21 52.6
      vertex -41.4 15.21 51.4
    endloop
  endfacet
  facet normal 0 1 0
    outer loop
      vertex -53.4 15.21 52.6
      vertex -42.6 15.21 51.4
      vertex -54.6 15.21 52.6
    endloop
  endfacet
  facet normal 0 1 0
    outer loop
      vertex -65.4 15.21 51.4
      vertex -54.6 15.21 52.6
      vertex -42.6 15.21 51.4
    endloop
  endfacet
  facet normal 0 1 0
    outer loop
      vertex -54.6 15.21 52.6
      vertex -65.4 15.21 51.4
      vertex -77.4 15.21 52.6
    endloop
  endfacet
  facet normal 0 1 -0
    outer loop
      vertex -66.6 15.21 51.4
      vertex -77.4 15.21 52.6
      vertex -65.4 15.21 51.4
    endloop
  endfacet
  facet normal 0 1 0
    outer loop
      vertex -77.4 15.21 52.6
      vertex -66.6 15.21 51.4
      vertex -78.6 15.21 52.6
    endloop
  endfacet
  facet normal 0 1 0
    outer loop
      vertex -90 15.21 51.4
      vertex -78.6 15.21 52.6
      vertex -66.6 15.21 51.4
    endloop
  endfacet
  facet normal 0 1 0
    outer loop
      vertex -78.6 15.21 52.6
      vertex -90 15.21 51.4
      vertex -90 15.21 52.6
    endloop
  endfacet
  facet normal 0 1 -0
    outer loop
      vertex -77.4 15.21 52.6
      vertex -78.6 15.21 64.4
      vertex -77.4 15.21 64.4
    endloop
  endfacet
  facet normal 0 1 0
    outer loop
      vertex -78.6 15.21 64.4
      vertex -77.4 15.21 52.6
      vertex -78.6 15.21 52.6
    endloop
  endfacet
  facet normal 0 1 -0
    outer loop
      vertex -53.4 15.21 52.6
      vertex -54.6 15.21 64.4
      vertex -53.4 15.21 64.4
    endloop
  endfacet
  facet normal 0 1 0
    outer loop
      vertex -54.6 15.21 64.4
      vertex -53.4 15.21 52.6
      vertex -54.6 15.21 52.6
    endloop
  endfacet
  facet normal 0 1 -0
    outer loop
      vertex -29.4 15.21 52.6
      vertex -30.6 15.21 64.4
      vertex -29.4 15.21 64.4
    endloop
  endfacet
  facet normal 0 1 0
    outer loop
      vertex -30.6 15.21 64.4
      vertex -29.4 15.21 52.6
      vertex -30.6 15.21 52.6
    endloop
  endfacet
  facet normal 0 1 -0
    outer loop
      vertex -5.4 15.21 52.6
      vertex -6.6 15.21 64.4
      vertex -5.4 15.21 64.4
    endloop
  endfacet
  facet normal 0 1 0
    outer loop
      vertex -6.6 15.21 64.4
      vertex -5.4 15.21 52.6
      vertex -6.6 15.21 52.6
    endloop
  endfacet
  facet normal 0 1 -0
    outer loop
      vertex 18.6 15.21 52.6
      vertex 17.4 15.21 64.4
      vertex 18.6 15.21 64.4
    endloop
  endfacet
  facet normal 0 1 0
    outer loop
      vertex 17.4 15.21 64.4
      vertex 18.6 15.21 52.6
      vertex 17.4 15.21 52.6
    endloop
  endfacet
  facet normal 0 1 -0
    outer loop
      vertex 42.6 15.21 52.6
      vertex 41.4 15.21 64.4
      vertex 42.6 15.21 64.4
    endloop
  endfacet
  facet normal 0 1 0
    outer loop
      vertex 41.4 15.21 64.4
      vertex 42.6 15.21 52.6
      vertex 41.4 15.21 52.6
    endloop
  endfacet
  facet normal 0 1 -0
    outer loop
      vertex 66.6 15.21 52.6
      vertex 65.4 15.21 64.4
      vertex 66.6 15.21 64.4
    endloop
  endfacet
  facet normal 0 1 0
    outer loop
      vertex 65.4 15.21 64.4
      vertex 66.6 15.21 52.6
      vertex 65.4 15.21 52.6
    endloop
  endfacet
  facet normal 0 1 -0
    outer loop
      vertex 90 15.21 64.4
      vertex 78.6 15.21 65.6
      vertex 90 15.21 65.6
    endloop
  endfacet
  facet normal 0 1 0
    outer loop
      vertex 78.6 15.21 65.6
      vertex 90 15.21 64.4
      vertex 77.4 15.21 65.6
    endloop
  endfacet
  facet normal 0 1 0
    outer loop
      vertex 77.4 15.21 65.6
      vertex 66.6 15.21 64.4
      vertex 54.6 15.21 65.6
    endloop
  endfacet
  facet normal 0 1 -0
    outer loop
      vertex 65.4 15.21 64.4
      vertex 54.6 15.21 65.6
      vertex 66.6 15.21 64.4
    endloop
  endfacet
  facet normal 0 1 0
    outer loop
      vertex 42.6 15.21 64.4
      vertex 53.4 15.21 65.6
      vertex 65.4 15.21 64.4
    endloop
  endfacet
  facet normal 0 1 0
    outer loop
      vertex 53.4 15.21 65.6
      vertex 42.6 15.21 64.4
      vertex 30.6 15.21 65.6
    endloop
  endfacet
  facet normal 0 1 0
    outer loop
      vertex 18.6 15.21 64.4
      vertex 29.4 15.21 65.6
      vertex 41.4 15.21 64.4
    endloop
  endfacet
  facet normal 0 1 0
    outer loop
      vertex 29.4 15.21 65.6
      vertex 18.6 15.21 64.4
      vertex 6.6 15.21 65.6
    endloop
  endfacet
  facet normal 0 1 0
    outer loop
      vertex 6.6 15.21 65.6
      vertex 17.4 15.21 64.4
      vertex 5.4 15.21 65.6
    endloop
  endfacet
  facet normal 0 1 0
    outer loop
      vertex -5.4 15.21 64.4
      vertex 5.4 15.21 65.6
      vertex 17.4 15.21 64.4
    endloop
  endfacet
  facet normal 0 1 0
    outer loop
      vertex 5.4 15.21 65.6
      vertex -5.4 15.21 64.4
      vertex -17.4 15.21 65.6
    endloop
  endfacet
  facet normal 0 1 -0
    outer loop
      vertex -6.6 15.21 64.4
      vertex -17.4 15.21 65.6
      vertex -5.4 15.21 64.4
    endloop
  endfacet
  facet normal 0 1 0
    outer loop
      vertex -17.4 15.21 65.6
      vertex -6.6 15.21 64.4
      vertex -18.6 15.21 65.6
    endloop
  endfacet
  facet normal 0 1 0
    outer loop
      vertex -29.4 15.21 64.4
      vertex -18.6 15.21 65.6
      vertex -6.6 15.21 64.4
    endloop
  endfacet
  facet normal 0 1 0
    outer loop
      vertex 77.4 15.21 65.6
      vertex 90 15.21 64.4
      vertex 66.6 15.21 64.4
    endloop
  endfacet
  facet normal 0 1 0
    outer loop
      vertex 54.6 15.21 65.6
      vertex 65.4 15.21 64.4
      vertex 53.4 15.21 65.6
    endloop
  endfacet
  facet normal 0 1 -0
    outer loop
      vertex 41.4 15.21 64.4
      vertex 30.6 15.21 65.6
      vertex 42.6 15.21 64.4
    endloop
  endfacet
  facet normal 0 1 0
    outer loop
      vertex 30.6 15.21 65.6
      vertex 41.4 15.21 64.4
      vertex 29.4 15.21 65.6
    endloop
  endfacet
  facet normal 0 1 -0
    outer loop
      vertex 17.4 15.21 64.4
      vertex 6.6 15.21 65.6
      vertex 18.6 15.21 64.4
    endloop
  endfacet
  facet normal 0 1 0
    outer loop
      vertex -18.6 15.21 65.6
      vertex -29.4 15.21 64.4
      vertex -41.4 15.21 65.6
    endloop
  endfacet
  facet normal 0 1 -0
    outer loop
      vertex -30.6 15.21 64.4
      vertex -41.4 15.21 65.6
      vertex -29.4 15.21 64.4
    endloop
  endfacet
  facet normal 0 1 0
    outer loop
      vertex -41.4 15.21 65.6
      vertex -30.6 15.21 64.4
      vertex -42.6 15.21 65.6
    endloop
  endfacet
  facet normal 0 1 0
    outer loop
      vertex -53.4 15.21 64.4
      vertex -42.6 15.21 65.6
      vertex -30.6 15.21 64.4
    endloop
  endfacet
  facet normal 0 1 0
    outer loop
      vertex -42.6 15.21 65.6
      vertex -53.4 15.21 64.4
      vertex -65.4 15.21 65.6
    endloop
  endfacet
  facet normal 0 1 -0
    outer loop
      vertex -54.6 15.21 64.4
      vertex -65.4 15.21 65.6
      vertex -53.4 15.21 64.4
    endloop
  endfacet
  facet normal 0 1 0
    outer loop
      vertex -65.4 15.21 65.6
      vertex -54.6 15.21 64.4
      vertex -66.6 15.21 65.6
    endloop
  endfacet
  facet normal 0 1 0
    outer loop
      vertex -77.4 15.21 64.4
      vertex -66.6 15.21 65.6
      vertex -54.6 15.21 64.4
    endloop
  endfacet
  facet normal 0 1 0
    outer loop
      vertex -66.6 15.21 65.6
      vertex -77.4 15.21 64.4
      vertex -90 15.21 65.6
    endloop
  endfacet
  facet normal 0 1 -0
    outer loop
      vertex -78.6 15.21 64.4
      vertex -90 15.21 65.6
      vertex -77.4 15.21 64.4
    endloop
  endfacet
  facet normal 0 1 0
    outer loop
      vertex -90 15.21 65.6
      vertex -78.6 15.21 64.4
      vertex -90 15.21 64.4
    endloop
  endfacet
  facet normal 0 1 -0
    outer loop
      vertex -65.4 15.21 65.6
      vertex -66.6 15.21 77.4
      vertex -65.4 15.21 77.4
    endloop
  endfacet
  facet normal 0 1 0
    outer loop
      vertex -66.6 15.21 77.4
      vertex -65.4 15.21 65.6
      vertex -66.6 15.21 65.6
    endloop
  endfacet
  facet normal 0 1 -0
    outer loop
      vertex -17.4 15.21 65.6
      vertex -18.6 15.21 77.4
      vertex -17.4 15.21 77.4
    endloop
  endfacet
  facet normal 0 1 0
    outer loop
      vertex -18.6 15.21 77.4
      vertex -17.4 15.21 65.6
      vertex -18.6 15.21 65.6
    endloop
  endfacet
  facet normal 0 1 -0
    outer loop
      vertex 6.6 15.21 65.6
      vertex 5.4 15.21 77.4
      vertex 6.6 15.21 77.4
    endloop
  endfacet
  facet normal 0 1 0
    outer loop
      vertex 5.4 15.21 77.4
      vertex 6.6 15.21 65.6
      vertex 5.4 15.21 65.6
    endloop
  endfacet
  facet normal 0 1 -0
    outer loop
      vertex 30.6 15.21 65.6
      vertex 29.4 15.21 77.4
      vertex 30.6 15.21 77.4
    endloop
  endfacet
  facet normal 0 1 0
    outer loop
      vertex 29.4 15.21 77.4
      vertex 30.6 15.21 65.6
      vertex 29.4 15.21 65.6
    endloop
  endfacet
  facet normal 0 1 -0
    outer loop
      vertex 54.6 15.21 65.6
      vertex 53.4 15.21 77.4
      vertex 54.6 15.21 77.4
    endloop
  endfacet
  facet normal 0 1 0
    outer loop
      vertex 53.4 15.21 77.4
      vertex 54.6 15.21 65.6
      vertex 53.4 15.21 65.6
    endloop
  endfacet
  facet normal 0 1 -0
    outer loop
      vertex 78.6 15.21 65.6
      vertex 77.4 15.21 77.4
      vertex 78.6 15.21 77.4
    endloop
  endfacet
  facet normal 0 1 0
    outer loop
      vertex 77.4 15.21 77.4
      vertex 78.6 15.21 65.6
      vertex 77.4 15.21 65.6
    endloop
  endfacet
  facet normal 0 1 -0
    outer loop
      vertex -51 15.21 77.4
      vertex -53.4 15.21 78.6
      vertex -51 15.21 78.6
    endloop
  endfacet
  facet normal 0 1 0
    outer loop
      vertex -53.4 15.21 78.6
      vertex -51 15.21 77.4
      vertex -54.6 15.21 78.6
    endloop
  endfacet
  facet normal 0 1 0
    outer loop
      vertex -54.6 15.21 78.6
      vertex -65.4 15.21 77.4
      vertex -77.4 15.21 78.6
    endloop
  endfacet
  facet normal 0 1 -0
    outer loop
      vertex -66.6 15.21 77.4
      vertex -77.4 15.21 78.6
      vertex -65.4 15.21 77.4
    endloop
  endfacet
  facet normal 0 1 0
    outer loop
      vertex -54.6 15.21 78.6
      vertex -51 15.21 77.4
      vertex -65.4 15.21 77.4
    endloop
  endfacet
  facet normal 0 1 0
    outer loop
      vertex -77.4 15.21 78.6
      vertex -66.6 15.21 77.4
      vertex -78.6 15.21 78.6
    endloop
  endfacet
  facet normal 0 1 0
    outer loop
      vertex -90 15.21 77.4
      vertex -78.6 15.21 78.6
      vertex -66.6 15.21 77.4
    endloop
  endfacet
  facet normal 0 1 0
    outer loop
      vertex -78.6 15.21 78.6
      vertex -90 15.21 77.4
      vertex -90 15.21 78.6
    endloop
  endfacet
  facet normal 0 1 -0
    outer loop
      vertex 29.4 15.21 77.4
      vertex 18.6 15.21 78.6
      vertex 39 15.21 78.6
    endloop
  endfacet
  facet normal 0 1 0
    outer loop
      vertex 18.6 15.21 78.6
      vertex 29.4 15.21 77.4
      vertex 17.4 15.21 78.6
    endloop
  endfacet
  facet normal 0 1 0
    outer loop
      vertex 17.4 15.21 78.6
      vertex 6.6 15.21 77.4
      vertex -5.4 15.21 78.6
    endloop
  endfacet
  facet normal 0 1 -0
    outer loop
      vertex 5.4 15.21 77.4
      vertex -5.4 15.21 78.6
      vertex 6.6 15.21 77.4
    endloop
  endfacet
  facet normal 0 1 0
    outer loop
      vertex -5.4 15.21 78.6
      vertex 5.4 15.21 77.4
      vertex -6.6 15.21 78.6
    endloop
  endfacet
  facet normal 0 1 0
    outer loop
      vertex -17.4 15.21 77.4
      vertex -6.6 15.21 78.6
      vertex 5.4 15.21 77.4
    endloop
  endfacet
  facet normal 0 1 0
    outer loop
      vertex 30.6 15.21 77.4
      vertex 39 15.21 78.6
      vertex 39 15.21 77.4
    endloop
  endfacet
  facet normal 0 1 0
    outer loop
      vertex 29.4 15.21 77.4
      vertex 39 15.21 78.6
      vertex 30.6 15.21 77.4
    endloop
  endfacet
  facet normal 0 1 0
    outer loop
      vertex 17.4 15.21 78.6
      vertex 29.4 15.21 77.4
      vertex 6.6 15.21 77.4
    endloop
  endfacet
  facet normal 0 1 0
    outer loop
      vertex -6.6 15.21 78.6
      vertex -17.4 15.21 77.4
      vertex -29.4 15.21 78.6
    endloop
  endfacet
  facet normal 0 1 -0
    outer loop
      vertex -18.6 15.21 77.4
      vertex -29.4 15.21 78.6
      vertex -17.4 15.21 77.4
    endloop
  endfacet
  facet normal 0 1 0
    outer loop
      vertex -39 15.21 77.4
      vertex -29.4 15.21 78.6
      vertex -18.6 15.21 77.4
    endloop
  endfacet
  facet normal 0 1 0
    outer loop
      vertex -29.4 15.21 78.6
      vertex -39 15.21 77.4
      vertex -30.6 15.21 78.6
    endloop
  endfacet
  facet normal 0 1 0
    outer loop
      vertex -30.6 15.21 78.6
      vertex -39 15.21 77.4
      vertex -39 15.21 78.6
    endloop
  endfacet
  facet normal 0 1 -0
    outer loop
      vertex 77.4 15.21 77.4
      vertex 66.6 15.21 78.6
      vertex 90 15.21 78.6
    endloop
  endfacet
  facet normal 0 1 0
    outer loop
      vertex 66.6 15.21 78.6
      vertex 77.4 15.21 77.4
      vertex 65.4 15.21 78.6
    endloop
  endfacet
  facet normal 0 1 0
    outer loop
      vertex 78.6 15.21 77.4
      vertex 90 15.21 78.6
      vertex 90 15.21 77.4
    endloop
  endfacet
  facet normal 0 1 0
    outer loop
      vertex 77.4 15.21 77.4
      vertex 90 15.21 78.6
      vertex 78.6 15.21 77.4
    endloop
  endfacet
  facet normal 0 1 0
    outer loop
      vertex 54.6 15.21 77.4
      vertex 65.4 15.21 78.6
      vertex 77.4 15.21 77.4
    endloop
  endfacet
  facet normal 0 1 0
    outer loop
      vertex 65.4 15.21 78.6
      vertex 54.6 15.21 77.4
      vertex 51 15.21 78.6
    endloop
  endfacet
  facet normal 0 1 -0
    outer loop
      vertex 53.4 15.21 77.4
      vertex 51 15.21 78.6
      vertex 54.6 15.21 77.4
    endloop
  endfacet
  facet normal 0 1 0
    outer loop
      vertex 51 15.21 78.6
      vertex 53.4 15.21 77.4
      vertex 51 15.21 77.4
    endloop
  endfacet
  facet normal 0 1 -0
    outer loop
      vertex -77.4 15.21 78.6
      vertex -78.6 15.21 90.4
      vertex -77.4 15.21 90.4
    endloop
  endfacet
  facet normal 0 1 0
    outer loop
      vertex -78.6 15.21 90.4
      vertex -77.4 15.21 78.6
      vertex -78.6 15.21 78.6
    endloop
  endfacet
  facet normal 0 1 -0
    outer loop
      vertex -53.4 15.21 78.6
      vertex -54.6 15.21 90.4
      vertex -53.4 15.21 90.4
    endloop
  endfacet
  facet normal 0 1 0
    outer loop
      vertex -54.6 15.21 90.4
      vertex -53.4 15.21 78.6
      vertex -54.6 15.21 78.6
    endloop
  endfacet
  facet normal 0 1 -0
    outer loop
      vertex -29.4 15.21 78.6
      vertex -30.6 15.21 90.4
      vertex -29.4 15.21 90.4
    endloop
  endfacet
  facet normal 0 1 0
    outer loop
      vertex -30.6 15.21 90.4
      vertex -29.4 15.21 78.6
      vertex -30.6 15.21 78.6
    endloop
  endfacet
  facet normal 0 1 -0
    outer loop
      vertex -5.4 15.21 78.6
      vertex -6.6 15.21 90.4
      vertex -5.4 15.21 90.4
    endloop
  endfacet
  facet normal 0 1 0
    outer loop
      vertex -6.6 15.21 90.4
      vertex -5.4 15.21 78.6
      vertex -6.6 15.21 78.6
    endloop
  endfacet
  facet normal 0 1 -0
    outer loop
      vertex 18.6 15.21 78.6
      vertex 17.4 15.21 90.4
      vertex 18.6 15.21 90.4
    endloop
  endfacet
  facet normal 0 1 0
    outer loop
      vertex 17.4 15.21 90.4
      vertex 18.6 15.21 78.6
      vertex 17.4 15.21 78.6
    endloop
  endfacet
  facet normal 0 1 -0
    outer loop
      vertex 42.6 15.21 80
      vertex 41.4 15.21 90.4
      vertex 42.6 15.21 90.4
    endloop
  endfacet
  facet normal 0 1 0
    outer loop
      vertex 41.4 15.21 90.4
      vertex 42.6 15.21 80
      vertex 41.4 15.21 80
    endloop
  endfacet
  facet normal 0 1 -0
    outer loop
      vertex 66.6 15.21 78.6
      vertex 65.4 15.21 90.4
      vertex 66.6 15.21 90.4
    endloop
  endfacet
  facet normal 0 1 0
    outer loop
      vertex 65.4 15.21 90.4
      vertex 66.6 15.21 78.6
      vertex 65.4 15.21 78.6
    endloop
  endfacet
  facet normal 0 1 -0
    outer loop
      vertex 90 15.21 90.4
      vertex 78.6 15.21 91.6
      vertex 90 15.21 91.6
    endloop
  endfacet
  facet normal 0 1 0
    outer loop
      vertex 78.6 15.21 91.6
      vertex 90 15.21 90.4
      vertex 77.4 15.21 91.6
    endloop
  endfacet
  facet normal 0 1 0
    outer loop
      vertex 77.4 15.21 91.6
      vertex 66.6 15.21 90.4
      vertex 54.6 15.21 91.6
    endloop
  endfacet
  facet normal 0 1 -0
    outer loop
      vertex 65.4 15.21 90.4
      vertex 54.6 15.21 91.6
      vertex 66.6 15.21 90.4
    endloop
  endfacet
  facet normal 0 1 0
    outer loop
      vertex 42.6 15.21 90.4
      vertex 53.4 15.21 91.6
      vertex 65.4 15.21 90.4
    endloop
  endfacet
  facet normal 0 1 0
    outer loop
      vertex 53.4 15.21 91.6
      vertex 42.6 15.21 90.4
      vertex 30.6 15.21 91.6
    endloop
  endfacet
  facet normal 0 1 0
    outer loop
      vertex 18.6 15.21 90.4
      vertex 29.4 15.21 91.6
      vertex 41.4 15.21 90.4
    endloop
  endfacet
  facet normal 0 1 0
    outer loop
      vertex 29.4 15.21 91.6
      vertex 18.6 15.21 90.4
      vertex 6.6 15.21 91.6
    endloop
  endfacet
  facet normal 0 1 0
    outer loop
      vertex 6.6 15.21 91.6
      vertex 17.4 15.21 90.4
      vertex 5.4 15.21 91.6
    endloop
  endfacet
  facet normal 0 1 0
    outer loop
      vertex -5.4 15.21 90.4
      vertex 5.4 15.21 91.6
      vertex 17.4 15.21 90.4
    endloop
  endfacet
  facet normal 0 1 0
    outer loop
      vertex 5.4 15.21 91.6
      vertex -5.4 15.21 90.4
      vertex -17.4 15.21 91.6
    endloop
  endfacet
  facet normal 0 1 -0
    outer loop
      vertex -6.6 15.21 90.4
      vertex -17.4 15.21 91.6
      vertex -5.4 15.21 90.4
    endloop
  endfacet
  facet normal 0 1 0
    outer loop
      vertex -17.4 15.21 91.6
      vertex -6.6 15.21 90.4
      vertex -18.6 15.21 91.6
    endloop
  endfacet
  facet normal 0 1 0
    outer loop
      vertex -29.4 15.21 90.4
      vertex -18.6 15.21 91.6
      vertex -6.6 15.21 90.4
    endloop
  endfacet
  facet normal 0 1 0
    outer loop
      vertex 77.4 15.21 91.6
      vertex 90 15.21 90.4
      vertex 66.6 15.21 90.4
    endloop
  endfacet
  facet normal 0 1 0
    outer loop
      vertex 54.6 15.21 91.6
      vertex 65.4 15.21 90.4
      vertex 53.4 15.21 91.6
    endloop
  endfacet
  facet normal 0 1 -0
    outer loop
      vertex 41.4 15.21 90.4
      vertex 30.6 15.21 91.6
      vertex 42.6 15.21 90.4
    endloop
  endfacet
  facet normal 0 1 0
    outer loop
      vertex 30.6 15.21 91.6
      vertex 41.4 15.21 90.4
      vertex 29.4 15.21 91.6
    endloop
  endfacet
  facet normal 0 1 -0
    outer loop
      vertex 17.4 15.21 90.4
      vertex 6.6 15.21 91.6
      vertex 18.6 15.21 90.4
    endloop
  endfacet
  facet normal 0 1 0
    outer loop
      vertex -18.6 15.21 91.6
      vertex -29.4 15.21 90.4
      vertex -41.4 15.21 91.6
    endloop
  endfacet
  facet normal 0 1 -0
    outer loop
      vertex -30.6 15.21 90.4
      vertex -41.4 15.21 91.6
      vertex -29.4 15.21 90.4
    endloop
  endfacet
  facet normal 0 1 0
    outer loop
      vertex -41.4 15.21 91.6
      vertex -30.6 15.21 90.4
      vertex -42.6 15.21 91.6
    endloop
  endfacet
  facet normal 0 1 0
    outer loop
      vertex -53.4 15.21 90.4
      vertex -42.6 15.21 91.6
      vertex -30.6 15.21 90.4
    endloop
  endfacet
  facet normal 0 1 0
    outer loop
      vertex -42.6 15.21 91.6
      vertex -53.4 15.21 90.4
      vertex -65.4 15.21 91.6
    endloop
  endfacet
  facet normal 0 1 -0
    outer loop
      vertex -54.6 15.21 90.4
      vertex -65.4 15.21 91.6
      vertex -53.4 15.21 90.4
    endloop
  endfacet
  facet normal 0 1 0
    outer loop
      vertex -65.4 15.21 91.6
      vertex -54.6 15.21 90.4
      vertex -66.6 15.21 91.6
    endloop
  endfacet
  facet normal 0 1 0
    outer loop
      vertex -77.4 15.21 90.4
      vertex -66.6 15.21 91.6
      vertex -54.6 15.21 90.4
    endloop
  endfacet
  facet normal 0 1 0
    outer loop
      vertex -66.6 15.21 91.6
      vertex -77.4 15.21 90.4
      vertex -90 15.21 91.6
    endloop
  endfacet
  facet normal 0 1 -0
    outer loop
      vertex -78.6 15.21 90.4
      vertex -90 15.21 91.6
      vertex -77.4 15.21 90.4
    endloop
  endfacet
  facet normal 0 1 0
    outer loop
      vertex -90 15.21 91.6
      vertex -78.6 15.21 90.4
      vertex -90 15.21 90.4
    endloop
  endfacet
  facet normal 0 1 -0
    outer loop
      vertex -65.4 15.21 91.6
      vertex -66.6 15.21 103.4
      vertex -65.4 15.21 103.4
    endloop
  endfacet
  facet normal 0 1 0
    outer loop
      vertex -66.6 15.21 103.4
      vertex -65.4 15.21 91.6
      vertex -66.6 15.21 91.6
    endloop
  endfacet
  facet normal 0 1 -0
    outer loop
      vertex -41.4 15.21 91.6
      vertex -42.6 15.21 103.4
      vertex -41.4 15.21 103.4
    endloop
  endfacet
  facet normal 0 1 0
    outer loop
      vertex -42.6 15.21 103.4
      vertex -41.4 15.21 91.6
      vertex -42.6 15.21 91.6
    endloop
  endfacet
  facet normal 0 1 -0
    outer loop
      vertex -17.4 15.21 91.6
      vertex -18.6 15.21 103.4
      vertex -17.4 15.21 103.4
    endloop
  endfacet
  facet normal 0 1 0
    outer loop
      vertex -18.6 15.21 103.4
      vertex -17.4 15.21 91.6
      vertex -18.6 15.21 91.6
    endloop
  endfacet
  facet normal 0 1 -0
    outer loop
      vertex 6.6 15.21 91.6
      vertex 5.4 15.21 103.4
      vertex 6.6 15.21 103.4
    endloop
  endfacet
  facet normal 0 1 0
    outer loop
      vertex 5.4 15.21 103.4
      vertex 6.6 15.21 91.6
      vertex 5.4 15.21 91.6
    endloop
  endfacet
  facet normal 0 1 -0
    outer loop
      vertex 30.6 15.21 91.6
      vertex 29.4 15.21 103.4
      vertex 30.6 15.21 103.4
    endloop
  endfacet
  facet normal 0 1 0
    outer loop
      vertex 29.4 15.21 103.4
      vertex 30.6 15.21 91.6
      vertex 29.4 15.21 91.6
    endloop
  endfacet
  facet normal 0 1 -0
    outer loop
      vertex 54.6 15.21 91.6
      vertex 53.4 15.21 103.4
      vertex 54.6 15.21 103.4
    endloop
  endfacet
  facet normal 0 1 0
    outer loop
      vertex 53.4 15.21 103.4
      vertex 54.6 15.21 91.6
      vertex 53.4 15.21 91.6
    endloop
  endfacet
  facet normal 0 1 -0
    outer loop
      vertex 78.6 15.21 91.6
      vertex 77.4 15.21 103.4
      vertex 78.6 15.21 103.4
    endloop
  endfacet
  facet normal 0 1 0
    outer loop
      vertex 77.4 15.21 103.4
      vertex 78.6 15.21 91.6
      vertex 77.4 15.21 91.6
    endloop
  endfacet
  facet normal 0 1 -0
    outer loop
      vertex 77.4 15.21 103.4
      vertex 66.6 15.21 104.6
      vertex 90 15.21 104.6
    endloop
  endfacet
  facet normal 0 1 0
    outer loop
      vertex 66.6 15.21 104.6
      vertex 77.4 15.21 103.4
      vertex 65.4 15.21 104.6
    endloop
  endfacet
  facet normal 0 1 0
    outer loop
      vertex 65.4 15.21 104.6
      vertex 54.6 15.21 103.4
      vertex 42.6 15.21 104.6
    endloop
  endfacet
  facet normal 0 1 -0
    outer loop
      vertex 53.4 15.21 103.4
      vertex 42.6 15.21 104.6
      vertex 54.6 15.21 103.4
    endloop
  endfacet
  facet normal 0 1 0
    outer loop
      vertex 30.6 15.21 103.4
      vertex 41.4 15.21 104.6
      vertex 53.4 15.21 103.4
    endloop
  endfacet
  facet normal 0 1 0
    outer loop
      vertex 41.4 15.21 104.6
      vertex 30.6 15.21 103.4
      vertex 18.6 15.21 104.6
    endloop
  endfacet
  facet normal 0 1 0
    outer loop
      vertex 18.6 15.21 104.6
      vertex 29.4 15.21 103.4
      vertex 17.4 15.21 104.6
    endloop
  endfacet
  facet normal 0 1 0
    outer loop
      vertex 6.6 15.21 103.4
      vertex 17.4 15.21 104.6
      vertex 29.4 15.21 103.4
    endloop
  endfacet
  facet normal 0 1 -0
    outer loop
      vertex 5.4 15.21 103.4
      vertex -5.4 15.21 104.6
      vertex 6.6 15.21 103.4
    endloop
  endfacet
  facet normal 0 1 0
    outer loop
      vertex -5.4 15.21 104.6
      vertex 5.4 15.21 103.4
      vertex -6.6 15.21 104.6
    endloop
  endfacet
  facet normal 0 1 0
    outer loop
      vertex -17.4 15.21 103.4
      vertex -6.6 15.21 104.6
      vertex 5.4 15.21 103.4
    endloop
  endfacet
  facet normal 0 1 0
    outer loop
      vertex -6.6 15.21 104.6
      vertex -17.4 15.21 103.4
      vertex -29.4 15.21 104.6
    endloop
  endfacet
  facet normal 0 1 -0
    outer loop
      vertex -18.6 15.21 103.4
      vertex -29.4 15.21 104.6
      vertex -17.4 15.21 103.4
    endloop
  endfacet
  facet normal 0 1 0
    outer loop
      vertex -29.4 15.21 104.6
      vertex -18.6 15.21 103.4
      vertex -30.6 15.21 104.6
    endloop
  endfacet
  facet normal 0 1 0
    outer loop
      vertex 78.6 15.21 103.4
      vertex 90 15.21 104.6
      vertex 90 15.21 103.4
    endloop
  endfacet
  facet normal 0 1 0
    outer loop
      vertex 77.4 15.21 103.4
      vertex 90 15.21 104.6
      vertex 78.6 15.21 103.4
    endloop
  endfacet
  facet normal 0 1 0
    outer loop
      vertex 65.4 15.21 104.6
      vertex 77.4 15.21 103.4
      vertex 54.6 15.21 103.4
    endloop
  endfacet
  facet normal 0 1 0
    outer loop
      vertex 42.6 15.21 104.6
      vertex 53.4 15.21 103.4
      vertex 41.4 15.21 104.6
    endloop
  endfacet
  facet normal 0 1 -0
    outer loop
      vertex 29.4 15.21 103.4
      vertex 18.6 15.21 104.6
      vertex 30.6 15.21 103.4
    endloop
  endfacet
  facet normal 0 1 0
    outer loop
      vertex 17.4 15.21 104.6
      vertex 6.6 15.21 103.4
      vertex -5.4 15.21 104.6
    endloop
  endfacet
  facet normal 0 1 0
    outer loop
      vertex -41.4 15.21 103.4
      vertex -30.6 15.21 104.6
      vertex -18.6 15.21 103.4
    endloop
  endfacet
  facet normal 0 1 0
    outer loop
      vertex -30.6 15.21 104.6
      vertex -41.4 15.21 103.4
      vertex -53.4 15.21 104.6
    endloop
  endfacet
  facet normal 0 1 -0
    outer loop
      vertex -42.6 15.21 103.4
      vertex -53.4 15.21 104.6
      vertex -41.4 15.21 103.4
    endloop
  endfacet
  facet normal 0 1 0
    outer loop
      vertex -53.4 15.21 104.6
      vertex -42.6 15.21 103.4
      vertex -54.6 15.21 104.6
    endloop
  endfacet
  facet normal 0 1 0
    outer loop
      vertex -65.4 15.21 103.4
      vertex -54.6 15.21 104.6
      vertex -42.6 15.21 103.4
    endloop
  endfacet
  facet normal 0 1 0
    outer loop
      vertex -54.6 15.21 104.6
      vertex -65.4 15.21 103.4
      vertex -77.4 15.21 104.6
    endloop
  endfacet
  facet normal 0 1 -0
    outer loop
      vertex -66.6 15.21 103.4
      vertex -77.4 15.21 104.6
      vertex -65.4 15.21 103.4
    endloop
  endfacet
  facet normal 0 1 0
    outer loop
      vertex -77.4 15.21 104.6
      vertex -66.6 15.21 103.4
      vertex -78.6 15.21 104.6
    endloop
  endfacet
  facet normal 0 1 0
    outer loop
      vertex -90 15.21 103.4
      vertex -78.6 15.21 104.6
      vertex -66.6 15.21 103.4
    endloop
  endfacet
  facet normal 0 1 0
    outer loop
      vertex -78.6 15.21 104.6
      vertex -90 15.21 103.4
      vertex -90 15.21 104.6
    endloop
  endfacet
  facet normal 0 1 -0
    outer loop
      vertex -77.4 15.21 104.6
      vertex -78.6 15.21 116.4
      vertex -77.4 15.21 116.4
    endloop
  endfacet
  facet normal 0 1 0
    outer loop
      vertex -78.6 15.21 116.4
      vertex -77.4 15.21 104.6
      vertex -78.6 15.21 104.6
    endloop
  endfacet
  facet normal 0 1 -0
    outer loop
      vertex -53.4 15.21 104.6
      vertex -54.6 15.21 116.4
      vertex -53.4 15.21 116.4
    endloop
  endfacet
  facet normal 0 1 0
    outer loop
      vertex -54.6 15.21 116.4
      vertex -53.4 15.21 104.6
      vertex -54.6 15.21 104.6
    endloop
  endfacet
  facet normal 0 1 -0
    outer loop
      vertex -29.4 15.21 104.6
      vertex -30.6 15.21 116.4
      vertex -29.4 15.21 116.4
    endloop
  endfacet
  facet normal 0 1 0
    outer loop
      vertex -30.6 15.21 116.4
      vertex -29.4 15.21 104.6
      vertex -30.6 15.21 104.6
    endloop
  endfacet
  facet normal 0 1 -0
    outer loop
      vertex -5.4 15.21 104.6
      vertex -6.6 15.21 116.4
      vertex -5.4 15.21 116.4
    endloop
  endfacet
  facet normal 0 1 0
    outer loop
      vertex -6.6 15.21 116.4
      vertex -5.4 15.21 104.6
      vertex -6.6 15.21 104.6
    endloop
  endfacet
  facet normal 0 1 -0
    outer loop
      vertex 18.6 15.21 104.6
      vertex 17.4 15.21 116.4
      vertex 18.6 15.21 116.4
    endloop
  endfacet
  facet normal 0 1 0
    outer loop
      vertex 17.4 15.21 116.4
      vertex 18.6 15.21 104.6
      vertex 17.4 15.21 104.6
    endloop
  endfacet
  facet normal 0 1 -0
    outer loop
      vertex 42.6 15.21 104.6
      vertex 41.4 15.21 116.4
      vertex 42.6 15.21 116.4
    endloop
  endfacet
  facet normal 0 1 0
    outer loop
      vertex 41.4 15.21 116.4
      vertex 42.6 15.21 104.6
      vertex 41.4 15.21 104.6
    endloop
  endfacet
  facet normal 0 1 -0
    outer loop
      vertex 66.6 15.21 104.6
      vertex 65.4 15.21 116.4
      vertex 66.6 15.21 116.4
    endloop
  endfacet
  facet normal 0 1 0
    outer loop
      vertex 65.4 15.21 116.4
      vertex 66.6 15.21 104.6
      vertex 65.4 15.21 104.6
    endloop
  endfacet
  facet normal 0 1 0
    outer loop
      vertex 66.6 15.21 116.4
      vertex 90 15.21 117.6
      vertex 90 15.21 116.4
    endloop
  endfacet
  facet normal 0 1 0
    outer loop
      vertex 65.4 15.21 116.4
      vertex 90 15.21 117.6
      vertex 66.6 15.21 116.4
    endloop
  endfacet
  facet normal 0 1 0
    outer loop
      vertex 42.6 15.21 116.4
      vertex 90 15.21 117.6
      vertex 65.4 15.21 116.4
    endloop
  endfacet
  facet normal 0 1 0
    outer loop
      vertex 41.4 15.21 116.4
      vertex 90 15.21 117.6
      vertex 42.6 15.21 116.4
    endloop
  endfacet
  facet normal 0 1 0
    outer loop
      vertex 18.6 15.21 116.4
      vertex 90 15.21 117.6
      vertex 41.4 15.21 116.4
    endloop
  endfacet
  facet normal 0 1 0
    outer loop
      vertex 90 15.21 117.6
      vertex 18.6 15.21 116.4
      vertex -90 15.21 117.6
    endloop
  endfacet
  facet normal 0 1 -0
    outer loop
      vertex 17.4 15.21 116.4
      vertex -90 15.21 117.6
      vertex 18.6 15.21 116.4
    endloop
  endfacet
  facet normal 0 1 -0
    outer loop
      vertex -5.4 15.21 116.4
      vertex -90 15.21 117.6
      vertex 17.4 15.21 116.4
    endloop
  endfacet
  facet normal 0 1 -0
    outer loop
      vertex -6.6 15.21 116.4
      vertex -90 15.21 117.6
      vertex -5.4 15.21 116.4
    endloop
  endfacet
  facet normal 0 1 -0
    outer loop
      vertex -29.4 15.21 116.4
      vertex -90 15.21 117.6
      vertex -6.6 15.21 116.4
    endloop
  endfacet
  facet normal 0 1 -0
    outer loop
      vertex -30.6 15.21 116.4
      vertex -90 15.21 117.6
      vertex -29.4 15.21 116.4
    endloop
  endfacet
  facet normal 0 1 -0
    outer loop
      vertex -53.4 15.21 116.4
      vertex -90 15.21 117.6
      vertex -30.6 15.21 116.4
    endloop
  endfacet
  facet normal 0 1 -0
    outer loop
      vertex -54.6 15.21 116.4
      vertex -90 15.21 117.6
      vertex -53.4 15.21 116.4
    endloop
  endfacet
  facet normal 0 1 -0
    outer loop
      vertex -77.4 15.21 116.4
      vertex -90 15.21 117.6
      vertex -54.6 15.21 116.4
    endloop
  endfacet
  facet normal 0 1 -0
    outer loop
      vertex -78.6 15.21 116.4
      vertex -90 15.21 117.6
      vertex -77.4 15.21 116.4
    endloop
  endfacet
  facet normal 0 1 0
    outer loop
      vertex -90 15.21 117.6
      vertex -78.6 15.21 116.4
      vertex -90 15.21 116.4
    endloop
  endfacet
  facet normal 0 1 -0
    outer loop
      vertex -41.4 15.21 65.6
      vertex -42.6 15.21 76
      vertex -41.4 15.21 76
    endloop
  endfacet
  facet normal 0 1 0
    outer loop
      vertex -42.6 15.21 76
      vertex -41.4 15.21 65.6
      vertex -42.6 15.21 65.6
    endloop
  endfacet
  facet normal 0 0 -1
    outer loop
      vertex 66.6 -16 26.6
      vertex 90 -15.21 26.6
      vertex 90 -16 26.6
    endloop
  endfacet
  facet normal -0 0 -1
    outer loop
      vertex 90 -15.21 26.6
      vertex 66.6 -16 26.6
      vertex 66.6 -15.21 26.6
    endloop
  endfacet
  facet normal 0 0 -1
    outer loop
      vertex -90 -16 26.6
      vertex -78.6 -15.21 26.6
      vertex -78.6 -16 26.6
    endloop
  endfacet
  facet normal -0 0 -1
    outer loop
      vertex -78.6 -15.21 26.6
      vertex -90 -16 26.6
      vertex -90 -15.21 26.6
    endloop
  endfacet
  facet normal 0 0 -1
    outer loop
      vertex -77.4 -16 26.6
      vertex -54.6 -15.21 26.6
      vertex -54.6 -16 26.6
    endloop
  endfacet
  facet normal -0 0 -1
    outer loop
      vertex -54.6 -15.21 26.6
      vertex -77.4 -16 26.6
      vertex -77.4 -15.21 26.6
    endloop
  endfacet
  facet normal 0 0 -1
    outer loop
      vertex -53.4 -16 26.6
      vertex -30.6 -15.21 26.6
      vertex -30.6 -16 26.6
    endloop
  endfacet
  facet normal -0 0 -1
    outer loop
      vertex -30.6 -15.21 26.6
      vertex -53.4 -16 26.6
      vertex -53.4 -15.21 26.6
    endloop
  endfacet
  facet normal 0 0 -1
    outer loop
      vertex -29.4 -16 26.6
      vertex -6.6 -15.21 26.6
      vertex -6.6 -16 26.6
    endloop
  endfacet
  facet normal -0 0 -1
    outer loop
      vertex -6.6 -15.21 26.6
      vertex -29.4 -16 26.6
      vertex -29.4 -15.21 26.6
    endloop
  endfacet
  facet normal 0 0 -1
    outer loop
      vertex -5.4 -16 26.6
      vertex 17.4 -15.21 26.6
      vertex 17.4 -16 26.6
    endloop
  endfacet
  facet normal -0 0 -1
    outer loop
      vertex 17.4 -15.21 26.6
      vertex -5.4 -16 26.6
      vertex -5.4 -15.21 26.6
    endloop
  endfacet
  facet normal 0 0 -1
    outer loop
      vertex 18.6 -16 26.6
      vertex 41.4 -15.21 26.6
      vertex 41.4 -16 26.6
    endloop
  endfacet
  facet normal -0 0 -1
    outer loop
      vertex 41.4 -15.21 26.6
      vertex 18.6 -16 26.6
      vertex 18.6 -15.21 26.6
    endloop
  endfacet
  facet normal 0 0 -1
    outer loop
      vertex 42.6 -16 26.6
      vertex 65.4 -15.21 26.6
      vertex 65.4 -16 26.6
    endloop
  endfacet
  facet normal -0 0 -1
    outer loop
      vertex 65.4 -15.21 26.6
      vertex 42.6 -16 26.6
      vertex 42.6 -15.21 26.6
    endloop
  endfacet
  facet normal -0 0 1
    outer loop
      vertex 78.6 -15.21 25.4
      vertex 90 -16 25.4
      vertex 90 -15.21 25.4
    endloop
  endfacet
  facet normal 0 0 1
    outer loop
      vertex 90 -16 25.4
      vertex 78.6 -15.21 25.4
      vertex 78.6 -16 25.4
    endloop
  endfacet
  facet normal -0 0 1
    outer loop
      vertex -90 -15.21 25.4
      vertex -66.6 -16 25.4
      vertex -66.6 -15.21 25.4
    endloop
  endfacet
  facet normal 0 0 1
    outer loop
      vertex -66.6 -16 25.4
      vertex -90 -15.21 25.4
      vertex -90 -16 25.4
    endloop
  endfacet
  facet normal -0 0 1
    outer loop
      vertex -65.4 -15.21 25.4
      vertex -42.6 -16 25.4
      vertex -42.6 -15.21 25.4
    endloop
  endfacet
  facet normal 0 0 1
    outer loop
      vertex -42.6 -16 25.4
      vertex -65.4 -15.21 25.4
      vertex -65.4 -16 25.4
    endloop
  endfacet
  facet normal -0 0 1
    outer loop
      vertex -41.4 -15.21 25.4
      vertex -18.6 -16 25.4
      vertex -18.6 -15.21 25.4
    endloop
  endfacet
  facet normal 0 0 1
    outer loop
      vertex -18.6 -16 25.4
      vertex -41.4 -15.21 25.4
      vertex -41.4 -16 25.4
    endloop
  endfacet
  facet normal -0 0 1
    outer loop
      vertex -17.4 -15.21 25.4
      vertex 5.4 -16 25.4
      vertex 5.4 -15.21 25.4
    endloop
  endfacet
  facet normal 0 0 1
    outer loop
      vertex 5.4 -16 25.4
      vertex -17.4 -15.21 25.4
      vertex -17.4 -16 25.4
    endloop
  endfacet
  facet normal -0 0 1
    outer loop
      vertex 6.6 -15.21 25.4
      vertex 29.4 -16 25.4
      vertex 29.4 -15.21 25.4
    endloop
  endfacet
  facet normal 0 0 1
    outer loop
      vertex 29.4 -16 25.4
      vertex 6.6 -15.21 25.4
      vertex 6.6 -16 25.4
    endloop
  endfacet
  facet normal -0 0 1
    outer loop
      vertex 30.6 -15.21 25.4
      vertex 53.4 -16 25.4
      vertex 53.4 -15.21 25.4
    endloop
  endfacet
  facet normal 0 0 1
    outer loop
      vertex 53.4 -16 25.4
      vertex 30.6 -15.21 25.4
      vertex 30.6 -16 25.4
    endloop
  endfacet
  facet normal -0 0 1
    outer loop
      vertex 54.6 -15.21 25.4
      vertex 77.4 -16 25.4
      vertex 77.4 -15.21 25.4
    endloop
  endfacet
  facet normal 0 0 1
    outer loop
      vertex 77.4 -16 25.4
      vertex 54.6 -15.21 25.4
      vertex 54.6 -16 25.4
    endloop
  endfacet
  facet normal 0 0 -1
    outer loop
      vertex 66.6 15.21 26.6
      vertex 90 16 26.6
      vertex 90 15.21 26.6
    endloop
  endfacet
  facet normal -0 0 -1
    outer loop
      vertex 90 16 26.6
      vertex 66.6 15.21 26.6
      vertex 66.6 16 26.6
    endloop
  endfacet
  facet normal 0 0 -1
    outer loop
      vertex -90 15.21 26.6
      vertex -78.6 16 26.6
      vertex -78.6 15.21 26.6
    endloop
  endfacet
  facet normal -0 0 -1
    outer loop
      vertex -78.6 16 26.6
      vertex -90 15.21 26.6
      vertex -90 16 26.6
    endloop
  endfacet
  facet normal 0 0 -1
    outer loop
      vertex -77.4 15.21 26.6
      vertex -54.6 16 26.6
      vertex -54.6 15.21 26.6
    endloop
  endfacet
  facet normal -0 0 -1
    outer loop
      vertex -54.6 16 26.6
      vertex -77.4 15.21 26.6
      vertex -77.4 16 26.6
    endloop
  endfacet
  facet normal 0 0 -1
    outer loop
      vertex -53.4 15.21 26.6
      vertex -30.6 16 26.6
      vertex -30.6 15.21 26.6
    endloop
  endfacet
  facet normal -0 0 -1
    outer loop
      vertex -30.6 16 26.6
      vertex -53.4 15.21 26.6
      vertex -53.4 16 26.6
    endloop
  endfacet
  facet normal 0 0 -1
    outer loop
      vertex -29.4 15.21 26.6
      vertex -6.6 16 26.6
      vertex -6.6 15.21 26.6
    endloop
  endfacet
  facet normal -0 0 -1
    outer loop
      vertex -6.6 16 26.6
      vertex -29.4 15.21 26.6
      vertex -29.4 16 26.6
    endloop
  endfacet
  facet normal 0 0 -1
    outer loop
      vertex -5.4 15.21 26.6
      vertex 17.4 16 26.6
      vertex 17.4 15.21 26.6
    endloop
  endfacet
  facet normal -0 0 -1
    outer loop
      vertex 17.4 16 26.6
      vertex -5.4 15.21 26.6
      vertex -5.4 16 26.6
    endloop
  endfacet
  facet normal 0 0 -1
    outer loop
      vertex 18.6 15.21 26.6
      vertex 41.4 16 26.6
      vertex 41.4 15.21 26.6
    endloop
  endfacet
  facet normal -0 0 -1
    outer loop
      vertex 41.4 16 26.6
      vertex 18.6 15.21 26.6
      vertex 18.6 16 26.6
    endloop
  endfacet
  facet normal 0 0 -1
    outer loop
      vertex 42.6 15.21 26.6
      vertex 65.4 16 26.6
      vertex 65.4 15.21 26.6
    endloop
  endfacet
  facet normal -0 0 -1
    outer loop
      vertex 65.4 16 26.6
      vertex 42.6 15.21 26.6
      vertex 42.6 16 26.6
    endloop
  endfacet
  facet normal -0 0 1
    outer loop
      vertex -90 16 25.4
      vertex -66.6 15.21 25.4
      vertex -66.6 16 25.4
    endloop
  endfacet
  facet normal 0 0 1
    outer loop
      vertex -66.6 15.21 25.4
      vertex -90 16 25.4
      vertex -90 15.21 25.4
    endloop
  endfacet
  facet normal -0 0 1
    outer loop
      vertex 78.6 16 25.4
      vertex 90 15.21 25.4
      vertex 90 16 25.4
    endloop
  endfacet
  facet normal 0 0 1
    outer loop
      vertex 90 15.21 25.4
      vertex 78.6 16 25.4
      vertex 78.6 15.21 25.4
    endloop
  endfacet
  facet normal -0 0 1
    outer loop
      vertex -65.4 16 25.4
      vertex -42.6 15.21 25.4
      vertex -42.6 16 25.4
    endloop
  endfacet
  facet normal 0 0 1
    outer loop
      vertex -42.6 15.21 25.4
      vertex -65.4 16 25.4
      vertex -65.4 15.21 25.4
    endloop
  endfacet
  facet normal -0 0 1
    outer loop
      vertex -41.4 16 25.4
      vertex -18.6 15.21 25.4
      vertex -18.6 16 25.4
    endloop
  endfacet
  facet normal 0 0 1
    outer loop
      vertex -18.6 15.21 25.4
      vertex -41.4 16 25.4
      vertex -41.4 15.21 25.4
    endloop
  endfacet
  facet normal -0 0 1
    outer loop
      vertex -17.4 16 25.4
      vertex 5.4 15.21 25.4
      vertex 5.4 16 25.4
    endloop
  endfacet
  facet normal 0 0 1
    outer loop
      vertex 5.4 15.21 25.4
      vertex -17.4 16 25.4
      vertex -17.4 15.21 25.4
    endloop
  endfacet
  facet normal -0 0 1
    outer loop
      vertex 6.6 16 25.4
      vertex 29.4 15.21 25.4
      vertex 29.4 16 25.4
    endloop
  endfacet
  facet normal 0 0 1
    outer loop
      vertex 29.4 15.21 25.4
      vertex 6.6 16 25.4
      vertex 6.6 15.21 25.4
    endloop
  endfacet
  facet normal -0 0 1
    outer loop
      vertex 30.6 16 25.4
      vertex 53.4 15.21 25.4
      vertex 53.4 16 25.4
    endloop
  endfacet
  facet normal 0 0 1
    outer loop
      vertex 53.4 15.21 25.4
      vertex 30.6 16 25.4
      vertex 30.6 15.21 25.4
    endloop
  endfacet
  facet normal -0 0 1
    outer loop
      vertex 54.6 16 25.4
      vertex 77.4 15.21 25.4
      vertex 77.4 16 25.4
    endloop
  endfacet
  facet normal 0 0 1
    outer loop
      vertex 77.4 15.21 25.4
      vertex 54.6 16 25.4
      vertex 54.6 15.21 25.4
    endloop
  endfacet
  facet normal 0 0 -1
    outer loop
      vertex 78.6 -16 39.6
      vertex 90 -15.21 39.6
      vertex 90 -16 39.6
    endloop
  endfacet
  facet normal -0 0 -1
    outer loop
      vertex 90 -15.21 39.6
      vertex 78.6 -16 39.6
      vertex 78.6 -15.21 39.6
    endloop
  endfacet
  facet normal 0 0 -1
    outer loop
      vertex -90 -16 39.6
      vertex -66.6 -15.21 39.6
      vertex -66.6 -16 39.6
    endloop
  endfacet
  facet normal -0 0 -1
    outer loop
      vertex -66.6 -15.21 39.6
      vertex -90 -16 39.6
      vertex -90 -15.21 39.6
    endloop
  endfacet
  facet normal 0 0 -1
    outer loop
      vertex -65.4 -16 39.6
      vertex -42.6 -15.21 39.6
      vertex -42.6 -16 39.6
    endloop
  endfacet
  facet normal -0 0 -1
    outer loop
      vertex -42.6 -15.21 39.6
      vertex -65.4 -16 39.6
      vertex -65.4 -15.21 39.6
    endloop
  endfacet
  facet normal 0 0 -1
    outer loop
      vertex -41.4 -16 39.6
      vertex -18.6 -15.21 39.6
      vertex -18.6 -16 39.6
    endloop
  endfacet
  facet normal -0 0 -1
    outer loop
      vertex -18.6 -15.21 39.6
      vertex -41.4 -16 39.6
      vertex -41.4 -15.21 39.6
    endloop
  endfacet
  facet normal 0 0 -1
    outer loop
      vertex -17.4 -16 39.6
      vertex 5.4 -15.21 39.6
      vertex 5.4 -16 39.6
    endloop
  endfacet
  facet normal -0 0 -1
    outer loop
      vertex 5.4 -15.21 39.6
      vertex -17.4 -16 39.6
      vertex -17.4 -15.21 39.6
    endloop
  endfacet
  facet normal 0 0 -1
    outer loop
      vertex 6.6 -16 39.6
      vertex 29.4 -15.21 39.6
      vertex 29.4 -16 39.6
    endloop
  endfacet
  facet normal -0 0 -1
    outer loop
      vertex 29.4 -15.21 39.6
      vertex 6.6 -16 39.6
      vertex 6.6 -15.21 39.6
    endloop
  endfacet
  facet normal 0 0 -1
    outer loop
      vertex 30.6 -16 39.6
      vertex 53.4 -15.21 39.6
      vertex 53.4 -16 39.6
    endloop
  endfacet
  facet normal -0 0 -1
    outer loop
      vertex 53.4 -15.21 39.6
      vertex 30.6 -16 39.6
      vertex 30.6 -15.21 39.6
    endloop
  endfacet
  facet normal 0 0 -1
    outer loop
      vertex 54.6 -16 39.6
      vertex 77.4 -15.21 39.6
      vertex 77.4 -16 39.6
    endloop
  endfacet
  facet normal -0 0 -1
    outer loop
      vertex 77.4 -15.21 39.6
      vertex 54.6 -16 39.6
      vertex 54.6 -15.21 39.6
    endloop
  endfacet
  facet normal -0 0 1
    outer loop
      vertex 66.6 -15.21 38.4
      vertex 90 -16 38.4
      vertex 90 -15.21 38.4
    endloop
  endfacet
  facet normal 0 0 1
    outer loop
      vertex 90 -16 38.4
      vertex 66.6 -15.21 38.4
      vertex 66.6 -16 38.4
    endloop
  endfacet
  facet normal -0 0 1
    outer loop
      vertex -90 -15.21 38.4
      vertex -78.6 -16 38.4
      vertex -78.6 -15.21 38.4
    endloop
  endfacet
  facet normal 0 0 1
    outer loop
      vertex -78.6 -16 38.4
      vertex -90 -15.21 38.4
      vertex -90 -16 38.4
    endloop
  endfacet
  facet normal -0 0 1
    outer loop
      vertex -77.4 -15.21 38.4
      vertex -54.6 -16 38.4
      vertex -54.6 -15.21 38.4
    endloop
  endfacet
  facet normal 0 0 1
    outer loop
      vertex -54.6 -16 38.4
      vertex -77.4 -15.21 38.4
      vertex -77.4 -16 38.4
    endloop
  endfacet
  facet normal -0 0 1
    outer loop
      vertex -53.4 -15.21 38.4
      vertex -30.6 -16 38.4
      vertex -30.6 -15.21 38.4
    endloop
  endfacet
  facet normal 0 0 1
    outer loop
      vertex -30.6 -16 38.4
      vertex -53.4 -15.21 38.4
      vertex -53.4 -16 38.4
    endloop
  endfacet
  facet normal -0 0 1
    outer loop
      vertex -29.4 -15.21 38.4
      vertex -6.6 -16 38.4
      vertex -6.6 -15.21 38.4
    endloop
  endfacet
  facet normal 0 0 1
    outer loop
      vertex -6.6 -16 38.4
      vertex -29.4 -15.21 38.4
      vertex -29.4 -16 38.4
    endloop
  endfacet
  facet normal -0 0 1
    outer loop
      vertex -5.4 -15.21 38.4
      vertex 17.4 -16 38.4
      vertex 17.4 -15.21 38.4
    endloop
  endfacet
  facet normal 0 0 1
    outer loop
      vertex 17.4 -16 38.4
      vertex -5.4 -15.21 38.4
      vertex -5.4 -16 38.4
    endloop
  endfacet
  facet normal -0 0 1
    outer loop
      vertex 18.6 -15.21 38.4
      vertex 41.4 -16 38.4
      vertex 41.4 -15.21 38.4
    endloop
  endfacet
  facet normal 0 0 1
    outer loop
      vertex 41.4 -16 38.4
      vertex 18.6 -15.21 38.4
      vertex 18.6 -16 38.4
    endloop
  endfacet
  facet normal -0 0 1
    outer loop
      vertex 42.6 -15.21 38.4
      vertex 65.4 -16 38.4
      vertex 65.4 -15.21 38.4
    endloop
  endfacet
  facet normal 0 0 1
    outer loop
      vertex 65.4 -16 38.4
      vertex 42.6 -15.21 38.4
      vertex 42.6 -16 38.4
    endloop
  endfacet
  facet normal 0 0 -1
    outer loop
      vertex 78.6 15.21 39.6
      vertex 90 16 39.6
      vertex 90 15.21 39.6
    endloop
  endfacet
  facet normal -0 0 -1
    outer loop
      vertex 90 16 39.6
      vertex 78.6 15.21 39.6
      vertex 78.6 16 39.6
    endloop
  endfacet
  facet normal 0 0 -1
    outer loop
      vertex -90 15.21 39.6
      vertex -66.6 16 39.6
      vertex -66.6 15.21 39.6
    endloop
  endfacet
  facet normal -0 0 -1
    outer loop
      vertex -66.6 16 39.6
      vertex -90 15.21 39.6
      vertex -90 16 39.6
    endloop
  endfacet
  facet normal 0 0 -1
    outer loop
      vertex -65.4 15.21 39.6
      vertex -42.6 16 39.6
      vertex -42.6 15.21 39.6
    endloop
  endfacet
  facet normal -0 0 -1
    outer loop
      vertex -42.6 16 39.6
      vertex -65.4 15.21 39.6
      vertex -65.4 16 39.6
    endloop
  endfacet
  facet normal 0 0 -1
    outer loop
      vertex -41.4 15.21 39.6
      vertex -18.6 16 39.6
      vertex -18.6 15.21 39.6
    endloop
  endfacet
  facet normal -0 0 -1
    outer loop
      vertex -18.6 16 39.6
      vertex -41.4 15.21 39.6
      vertex -41.4 16 39.6
    endloop
  endfacet
  facet normal 0 0 -1
    outer loop
      vertex -17.4 15.21 39.6
      vertex 5.4 16 39.6
      vertex 5.4 15.21 39.6
    endloop
  endfacet
  facet normal -0 0 -1
    outer loop
      vertex 5.4 16 39.6
      vertex -17.4 15.21 39.6
      vertex -17.4 16 39.6
    endloop
  endfacet
  facet normal 0 0 -1
    outer loop
      vertex 6.6 15.21 39.6
      vertex 29.4 16 39.6
      vertex 29.4 15.21 39.6
    endloop
  endfacet
  facet normal -0 0 -1
    outer loop
      vertex 29.4 16 39.6
      vertex 6.6 15.21 39.6
      vertex 6.6 16 39.6
    endloop
  endfacet
  facet normal 0 0 -1
    outer loop
      vertex 30.6 15.21 39.6
      vertex 53.4 16 39.6
      vertex 53.4 15.21 39.6
    endloop
  endfacet
  facet normal -0 0 -1
    outer loop
      vertex 53.4 16 39.6
      vertex 30.6 15.21 39.6
      vertex 30.6 16 39.6
    endloop
  endfacet
  facet normal 0 0 -1
    outer loop
      vertex 54.6 15.21 39.6
      vertex 77.4 16 39.6
      vertex 77.4 15.21 39.6
    endloop
  endfacet
  facet normal -0 0 -1
    outer loop
      vertex 77.4 16 39.6
      vertex 54.6 15.21 39.6
      vertex 54.6 16 39.6
    endloop
  endfacet
  facet normal -0 0 1
    outer loop
      vertex -90 16 38.4
      vertex -78.6 15.21 38.4
      vertex -78.6 16 38.4
    endloop
  endfacet
  facet normal 0 0 1
    outer loop
      vertex -78.6 15.21 38.4
      vertex -90 16 38.4
      vertex -90 15.21 38.4
    endloop
  endfacet
  facet normal -0 0 1
    outer loop
      vertex 66.6 16 38.4
      vertex 90 15.21 38.4
      vertex 90 16 38.4
    endloop
  endfacet
  facet normal 0 0 1
    outer loop
      vertex 90 15.21 38.4
      vertex 66.6 16 38.4
      vertex 66.6 15.21 38.4
    endloop
  endfacet
  facet normal -0 0 1
    outer loop
      vertex -77.4 16 38.4
      vertex -54.6 15.21 38.4
      vertex -54.6 16 38.4
    endloop
  endfacet
  facet normal 0 0 1
    outer loop
      vertex -54.6 15.21 38.4
      vertex -77.4 16 38.4
      vertex -77.4 15.21 38.4
    endloop
  endfacet
  facet normal -0 0 1
    outer loop
      vertex -53.4 16 38.4
      vertex -30.6 15.21 38.4
      vertex -30.6 16 38.4
    endloop
  endfacet
  facet normal 0 0 1
    outer loop
      vertex -30.6 15.21 38.4
      vertex -53.4 16 38.4
      vertex -53.4 15.21 38.4
    endloop
  endfacet
  facet normal -0 0 1
    outer loop
      vertex -29.4 16 38.4
      vertex -6.6 15.21 38.4
      vertex -6.6 16 38.4
    endloop
  endfacet
  facet normal 0 0 1
    outer loop
      vertex -6.6 15.21 38.4
      vertex -29.4 16 38.4
      vertex -29.4 15.21 38.4
    endloop
  endfacet
  facet normal -0 0 1
    outer loop
      vertex -5.4 16 38.4
      vertex 17.4 15.21 38.4
      vertex 17.4 16 38.4
    endloop
  endfacet
  facet normal 0 0 1
    outer loop
      vertex 17.4 15.21 38.4
      vertex -5.4 16 38.4
      vertex -5.4 15.21 38.4
    endloop
  endfacet
  facet normal -0 0 1
    outer loop
      vertex 18.6 16 38.4
      vertex 41.4 15.21 38.4
      vertex 41.4 16 38.4
    endloop
  endfacet
  facet normal 0 0 1
    outer loop
      vertex 41.4 15.21 38.4
      vertex 18.6 16 38.4
      vertex 18.6 15.21 38.4
    endloop
  endfacet
  facet normal -0 0 1
    outer loop
      vertex 42.6 16 38.4
      vertex 65.4 15.21 38.4
      vertex 65.4 16 38.4
    endloop
  endfacet
  facet normal 0 0 1
    outer loop
      vertex 65.4 15.21 38.4
      vertex 42.6 16 38.4
      vertex 42.6 15.21 38.4
    endloop
  endfacet
  facet normal 0 0 -1
    outer loop
      vertex 66.6 -16 52.6
      vertex 90 -15.21 52.6
      vertex 90 -16 52.6
    endloop
  endfacet
  facet normal -0 0 -1
    outer loop
      vertex 90 -15.21 52.6
      vertex 66.6 -16 52.6
      vertex 66.6 -15.21 52.6
    endloop
  endfacet
  facet normal 0 0 -1
    outer loop
      vertex -90 -16 52.6
      vertex -78.6 -15.21 52.6
      vertex -78.6 -16 52.6
    endloop
  endfacet
  facet normal -0 0 -1
    outer loop
      vertex -78.6 -15.21 52.6
      vertex -90 -16 52.6
      vertex -90 -15.21 52.6
    endloop
  endfacet
  facet normal 0 0 -1
    outer loop
      vertex -77.4 -16 52.6
      vertex -54.6 -15.21 52.6
      vertex -54.6 -16 52.6
    endloop
  endfacet
  facet normal -0 0 -1
    outer loop
      vertex -54.6 -15.21 52.6
      vertex -77.4 -16 52.6
      vertex -77.4 -15.21 52.6
    endloop
  endfacet
  facet normal 0 0 -1
    outer loop
      vertex -53.4 -16 52.6
      vertex -30.6 -15.21 52.6
      vertex -30.6 -16 52.6
    endloop
  endfacet
  facet normal -0 0 -1
    outer loop
      vertex -30.6 -15.21 52.6
      vertex -53.4 -16 52.6
      vertex -53.4 -15.21 52.6
    endloop
  endfacet
  facet normal 0 0 -1
    outer loop
      vertex -29.4 -16 52.6
      vertex -6.6 -15.21 52.6
      vertex -6.6 -16 52.6
    endloop
  endfacet
  facet normal -0 0 -1
    outer loop
      vertex -6.6 -15.21 52.6
      vertex -29.4 -16 52.6
      vertex -29.4 -15.21 52.6
    endloop
  endfacet
  facet normal 0 0 -1
    outer loop
      vertex -5.4 -16 52.6
      vertex 17.4 -15.21 52.6
      vertex 17.4 -16 52.6
    endloop
  endfacet
  facet normal -0 0 -1
    outer loop
      vertex 17.4 -15.21 52.6
      vertex -5.4 -16 52.6
      vertex -5.4 -15.21 52.6
    endloop
  endfacet
  facet normal 0 0 -1
    outer loop
      vertex 18.6 -16 52.6
      vertex 41.4 -15.21 52.6
      vertex 41.4 -16 52.6
    endloop
  endfacet
  facet normal -0 0 -1
    outer loop
      vertex 41.4 -15.21 52.6
      vertex 18.6 -16 52.6
      vertex 18.6 -15.21 52.6
    endloop
  endfacet
  facet normal 0 0 -1
    outer loop
      vertex 42.6 -16 52.6
      vertex 65.4 -15.21 52.6
      vertex 65.4 -16 52.6
    endloop
  endfacet
  facet normal -0 0 -1
    outer loop
      vertex 65.4 -15.21 52.6
      vertex 42.6 -16 52.6
      vertex 42.6 -15.21 52.6
    endloop
  endfacet
  facet normal -0 0 1
    outer loop
      vertex 78.6 -15.21 51.4
      vertex 90 -16 51.4
      vertex 90 -15.21 51.4
    endloop
  endfacet
  facet normal 0 0 1
    outer loop
      vertex 90 -16 51.4
      vertex 78.6 -15.21 51.4
      vertex 78.6 -16 51.4
    endloop
  endfacet
  facet normal -0 0 1
    outer loop
      vertex -90 -15.21 51.4
      vertex -66.6 -16 51.4
      vertex -66.6 -15.21 51.4
    endloop
  endfacet
  facet normal 0 0 1
    outer loop
      vertex -66.6 -16 51.4
      vertex -90 -15.21 51.4
      vertex -90 -16 51.4
    endloop
  endfacet
  facet normal -0 0 1
    outer loop
      vertex -65.4 -15.21 51.4
      vertex -42.6 -16 51.4
      vertex -42.6 -15.21 51.4
    endloop
  endfacet
  facet normal 0 0 1
    outer loop
      vertex -42.6 -16 51.4
      vertex -65.4 -15.21 51.4
      vertex -65.4 -16 51.4
    endloop
  endfacet
  facet normal -0 0 1
    outer loop
      vertex -41.4 -15.21 51.4
      vertex -18.6 -16 51.4
      vertex -18.6 -15.21 51.4
    endloop
  endfacet
  facet normal 0 0 1
    outer loop
      vertex -18.6 -16 51.4
      vertex -41.4 -15.21 51.4
      vertex -41.4 -16 51.4
    endloop
  endfacet
  facet normal -0 0 1
    outer loop
      vertex -17.4 -15.21 51.4
      vertex 5.4 -16 51.4
      vertex 5.4 -15.21 51.4
    endloop
  endfacet
  facet normal 0 0 1
    outer loop
      vertex 5.4 -16 51.4
      vertex -17.4 -15.21 51.4
      vertex -17.4 -16 51.4
    endloop
  endfacet
  facet normal -0 0 1
    outer loop
      vertex 6.6 -15.21 51.4
      vertex 29.4 -16 51.4
      vertex 29.4 -15.21 51.4
    endloop
  endfacet
  facet normal 0 0 1
    outer loop
      vertex 29.4 -16 51.4
      vertex 6.6 -15.21 51.4
      vertex 6.6 -16 51.4
    endloop
  endfacet
  facet normal -0 0 1
    outer loop
      vertex 30.6 -15.21 51.4
      vertex 53.4 -16 51.4
      vertex 53.4 -15.21 51.4
    endloop
  endfacet
  facet normal 0 0 1
    outer loop
      vertex 53.4 -16 51.4
      vertex 30.6 -15.21 51.4
      vertex 30.6 -16 51.4
    endloop
  endfacet
  facet normal -0 0 1
    outer loop
      vertex 54.6 -15.21 51.4
      vertex 77.4 -16 51.4
      vertex 77.4 -15.21 51.4
    endloop
  endfacet
  facet normal 0 0 1
    outer loop
      vertex 77.4 -16 51.4
      vertex 54.6 -15.21 51.4
      vertex 54.6 -16 51.4
    endloop
  endfacet
  facet normal 0 0 -1
    outer loop
      vertex 66.6 15.21 52.6
      vertex 90 16 52.6
      vertex 90 15.21 52.6
    endloop
  endfacet
  facet normal -0 0 -1
    outer loop
      vertex 90 16 52.6
      vertex 66.6 15.21 52.6
      vertex 66.6 16 52.6
    endloop
  endfacet
  facet normal 0 0 -1
    outer loop
      vertex -90 15.21 52.6
      vertex -78.6 16 52.6
      vertex -78.6 15.21 52.6
    endloop
  endfacet
  facet normal -0 0 -1
    outer loop
      vertex -78.6 16 52.6
      vertex -90 15.21 52.6
      vertex -90 16 52.6
    endloop
  endfacet
  facet normal 0 0 -1
    outer loop
      vertex -77.4 15.21 52.6
      vertex -54.6 16 52.6
      vertex -54.6 15.21 52.6
    endloop
  endfacet
  facet normal -0 0 -1
    outer loop
      vertex -54.6 16 52.6
      vertex -77.4 15.21 52.6
      vertex -77.4 16 52.6
    endloop
  endfacet
  facet normal 0 0 -1
    outer loop
      vertex -53.4 15.21 52.6
      vertex -30.6 16 52.6
      vertex -30.6 15.21 52.6
    endloop
  endfacet
  facet normal -0 0 -1
    outer loop
      vertex -30.6 16 52.6
      vertex -53.4 15.21 52.6
      vertex -53.4 16 52.6
    endloop
  endfacet
  facet normal 0 0 -1
    outer loop
      vertex -29.4 15.21 52.6
      vertex -6.6 16 52.6
      vertex -6.6 15.21 52.6
    endloop
  endfacet
  facet normal -0 0 -1
    outer loop
      vertex -6.6 16 52.6
      vertex -29.4 15.21 52.6
      vertex -29.4 16 52.6
    endloop
  endfacet
  facet normal 0 0 -1
    outer loop
      vertex -5.4 15.21 52.6
      vertex 17.4 16 52.6
      vertex 17.4 15.21 52.6
    endloop
  endfacet
  facet normal -0 0 -1
    outer loop
      vertex 17.4 16 52.6
      vertex -5.4 15.21 52.6
      vertex -5.4 16 52.6
    endloop
  endfacet
  facet normal 0 0 -1
    outer loop
      vertex 18.6 15.21 52.6
      vertex 41.4 16 52.6
      vertex 41.4 15.21 52.6
    endloop
  endfacet
  facet normal -0 0 -1
    outer loop
      vertex 41.4 16 52.6
      vertex 18.6 15.21 52.6
      vertex 18.6 16 52.6
    endloop
  endfacet
  facet normal 0 0 -1
    outer loop
      vertex 42.6 15.21 52.6
      vertex 65.4 16 52.6
      vertex 65.4 15.21 52.6
    endloop
  endfacet
  facet normal -0 0 -1
    outer loop
      vertex 65.4 16 52.6
      vertex 42.6 15.21 52.6
      vertex 42.6 16 52.6
    endloop
  endfacet
  facet normal -0 0 1
    outer loop
      vertex -90 16 51.4
      vertex -66.6 15.21 51.4
      vertex -66.6 16 51.4
    endloop
  endfacet
  facet normal 0 0 1
    outer loop
      vertex -66.6 15.21 51.4
      vertex -90 16 51.4
      vertex -90 15.21 51.4
    endloop
  endfacet
  facet normal -0 0 1
    outer loop
      vertex 78.6 16 51.4
      vertex 90 15.21 51.4
      vertex 90 16 51.4
    endloop
  endfacet
  facet normal 0 0 1
    outer loop
      vertex 90 15.21 51.4
      vertex 78.6 16 51.4
      vertex 78.6 15.21 51.4
    endloop
  endfacet
  facet normal -0 0 1
    outer loop
      vertex -65.4 16 51.4
      vertex -42.6 15.21 51.4
      vertex -42.6 16 51.4
    endloop
  endfacet
  facet normal 0 0 1
    outer loop
      vertex -42.6 15.21 51.4
      vertex -65.4 16 51.4
      vertex -65.4 15.21 51.4
    endloop
  endfacet
  facet normal -0 0 1
    outer loop
      vertex -41.4 16 51.4
      vertex -18.6 15.21 51.4
      vertex -18.6 16 51.4
    endloop
  endfacet
  facet normal 0 0 1
    outer loop
      vertex -18.6 15.21 51.4
      vertex -41.4 16 51.4
      vertex -41.4 15.21 51.4
    endloop
  endfacet
  facet normal -0 0 1
    outer loop
      vertex -17.4 16 51.4
      vertex 5.4 15.21 51.4
      vertex 5.4 16 51.4
    endloop
  endfacet
  facet normal 0 0 1
    outer loop
      vertex 5.4 15.21 51.4
      vertex -17.4 16 51.4
      vertex -17.4 15.21 51.4
    endloop
  endfacet
  facet normal -0 0 1
    outer loop
      vertex 6.6 16 51.4
      vertex 29.4 15.21 51.4
      vertex 29.4 16 51.4
    endloop
  endfacet
  facet normal 0 0 1
    outer loop
      vertex 29.4 15.21 51.4
      vertex 6.6 16 51.4
      vertex 6.6 15.21 51.4
    endloop
  endfacet
  facet normal -0 0 1
    outer loop
      vertex 30.6 16 51.4
      vertex 53.4 15.21 51.4
      vertex 53.4 16 51.4
    endloop
  endfacet
  facet normal 0 0 1
    outer loop
      vertex 53.4 15.21 51.4
      vertex 30.6 16 51.4
      vertex 30.6 15.21 51.4
    endloop
  endfacet
  facet normal -0 0 1
    outer loop
      vertex 54.6 16 51.4
      vertex 77.4 15.21 51.4
      vertex 77.4 16 51.4
    endloop
  endfacet
  facet normal 0 0 1
    outer loop
      vertex 77.4 15.21 51.4
      vertex 54.6 16 51.4
      vertex 54.6 15.21 51.4
    endloop
  endfacet
  facet normal 0 0 -1
    outer loop
      vertex 78.6 -16 65.6
      vertex 90 -15.21 65.6
      vertex 90 -16 65.6
    endloop
  endfacet
  facet normal -0 0 -1
    outer loop
      vertex 90 -15.21 65.6
      vertex 78.6 -16 65.6
      vertex 78.6 -15.21 65.6
    endloop
  endfacet
  facet normal 0 0 -1
    outer loop
      vertex -90 -16 65.6
      vertex -66.6 -15.21 65.6
      vertex -66.6 -16 65.6
    endloop
  endfacet
  facet normal -0 0 -1
    outer loop
      vertex -66.6 -15.21 65.6
      vertex -90 -16 65.6
      vertex -90 -15.21 65.6
    endloop
  endfacet
  facet normal 0 0 -1
    outer loop
      vertex -65.4 -16 65.6
      vertex -42.6 -15.21 65.6
      vertex -42.6 -16 65.6
    endloop
  endfacet
  facet normal -0 0 -1
    outer loop
      vertex -42.6 -15.21 65.6
      vertex -65.4 -16 65.6
      vertex -65.4 -15.21 65.6
    endloop
  endfacet
  facet normal 0 0 -1
    outer loop
      vertex -41.4 -16 65.6
      vertex -18.6 -15.21 65.6
      vertex -18.6 -16 65.6
    endloop
  endfacet
  facet normal -0 0 -1
    outer loop
      vertex -18.6 -15.21 65.6
      vertex -41.4 -16 65.6
      vertex -41.4 -15.21 65.6
    endloop
  endfacet
  facet normal 0 0 -1
    outer loop
      vertex -17.4 -16 65.6
      vertex 5.4 -15.21 65.6
      vertex 5.4 -16 65.6
    endloop
  endfacet
  facet normal -0 0 -1
    outer loop
      vertex 5.4 -15.21 65.6
      vertex -17.4 -16 65.6
      vertex -17.4 -15.21 65.6
    endloop
  endfacet
  facet normal 0 0 -1
    outer loop
      vertex 6.6 -16 65.6
      vertex 29.4 -15.21 65.6
      vertex 29.4 -16 65.6
    endloop
  endfacet
  facet normal -0 0 -1
    outer loop
      vertex 29.4 -15.21 65.6
      vertex 6.6 -16 65.6
      vertex 6.6 -15.21 65.6
    endloop
  endfacet
  facet normal 0 0 -1
    outer loop
      vertex 30.6 -16 65.6
      vertex 53.4 -15.21 65.6
      vertex 53.4 -16 65.6
    endloop
  endfacet
  facet normal -0 0 -1
    outer loop
      vertex 53.4 -15.21 65.6
      vertex 30.6 -16 65.6
      vertex 30.6 -15.21 65.6
    endloop
  endfacet
  facet normal 0 0 -1
    outer loop
      vertex 54.6 -16 65.6
      vertex 77.4 -15.21 65.6
      vertex 77.4 -16 65.6
    endloop
  endfacet
  facet normal -0 0 -1
    outer loop
      vertex 77.4 -15.21 65.6
      vertex 54.6 -16 65.6
      vertex 54.6 -15.21 65.6
    endloop
  endfacet
  facet normal -0 0 1
    outer loop
      vertex 66.6 -15.21 64.4
      vertex 90 -16 64.4
      vertex 90 -15.21 64.4
    endloop
  endfacet
  facet normal 0 0 1
    outer loop
      vertex 90 -16 64.4
      vertex 66.6 -15.21 64.4
      vertex 66.6 -16 64.4
    endloop
  endfacet
  facet normal -0 0 1
    outer loop
      vertex -90 -15.21 64.4
      vertex -78.6 -16 64.4
      vertex -78.6 -15.21 64.4
    endloop
  endfacet
  facet normal 0 0 1
    outer loop
      vertex -78.6 -16 64.4
      vertex -90 -15.21 64.4
      vertex -90 -16 64.4
    endloop
  endfacet
  facet normal -0 0 1
    outer loop
      vertex -77.4 -15.21 64.4
      vertex -54.6 -16 64.4
      vertex -54.6 -15.21 64.4
    endloop
  endfacet
  facet normal 0 0 1
    outer loop
      vertex -54.6 -16 64.4
      vertex -77.4 -15.21 64.4
      vertex -77.4 -16 64.4
    endloop
  endfacet
  facet normal -0 0 1
    outer loop
      vertex -53.4 -15.21 64.4
      vertex -30.6 -16 64.4
      vertex -30.6 -15.21 64.4
    endloop
  endfacet
  facet normal 0 0 1
    outer loop
      vertex -30.6 -16 64.4
      vertex -53.4 -15.21 64.4
      vertex -53.4 -16 64.4
    endloop
  endfacet
  facet normal -0 0 1
    outer loop
      vertex -29.4 -15.21 64.4
      vertex -6.6 -16 64.4
      vertex -6.6 -15.21 64.4
    endloop
  endfacet
  facet normal 0 0 1
    outer loop
      vertex -6.6 -16 64.4
      vertex -29.4 -15.21 64.4
      vertex -29.4 -16 64.4
    endloop
  endfacet
  facet normal -0 0 1
    outer loop
      vertex -5.4 -15.21 64.4
      vertex 17.4 -16 64.4
      vertex 17.4 -15.21 64.4
    endloop
  endfacet
  facet normal 0 0 1
    outer loop
      vertex 17.4 -16 64.4
      vertex -5.4 -15.21 64.4
      vertex -5.4 -16 64.4
    endloop
  endfacet
  facet normal -0 0 1
    outer loop
      vertex 18.6 -15.21 64.4
      vertex 41.4 -16 64.4
      vertex 41.4 -15.21 64.4
    endloop
  endfacet
  facet normal 0 0 1
    outer loop
      vertex 41.4 -16 64.4
      vertex 18.6 -15.21 64.4
      vertex 18.6 -16 64.4
    endloop
  endfacet
  facet normal -0 0 1
    outer loop
      vertex 42.6 -15.21 64.4
      vertex 65.4 -16 64.4
      vertex 65.4 -15.21 64.4
    endloop
  endfacet
  facet normal 0 0 1
    outer loop
      vertex 65.4 -16 64.4
      vertex 42.6 -15.21 64.4
      vertex 42.6 -16 64.4
    endloop
  endfacet
  facet normal 0 0 -1
    outer loop
      vertex 78.6 15.21 65.6
      vertex 90 16 65.6
      vertex 90 15.21 65.6
    endloop
  endfacet
  facet normal -0 0 -1
    outer loop
      vertex 90 16 65.6
      vertex 78.6 15.21 65.6
      vertex 78.6 16 65.6
    endloop
  endfacet
  facet normal 0 0 -1
    outer loop
      vertex -90 15.21 65.6
      vertex -66.6 16 65.6
      vertex -66.6 15.21 65.6
    endloop
  endfacet
  facet normal -0 0 -1
    outer loop
      vertex -66.6 16 65.6
      vertex -90 15.21 65.6
      vertex -90 16 65.6
    endloop
  endfacet
  facet normal 0 0 -1
    outer loop
      vertex -65.4 15.21 65.6
      vertex -42.6 16 65.6
      vertex -42.6 15.21 65.6
    endloop
  endfacet
  facet normal -0 0 -1
    outer loop
      vertex -42.6 16 65.6
      vertex -65.4 15.21 65.6
      vertex -65.4 16 65.6
    endloop
  endfacet
  facet normal 0 0 -1
    outer loop
      vertex -41.4 15.21 65.6
      vertex -18.6 16 65.6
      vertex -18.6 15.21 65.6
    endloop
  endfacet
  facet normal -0 0 -1
    outer loop
      vertex -18.6 16 65.6
      vertex -41.4 15.21 65.6
      vertex -41.4 16 65.6
    endloop
  endfacet
  facet normal 0 0 -1
    outer loop
      vertex -17.4 15.21 65.6
      vertex 5.4 16 65.6
      vertex 5.4 15.21 65.6
    endloop
  endfacet
  facet normal -0 0 -1
    outer loop
      vertex 5.4 16 65.6
      vertex -17.4 15.21 65.6
      vertex -17.4 16 65.6
    endloop
  endfacet
  facet normal 0 0 -1
    outer loop
      vertex 6.6 15.21 65.6
      vertex 29.4 16 65.6
      vertex 29.4 15.21 65.6
    endloop
  endfacet
  facet normal -0 0 -1
    outer loop
      vertex 29.4 16 65.6
      vertex 6.6 15.21 65.6
      vertex 6.6 16 65.6
    endloop
  endfacet
  facet normal 0 0 -1
    outer loop
      vertex 30.6 15.21 65.6
      vertex 53.4 16 65.6
      vertex 53.4 15.21 65.6
    endloop
  endfacet
  facet normal -0 0 -1
    outer loop
      vertex 53.4 16 65.6
      vertex 30.6 15.21 65.6
      vertex 30.6 16 65.6
    endloop
  endfacet
  facet normal 0 0 -1
    outer loop
      vertex 54.6 15.21 65.6
      vertex 77.4 16 65.6
      vertex 77.4 15.21 65.6
    endloop
  endfacet
  facet normal -0 0 -1
    outer loop
      vertex 77.4 16 65.6
      vertex 54.6 15.21 65.6
      vertex 54.6 16 65.6
    endloop
  endfacet
  facet normal -0 0 1
    outer loop
      vertex -90 16 64.4
      vertex -78.6 15.21 64.4
      vertex -78.6 16 64.4
    endloop
  endfacet
  facet normal 0 0 1
    outer loop
      vertex -78.6 15.21 64.4
      vertex -90 16 64.4
      vertex -90 15.21 64.4
    endloop
  endfacet
  facet normal -0 0 1
    outer loop
      vertex 66.6 16 64.4
      vertex 90 15.21 64.4
      vertex 90 16 64.4
    endloop
  endfacet
  facet normal 0 0 1
    outer loop
      vertex 90 15.21 64.4
      vertex 66.6 16 64.4
      vertex 66.6 15.21 64.4
    endloop
  endfacet
  facet normal -0 0 1
    outer loop
      vertex -77.4 16 64.4
      vertex -54.6 15.21 64.4
      vertex -54.6 16 64.4
    endloop
  endfacet
  facet normal 0 0 1
    outer loop
      vertex -54.6 15.21 64.4
      vertex -77.4 16 64.4
      vertex -77.4 15.21 64.4
    endloop
  endfacet
  facet normal -0 0 1
    outer loop
      vertex -53.4 16 64.4
      vertex -30.6 15.21 64.4
      vertex -30.6 16 64.4
    endloop
  endfacet
  facet normal 0 0 1
    outer loop
      vertex -30.6 15.21 64.4
      vertex -53.4 16 64.4
      vertex -53.4 15.21 64.4
    endloop
  endfacet
  facet normal -0 0 1
    outer loop
      vertex -29.4 16 64.4
      vertex -6.6 15.21 64.4
      vertex -6.6 16 64.4
    endloop
  endfacet
  facet normal 0 0 1
    outer loop
      vertex -6.6 15.21 64.4
      vertex -29.4 16 64.4
      vertex -29.4 15.21 64.4
    endloop
  endfacet
  facet normal -0 0 1
    outer loop
      vertex -5.4 16 64.4
      vertex 17.4 15.21 64.4
      vertex 17.4 16 64.4
    endloop
  endfacet
  facet normal 0 0 1
    outer loop
      vertex 17.4 15.21 64.4
      vertex -5.4 16 64.4
      vertex -5.4 15.21 64.4
    endloop
  endfacet
  facet normal -0 0 1
    outer loop
      vertex 18.6 16 64.4
      vertex 41.4 15.21 64.4
      vertex 41.4 16 64.4
    endloop
  endfacet
  facet normal 0 0 1
    outer loop
      vertex 41.4 15.21 64.4
      vertex 18.6 16 64.4
      vertex 18.6 15.21 64.4
    endloop
  endfacet
  facet normal -0 0 1
    outer loop
      vertex 42.6 16 64.4
      vertex 65.4 15.21 64.4
      vertex 65.4 16 64.4
    endloop
  endfacet
  facet normal 0 0 1
    outer loop
      vertex 65.4 15.21 64.4
      vertex 42.6 16 64.4
      vertex 42.6 15.21 64.4
    endloop
  endfacet
  facet normal 0 0 -1
    outer loop
      vertex 66.6 -16 78.6
      vertex 90 -15.21 78.6
      vertex 90 -16 78.6
    endloop
  endfacet
  facet normal -0 0 -1
    outer loop
      vertex 90 -15.21 78.6
      vertex 66.6 -16 78.6
      vertex 66.6 -15.21 78.6
    endloop
  endfacet
  facet normal 0 0 -1
    outer loop
      vertex -90 -16 78.6
      vertex -78.6 -15.21 78.6
      vertex -78.6 -16 78.6
    endloop
  endfacet
  facet normal -0 0 -1
    outer loop
      vertex -78.6 -15.21 78.6
      vertex -90 -16 78.6
      vertex -90 -15.21 78.6
    endloop
  endfacet
  facet normal 0 0 -1
    outer loop
      vertex -77.4 -16 78.6
      vertex -54.6 -15.21 78.6
      vertex -54.6 -16 78.6
    endloop
  endfacet
  facet normal -0 0 -1
    outer loop
      vertex -54.6 -15.21 78.6
      vertex -77.4 -16 78.6
      vertex -77.4 -15.21 78.6
    endloop
  endfacet
  facet normal 0 0 -1
    outer loop
      vertex -53.4 -16 78.6
      vertex -51 -15.21 78.6
      vertex -51 -16 78.6
    endloop
  endfacet
  facet normal -0 0 -1
    outer loop
      vertex -51 -15.21 78.6
      vertex -53.4 -16 78.6
      vertex -53.4 -15.21 78.6
    endloop
  endfacet
  facet normal 0 0 -1
    outer loop
      vertex -39 -16 78.6
      vertex -30.6 -15.21 78.6
      vertex -30.6 -16 78.6
    endloop
  endfacet
  facet normal -0 0 -1
    outer loop
      vertex -30.6 -15.21 78.6
      vertex -39 -16 78.6
      vertex -39 -15.21 78.6
    endloop
  endfacet
  facet normal 0 0 -1
    outer loop
      vertex -29.4 -16 78.6
      vertex -6.6 -15.21 78.6
      vertex -6.6 -16 78.6
    endloop
  endfacet
  facet normal -0 0 -1
    outer loop
      vertex -6.6 -15.21 78.6
      vertex -29.4 -16 78.6
      vertex -29.4 -15.21 78.6
    endloop
  endfacet
  facet normal 0 0 -1
    outer loop
      vertex -5.4 -16 78.6
      vertex 17.4 -15.21 78.6
      vertex 17.4 -16 78.6
    endloop
  endfacet
  facet normal -0 0 -1
    outer loop
      vertex 17.4 -15.21 78.6
      vertex -5.4 -16 78.6
      vertex -5.4 -15.21 78.6
    endloop
  endfacet
  facet normal 0 0 -1
    outer loop
      vertex 18.6 -16 78.6
      vertex 39 -15.21 78.6
      vertex 39 -16 78.6
    endloop
  endfacet
  facet normal -0 0 -1
    outer loop
      vertex 39 -15.21 78.6
      vertex 18.6 -16 78.6
      vertex 18.6 -15.21 78.6
    endloop
  endfacet
  facet normal 0 0 -1
    outer loop
      vertex 51 -16 78.6
      vertex 65.4 -15.21 78.6
      vertex 65.4 -16 78.6
    endloop
  endfacet
  facet normal -0 0 -1
    outer loop
      vertex 65.4 -15.21 78.6
      vertex 51 -16 78.6
      vertex 51 -15.21 78.6
    endloop
  endfacet
  facet normal -0 0 1
    outer loop
      vertex 78.6 -15.21 77.4
      vertex 90 -16 77.4
      vertex 90 -15.21 77.4
    endloop
  endfacet
  facet normal 0 0 1
    outer loop
      vertex 90 -16 77.4
      vertex 78.6 -15.21 77.4
      vertex 78.6 -16 77.4
    endloop
  endfacet
  facet normal -0 0 1
    outer loop
      vertex -90 -15.21 77.4
      vertex -66.6 -16 77.4
      vertex -66.6 -15.21 77.4
    endloop
  endfacet
  facet normal 0 0 1
    outer loop
      vertex -66.6 -16 77.4
      vertex -90 -15.21 77.4
      vertex -90 -16 77.4
    endloop
  endfacet
  facet normal -0 0 1
    outer loop
      vertex -65.4 -15.21 77.4
      vertex -51 -16 77.4
      vertex -51 -15.21 77.4
    endloop
  endfacet
  facet normal 0 0 1
    outer loop
      vertex -51 -16 77.4
      vertex -65.4 -15.21 77.4
      vertex -65.4 -16 77.4
    endloop
  endfacet
  facet normal -0 0 1
    outer loop
      vertex -39 -15.21 77.4
      vertex -18.6 -16 77.4
      vertex -18.6 -15.21 77.4
    endloop
  endfacet
  facet normal 0 0 1
    outer loop
      vertex -18.6 -16 77.4
      vertex -39 -15.21 77.4
      vertex -39 -16 77.4
    endloop
  endfacet
  facet normal -0 0 1
    outer loop
      vertex -17.4 -15.21 77.4
      vertex 5.4 -16 77.4
      vertex 5.4 -15.21 77.4
    endloop
  endfacet
  facet normal 0 0 1
    outer loop
      vertex 5.4 -16 77.4
      vertex -17.4 -15.21 77.4
      vertex -17.4 -16 77.4
    endloop
  endfacet
  facet normal -0 0 1
    outer loop
      vertex 6.6 -15.21 77.4
      vertex 29.4 -16 77.4
      vertex 29.4 -15.21 77.4
    endloop
  endfacet
  facet normal 0 0 1
    outer loop
      vertex 29.4 -16 77.4
      vertex 6.6 -15.21 77.4
      vertex 6.6 -16 77.4
    endloop
  endfacet
  facet normal -0 0 1
    outer loop
      vertex 30.6 -15.21 77.4
      vertex 39 -16 77.4
      vertex 39 -15.21 77.4
    endloop
  endfacet
  facet normal 0 0 1
    outer loop
      vertex 39 -16 77.4
      vertex 30.6 -15.21 77.4
      vertex 30.6 -16 77.4
    endloop
  endfacet
  facet normal -0 0 1
    outer loop
      vertex 51 -15.21 77.4
      vertex 53.4 -16 77.4
      vertex 53.4 -15.21 77.4
    endloop
  endfacet
  facet normal 0 0 1
    outer loop
      vertex 53.4 -16 77.4
      vertex 51 -15.21 77.4
      vertex 51 -16 77.4
    endloop
  endfacet
  facet normal -0 0 1
    outer loop
      vertex 54.6 -15.21 77.4
      vertex 77.4 -16 77.4
      vertex 77.4 -15.21 77.4
    endloop
  endfacet
  facet normal 0 0 1
    outer loop
      vertex 77.4 -16 77.4
      vertex 54.6 -15.21 77.4
      vertex 54.6 -16 77.4
    endloop
  endfacet
  facet normal 0 0 -1
    outer loop
      vertex 66.6 15.21 78.6
      vertex 90 16 78.6
      vertex 90 15.21 78.6
    endloop
  endfacet
  facet normal -0 0 -1
    outer loop
      vertex 90 16 78.6
      vertex 66.6 15.21 78.6
      vertex 66.6 16 78.6
    endloop
  endfacet
  facet normal 0 0 -1
    outer loop
      vertex -90 15.21 78.6
      vertex -78.6 16 78.6
      vertex -78.6 15.21 78.6
    endloop
  endfacet
  facet normal -0 0 -1
    outer loop
      vertex -78.6 16 78.6
      vertex -90 15.21 78.6
      vertex -90 16 78.6
    endloop
  endfacet
  facet normal 0 0 -1
    outer loop
      vertex -77.4 15.21 78.6
      vertex -54.6 16 78.6
      vertex -54.6 15.21 78.6
    endloop
  endfacet
  facet normal -0 0 -1
    outer loop
      vertex -54.6 16 78.6
      vertex -77.4 15.21 78.6
      vertex -77.4 16 78.6
    endloop
  endfacet
  facet normal 0 0 -1
    outer loop
      vertex -53.4 15.21 78.6
      vertex -51 16 78.6
      vertex -51 15.21 78.6
    endloop
  endfacet
  facet normal -0 0 -1
    outer loop
      vertex -51 16 78.6
      vertex -53.4 15.21 78.6
      vertex -53.4 16 78.6
    endloop
  endfacet
  facet normal 0 0 -1
    outer loop
      vertex -39 15.21 78.6
      vertex -30.6 16 78.6
      vertex -30.6 15.21 78.6
    endloop
  endfacet
  facet normal -0 0 -1
    outer loop
      vertex -30.6 16 78.6
      vertex -39 15.21 78.6
      vertex -39 16 78.6
    endloop
  endfacet
  facet normal 0 0 -1
    outer loop
      vertex -29.4 15.21 78.6
      vertex -6.6 16 78.6
      vertex -6.6 15.21 78.6
    endloop
  endfacet
  facet normal -0 0 -1
    outer loop
      vertex -6.6 16 78.6
      vertex -29.4 15.21 78.6
      vertex -29.4 16 78.6
    endloop
  endfacet
  facet normal 0 0 -1
    outer loop
      vertex -5.4 15.21 78.6
      vertex 17.4 16 78.6
      vertex 17.4 15.21 78.6
    endloop
  endfacet
  facet normal -0 0 -1
    outer loop
      vertex 17.4 16 78.6
      vertex -5.4 15.21 78.6
      vertex -5.4 16 78.6
    endloop
  endfacet
  facet normal 0 0 -1
    outer loop
      vertex 18.6 15.21 78.6
      vertex 39 16 78.6
      vertex 39 15.21 78.6
    endloop
  endfacet
  facet normal -0 0 -1
    outer loop
      vertex 39 16 78.6
      vertex 18.6 15.21 78.6
      vertex 18.6 16 78.6
    endloop
  endfacet
  facet normal 0 0 -1
    outer loop
      vertex 51 15.21 78.6
      vertex 65.4 16 78.6
      vertex 65.4 15.21 78.6
    endloop
  endfacet
  facet normal -0 0 -1
    outer loop
      vertex 65.4 16 78.6
      vertex 51 15.21 78.6
      vertex 51 16 78.6
    endloop
  endfacet
  facet normal -0 0 1
    outer loop
      vertex -90 16 77.4
      vertex -66.6 15.21 77.4
      vertex -66.6 16 77.4
    endloop
  endfacet
  facet normal 0 0 1
    outer loop
      vertex -66.6 15.21 77.4
      vertex -90 16 77.4
      vertex -90 15.21 77.4
    endloop
  endfacet
  facet normal -0 0 1
    outer loop
      vertex 78.6 16 77.4
      vertex 90 15.21 77.4
      vertex 90 16 77.4
    endloop
  endfacet
  facet normal 0 0 1
    outer loop
      vertex 90 15.21 77.4
      vertex 78.6 16 77.4
      vertex 78.6 15.21 77.4
    endloop
  endfacet
  facet normal -0 0 1
    outer loop
      vertex -65.4 16 77.4
      vertex -51 15.21 77.4
      vertex -51 16 77.4
    endloop
  endfacet
  facet normal 0 0 1
    outer loop
      vertex -51 15.21 77.4
      vertex -65.4 16 77.4
      vertex -65.4 15.21 77.4
    endloop
  endfacet
  facet normal -0 0 1
    outer loop
      vertex -39 16 77.4
      vertex -18.6 15.21 77.4
      vertex -18.6 16 77.4
    endloop
  endfacet
  facet normal 0 0 1
    outer loop
      vertex -18.6 15.21 77.4
      vertex -39 16 77.4
      vertex -39 15.21 77.4
    endloop
  endfacet
  facet normal -0 0 1
    outer loop
      vertex -17.4 16 77.4
      vertex 5.4 15.21 77.4
      vertex 5.4 16 77.4
    endloop
  endfacet
  facet normal 0 0 1
    outer loop
      vertex 5.4 15.21 77.4
      vertex -17.4 16 77.4
      vertex -17.4 15.21 77.4
    endloop
  endfacet
  facet normal -0 0 1
    outer loop
      vertex 6.6 16 77.4
      vertex 29.4 15.21 77.4
      vertex 29.4 16 77.4
    endloop
  endfacet
  facet normal 0 0 1
    outer loop
      vertex 29.4 15.21 77.4
      vertex 6.6 16 77.4
      vertex 6.6 15.21 77.4
    endloop
  endfacet
  facet normal -0 0 1
    outer loop
      vertex 30.6 16 77.4
      vertex 39 15.21 77.4
      vertex 39 16 77.4
    endloop
  endfacet
  facet normal 0 0 1
    outer loop
      vertex 39 15.21 77.4
      vertex 30.6 16 77.4
      vertex 30.6 15.21 77.4
    endloop
  endfacet
  facet normal -0 0 1
    outer loop
      vertex 51 16 77.4
      vertex 53.4 15.21 77.4
      vertex 53.4 16 77.4
    endloop
  endfacet
  facet normal 0 0 1
    outer loop
      vertex 53.4 15.21 77.4
      vertex 51 16 77.4
      vertex 51 15.21 77.4
    endloop
  endfacet
  facet normal -0 0 1
    outer loop
      vertex 54.6 16 77.4
      vertex 77.4 15.21 77.4
      vertex 77.4 16 77.4
    endloop
  endfacet
  facet normal 0 0 1
    outer loop
      vertex 77.4 15.21 77.4
      vertex 54.6 16 77.4
      vertex 54.6 15.21 77.4
    endloop
  endfacet
  facet normal 0 0 -1
    outer loop
      vertex 78.6 -16 91.6
      vertex 90 -15.21 91.6
      vertex 90 -16 91.6
    endloop
  endfacet
  facet normal -0 0 -1
    outer loop
      vertex 90 -15.21 91.6
      vertex 78.6 -16 91.6
      vertex 78.6 -15.21 91.6
    endloop
  endfacet
  facet normal 0 0 -1
    outer loop
      vertex -90 -16 91.6
      vertex -66.6 -15.21 91.6
      vertex -66.6 -16 91.6
    endloop
  endfacet
  facet normal -0 0 -1
    outer loop
      vertex -66.6 -15.21 91.6
      vertex -90 -16 91.6
      vertex -90 -15.21 91.6
    endloop
  endfacet
  facet normal 0 0 -1
    outer loop
      vertex -65.4 -16 91.6
      vertex -42.6 -15.21 91.6
      vertex -42.6 -16 91.6
    endloop
  endfacet
  facet normal -0 0 -1
    outer loop
      vertex -42.6 -15.21 91.6
      vertex -65.4 -16 91.6
      vertex -65.4 -15.21 91.6
    endloop
  endfacet
  facet normal 0 0 -1
    outer loop
      vertex -41.4 -16 91.6
      vertex -18.6 -15.21 91.6
      vertex -18.6 -16 91.6
    endloop
  endfacet
  facet normal -0 0 -1
    outer loop
      vertex -18.6 -15.21 91.6
      vertex -41.4 -16 91.6
      vertex -41.4 -15.21 91.6
    endloop
  endfacet
  facet normal 0 0 -1
    outer loop
      vertex -17.4 -16 91.6
      vertex 5.4 -15.21 91.6
      vertex 5.4 -16 91.6
    endloop
  endfacet
  facet normal -0 0 -1
    outer loop
      vertex 5.4 -15.21 91.6
      vertex -17.4 -16 91.6
      vertex -17.4 -15.21 91.6
    endloop
  endfacet
  facet normal 0 0 -1
    outer loop
      vertex 6.6 -16 91.6
      vertex 29.4 -15.21 91.6
      vertex 29.4 -16 91.6
    endloop
  endfacet
  facet normal -0 0 -1
    outer loop
      vertex 29.4 -15.21 91.6
      vertex 6.6 -16 91.6
      vertex 6.6 -15.21 91.6
    endloop
  endfacet
  facet normal 0 0 -1
    outer loop
      vertex 30.6 -16 91.6
      vertex 53.4 -15.21 91.6
      vertex 53.4 -16 91.6
    endloop
  endfacet
  facet normal -0 0 -1
    outer loop
      vertex 53.4 -15.21 91.6
      vertex 30.6 -16 91.6
      vertex 30.6 -15.21 91.6
    endloop
  endfacet
  facet normal 0 0 -1
    outer loop
      vertex 54.6 -16 91.6
      vertex 77.4 -15.21 91.6
      vertex 77.4 -16 91.6
    endloop
  endfacet
  facet normal -0 0 -1
    outer loop
      vertex 77.4 -15.21 91.6
      vertex 54.6 -16 91.6
      vertex 54.6 -15.21 91.6
    endloop
  endfacet
  facet normal -0 0 1
    outer loop
      vertex 66.6 -15.21 90.4
      vertex 90 -16 90.4
      vertex 90 -15.21 90.4
    endloop
  endfacet
  facet normal 0 0 1
    outer loop
      vertex 90 -16 90.4
      vertex 66.6 -15.21 90.4
      vertex 66.6 -16 90.4
    endloop
  endfacet
  facet normal -0 0 1
    outer loop
      vertex -90 -15.21 90.4
      vertex -78.6 -16 90.4
      vertex -78.6 -15.21 90.4
    endloop
  endfacet
  facet normal 0 0 1
    outer loop
      vertex -78.6 -16 90.4
      vertex -90 -15.21 90.4
      vertex -90 -16 90.4
    endloop
  endfacet
  facet normal -0 0 1
    outer loop
      vertex -77.4 -15.21 90.4
      vertex -54.6 -16 90.4
      vertex -54.6 -15.21 90.4
    endloop
  endfacet
  facet normal 0 0 1
    outer loop
      vertex -54.6 -16 90.4
      vertex -77.4 -15.21 90.4
      vertex -77.4 -16 90.4
    endloop
  endfacet
  facet normal -0 0 1
    outer loop
      vertex -53.4 -15.21 90.4
      vertex -30.6 -16 90.4
      vertex -30.6 -15.21 90.4
    endloop
  endfacet
  facet normal 0 0 1
    outer loop
      vertex -30.6 -16 90.4
      vertex -53.4 -15.21 90.4
      vertex -53.4 -16 90.4
    endloop
  endfacet
  facet normal -0 0 1
    outer loop
      vertex -29.4 -15.21 90.4
      vertex -6.6 -16 90.4
      vertex -6.6 -15.21 90.4
    endloop
  endfacet
  facet normal 0 0 1
    outer loop
      vertex -6.6 -16 90.4
      vertex -29.4 -15.21 90.4
      vertex -29.4 -16 90.4
    endloop
  endfacet
  facet normal -0 0 1
    outer loop
      vertex -5.4 -15.21 90.4
      vertex 17.4 -16 90.4
      vertex 17.4 -15.21 90.4
    endloop
  endfacet
  facet normal 0 0 1
    outer loop
      vertex 17.4 -16 90.4
      vertex -5.4 -15.21 90.4
      vertex -5.4 -16 90.4
    endloop
  endfacet
  facet normal -0 0 1
    outer loop
      vertex 18.6 -15.21 90.4
      vertex 41.4 -16 90.4
      vertex 41.4 -15.21 90.4
    endloop
  endfacet
  facet normal 0 0 1
    outer loop
      vertex 41.4 -16 90.4
      vertex 18.6 -15.21 90.4
      vertex 18.6 -16 90.4
    endloop
  endfacet
  facet normal -0 0 1
    outer loop
      vertex 42.6 -15.21 90.4
      vertex 65.4 -16 90.4
      vertex 65.4 -15.21 90.4
    endloop
  endfacet
  facet normal 0 0 1
    outer loop
      vertex 65.4 -16 90.4
      vertex 42.6 -15.21 90.4
      vertex 42.6 -16 90.4
    endloop
  endfacet
  facet normal 0 0 -1
    outer loop
      vertex 78.6 15.21 91.6
      vertex 90 16 91.6
      vertex 90 15.21 91.6
    endloop
  endfacet
  facet normal -0 0 -1
    outer loop
      vertex 90 16 91.6
      vertex 78.6 15.21 91.6
      vertex 78.6 16 91.6
    endloop
  endfacet
  facet normal 0 0 -1
    outer loop
      vertex -90 15.21 91.6
      vertex -66.6 16 91.6
      vertex -66.6 15.21 91.6
    endloop
  endfacet
  facet normal -0 0 -1
    outer loop
      vertex -66.6 16 91.6
      vertex -90 15.21 91.6
      vertex -90 16 91.6
    endloop
  endfacet
  facet normal 0 0 -1
    outer loop
      vertex -65.4 15.21 91.6
      vertex -42.6 16 91.6
      vertex -42.6 15.21 91.6
    endloop
  endfacet
  facet normal -0 0 -1
    outer loop
      vertex -42.6 16 91.6
      vertex -65.4 15.21 91.6
      vertex -65.4 16 91.6
    endloop
  endfacet
  facet normal 0 0 -1
    outer loop
      vertex -41.4 15.21 91.6
      vertex -18.6 16 91.6
      vertex -18.6 15.21 91.6
    endloop
  endfacet
  facet normal -0 0 -1
    outer loop
      vertex -18.6 16 91.6
      vertex -41.4 15.21 91.6
      vertex -41.4 16 91.6
    endloop
  endfacet
  facet normal 0 0 -1
    outer loop
      vertex -17.4 15.21 91.6
      vertex 5.4 16 91.6
      vertex 5.4 15.21 91.6
    endloop
  endfacet
  facet normal -0 0 -1
    outer loop
      vertex 5.4 16 91.6
      vertex -17.4 15.21 91.6
      vertex -17.4 16 91.6
    endloop
  endfacet
  facet normal 0 0 -1
    outer loop
      vertex 6.6 15.21 91.6
      vertex 29.4 16 91.6
      vertex 29.4 15.21 91.6
    endloop
  endfacet
  facet normal -0 0 -1
    outer loop
      vertex 29.4 16 91.6
      vertex 6.6 15.21 91.6
      vertex 6.6 16 91.6
    endloop
  endfacet
  facet normal 0 0 -1
    outer loop
      vertex 30.6 15.21 91.6
      vertex 53.4 16 91.6
      vertex 53.4 15.21 91.6
    endloop
  endfacet
  facet normal -0 0 -1
    outer loop
      vertex 53.4 16 91.6
      vertex 30.6 15.21 91.6
      vertex 30.6 16 91.6
    endloop
  endfacet
  facet normal 0 0 -1
    outer loop
      vertex 54.6 15.21 91.6
      vertex 77.4 16 91.6
      vertex 77.4 15.21 91.6
    endloop
  endfacet
  facet normal -0 0 -1
    outer loop
      vertex 77.4 16 91.6
      vertex 54.6 15.21 91.6
      vertex 54.6 16 91.6
    endloop
  endfacet
  facet normal -0 0 1
    outer loop
      vertex -90 16 90.4
      vertex -78.6 15.21 90.4
      vertex -78.6 16 90.4
    endloop
  endfacet
  facet normal 0 0 1
    outer loop
      vertex -78.6 15.21 90.4
      vertex -90 16 90.4
      vertex -90 15.21 90.4
    endloop
  endfacet
  facet normal -0 0 1
    outer loop
      vertex 66.6 16 90.4
      vertex 90 15.21 90.4
      vertex 90 16 90.4
    endloop
  endfacet
  facet normal 0 0 1
    outer loop
      vertex 90 15.21 90.4
      vertex 66.6 16 90.4
      vertex 66.6 15.21 90.4
    endloop
  endfacet
  facet normal -0 0 1
    outer loop
      vertex -77.4 16 90.4
      vertex -54.6 15.21 90.4
      vertex -54.6 16 90.4
    endloop
  endfacet
  facet normal 0 0 1
    outer loop
      vertex -54.6 15.21 90.4
      vertex -77.4 16 90.4
      vertex -77.4 15.21 90.4
    endloop
  endfacet
  facet normal -0 0 1
    outer loop
      vertex -53.4 16 90.4
      vertex -30.6 15.21 90.4
      vertex -30.6 16 90.4
    endloop
  endfacet
  facet normal 0 0 1
    outer loop
      vertex -30.6 15.21 90.4
      vertex -53.4 16 90.4
      vertex -53.4 15.21 90.4
    endloop
  endfacet
  facet normal -0 0 1
    outer loop
      vertex -29.4 16 90.4
      vertex -6.6 15.21 90.4
      vertex -6.6 16 90.4
    endloop
  endfacet
  facet normal 0 0 1
    outer loop
      vertex -6.6 15.21 90.4
      vertex -29.4 16 90.4
      vertex -29.4 15.21 90.4
    endloop
  endfacet
  facet normal -0 0 1
    outer loop
      vertex -5.4 16 90.4
      vertex 17.4 15.21 90.4
      vertex 17.4 16 90.4
    endloop
  endfacet
  facet normal 0 0 1
    outer loop
      vertex 17.4 15.21 90.4
      vertex -5.4 16 90.4
      vertex -5.4 15.21 90.4
    endloop
  endfacet
  facet normal -0 0 1
    outer loop
      vertex 18.6 16 90.4
      vertex 41.4 15.21 90.4
      vertex 41.4 16 90.4
    endloop
  endfacet
  facet normal 0 0 1
    outer loop
      vertex 41.4 15.21 90.4
      vertex 18.6 16 90.4
      vertex 18.6 15.21 90.4
    endloop
  endfacet
  facet normal -0 0 1
    outer loop
      vertex 42.6 16 90.4
      vertex 65.4 15.21 90.4
      vertex 65.4 16 90.4
    endloop
  endfacet
  facet normal 0 0 1
    outer loop
      vertex 65.4 15.21 90.4
      vertex 42.6 16 90.4
      vertex 42.6 15.21 90.4
    endloop
  endfacet
  facet normal 0 0 -1
    outer loop
      vertex 66.6 -16 104.6
      vertex 90 -15.21 104.6
      vertex 90 -16 104.6
    endloop
  endfacet
  facet normal -0 0 -1
    outer loop
      vertex 90 -15.21 104.6
      vertex 66.6 -16 104.6
      vertex 66.6 -15.21 104.6
    endloop
  endfacet
  facet normal 0 0 -1
    outer loop
      vertex -90 -16 104.6
      vertex -78.6 -15.21 104.6
      vertex -78.6 -16 104.6
    endloop
  endfacet
  facet normal -0 0 -1
    outer loop
      vertex -78.6 -15.21 104.6
      vertex -90 -16 104.6
      vertex -90 -15.21 104.6
    endloop
  endfacet
  facet normal 0 0 -1
    outer loop
      vertex -77.4 -16 104.6
      vertex -54.6 -15.21 104.6
      vertex -54.6 -16 104.6
    endloop
  endfacet
  facet normal -0 0 -1
    outer loop
      vertex -54.6 -15.21 104.6
      vertex -77.4 -16 104.6
      vertex -77.4 -15.21 104.6
    endloop
  endfacet
  facet normal 0 0 -1
    outer loop
      vertex -53.4 -16 104.6
      vertex -30.6 -15.21 104.6
      vertex -30.6 -16 104.6
    endloop
  endfacet
  facet normal -0 0 -1
    outer loop
      vertex -30.6 -15.21 104.6
      vertex -53.4 -16 104.6
      vertex -53.4 -15.21 104.6
    endloop
  endfacet
  facet normal 0 0 -1
    outer loop
      vertex -29.4 -16 104.6
      vertex -6.6 -15.21 104.6
      vertex -6.6 -16 104.6
    endloop
  endfacet
  facet normal -0 0 -1
    outer loop
      vertex -6.6 -15.21 104.6
      vertex -29.4 -16 104.6
      vertex -29.4 -15.21 104.6
    endloop
  endfacet
  facet normal 0 0 -1
    outer loop
      vertex -5.4 -16 104.6
      vertex 17.4 -15.21 104.6
      vertex 17.4 -16 104.6
    endloop
  endfacet
  facet normal -0 0 -1
    outer loop
      vertex 17.4 -15.21 104.6
      vertex -5.4 -16 104.6
      vertex -5.4 -15.21 104.6
    endloop
  endfacet
  facet normal 0 0 -1
    outer loop
      vertex 18.6 -16 104.6
      vertex 41.4 -15.21 104.6
      vertex 41.4 -16 104.6
    endloop
  endfacet
  facet normal -0 0 -1
    outer loop
      vertex 41.4 -15.21 104.6
      vertex 18.6 -16 104.6
      vertex 18.6 -15.21 104.6
    endloop
  endfacet
  facet normal 0 0 -1
    outer loop
      vertex 42.6 -16 104.6
      vertex 65.4 -15.21 104.6
      vertex 65.4 -16 104.6
    endloop
  endfacet
  facet normal -0 0 -1
    outer loop
      vertex 65.4 -15.21 104.6
      vertex 42.6 -16 104.6
      vertex 42.6 -15.21 104.6
    endloop
  endfacet
  facet normal -0 0 1
    outer loop
      vertex 78.6 -15.21 103.4
      vertex 90 -16 103.4
      vertex 90 -15.21 103.4
    endloop
  endfacet
  facet normal 0 0 1
    outer loop
      vertex 90 -16 103.4
      vertex 78.6 -15.21 103.4
      vertex 78.6 -16 103.4
    endloop
  endfacet
  facet normal -0 0 1
    outer loop
      vertex -90 -15.21 103.4
      vertex -66.6 -16 103.4
      vertex -66.6 -15.21 103.4
    endloop
  endfacet
  facet normal 0 0 1
    outer loop
      vertex -66.6 -16 103.4
      vertex -90 -15.21 103.4
      vertex -90 -16 103.4
    endloop
  endfacet
  facet normal -0 0 1
    outer loop
      vertex -65.4 -15.21 103.4
      vertex -42.6 -16 103.4
      vertex -42.6 -15.21 103.4
    endloop
  endfacet
  facet normal 0 0 1
    outer loop
      vertex -42.6 -16 103.4
      vertex -65.4 -15.21 103.4
      vertex -65.4 -16 103.4
    endloop
  endfacet
  facet normal -0 0 1
    outer loop
      vertex -41.4 -15.21 103.4
      vertex -18.6 -16 103.4
      vertex -18.6 -15.21 103.4
    endloop
  endfacet
  facet normal 0 0 1
    outer loop
      vertex -18.6 -16 103.4
      vertex -41.4 -15.21 103.4
      vertex -41.4 -16 103.4
    endloop
  endfacet
  facet normal -0 0 1
    outer loop
      vertex -17.4 -15.21 103.4
      vertex 5.4 -16 103.4
      vertex 5.4 -15.21 103.4
    endloop
  endfacet
  facet normal 0 0 1
    outer loop
      vertex 5.4 -16 103.4
      vertex -17.4 -15.21 103.4
      vertex -17.4 -16 103.4
    endloop
  endfacet
  facet normal -0 0 1
    outer loop
      vertex 6.6 -15.21 103.4
      vertex 29.4 -16 103.4
      vertex 29.4 -15.21 103.4
    endloop
  endfacet
  facet normal 0 0 1
    outer loop
      vertex 29.4 -16 103.4
      vertex 6.6 -15.21 103.4
      vertex 6.6 -16 103.4
    endloop
  endfacet
  facet normal -0 0 1
    outer loop
      vertex 30.6 -15.21 103.4
      vertex 53.4 -16 103.4
      vertex 53.4 -15.21 103.4
    endloop
  endfacet
  facet normal 0 0 1
    outer loop
      vertex 53.4 -16 103.4
      vertex 30.6 -15.21 103.4
      vertex 30.6 -16 103.4
    endloop
  endfacet
  facet normal -0 0 1
    outer loop
      vertex 54.6 -15.21 103.4
      vertex 77.4 -16 103.4
      vertex 77.4 -15.21 103.4
    endloop
  endfacet
  facet normal 0 0 1
    outer loop
      vertex 77.4 -16 103.4
      vertex 54.6 -15.21 103.4
      vertex 54.6 -16 103.4
    endloop
  endfacet
  facet normal 0 0 -1
    outer loop
      vertex 66.6 15.21 104.6
      vertex 90 16 104.6
      vertex 90 15.21 104.6
    endloop
  endfacet
  facet normal -0 0 -1
    outer loop
      vertex 90 16 104.6
      vertex 66.6 15.21 104.6
      vertex 66.6 16 104.6
    endloop
  endfacet
  facet normal 0 0 -1
    outer loop
      vertex -90 15.21 104.6
      vertex -78.6 16 104.6
      vertex -78.6 15.21 104.6
    endloop
  endfacet
  facet normal -0 0 -1
    outer loop
      vertex -78.6 16 104.6
      vertex -90 15.21 104.6
      vertex -90 16 104.6
    endloop
  endfacet
  facet normal 0 0 -1
    outer loop
      vertex -77.4 15.21 104.6
      vertex -54.6 16 104.6
      vertex -54.6 15.21 104.6
    endloop
  endfacet
  facet normal -0 0 -1
    outer loop
      vertex -54.6 16 104.6
      vertex -77.4 15.21 104.6
      vertex -77.4 16 104.6
    endloop
  endfacet
  facet normal 0 0 -1
    outer loop
      vertex -53.4 15.21 104.6
      vertex -30.6 16 104.6
      vertex -30.6 15.21 104.6
    endloop
  endfacet
  facet normal -0 0 -1
    outer loop
      vertex -30.6 16 104.6
      vertex -53.4 15.21 104.6
      vertex -53.4 16 104.6
    endloop
  endfacet
  facet normal 0 0 -1
    outer loop
      vertex -29.4 15.21 104.6
      vertex -6.6 16 104.6
      vertex -6.6 15.21 104.6
    endloop
  endfacet
  facet normal -0 0 -1
    outer loop
      vertex -6.6 16 104.6
      vertex -29.4 15.21 104.6
      vertex -29.4 16 104.6
    endloop
  endfacet
  facet normal 0 0 -1
    outer loop
      vertex -5.4 15.21 104.6
      vertex 17.4 16 104.6
      vertex 17.4 15.21 104.6
    endloop
  endfacet
  facet normal -0 0 -1
    outer loop
      vertex 17.4 16 104.6
      vertex -5.4 15.21 104.6
      vertex -5.4 16 104.6
    endloop
  endfacet
  facet normal 0 0 -1
    outer loop
      vertex 18.6 15.21 104.6
      vertex 41.4 16 104.6
      vertex 41.4 15.21 104.6
    endloop
  endfacet
  facet normal -0 0 -1
    outer loop
      vertex 41.4 16 104.6
      vertex 18.6 15.21 104.6
      vertex 18.6 16 104.6
    endloop
  endfacet
  facet normal 0 0 -1
    outer loop
      vertex 42.6 15.21 104.6
      vertex 65.4 16 104.6
      vertex 65.4 15.21 104.6
    endloop
  endfacet
  facet normal -0 0 -1
    outer loop
      vertex 65.4 16 104.6
      vertex 42.6 15.21 104.6
      vertex 42.6 16 104.6
    endloop
  endfacet
  facet normal -0 0 1
    outer loop
      vertex -90 16 103.4
      vertex -66.6 15.21 103.4
      vertex -66.6 16 103.4
    endloop
  endfacet
  facet normal 0 0 1
    outer loop
      vertex -66.6 15.21 103.4
      vertex -90 16 103.4
      vertex -90 15.21 103.4
    endloop
  endfacet
  facet normal -0 0 1
    outer loop
      vertex 78.6 16 103.4
      vertex 90 15.21 103.4
      vertex 90 16 103.4
    endloop
  endfacet
  facet normal 0 0 1
    outer loop
      vertex 90 15.21 103.4
      vertex 78.6 16 103.4
      vertex 78.6 15.21 103.4
    endloop
  endfacet
  facet normal -0 0 1
    outer loop
      vertex -65.4 16 103.4
      vertex -42.6 15.21 103.4
      vertex -42.6 16 103.4
    endloop
  endfacet
  facet normal 0 0 1
    outer loop
      vertex -42.6 15.21 103.4
      vertex -65.4 16 103.4
      vertex -65.4 15.21 103.4
    endloop
  endfacet
  facet normal -0 0 1
    outer loop
      vertex -41.4 16 103.4
      vertex -18.6 15.21 103.4
      vertex -18.6 16 103.4
    endloop
  endfacet
  facet normal 0 0 1
    outer loop
      vertex -18.6 15.21 103.4
      vertex -41.4 16 103.4
      vertex -41.4 15.21 103.4
    endloop
  endfacet
  facet normal -0 0 1
    outer loop
      vertex -17.4 16 103.4
      vertex 5.4 15.21 103.4
      vertex 5.4 16 103.4
    endloop
  endfacet
  facet normal 0 0 1
    outer loop
      vertex 5.4 15.21 103.4
      vertex -17.4 16 103.4
      vertex -17.4 15.21 103.4
    endloop
  endfacet
  facet normal -0 0 1
    outer loop
      vertex 6.6 16 103.4
      vertex 29.4 15.21 103.4
      vertex 29.4 16 103.4
    endloop
  endfacet
  facet normal 0 0 1
    outer loop
      vertex 29.4 15.21 103.4
      vertex 6.6 16 103.4
      vertex 6.6 15.21 103.4
    endloop
  endfacet
  facet normal -0 0 1
    outer loop
      vertex 30.6 16 103.4
      vertex 53.4 15.21 103.4
      vertex 53.4 16 103.4
    endloop
  endfacet
  facet normal 0 0 1
    outer loop
      vertex 53.4 15.21 103.4
      vertex 30.6 16 103.4
      vertex 30.6 15.21 103.4
    endloop
  endfacet
  facet normal -0 0 1
    outer loop
      vertex 54.6 16 103.4
      vertex 77.4 15.21 103.4
      vertex 77.4 16 103.4
    endloop
  endfacet
  facet normal 0 0 1
    outer loop
      vertex 77.4 15.21 103.4
      vertex 54.6 16 103.4
      vertex 54.6 15.21 103.4
    endloop
  endfacet
  facet normal 0 0 -1
    outer loop
      vertex -90 -16 117.6
      vertex 90 -15.21 117.6
      vertex 90 -16 117.6
    endloop
  endfacet
  facet normal -0 0 -1
    outer loop
      vertex 90 -15.21 117.6
      vertex -90 -16 117.6
      vertex -90 -15.21 117.6
    endloop
  endfacet
  facet normal -0 0 1
    outer loop
      vertex 66.6 -15.21 116.4
      vertex 90 -16 116.4
      vertex 90 -15.21 116.4
    endloop
  endfacet
  facet normal 0 0 1
    outer loop
      vertex 90 -16 116.4
      vertex 66.6 -15.21 116.4
      vertex 66.6 -16 116.4
    endloop
  endfacet
  facet normal -0 0 1
    outer loop
      vertex -90 -15.21 116.4
      vertex -78.6 -16 116.4
      vertex -78.6 -15.21 116.4
    endloop
  endfacet
  facet normal 0 0 1
    outer loop
      vertex -78.6 -16 116.4
      vertex -90 -15.21 116.4
      vertex -90 -16 116.4
    endloop
  endfacet
  facet normal -0 0 1
    outer loop
      vertex -77.4 -15.21 116.4
      vertex -54.6 -16 116.4
      vertex -54.6 -15.21 116.4
    endloop
  endfacet
  facet normal 0 0 1
    outer loop
      vertex -54.6 -16 116.4
      vertex -77.4 -15.21 116.4
      vertex -77.4 -16 116.4
    endloop
  endfacet
  facet normal -0 0 1
    outer loop
      vertex -53.4 -15.21 116.4
      vertex -30.6 -16 116.4
      vertex -30.6 -15.21 116.4
    endloop
  endfacet
  facet normal 0 0 1
    outer loop
      vertex -30.6 -16 116.4
      vertex -53.4 -15.21 116.4
      vertex -53.4 -16 116.4
    endloop
  endfacet
  facet normal -0 0 1
    outer loop
      vertex -29.4 -15.21 116.4
      vertex -6.6 -16 116.4
      vertex -6.6 -15.21 116.4
    endloop
  endfacet
  facet normal 0 0 1
    outer loop
      vertex -6.6 -16 116.4
      vertex -29.4 -15.21 116.4
      vertex -29.4 -16 116.4
    endloop
  endfacet
  facet normal -0 0 1
    outer loop
      vertex -5.4 -15.21 116.4
      vertex 17.4 -16 116.4
      vertex 17.4 -15.21 116.4
    endloop
  endfacet
  facet normal 0 0 1
    outer loop
      vertex 17.4 -16 116.4
      vertex -5.4 -15.21 116.4
      vertex -5.4 -16 116.4
    endloop
  endfacet
  facet normal -0 0 1
    outer loop
      vertex 18.6 -15.21 116.4
      vertex 41.4 -16 116.4
      vertex 41.4 -15.21 116.4
    endloop
  endfacet
  facet normal 0 0 1
    outer loop
      vertex 41.4 -16 116.4
      vertex 18.6 -15.21 116.4
      vertex 18.6 -16 116.4
    endloop
  endfacet
  facet normal -0 0 1
    outer loop
      vertex 42.6 -15.21 116.4
      vertex 65.4 -16 116.4
      vertex 65.4 -15.21 116.4
    endloop
  endfacet
  facet normal 0 0 1
    outer loop
      vertex 65.4 -16 116.4
      vertex 42.6 -15.21 116.4
      vertex 42.6 -16 116.4
    endloop
  endfacet
  facet normal 0 0 -1
    outer loop
      vertex -90 15.21 117.6
      vertex 90 16 117.6
      vertex 90 15.21 117.6
    endloop
  endfacet
  facet normal -0 0 -1
    outer loop
      vertex 90 16 117.6
      vertex -90 15.21 117.6
      vertex -90 16 117.6
    endloop
  endfacet
  facet normal -0 0 1
    outer loop
      vertex -90 16 116.4
      vertex -78.6 15.21 116.4
      vertex -78.6 16 116.4
    endloop
  endfacet
  facet normal 0 0 1
    outer loop
      vertex -78.6 15.21 116.4
      vertex -90 16 116.4
      vertex -90 15.21 116.4
    endloop
  endfacet
  facet normal -0 0 1
    outer loop
      vertex 66.6 16 116.4
      vertex 90 15.21 116.4
      vertex 90 16 116.4
    endloop
  endfacet
  facet normal 0 0 1
    outer loop
      vertex 90 15.21 116.4
      vertex 66.6 16 116.4
      vertex 66.6 15.21 116.4
    endloop
  endfacet
  facet normal -0 0 1
    outer loop
      vertex -77.4 16 116.4
      vertex -54.6 15.21 116.4
      vertex -54.6 16 116.4
    endloop
  endfacet
  facet normal 0 0 1
    outer loop
      vertex -54.6 15.21 116.4
      vertex -77.4 16 116.4
      vertex -77.4 15.21 116.4
    endloop
  endfacet
  facet normal -0 0 1
    outer loop
      vertex -53.4 16 116.4
      vertex -30.6 15.21 116.4
      vertex -30.6 16 116.4
    endloop
  endfacet
  facet normal 0 0 1
    outer loop
      vertex -30.6 15.21 116.4
      vertex -53.4 16 116.4
      vertex -53.4 15.21 116.4
    endloop
  endfacet
  facet normal -0 0 1
    outer loop
      vertex -29.4 16 116.4
      vertex -6.6 15.21 116.4
      vertex -6.6 16 116.4
    endloop
  endfacet
  facet normal 0 0 1
    outer loop
      vertex -6.6 15.21 116.4
      vertex -29.4 16 116.4
      vertex -29.4 15.21 116.4
    endloop
  endfacet
  facet normal -0 0 1
    outer loop
      vertex -5.4 16 116.4
      vertex 17.4 15.21 116.4
      vertex 17.4 16 116.4
    endloop
  endfacet
  facet normal 0 0 1
    outer loop
      vertex 17.4 15.21 116.4
      vertex -5.4 16 116.4
      vertex -5.4 15.21 116.4
    endloop
  endfacet
  facet normal -0 0 1
    outer loop
      vertex 18.6 16 116.4
      vertex 41.4 15.21 116.4
      vertex 41.4 16 116.4
    endloop
  endfacet
  facet normal 0 0 1
    outer loop
      vertex 41.4 15.21 116.4
      vertex 18.6 16 116.4
      vertex 18.6 15.21 116.4
    endloop
  endfacet
  facet normal -0 0 1
    outer loop
      vertex 42.6 16 116.4
      vertex 65.4 15.21 116.4
      vertex 65.4 16 116.4
    endloop
  endfacet
  facet normal 0 0 1
    outer loop
      vertex 65.4 15.21 116.4
      vertex 42.6 16 116.4
      vertex 42.6 15.21 116.4
    endloop
  endfacet
  facet normal 1 -0 0
    outer loop
      vertex -78.6 -16 12.4
      vertex -78.6 -15.21 0
      vertex -78.6 -15.21 12.4
    endloop
  endfacet
  facet normal 1 0 0
    outer loop
      vertex -78.6 -15.21 0
      vertex -78.6 -16 12.4
      vertex -78.6 -16 0
    endloop
  endfacet
  facet normal -1 0 0
    outer loop
      vertex -77.4 -16 0
      vertex -77.4 -15.21 12.4
      vertex -77.4 -15.21 0
    endloop
  endfacet
  facet normal -1 -0 0
    outer loop
      vertex -77.4 -15.21 12.4
      vertex -77.4 -16 0
      vertex -77.4 -16 12.4
    endloop
  endfacet
  facet normal 1 -0 0
    outer loop
      vertex -78.6 15.21 12.4
      vertex -78.6 16 0
      vertex -78.6 16 12.4
    endloop
  endfacet
  facet normal 1 0 0
    outer loop
      vertex -78.6 16 0
      vertex -78.6 15.21 12.4
      vertex -78.6 15.21 0
    endloop
  endfacet
  facet normal -1 0 0
    outer loop
      vertex -77.4 15.21 0
      vertex -77.4 16 12.4
      vertex -77.4 16 0
    endloop
  endfacet
  facet normal -1 -0 0
    outer loop
      vertex -77.4 16 12.4
      vertex -77.4 15.21 0
      vertex -77.4 15.21 12.4
    endloop
  endfacet
  facet normal 1 -0 0
    outer loop
      vertex -54.6 -16 12.4
      vertex -54.6 -15.21 0
      vertex -54.6 -15.21 12.4
    endloop
  endfacet
  facet normal 1 0 0
    outer loop
      vertex -54.6 -15.21 0
      vertex -54.6 -16 12.4
      vertex -54.6 -16 0
    endloop
  endfacet
  facet normal -1 0 0
    outer loop
      vertex -53.4 -16 0
      vertex -53.4 -15.21 12.4
      vertex -53.4 -15.21 0
    endloop
  endfacet
  facet normal -1 -0 0
    outer loop
      vertex -53.4 -15.21 12.4
      vertex -53.4 -16 0
      vertex -53.4 -16 12.4
    endloop
  endfacet
  facet normal 1 -0 0
    outer loop
      vertex -54.6 15.21 12.4
      vertex -54.6 16 0
      vertex -54.6 16 12.4
    endloop
  endfacet
  facet normal 1 0 0
    outer loop
      vertex -54.6 16 0
      vertex -54.6 15.21 12.4
      vertex -54.6 15.21 0
    endloop
  endfacet
  facet normal -1 0 0
    outer loop
      vertex -53.4 15.21 0
      vertex -53.4 16 12.4
      vertex -53.4 16 0
    endloop
  endfacet
  facet normal -1 -0 0
    outer loop
      vertex -53.4 16 12.4
      vertex -53.4 15.21 0
      vertex -53.4 15.21 12.4
    endloop
  endfacet
  facet normal 1 -0 0
    outer loop
      vertex -30.6 -16 12.4
      vertex -30.6 -15.21 0
      vertex -30.6 -15.21 12.4
    endloop
  endfacet
  facet normal 1 0 0
    outer loop
      vertex -30.6 -15.21 0
      vertex -30.6 -16 12.4
      vertex -30.6 -16 0
    endloop
  endfacet
  facet normal -1 0 0
    outer loop
      vertex -29.4 -16 0
      vertex -29.4 -15.21 12.4
      vertex -29.4 -15.21 0
    endloop
  endfacet
  facet normal -1 -0 0
    outer loop
      vertex -29.4 -15.21 12.4
      vertex -29.4 -16 0
      vertex -29.4 -16 12.4
    endloop
  endfacet
  facet normal 1 -0 0
    outer loop
      vertex -30.6 15.21 12.4
      vertex -30.6 16 0
      vertex -30.6 16 12.4
    endloop
  endfacet
  facet normal 1 0 0
    outer loop
      vertex -30.6 16 0
      vertex -30.6 15.21 12.4
      vertex -30.6 15.21 0
    endloop
  endfacet
  facet normal -1 0 0
    outer loop
      vertex -29.4 15.21 0
      vertex -29.4 16 12.4
      vertex -29.4 16 0
    endloop
  endfacet
  facet normal -1 -0 0
    outer loop
      vertex -29.4 16 12.4
      vertex -29.4 15.21 0
      vertex -29.4 15.21 12.4
    endloop
  endfacet
  facet normal 1 -0 0
    outer loop
      vertex -6.6 -16 12.4
      vertex -6.6 -15.21 0
      vertex -6.6 -15.21 12.4
    endloop
  endfacet
  facet normal 1 0 0
    outer loop
      vertex -6.6 -15.21 0
      vertex -6.6 -16 12.4
      vertex -6.6 -16 0
    endloop
  endfacet
  facet normal -1 0 0
    outer loop
      vertex -5.4 -16 0
      vertex -5.4 -15.21 12.4
      vertex -5.4 -15.21 0
    endloop
  endfacet
  facet normal -1 -0 0
    outer loop
      vertex -5.4 -15.21 12.4
      vertex -5.4 -16 0
      vertex -5.4 -16 12.4
    endloop
  endfacet
  facet normal 1 -0 0
    outer loop
      vertex -6.6 15.21 12.4
      vertex -6.6 16 0
      vertex -6.6 16 12.4
    endloop
  endfacet
  facet normal 1 0 0
    outer loop
      vertex -6.6 16 0
      vertex -6.6 15.21 12.4
      vertex -6.6 15.21 0
    endloop
  endfacet
  facet normal -1 0 0
    outer loop
      vertex -5.4 15.21 0
      vertex -5.4 16 12.4
      vertex -5.4 16 0
    endloop
  endfacet
  facet normal -1 -0 0
    outer loop
      vertex -5.4 16 12.4
      vertex -5.4 15.21 0
      vertex -5.4 15.21 12.4
    endloop
  endfacet
  facet normal 1 -0 0
    outer loop
      vertex 17.4 -16 12.4
      vertex 17.4 -15.21 0
      vertex 17.4 -15.21 12.4
    endloop
  endfacet
  facet normal 1 0 0
    outer loop
      vertex 17.4 -15.21 0
      vertex 17.4 -16 12.4
      vertex 17.4 -16 0
    endloop
  endfacet
  facet normal -1 0 0
    outer loop
      vertex 18.6 -16 0
      vertex 18.6 -15.21 12.4
      vertex 18.6 -15.21 0
    endloop
  endfacet
  facet normal -1 -0 0
    outer loop
      vertex 18.6 -15.21 12.4
      vertex 18.6 -16 0
      vertex 18.6 -16 12.4
    endloop
  endfacet
  facet normal 1 -0 0
    outer loop
      vertex 17.4 15.21 12.4
      vertex 17.4 16 0
      vertex 17.4 16 12.4
    endloop
  endfacet
  facet normal 1 0 0
    outer loop
      vertex 17.4 16 0
      vertex 17.4 15.21 12.4
      vertex 17.4 15.21 0
    endloop
  endfacet
  facet normal -1 0 0
    outer loop
      vertex 18.6 15.21 0
      vertex 18.6 16 12.4
      vertex 18.6 16 0
    endloop
  endfacet
  facet normal -1 -0 0
    outer loop
      vertex 18.6 16 12.4
      vertex 18.6 15.21 0
      vertex 18.6 15.21 12.4
    endloop
  endfacet
  facet normal 1 -0 0
    outer loop
      vertex 41.4 -16 12.4
      vertex 41.4 -15.21 0
      vertex 41.4 -15.21 12.4
    endloop
  endfacet
  facet normal 1 0 0
    outer loop
      vertex 41.4 -15.21 0
      vertex 41.4 -16 12.4
      vertex 41.4 -16 0
    endloop
  endfacet
  facet normal -1 0 0
    outer loop
      vertex 42.6 -16 0
      vertex 42.6 -15.21 12.4
      vertex 42.6 -15.21 0
    endloop
  endfacet
  facet normal -1 -0 0
    outer loop
      vertex 42.6 -15.21 12.4
      vertex 42.6 -16 0
      vertex 42.6 -16 12.4
    endloop
  endfacet
  facet normal 1 -0 0
    outer loop
      vertex 41.4 15.21 12.4
      vertex 41.4 16 0
      vertex 41.4 16 12.4
    endloop
  endfacet
  facet normal 1 0 0
    outer loop
      vertex 41.4 16 0
      vertex 41.4 15.21 12.4
      vertex 41.4 15.21 0
    endloop
  endfacet
  facet normal -1 0 0
    outer loop
      vertex 42.6 15.21 0
      vertex 42.6 16 12.4
      vertex 42.6 16 0
    endloop
  endfacet
  facet normal -1 -0 0
    outer loop
      vertex 42.6 16 12.4
      vertex 42.6 15.21 0
      vertex 42.6 15.21 12.4
    endloop
  endfacet
  facet normal 1 -0 0
    outer loop
      vertex 65.4 -16 12.4
      vertex 65.4 -15.21 0
      vertex 65.4 -15.21 12.4
    endloop
  endfacet
  facet normal 1 0 0
    outer loop
      vertex 65.4 -15.21 0
      vertex 65.4 -16 12.4
      vertex 65.4 -16 0
    endloop
  endfacet
  facet normal -1 0 0
    outer loop
      vertex 66.6 -16 0
      vertex 66.6 -15.21 12.4
      vertex 66.6 -15.21 0
    endloop
  endfacet
  facet normal -1 -0 0
    outer loop
      vertex 66.6 -15.21 12.4
      vertex 66.6 -16 0
      vertex 66.6 -16 12.4
    endloop
  endfacet
  facet normal 1 -0 0
    outer loop
      vertex 65.4 15.21 12.4
      vertex 65.4 16 0
      vertex 65.4 16 12.4
    endloop
  endfacet
  facet normal 1 0 0
    outer loop
      vertex 65.4 16 0
      vertex 65.4 15.21 12.4
      vertex 65.4 15.21 0
    endloop
  endfacet
  facet normal -1 0 0
    outer loop
      vertex 66.6 15.21 0
      vertex 66.6 16 12.4
      vertex 66.6 16 0
    endloop
  endfacet
  facet normal -1 -0 0
    outer loop
      vertex 66.6 16 12.4
      vertex 66.6 15.21 0
      vertex 66.6 15.21 12.4
    endloop
  endfacet
  facet normal 1 -0 0
    outer loop
      vertex -66.6 -16 25.4
      vertex -66.6 -15.21 13.6
      vertex -66.6 -15.21 25.4
    endloop
  endfacet
  facet normal 1 0 0
    outer loop
      vertex -66.6 -15.21 13.6
      vertex -66.6 -16 25.4
      vertex -66.6 -16 13.6
    endloop
  endfacet
  facet normal -1 0 0
    outer loop
      vertex -65.4 -16 13.6
      vertex -65.4 -15.21 25.4
      vertex -65.4 -15.21 13.6
    endloop
  endfacet
  facet normal -1 -0 0
    outer loop
      vertex -65.4 -15.21 25.4
      vertex -65.4 -16 13.6
      vertex -65.4 -16 25.4
    endloop
  endfacet
  facet normal 1 -0 0
    outer loop
      vertex -66.6 15.21 25.4
      vertex -66.6 16 13.6
      vertex -66.6 16 25.4
    endloop
  endfacet
  facet normal 1 0 0
    outer loop
      vertex -66.6 16 13.6
      vertex -66.6 15.21 25.4
      vertex -66.6 15.21 13.6
    endloop
  endfacet
  facet normal -1 0 0
    outer loop
      vertex -65.4 15.21 13.6
      vertex -65.4 16 25.4
      vertex -65.4 16 13.6
    endloop
  endfacet
  facet normal -1 -0 0
    outer loop
      vertex -65.4 16 25.4
      vertex -65.4 15.21 13.6
      vertex -65.4 15.21 25.4
    endloop
  endfacet
  facet normal 1 -0 0
    outer loop
      vertex -42.6 -16 25.4
      vertex -42.6 -15.21 13.6
      vertex -42.6 -15.21 25.4
    endloop
  endfacet
  facet normal 1 0 0
    outer loop
      vertex -42.6 -15.21 13.6
      vertex -42.6 -16 25.4
      vertex -42.6 -16 13.6
    endloop
  endfacet
  facet normal -1 0 0
    outer loop
      vertex -41.4 -16 13.6
      vertex -41.4 -15.21 25.4
      vertex -41.4 -15.21 13.6
    endloop
  endfacet
  facet normal -1 -0 0
    outer loop
      vertex -41.4 -15.21 25.4
      vertex -41.4 -16 13.6
      vertex -41.4 -16 25.4
    endloop
  endfacet
  facet normal 1 -0 0
    outer loop
      vertex -42.6 15.21 25.4
      vertex -42.6 16 13.6
      vertex -42.6 16 25.4
    endloop
  endfacet
  facet normal 1 0 0
    outer loop
      vertex -42.6 16 13.6
      vertex -42.6 15.21 25.4
      vertex -42.6 15.21 13.6
    endloop
  endfacet
  facet normal -1 0 0
    outer loop
      vertex -41.4 15.21 13.6
      vertex -41.4 16 25.4
      vertex -41.4 16 13.6
    endloop
  endfacet
  facet normal -1 -0 0
    outer loop
      vertex -41.4 16 25.4
      vertex -41.4 15.21 13.6
      vertex -41.4 15.21 25.4
    endloop
  endfacet
  facet normal 1 -0 0
    outer loop
      vertex -18.6 -16 25.4
      vertex -18.6 -15.21 13.6
      vertex -18.6 -15.21 25.4
    endloop
  endfacet
  facet normal 1 0 0
    outer loop
      vertex -18.6 -15.21 13.6
      vertex -18.6 -16 25.4
      vertex -18.6 -16 13.6
    endloop
  endfacet
  facet normal -1 0 0
    outer loop
      vertex -17.4 -16 13.6
      vertex -17.4 -15.21 25.4
      vertex -17.4 -15.21 13.6
    endloop
  endfacet
  facet normal -1 -0 0
    outer loop
      vertex -17.4 -15.21 25.4
      vertex -17.4 -16 13.6
      vertex -17.4 -16 25.4
    endloop
  endfacet
  facet normal 1 -0 0
    outer loop
      vertex -18.6 15.21 25.4
      vertex -18.6 16 13.6
      vertex -18.6 16 25.4
    endloop
  endfacet
  facet normal 1 0 0
    outer loop
      vertex -18.6 16 13.6
      vertex -18.6 15.21 25.4
      vertex -18.6 15.21 13.6
    endloop
  endfacet
  facet normal -1 0 0
    outer loop
      vertex -17.4 15.21 13.6
      vertex -17.4 16 25.4
      vertex -17.4 16 13.6
    endloop
  endfacet
  facet normal -1 -0 0
    outer loop
      vertex -17.4 16 25.4
      vertex -17.4 15.21 13.6
      vertex -17.4 15.21 25.4
    endloop
  endfacet
  facet normal 1 -0 0
    outer loop
      vertex 5.4 -16 25.4
      vertex 5.4 -15.21 13.6
      vertex 5.4 -15.21 25.4
    endloop
  endfacet
  facet normal 1 0 0
    outer loop
      vertex 5.4 -15.21 13.6
      vertex 5.4 -16 25.4
      vertex 5.4 -16 13.6
    endloop
  endfacet
  facet normal -1 0 0
    outer loop
      vertex 6.6 -16 13.6
      vertex 6.6 -15.21 25.4
      vertex 6.6 -15.21 13.6
    endloop
  endfacet
  facet normal -1 -0 0
    outer loop
      vertex 6.6 -15.21 25.4
      vertex 6.6 -16 13.6
      vertex 6.6 -16 25.4
    endloop
  endfacet
  facet normal 1 -0 0
    outer loop
      vertex 5.4 15.21 25.4
      vertex 5.4 16 13.6
      vertex 5.4 16 25.4
    endloop
  endfacet
  facet normal 1 0 0
    outer loop
      vertex 5.4 16 13.6
      vertex 5.4 15.21 25.4
      vertex 5.4 15.21 13.6
    endloop
  endfacet
  facet normal -1 0 0
    outer loop
      vertex 6.6 15.21 13.6
      vertex 6.6 16 25.4
      vertex 6.6 16 13.6
    endloop
  endfacet
  facet normal -1 -0 0
    outer loop
      vertex 6.6 16 25.4
      vertex 6.6 15.21 13.6
      vertex 6.6 15.21 25.4
    endloop
  endfacet
  facet normal 1 -0 0
    outer loop
      vertex 29.4 -16 25.4
      vertex 29.4 -15.21 13.6
      vertex 29.4 -15.21 25.4
    endloop
  endfacet
  facet normal 1 0 0
    outer loop
      vertex 29.4 -15.21 13.6
      vertex 29.4 -16 25.4
      vertex 29.4 -16 13.6
    endloop
  endfacet
  facet normal -1 0 0
    outer loop
      vertex 30.6 -16 13.6
      vertex 30.6 -15.21 25.4
      vertex 30.6 -15.21 13.6
    endloop
  endfacet
  facet normal -1 -0 0
    outer loop
      vertex 30.6 -15.21 25.4
      vertex 30.6 -16 13.6
      vertex 30.6 -16 25.4
    endloop
  endfacet
  facet normal 1 -0 0
    outer loop
      vertex 29.4 15.21 25.4
      vertex 29.4 16 13.6
      vertex 29.4 16 25.4
    endloop
  endfacet
  facet normal 1 0 0
    outer loop
      vertex 29.4 16 13.6
      vertex 29.4 15.21 25.4
      vertex 29.4 15.21 13.6
    endloop
  endfacet
  facet normal -1 0 0
    outer loop
      vertex 30.6 15.21 13.6
      vertex 30.6 16 25.4
      vertex 30.6 16 13.6
    endloop
  endfacet
  facet normal -1 -0 0
    outer loop
      vertex 30.6 16 25.4
      vertex 30.6 15.21 13.6
      vertex 30.6 15.21 25.4
    endloop
  endfacet
  facet normal 1 -0 0
    outer loop
      vertex 53.4 -16 25.4
      vertex 53.4 -15.21 13.6
      vertex 53.4 -15.21 25.4
    endloop
  endfacet
  facet normal 1 0 0
    outer loop
      vertex 53.4 -15.21 13.6
      vertex 53.4 -16 25.4
      vertex 53.4 -16 13.6
    endloop
  endfacet
  facet normal -1 0 0
    outer loop
      vertex 54.6 -16 13.6
      vertex 54.6 -15.21 25.4
      vertex 54.6 -15.21 13.6
    endloop
  endfacet
  facet normal -1 -0 0
    outer loop
      vertex 54.6 -15.21 25.4
      vertex 54.6 -16 13.6
      vertex 54.6 -16 25.4
    endloop
  endfacet
  facet normal 1 -0 0
    outer loop
      vertex 53.4 15.21 25.4
      vertex 53.4 16 13.6
      vertex 53.4 16 25.4
    endloop
  endfacet
  facet normal 1 0 0
    outer loop
      vertex 53.4 16 13.6
      vertex 53.4 15.21 25.4
      vertex 53.4 15.21 13.6
    endloop
  endfacet
  facet normal -1 0 0
    outer loop
      vertex 54.6 15.21 13.6
      vertex 54.6 16 25.4
      vertex 54.6 16 13.6
    endloop
  endfacet
  facet normal -1 -0 0
    outer loop
      vertex 54.6 16 25.4
      vertex 54.6 15.21 13.6
      vertex 54.6 15.21 25.4
    endloop
  endfacet
  facet normal 1 -0 0
    outer loop
      vertex 77.4 -16 25.4
      vertex 77.4 -15.21 13.6
      vertex 77.4 -15.21 25.4
    endloop
  endfacet
  facet normal 1 0 0
    outer loop
      vertex 77.4 -15.21 13.6
      vertex 77.4 -16 25.4
      vertex 77.4 -16 13.6
    endloop
  endfacet
  facet normal -1 0 0
    outer loop
      vertex 78.6 -16 13.6
      vertex 78.6 -15.21 25.4
      vertex 78.6 -15.21 13.6
    endloop
  endfacet
  facet normal -1 -0 0
    outer loop
      vertex 78.6 -15.21 25.4
      vertex 78.6 -16 13.6
      vertex 78.6 -16 25.4
    endloop
  endfacet
  facet normal 1 -0 0
    outer loop
      vertex 77.4 15.21 25.4
      vertex 77.4 16 13.6
      vertex 77.4 16 25.4
    endloop
  endfacet
  facet normal 1 0 0
    outer loop
      vertex 77.4 16 13.6
      vertex 77.4 15.21 25.4
      vertex 77.4 15.21 13.6
    endloop
  endfacet
  facet normal -1 0 0
    outer loop
      vertex 78.6 15.21 13.6
      vertex 78.6 16 25.4
      vertex 78.6 16 13.6
    endloop
  endfacet
  facet normal -1 -0 0
    outer loop
      vertex 78.6 16 25.4
      vertex 78.6 15.21 13.6
      vertex 78.6 15.21 25.4
    endloop
  endfacet
  facet normal 1 -0 0
    outer loop
      vertex -78.6 -16 38.4
      vertex -78.6 -15.21 26.6
      vertex -78.6 -15.21 38.4
    endloop
  endfacet
  facet normal 1 0 0
    outer loop
      vertex -78.6 -15.21 26.6
      vertex -78.6 -16 38.4
      vertex -78.6 -16 26.6
    endloop
  endfacet
  facet normal -1 0 0
    outer loop
      vertex -77.4 -16 26.6
      vertex -77.4 -15.21 38.4
      vertex -77.4 -15.21 26.6
    endloop
  endfacet
  facet normal -1 -0 0
    outer loop
      vertex -77.4 -15.21 38.4
      vertex -77.4 -16 26.6
      vertex -77.4 -16 38.4
    endloop
  endfacet
  facet normal 1 -0 0
    outer loop
      vertex -78.6 15.21 38.4
      vertex -78.6 16 26.6
      vertex -78.6 16 38.4
    endloop
  endfacet
  facet normal 1 0 0
    outer loop
      vertex -78.6 16 26.6
      vertex -78.6 15.21 38.4
      vertex -78.6 15.21 26.6
    endloop
  endfacet
  facet normal -1 0 0
    outer loop
      vertex -77.4 15.21 26.6
      vertex -77.4 16 38.4
      vertex -77.4 16 26.6
    endloop
  endfacet
  facet normal -1 -0 0
    outer loop
      vertex -77.4 16 38.4
      vertex -77.4 15.21 26.6
      vertex -77.4 15.21 38.4
    endloop
  endfacet
  facet normal 1 -0 0
    outer loop
      vertex -54.6 -16 38.4
      vertex -54.6 -15.21 26.6
      vertex -54.6 -15.21 38.4
    endloop
  endfacet
  facet normal 1 0 0
    outer loop
      vertex -54.6 -15.21 26.6
      vertex -54.6 -16 38.4
      vertex -54.6 -16 26.6
    endloop
  endfacet
  facet normal -1 0 0
    outer loop
      vertex -53.4 -16 26.6
      vertex -53.4 -15.21 38.4
      vertex -53.4 -15.21 26.6
    endloop
  endfacet
  facet normal -1 -0 0
    outer loop
      vertex -53.4 -15.21 38.4
      vertex -53.4 -16 26.6
      vertex -53.4 -16 38.4
    endloop
  endfacet
  facet normal 1 -0 0
    outer loop
      vertex -54.6 15.21 38.4
      vertex -54.6 16 26.6
      vertex -54.6 16 38.4
    endloop
  endfacet
  facet normal 1 0 0
    outer loop
      vertex -54.6 16 26.6
      vertex -54.6 15.21 38.4
      vertex -54.6 15.21 26.6
    endloop
  endfacet
  facet normal -1 0 0
    outer loop
      vertex -53.4 15.21 26.6
      vertex -53.4 16 38.4
      vertex -53.4 16 26.6
    endloop
  endfacet
  facet normal -1 -0 0
    outer loop
      vertex -53.4 16 38.4
      vertex -53.4 15.21 26.6
      vertex -53.4 15.21 38.4
    endloop
  endfacet
  facet normal 1 -0 0
    outer loop
      vertex -30.6 -16 38.4
      vertex -30.6 -15.21 26.6
      vertex -30.6 -15.21 38.4
    endloop
  endfacet
  facet normal 1 0 0
    outer loop
      vertex -30.6 -15.21 26.6
      vertex -30.6 -16 38.4
      vertex -30.6 -16 26.6
    endloop
  endfacet
  facet normal -1 0 0
    outer loop
      vertex -29.4 -16 26.6
      vertex -29.4 -15.21 38.4
      vertex -29.4 -15.21 26.6
    endloop
  endfacet
  facet normal -1 -0 0
    outer loop
      vertex -29.4 -15.21 38.4
      vertex -29.4 -16 26.6
      vertex -29.4 -16 38.4
    endloop
  endfacet
  facet normal 1 -0 0
    outer loop
      vertex -30.6 15.21 38.4
      vertex -30.6 16 26.6
      vertex -30.6 16 38.4
    endloop
  endfacet
  facet normal 1 0 0
    outer loop
      vertex -30.6 16 26.6
      vertex -30.6 15.21 38.4
      vertex -30.6 15.21 26.6
    endloop
  endfacet
  facet normal -1 0 0
    outer loop
      vertex -29.4 15.21 26.6
      vertex -29.4 16 38.4
      vertex -29.4 16 26.6
    endloop
  endfacet
  facet normal -1 -0 0
    outer loop
      vertex -29.4 16 38.4
      vertex -29.4 15.21 26.6
      vertex -29.4 15.21 38.4
    endloop
  endfacet
  facet normal 1 -0 0
    outer loop
      vertex -6.6 -16 38.4
      vertex -6.6 -15.21 26.6
      vertex -6.6 -15.21 38.4
    endloop
  endfacet
  facet normal 1 0 0
    outer loop
      vertex -6.6 -15.21 26.6
      vertex -6.6 -16 38.4
      vertex -6.6 -16 26.6
    endloop
  endfacet
  facet normal -1 0 0
    outer loop
      vertex -5.4 -16 26.6
      vertex -5.4 -15.21 38.4
      vertex -5.4 -15.21 26.6
    endloop
  endfacet
  facet normal -1 -0 0
    outer loop
      vertex -5.4 -15.21 38.4
      vertex -5.4 -16 26.6
      vertex -5.4 -16 38.4
    endloop
  endfacet
  facet normal 1 -0 0
    outer loop
      vertex -6.6 15.21 38.4
      vertex -6.6 16 26.6
      vertex -6.6 16 38.4
    endloop
  endfacet
  facet normal 1 0 0
    outer loop
      vertex -6.6 16 26.6
      vertex -6.6 15.21 38.4
      vertex -6.6 15.21 26.6
    endloop
  endfacet
  facet normal -1 0 0
    outer loop
      vertex -5.4 15.21 26.6
      vertex -5.4 16 38.4
      vertex -5.4 16 26.6
    endloop
  endfacet
  facet normal -1 -0 0
    outer loop
      vertex -5.4 16 38.4
      vertex -5.4 15.21 26.6
      vertex -5.4 15.21 38.4
    endloop
  endfacet
  facet normal 1 -0 0
    outer loop
      vertex 17.4 -16 38.4
      vertex 17.4 -15.21 26.6
      vertex 17.4 -15.21 38.4
    endloop
  endfacet
  facet normal 1 0 0
    outer loop
      vertex 17.4 -15.21 26.6
      vertex 17.4 -16 38.4
      vertex 17.4 -16 26.6
    endloop
  endfacet
  facet normal -1 0 0
    outer loop
      vertex 18.6 -16 26.6
      vertex 18.6 -15.21 38.4
      vertex 18.6 -15.21 26.6
    endloop
  endfacet
  facet normal -1 -0 0
    outer loop
      vertex 18.6 -15.21 38.4
      vertex 18.6 -16 26.6
      vertex 18.6 -16 38.4
    endloop
  endfacet
  facet normal 1 -0 0
    outer loop
      vertex 17.4 15.21 38.4
      vertex 17.4 16 26.6
      vertex 17.4 16 38.4
    endloop
  endfacet
  facet normal 1 0 0
    outer loop
      vertex 17.4 16 26.6
      vertex 17.4 15.21 38.4
      vertex 17.4 15.21 26.6
    endloop
  endfacet
  facet normal -1 0 0
    outer loop
      vertex 18.6 15.21 26.6
      vertex 18.6 16 38.4
      vertex 18.6 16 26.6
    endloop
  endfacet
  facet normal -1 -0 0
    outer loop
      vertex 18.6 16 38.4
      vertex 18.6 15.21 26.6
      vertex 18.6 15.21 38.4
    endloop
  endfacet
  facet normal 1 -0 0
    outer loop
      vertex 41.4 -16 38.4
      vertex 41.4 -15.21 26.6
      vertex 41.4 -15.21 38.4
    endloop
  endfacet
  facet normal 1 0 0
    outer loop
      vertex 41.4 -15.21 26.6
      vertex 41.4 -16 38.4
      vertex 41.4 -16 26.6
    endloop
  endfacet
  facet normal -1 0 0
    outer loop
      vertex 42.6 -16 26.6
      vertex 42.6 -15.21 38.4
      vertex 42.6 -15.21 26.6
    endloop
  endfacet
  facet normal -1 -0 0
    outer loop
      vertex 42.6 -15.21 38.4
      vertex 42.6 -16 26.6
      vertex 42.6 -16 38.4
    endloop
  endfacet
  facet normal 1 -0 0
    outer loop
      vertex 41.4 15.21 38.4
      vertex 41.4 16 26.6
      vertex 41.4 16 38.4
    endloop
  endfacet
  facet normal 1 0 0
    outer loop
      vertex 41.4 16 26.6
      vertex 41.4 15.21 38.4
      vertex 41.4 15.21 26.6
    endloop
  endfacet
  facet normal -1 0 0
    outer loop
      vertex 42.6 15.21 26.6
      vertex 42.6 16 38.4
      vertex 42.6 16 26.6
    endloop
  endfacet
  facet normal -1 -0 0
    outer loop
      vertex 42.6 16 38.4
      vertex 42.6 15.21 26.6
      vertex 42.6 15.21 38.4
    endloop
  endfacet
  facet normal 1 -0 0
    outer loop
      vertex 65.4 -16 38.4
      vertex 65.4 -15.21 26.6
      vertex 65.4 -15.21 38.4
    endloop
  endfacet
  facet normal 1 0 0
    outer loop
      vertex 65.4 -15.21 26.6
      vertex 65.4 -16 38.4
      vertex 65.4 -16 26.6
    endloop
  endfacet
  facet normal -1 0 0
    outer loop
      vertex 66.6 -16 26.6
      vertex 66.6 -15.21 38.4
      vertex 66.6 -15.21 26.6
    endloop
  endfacet
  facet normal -1 -0 0
    outer loop
      vertex 66.6 -15.21 38.4
      vertex 66.6 -16 26.6
      vertex 66.6 -16 38.4
    endloop
  endfacet
  facet normal 1 -0 0
    outer loop
      vertex 65.4 15.21 38.4
      vertex 65.4 16 26.6
      vertex 65.4 16 38.4
    endloop
  endfacet
  facet normal 1 0 0
    outer loop
      vertex 65.4 16 26.6
      vertex 65.4 15.21 38.4
      vertex 65.4 15.21 26.6
    endloop
  endfacet
  facet normal -1 0 0
    outer loop
      vertex 66.6 15.21 26.6
      vertex 66.6 16 38.4
      vertex 66.6 16 26.6
    endloop
  endfacet
  facet normal -1 -0 0
    outer loop
      vertex 66.6 16 38.4
      vertex 66.6 15.21 26.6
      vertex 66.6 15.21 38.4
    endloop
  endfacet
  facet normal 1 -0 0
    outer loop
      vertex -66.6 -16 51.4
      vertex -66.6 -15.21 39.6
      vertex -66.6 -15.21 51.4
    endloop
  endfacet
  facet normal 1 0 0
    outer loop
      vertex -66.6 -15.21 39.6
      vertex -66.6 -16 51.4
      vertex -66.6 -16 39.6
    endloop
  endfacet
  facet normal -1 0 0
    outer loop
      vertex -65.4 -16 39.6
      vertex -65.4 -15.21 51.4
      vertex -65.4 -15.21 39.6
    endloop
  endfacet
  facet normal -1 -0 0
    outer loop
      vertex -65.4 -15.21 51.4
      vertex -65.4 -16 39.6
      vertex -65.4 -16 51.4
    endloop
  endfacet
  facet normal 1 -0 0
    outer loop
      vertex -66.6 15.21 51.4
      vertex -66.6 16 39.6
      vertex -66.6 16 51.4
    endloop
  endfacet
  facet normal 1 0 0
    outer loop
      vertex -66.6 16 39.6
      vertex -66.6 15.21 51.4
      vertex -66.6 15.21 39.6
    endloop
  endfacet
  facet normal -1 0 0
    outer loop
      vertex -65.4 15.21 39.6
      vertex -65.4 16 51.4
      vertex -65.4 16 39.6
    endloop
  endfacet
  facet normal -1 -0 0
    outer loop
      vertex -65.4 16 51.4
      vertex -65.4 15.21 39.6
      vertex -65.4 15.21 51.4
    endloop
  endfacet
  facet normal 1 -0 0
    outer loop
      vertex -42.6 -16 51.4
      vertex -42.6 -15.21 39.6
      vertex -42.6 -15.21 51.4
    endloop
  endfacet
  facet normal 1 0 0
    outer loop
      vertex -42.6 -15.21 39.6
      vertex -42.6 -16 51.4
      vertex -42.6 -16 39.6
    endloop
  endfacet
  facet normal -1 0 0
    outer loop
      vertex -41.4 -16 39.6
      vertex -41.4 -15.21 51.4
      vertex -41.4 -15.21 39.6
    endloop
  endfacet
  facet normal -1 -0 0
    outer loop
      vertex -41.4 -15.21 51.4
      vertex -41.4 -16 39.6
      vertex -41.4 -16 51.4
    endloop
  endfacet
  facet normal 1 -0 0
    outer loop
      vertex -42.6 15.21 51.4
      vertex -42.6 16 39.6
      vertex -42.6 16 51.4
    endloop
  endfacet
  facet normal 1 0 0
    outer loop
      vertex -42.6 16 39.6
      vertex -42.6 15.21 51.4
      vertex -42.6 15.21 39.6
    endloop
  endfacet
  facet normal -1 0 0
    outer loop
      vertex -41.4 15.21 39.6
      vertex -41.4 16 51.4
      vertex -41.4 16 39.6
    endloop
  endfacet
  facet normal -1 -0 0
    outer loop
      vertex -41.4 16 51.4
      vertex -41.4 15.21 39.6
      vertex -41.4 15.21 51.4
    endloop
  endfacet
  facet normal 1 -0 0
    outer loop
      vertex -18.6 -16 51.4
      vertex -18.6 -15.21 39.6
      vertex -18.6 -15.21 51.4
    endloop
  endfacet
  facet normal 1 0 0
    outer loop
      vertex -18.6 -15.21 39.6
      vertex -18.6 -16 51.4
      vertex -18.6 -16 39.6
    endloop
  endfacet
  facet normal -1 0 0
    outer loop
      vertex -17.4 -16 39.6
      vertex -17.4 -15.21 51.4
      vertex -17.4 -15.21 39.6
    endloop
  endfacet
  facet normal -1 -0 0
    outer loop
      vertex -17.4 -15.21 51.4
      vertex -17.4 -16 39.6
      vertex -17.4 -16 51.4
    endloop
  endfacet
  facet normal 1 -0 0
    outer loop
      vertex -18.6 15.21 51.4
      vertex -18.6 16 39.6
      vertex -18.6 16 51.4
    endloop
  endfacet
  facet normal 1 0 0
    outer loop
      vertex -18.6 16 39.6
      vertex -18.6 15.21 51.4
      vertex -18.6 15.21 39.6
    endloop
  endfacet
  facet normal -1 0 0
    outer loop
      vertex -17.4 15.21 39.6
      vertex -17.4 16 51.4
      vertex -17.4 16 39.6
    endloop
  endfacet
  facet normal -1 -0 0
    outer loop
      vertex -17.4 16 51.4
      vertex -17.4 15.21 39.6
      vertex -17.4 15.21 51.4
    endloop
  endfacet
  facet normal 1 -0 0
    outer loop
      vertex 5.4 -16 51.4
      vertex 5.4 -15.21 39.6
      vertex 5.4 -15.21 51.4
    endloop
  endfacet
  facet normal 1 0 0
    outer loop
      vertex 5.4 -15.21 39.6
      vertex 5.4 -16 51.4
      vertex 5.4 -16 39.6
    endloop
  endfacet
  facet normal -1 0 0
    outer loop
      vertex 6.6 -16 39.6
      vertex 6.6 -15.21 51.4
      vertex 6.6 -15.21 39.6
    endloop
  endfacet
  facet normal -1 -0 0
    outer loop
      vertex 6.6 -15.21 51.4
      vertex 6.6 -16 39.6
      vertex 6.6 -16 51.4
    endloop
  endfacet
  facet normal 1 -0 0
    outer loop
      vertex 5.4 15.21 51.4
      vertex 5.4 16 39.6
      vertex 5.4 16 51.4
    endloop
  endfacet
  facet normal 1 0 0
    outer loop
      vertex 5.4 16 39.6
      vertex 5.4 15.21 51.4
      vertex 5.4 15.21 39.6
    endloop
  endfacet
  facet normal -1 0 0
    outer loop
      vertex 6.6 15.21 39.6
      vertex 6.6 16 51.4
      vertex 6.6 16 39.6
    endloop
  endfacet
  facet normal -1 -0 0
    outer loop
      vertex 6.6 16 51.4
      vertex 6.6 15.21 39.6
      vertex 6.6 15.21 51.4
    endloop
  endfacet
  facet normal 1 -0 0
    outer loop
      vertex 29.4 -16 51.4
      vertex 29.4 -15.21 39.6
      vertex 29.4 -15.21 51.4
    endloop
  endfacet
  facet normal 1 0 0
    outer loop
      vertex 29.4 -15.21 39.6
      vertex 29.4 -16 51.4
      vertex 29.4 -16 39.6
    endloop
  endfacet
  facet normal -1 0 0
    outer loop
      vertex 30.6 -16 39.6
      vertex 30.6 -15.21 51.4
      vertex 30.6 -15.21 39.6
    endloop
  endfacet
  facet normal -1 -0 0
    outer loop
      vertex 30.6 -15.21 51.4
      vertex 30.6 -16 39.6
      vertex 30.6 -16 51.4
    endloop
  endfacet
  facet normal 1 -0 0
    outer loop
      vertex 29.4 15.21 51.4
      vertex 29.4 16 39.6
      vertex 29.4 16 51.4
    endloop
  endfacet
  facet normal 1 0 0
    outer loop
      vertex 29.4 16 39.6
      vertex 29.4 15.21 51.4
      vertex 29.4 15.21 39.6
    endloop
  endfacet
  facet normal -1 0 0
    outer loop
      vertex 30.6 15.21 39.6
      vertex 30.6 16 51.4
      vertex 30.6 16 39.6
    endloop
  endfacet
  facet normal -1 -0 0
    outer loop
      vertex 30.6 16 51.4
      vertex 30.6 15.21 39.6
      vertex 30.6 15.21 51.4
    endloop
  endfacet
  facet normal 1 -0 0
    outer loop
      vertex 53.4 -16 51.4
      vertex 53.4 -15.21 39.6
      vertex 53.4 -15.21 51.4
    endloop
  endfacet
  facet normal 1 0 0
    outer loop
      vertex 53.4 -15.21 39.6
      vertex 53.4 -16 51.4
      vertex 53.4 -16 39.6
    endloop
  endfacet
  facet normal -1 0 0
    outer loop
      vertex 54.6 -16 39.6
      vertex 54.6 -15.21 51.4
      vertex 54.6 -15.21 39.6
    endloop
  endfacet
  facet normal -1 -0 0
    outer loop
      vertex 54.6 -15.21 51.4
      vertex 54.6 -16 39.6
      vertex 54.6 -16 51.4
    endloop
  endfacet
  facet normal 1 -0 0
    outer loop
      vertex 53.4 15.21 51.4
      vertex 53.4 16 39.6
      vertex 53.4 16 51.4
    endloop
  endfacet
  facet normal 1 0 0
    outer loop
      vertex 53.4 16 39.6
      vertex 53.4 15.21 51.4
      vertex 53.4 15.21 39.6
    endloop
  endfacet
  facet normal -1 0 0
    outer loop
      vertex 54.6 15.21 39.6
      vertex 54.6 16 51.4
      vertex 54.6 16 39.6
    endloop
  endfacet
  facet normal -1 -0 0
    outer loop
      vertex 54.6 16 51.4
      vertex 54.6 15.21 39.6
      vertex 54.6 15.21 51.4
    endloop
  endfacet
  facet normal 1 -0 0
    outer loop
      vertex 77.4 -16 51.4
      vertex 77.4 -15.21 39.6
      vertex 77.4 -15.21 51.4
    endloop
  endfacet
  facet normal 1 0 0
    outer loop
      vertex 77.4 -15.21 39.6
      vertex 77.4 -16 51.4
      vertex 77.4 -16 39.6
    endloop
  endfacet
  facet normal -1 0 0
    outer loop
      vertex 78.6 -16 39.6
      vertex 78.6 -15.21 51.4
      vertex 78.6 -15.21 39.6
    endloop
  endfacet
  facet normal -1 -0 0
    outer loop
      vertex 78.6 -15.21 51.4
      vertex 78.6 -16 39.6
      vertex 78.6 -16 51.4
    endloop
  endfacet
  facet normal 1 -0 0
    outer loop
      vertex 77.4 15.21 51.4
      vertex 77.4 16 39.6
      vertex 77.4 16 51.4
    endloop
  endfacet
  facet normal 1 0 0
    outer loop
      vertex 77.4 16 39.6
      vertex 77.4 15.21 51.4
      vertex 77.4 15.21 39.6
    endloop
  endfacet
  facet normal -1 0 0
    outer loop
      vertex 78.6 15.21 39.6
      vertex 78.6 16 51.4
      vertex 78.6 16 39.6
    endloop
  endfacet
  facet normal -1 -0 0
    outer loop
      vertex 78.6 16 51.4
      vertex 78.6 15.21 39.6
      vertex 78.6 15.21 51.4
    endloop
  endfacet
  facet normal 1 -0 0
    outer loop
      vertex -78.6 -16 64.4
      vertex -78.6 -15.21 52.6
      vertex -78.6 -15.21 64.4
    endloop
  endfacet
  facet normal 1 0 0
    outer loop
      vertex -78.6 -15.21 52.6
      vertex -78.6 -16 64.4
      vertex -78.6 -16 52.6
    endloop
  endfacet
  facet normal -1 0 0
    outer loop
      vertex -77.4 -16 52.6
      vertex -77.4 -15.21 64.4
      vertex -77.4 -15.21 52.6
    endloop
  endfacet
  facet normal -1 -0 0
    outer loop
      vertex -77.4 -15.21 64.4
      vertex -77.4 -16 52.6
      vertex -77.4 -16 64.4
    endloop
  endfacet
  facet normal 1 -0 0
    outer loop
      vertex -78.6 15.21 64.4
      vertex -78.6 16 52.6
      vertex -78.6 16 64.4
    endloop
  endfacet
  facet normal 1 0 0
    outer loop
      vertex -78.6 16 52.6
      vertex -78.6 15.21 64.4
      vertex -78.6 15.21 52.6
    endloop
  endfacet
  facet normal -1 0 0
    outer loop
      vertex -77.4 15.21 52.6
      vertex -77.4 16 64.4
      vertex -77.4 16 52.6
    endloop
  endfacet
  facet normal -1 -0 0
    outer loop
      vertex -77.4 16 64.4
      vertex -77.4 15.21 52.6
      vertex -77.4 15.21 64.4
    endloop
  endfacet
  facet normal 1 -0 0
    outer loop
      vertex -54.6 -16 64.4
      vertex -54.6 -15.21 52.6
      vertex -54.6 -15.21 64.4
    endloop
  endfacet
  facet normal 1 0 0
    outer loop
      vertex -54.6 -15.21 52.6
      vertex -54.6 -16 64.4
      vertex -54.6 -16 52.6
    endloop
  endfacet
  facet normal -1 0 0
    outer loop
      vertex -53.4 -16 52.6
      vertex -53.4 -15.21 64.4
      vertex -53.4 -15.21 52.6
    endloop
  endfacet
  facet normal -1 -0 0
    outer loop
      vertex -53.4 -15.21 64.4
      vertex -53.4 -16 52.6
      vertex -53.4 -16 64.4
    endloop
  endfacet
  facet normal 1 -0 0
    outer loop
      vertex -54.6 15.21 64.4
      vertex -54.6 16 52.6
      vertex -54.6 16 64.4
    endloop
  endfacet
  facet normal 1 0 0
    outer loop
      vertex -54.6 16 52.6
      vertex -54.6 15.21 64.4
      vertex -54.6 15.21 52.6
    endloop
  endfacet
  facet normal -1 0 0
    outer loop
      vertex -53.4 15.21 52.6
      vertex -53.4 16 64.4
      vertex -53.4 16 52.6
    endloop
  endfacet
  facet normal -1 -0 0
    outer loop
      vertex -53.4 16 64.4
      vertex -53.4 15.21 52.6
      vertex -53.4 15.21 64.4
    endloop
  endfacet
  facet normal 1 -0 0
    outer loop
      vertex -30.6 -16 64.4
      vertex -30.6 -15.21 52.6
      vertex -30.6 -15.21 64.4
    endloop
  endfacet
  facet normal 1 0 0
    outer loop
      vertex -30.6 -15.21 52.6
      vertex -30.6 -16 64.4
      vertex -30.6 -16 52.6
    endloop
  endfacet
  facet normal -1 0 0
    outer loop
      vertex -29.4 -16 52.6
      vertex -29.4 -15.21 64.4
      vertex -29.4 -15.21 52.6
    endloop
  endfacet
  facet normal -1 -0 0
    outer loop
      vertex -29.4 -15.21 64.4
      vertex -29.4 -16 52.6
      vertex -29.4 -16 64.4
    endloop
  endfacet
  facet normal 1 -0 0
    outer loop
      vertex -30.6 15.21 64.4
      vertex -30.6 16 52.6
      vertex -30.6 16 64.4
    endloop
  endfacet
  facet normal 1 0 0
    outer loop
      vertex -30.6 16 52.6
      vertex -30.6 15.21 64.4
      vertex -30.6 15.21 52.6
    endloop
  endfacet
  facet normal -1 0 0
    outer loop
      vertex -29.4 15.21 52.6
      vertex -29.4 16 64.4
      vertex -29.4 16 52.6
    endloop
  endfacet
  facet normal -1 -0 0
    outer loop
      vertex -29.4 16 64.4
      vertex -29.4 15.21 52.6
      vertex -29.4 15.21 64.4
    endloop
  endfacet
  facet normal 1 -0 0
    outer loop
      vertex -6.6 -16 64.4
      vertex -6.6 -15.21 52.6
      vertex -6.6 -15.21 64.4
    endloop
  endfacet
  facet normal 1 0 0
    outer loop
      vertex -6.6 -15.21 52.6
      vertex -6.6 -16 64.4
      vertex -6.6 -16 52.6
    endloop
  endfacet
  facet normal -1 0 0
    outer loop
      vertex -5.4 -16 52.6
      vertex -5.4 -15.21 64.4
      vertex -5.4 -15.21 52.6
    endloop
  endfacet
  facet normal -1 -0 0
    outer loop
      vertex -5.4 -15.21 64.4
      vertex -5.4 -16 52.6
      vertex -5.4 -16 64.4
    endloop
  endfacet
  facet normal 1 -0 0
    outer loop
      vertex -6.6 15.21 64.4
      vertex -6.6 16 52.6
      vertex -6.6 16 64.4
    endloop
  endfacet
  facet normal 1 0 0
    outer loop
      vertex -6.6 16 52.6
      vertex -6.6 15.21 64.4
      vertex -6.6 15.21 52.6
    endloop
  endfacet
  facet normal -1 0 0
    outer loop
      vertex -5.4 15.21 52.6
      vertex -5.4 16 64.4
      vertex -5.4 16 52.6
    endloop
  endfacet
  facet normal -1 -0 0
    outer loop
      vertex -5.4 16 64.4
      vertex -5.4 15.21 52.6
      vertex -5.4 15.21 64.4
    endloop
  endfacet
  facet normal 1 -0 0
    outer loop
      vertex 17.4 -16 64.4
      vertex 17.4 -15.21 52.6
      vertex 17.4 -15.21 64.4
    endloop
  endfacet
  facet normal 1 0 0
    outer loop
      vertex 17.4 -15.21 52.6
      vertex 17.4 -16 64.4
      vertex 17.4 -16 52.6
    endloop
  endfacet
  facet normal -1 0 0
    outer loop
      vertex 18.6 -16 52.6
      vertex 18.6 -15.21 64.4
      vertex 18.6 -15.21 52.6
    endloop
  endfacet
  facet normal -1 -0 0
    outer loop
      vertex 18.6 -15.21 64.4
      vertex 18.6 -16 52.6
      vertex 18.6 -16 64.4
    endloop
  endfacet
  facet normal 1 -0 0
    outer loop
      vertex 17.4 15.21 64.4
      vertex 17.4 16 52.6
      vertex 17.4 16 64.4
    endloop
  endfacet
  facet normal 1 0 0
    outer loop
      vertex 17.4 16 52.6
      vertex 17.4 15.21 64.4
      vertex 17.4 15.21 52.6
    endloop
  endfacet
  facet normal -1 0 0
    outer loop
      vertex 18.6 15.21 52.6
      vertex 18.6 16 64.4
      vertex 18.6 16 52.6
    endloop
  endfacet
  facet normal -1 -0 0
    outer loop
      vertex 18.6 16 64.4
      vertex 18.6 15.21 52.6
      vertex 18.6 15.21 64.4
    endloop
  endfacet
  facet normal 1 -0 0
    outer loop
      vertex 41.4 -16 64.4
      vertex 41.4 -15.21 52.6
      vertex 41.4 -15.21 64.4
    endloop
  endfacet
  facet normal 1 0 0
    outer loop
      vertex 41.4 -15.21 52.6
      vertex 41.4 -16 64.4
      vertex 41.4 -16 52.6
    endloop
  endfacet
  facet normal -1 0 0
    outer loop
      vertex 42.6 -16 52.6
      vertex 42.6 -15.21 64.4
      vertex 42.6 -15.21 52.6
    endloop
  endfacet
  facet normal -1 -0 0
    outer loop
      vertex 42.6 -15.21 64.4
      vertex 42.6 -16 52.6
      vertex 42.6 -16 64.4
    endloop
  endfacet
  facet normal 1 -0 0
    outer loop
      vertex 41.4 15.21 64.4
      vertex 41.4 16 52.6
      vertex 41.4 16 64.4
    endloop
  endfacet
  facet normal 1 0 0
    outer loop
      vertex 41.4 16 52.6
      vertex 41.4 15.21 64.4
      vertex 41.4 15.21 52.6
    endloop
  endfacet
  facet normal -1 0 0
    outer loop
      vertex 42.6 15.21 52.6
      vertex 42.6 16 64.4
      vertex 42.6 16 52.6
    endloop
  endfacet
  facet normal -1 -0 0
    outer loop
      vertex 42.6 16 64.4
      vertex 42.6 15.21 52.6
      vertex 42.6 15.21 64.4
    endloop
  endfacet
  facet normal 1 -0 0
    outer loop
      vertex 65.4 -16 64.4
      vertex 65.4 -15.21 52.6
      vertex 65.4 -15.21 64.4
    endloop
  endfacet
  facet normal 1 0 0
    outer loop
      vertex 65.4 -15.21 52.6
      vertex 65.4 -16 64.4
      vertex 65.4 -16 52.6
    endloop
  endfacet
  facet normal -1 0 0
    outer loop
      vertex 66.6 -16 52.6
      vertex 66.6 -15.21 64.4
      vertex 66.6 -15.21 52.6
    endloop
  endfacet
  facet normal -1 -0 0
    outer loop
      vertex 66.6 -15.21 64.4
      vertex 66.6 -16 52.6
      vertex 66.6 -16 64.4
    endloop
  endfacet
  facet normal 1 -0 0
    outer loop
      vertex 65.4 15.21 64.4
      vertex 65.4 16 52.6
      vertex 65.4 16 64.4
    endloop
  endfacet
  facet normal 1 0 0
    outer loop
      vertex 65.4 16 52.6
      vertex 65.4 15.21 64.4
      vertex 65.4 15.21 52.6
    endloop
  endfacet
  facet normal -1 0 0
    outer loop
      vertex 66.6 15.21 52.6
      vertex 66.6 16 64.4
      vertex 66.6 16 52.6
    endloop
  endfacet
  facet normal -1 -0 0
    outer loop
      vertex 66.6 16 64.4
      vertex 66.6 15.21 52.6
      vertex 66.6 15.21 64.4
    endloop
  endfacet
  facet normal 1 -0 0
    outer loop
      vertex -66.6 -16 77.4
      vertex -66.6 -15.21 65.6
      vertex -66.6 -15.21 77.4
    endloop
  endfacet
  facet normal 1 0 0
    outer loop
      vertex -66.6 -15.21 65.6
      vertex -66.6 -16 77.4
      vertex -66.6 -16 65.6
    endloop
  endfacet
  facet normal -1 0 0
    outer loop
      vertex -65.4 -16 65.6
      vertex -65.4 -15.21 77.4
      vertex -65.4 -15.21 65.6
    endloop
  endfacet
  facet normal -1 -0 0
    outer loop
      vertex -65.4 -15.21 77.4
      vertex -65.4 -16 65.6
      vertex -65.4 -16 77.4
    endloop
  endfacet
  facet normal 1 -0 0
    outer loop
      vertex -66.6 15.21 77.4
      vertex -66.6 16 65.6
      vertex -66.6 16 77.4
    endloop
  endfacet
  facet normal 1 0 0
    outer loop
      vertex -66.6 16 65.6
      vertex -66.6 15.21 77.4
      vertex -66.6 15.21 65.6
    endloop
  endfacet
  facet normal -1 0 0
    outer loop
      vertex -65.4 15.21 65.6
      vertex -65.4 16 77.4
      vertex -65.4 16 65.6
    endloop
  endfacet
  facet normal -1 -0 0
    outer loop
      vertex -65.4 16 77.4
      vertex -65.4 15.21 65.6
      vertex -65.4 15.21 77.4
    endloop
  endfacet
  facet normal 1 -0 0
    outer loop
      vertex -42.6 -16 76
      vertex -42.6 -15.21 65.6
      vertex -42.6 -15.21 76
    endloop
  endfacet
  facet normal 1 0 0
    outer loop
      vertex -42.6 -15.21 65.6
      vertex -42.6 -16 76
      vertex -42.6 -16 65.6
    endloop
  endfacet
  facet normal -1 0 0
    outer loop
      vertex -41.4 -16 65.6
      vertex -41.4 -15.21 76
      vertex -41.4 -15.21 65.6
    endloop
  endfacet
  facet normal -1 -0 0
    outer loop
      vertex -41.4 -15.21 76
      vertex -41.4 -16 65.6
      vertex -41.4 -16 76
    endloop
  endfacet
  facet normal 1 -0 0
    outer loop
      vertex -42.6 15.21 76
      vertex -42.6 16 65.6
      vertex -42.6 16 76
    endloop
  endfacet
  facet normal 1 0 0
    outer loop
      vertex -42.6 16 65.6
      vertex -42.6 15.21 76
      vertex -42.6 15.21 65.6
    endloop
  endfacet
  facet normal -1 0 0
    outer loop
      vertex -41.4 15.21 65.6
      vertex -41.4 16 76
      vertex -41.4 16 65.6
    endloop
  endfacet
  facet normal -1 -0 0
    outer loop
      vertex -41.4 16 76
      vertex -41.4 15.21 65.6
      vertex -41.4 15.21 76
    endloop
  endfacet
  facet normal 1 -0 0
    outer loop
      vertex -18.6 -16 77.4
      vertex -18.6 -15.21 65.6
      vertex -18.6 -15.21 77.4
    endloop
  endfacet
  facet normal 1 0 0
    outer loop
      vertex -18.6 -15.21 65.6
      vertex -18.6 -16 77.4
      vertex -18.6 -16 65.6
    endloop
  endfacet
  facet normal -1 0 0
    outer loop
      vertex -17.4 -16 65.6
      vertex -17.4 -15.21 77.4
      vertex -17.4 -15.21 65.6
    endloop
  endfacet
  facet normal -1 -0 0
    outer loop
      vertex -17.4 -15.21 77.4
      vertex -17.4 -16 65.6
      vertex -17.4 -16 77.4
    endloop
  endfacet
  facet normal 1 -0 0
    outer loop
      vertex -18.6 15.21 77.4
      vertex -18.6 16 65.6
      vertex -18.6 16 77.4
    endloop
  endfacet
  facet normal 1 0 0
    outer loop
      vertex -18.6 16 65.6
      vertex -18.6 15.21 77.4
      vertex -18.6 15.21 65.6
    endloop
  endfacet
  facet normal -1 0 0
    outer loop
      vertex -17.4 15.21 65.6
      vertex -17.4 16 77.4
      vertex -17.4 16 65.6
    endloop
  endfacet
  facet normal -1 -0 0
    outer loop
      vertex -17.4 16 77.4
      vertex -17.4 15.21 65.6
      vertex -17.4 15.21 77.4
    endloop
  endfacet
  facet normal 1 -0 0
    outer loop
      vertex 5.4 -16 77.4
      vertex 5.4 -15.21 65.6
      vertex 5.4 -15.21 77.4
    endloop
  endfacet
  facet normal 1 0 0
    outer loop
      vertex 5.4 -15.21 65.6
      vertex 5.4 -16 77.4
      vertex 5.4 -16 65.6
    endloop
  endfacet
  facet normal -1 0 0
    outer loop
      vertex 6.6 -16 65.6
      vertex 6.6 -15.21 77.4
      vertex 6.6 -15.21 65.6
    endloop
  endfacet
  facet normal -1 -0 0
    outer loop
      vertex 6.6 -15.21 77.4
      vertex 6.6 -16 65.6
      vertex 6.6 -16 77.4
    endloop
  endfacet
  facet normal 1 -0 0
    outer loop
      vertex 5.4 15.21 77.4
      vertex 5.4 16 65.6
      vertex 5.4 16 77.4
    endloop
  endfacet
  facet normal 1 0 0
    outer loop
      vertex 5.4 16 65.6
      vertex 5.4 15.21 77.4
      vertex 5.4 15.21 65.6
    endloop
  endfacet
  facet normal -1 0 0
    outer loop
      vertex 6.6 15.21 65.6
      vertex 6.6 16 77.4
      vertex 6.6 16 65.6
    endloop
  endfacet
  facet normal -1 -0 0
    outer loop
      vertex 6.6 16 77.4
      vertex 6.6 15.21 65.6
      vertex 6.6 15.21 77.4
    endloop
  endfacet
  facet normal 1 -0 0
    outer loop
      vertex 29.4 -16 77.4
      vertex 29.4 -15.21 65.6
      vertex 29.4 -15.21 77.4
    endloop
  endfacet
  facet normal 1 0 0
    outer loop
      vertex 29.4 -15.21 65.6
      vertex 29.4 -16 77.4
      vertex 29.4 -16 65.6
    endloop
  endfacet
  facet normal -1 0 0
    outer loop
      vertex 30.6 -16 65.6
      vertex 30.6 -15.21 77.4
      vertex 30.6 -15.21 65.6
    endloop
  endfacet
  facet normal -1 -0 0
    outer loop
      vertex 30.6 -15.21 77.4
      vertex 30.6 -16 65.6
      vertex 30.6 -16 77.4
    endloop
  endfacet
  facet normal 1 -0 0
    outer loop
      vertex 29.4 15.21 77.4
      vertex 29.4 16 65.6
      vertex 29.4 16 77.4
    endloop
  endfacet
  facet normal 1 0 0
    outer loop
      vertex 29.4 16 65.6
      vertex 29.4 15.21 77.4
      vertex 29.4 15.21 65.6
    endloop
  endfacet
  facet normal -1 0 0
    outer loop
      vertex 30.6 15.21 65.6
      vertex 30.6 16 77.4
      vertex 30.6 16 65.6
    endloop
  endfacet
  facet normal -1 -0 0
    outer loop
      vertex 30.6 16 77.4
      vertex 30.6 15.21 65.6
      vertex 30.6 15.21 77.4
    endloop
  endfacet
  facet normal 1 -0 0
    outer loop
      vertex 53.4 -16 77.4
      vertex 53.4 -15.21 65.6
      vertex 53.4 -15.21 77.4
    endloop
  endfacet
  facet normal 1 0 0
    outer loop
      vertex 53.4 -15.21 65.6
      vertex 53.4 -16 77.4
      vertex 53.4 -16 65.6
    endloop
  endfacet
  facet normal -1 0 0
    outer loop
      vertex 54.6 -16 65.6
      vertex 54.6 -15.21 77.4
      vertex 54.6 -15.21 65.6
    endloop
  endfacet
  facet normal -1 -0 0
    outer loop
      vertex 54.6 -15.21 77.4
      vertex 54.6 -16 65.6
      vertex 54.6 -16 77.4
    endloop
  endfacet
  facet normal 1 -0 0
    outer loop
      vertex 53.4 15.21 77.4
      vertex 53.4 16 65.6
      vertex 53.4 16 77.4
    endloop
  endfacet
  facet normal 1 0 0
    outer loop
      vertex 53.4 16 65.6
      vertex 53.4 15.21 77.4
      vertex 53.4 15.21 65.6
    endloop
  endfacet
  facet normal -1 0 0
    outer loop
      vertex 54.6 15.21 65.6
      vertex 54.6 16 77.4
      vertex 54.6 16 65.6
    endloop
  endfacet
  facet normal -1 -0 0
    outer loop
      vertex 54.6 16 77.4
      vertex 54.6 15.21 65.6
      vertex 54.6 15.21 77.4
    endloop
  endfacet
  facet normal 1 -0 0
    outer loop
      vertex 77.4 -16 77.4
      vertex 77.4 -15.21 65.6
      vertex 77.4 -15.21 77.4
    endloop
  endfacet
  facet normal 1 0 0
    outer loop
      vertex 77.4 -15.21 65.6
      vertex 77.4 -16 77.4
      vertex 77.4 -16 65.6
    endloop
  endfacet
  facet normal -1 0 0
    outer loop
      vertex 78.6 -16 65.6
      vertex 78.6 -15.21 77.4
      vertex 78.6 -15.21 65.6
    endloop
  endfacet
  facet normal -1 -0 0
    outer loop
      vertex 78.6 -15.21 77.4
      vertex 78.6 -16 65.6
      vertex 78.6 -16 77.4
    endloop
  endfacet
  facet normal 1 -0 0
    outer loop
      vertex 77.4 15.21 77.4
      vertex 77.4 16 65.6
      vertex 77.4 16 77.4
    endloop
  endfacet
  facet normal 1 0 0
    outer loop
      vertex 77.4 16 65.6
      vertex 77.4 15.21 77.4
      vertex 77.4 15.21 65.6
    endloop
  endfacet
  facet normal -1 0 0
    outer loop
      vertex 78.6 15.21 65.6
      vertex 78.6 16 77.4
      vertex 78.6 16 65.6
    endloop
  endfacet
  facet normal -1 -0 0
    outer loop
      vertex 78.6 16 77.4
      vertex 78.6 15.21 65.6
      vertex 78.6 15.21 77.4
    endloop
  endfacet
  facet normal 1 -0 0
    outer loop
      vertex -78.6 -16 90.4
      vertex -78.6 -15.21 78.6
      vertex -78.6 -15.21 90.4
    endloop
  endfacet
  facet normal 1 0 0
    outer loop
      vertex -78.6 -15.21 78.6
      vertex -78.6 -16 90.4
      vertex -78.6 -16 78.6
    endloop
  endfacet
  facet normal -1 0 0
    outer loop
      vertex -77.4 -16 78.6
      vertex -77.4 -15.21 90.4
      vertex -77.4 -15.21 78.6
    endloop
  endfacet
  facet normal -1 -0 0
    outer loop
      vertex -77.4 -15.21 90.4
      vertex -77.4 -16 78.6
      vertex -77.4 -16 90.4
    endloop
  endfacet
  facet normal 1 -0 0
    outer loop
      vertex -78.6 15.21 90.4
      vertex -78.6 16 78.6
      vertex -78.6 16 90.4
    endloop
  endfacet
  facet normal 1 0 0
    outer loop
      vertex -78.6 16 78.6
      vertex -78.6 15.21 90.4
      vertex -78.6 15.21 78.6
    endloop
  endfacet
  facet normal -1 0 0
    outer loop
      vertex -77.4 15.21 78.6
      vertex -77.4 16 90.4
      vertex -77.4 16 78.6
    endloop
  endfacet
  facet normal -1 -0 0
    outer loop
      vertex -77.4 16 90.4
      vertex -77.4 15.21 78.6
      vertex -77.4 15.21 90.4
    endloop
  endfacet
  facet normal 1 -0 0
    outer loop
      vertex -54.6 -16 90.4
      vertex -54.6 -15.21 78.6
      vertex -54.6 -15.21 90.4
    endloop
  endfacet
  facet normal 1 0 0
    outer loop
      vertex -54.6 -15.21 78.6
      vertex -54.6 -16 90.4
      vertex -54.6 -16 78.6
    endloop
  endfacet
  facet normal -1 0 0
    outer loop
      vertex -53.4 -16 78.6
      vertex -53.4 -15.21 90.4
      vertex -53.4 -15.21 78.6
    endloop
  endfacet
  facet normal -1 -0 0
    outer loop
      vertex -53.4 -15.21 90.4
      vertex -53.4 -16 78.6
      vertex -53.4 -16 90.4
    endloop
  endfacet
  facet normal 1 -0 0
    outer loop
      vertex -54.6 15.21 90.4
      vertex -54.6 16 78.6
      vertex -54.6 16 90.4
    endloop
  endfacet
  facet normal 1 0 0
    outer loop
      vertex -54.6 16 78.6
      vertex -54.6 15.21 90.4
      vertex -54.6 15.21 78.6
    endloop
  endfacet
  facet normal -1 0 0
    outer loop
      vertex -53.4 15.21 78.6
      vertex -53.4 16 90.4
      vertex -53.4 16 78.6
    endloop
  endfacet
  facet normal -1 -0 0
    outer loop
      vertex -53.4 16 90.4
      vertex -53.4 15.21 78.6
      vertex -53.4 15.21 90.4
    endloop
  endfacet
  facet normal 1 -0 0
    outer loop
      vertex -30.6 -16 90.4
      vertex -30.6 -15.21 78.6
      vertex -30.6 -15.21 90.4
    endloop
  endfacet
  facet normal 1 0 0
    outer loop
      vertex -30.6 -15.21 78.6
      vertex -30.6 -16 90.4
      vertex -30.6 -16 78.6
    endloop
  endfacet
  facet normal -1 0 0
    outer loop
      vertex -29.4 -16 78.6
      vertex -29.4 -15.21 90.4
      vertex -29.4 -15.21 78.6
    endloop
  endfacet
  facet normal -1 -0 0
    outer loop
      vertex -29.4 -15.21 90.4
      vertex -29.4 -16 78.6
      vertex -29.4 -16 90.4
    endloop
  endfacet
  facet normal 1 -0 0
    outer loop
      vertex -30.6 15.21 90.4
      vertex -30.6 16 78.6
      vertex -30.6 16 90.4
    endloop
  endfacet
  facet normal 1 0 0
    outer loop
      vertex -30.6 16 78.6
      vertex -30.6 15.21 90.4
      vertex -30.6 15.21 78.6
    endloop
  endfacet
  facet normal -1 0 0
    outer loop
      vertex -29.4 15.21 78.6
      vertex -29.4 16 90.4
      vertex -29.4 16 78.6
    endloop
  endfacet
  facet normal -1 -0 0
    outer loop
      vertex -29.4 16 90.4
      vertex -29.4 15.21 78.6
      vertex -29.4 15.21 90.4
    endloop
  endfacet
  facet normal 1 -0 0
    outer loop
      vertex -6.6 -16 90.4
      vertex -6.6 -15.21 78.6
      vertex -6.6 -15.21 90.4
    endloop
  endfacet
  facet normal 1 0 0
    outer loop
      vertex -6.6 -15.21 78.6
      vertex -6.6 -16 90.4
      vertex -6.6 -16 78.6
    endloop
  endfacet
  facet normal -1 0 0
    outer loop
      vertex -5.4 -16 78.6
      vertex -5.4 -15.21 90.4
      vertex -5.4 -15.21 78.6
    endloop
  endfacet
  facet normal -1 -0 0
    outer loop
      vertex -5.4 -15.21 90.4
      vertex -5.4 -16 78.6
      vertex -5.4 -16 90.4
    endloop
  endfacet
  facet normal 1 -0 0
    outer loop
      vertex -6.6 15.21 90.4
      vertex -6.6 16 78.6
      vertex -6.6 16 90.4
    endloop
  endfacet
  facet normal 1 0 0
    outer loop
      vertex -6.6 16 78.6
      vertex -6.6 15.21 90.4
      vertex -6.6 15.21 78.6
    endloop
  endfacet
  facet normal -1 0 0
    outer loop
      vertex -5.4 15.21 78.6
      vertex -5.4 16 90.4
      vertex -5.4 16 78.6
    endloop
  endfacet
  facet normal -1 -0 0
    outer loop
      vertex -5.4 16 90.4
      vertex -5.4 15.21 78.6
      vertex -5.4 15.21 90.4
    endloop
  endfacet
  facet normal 1 -0 0
    outer loop
      vertex 17.4 -16 90.4
      vertex 17.4 -15.21 78.6
      vertex 17.4 -15.21 90.4
    endloop
  endfacet
  facet normal 1 0 0
    outer loop
      vertex 17.4 -15.21 78.6
      vertex 17.4 -16 90.4
      vertex 17.4 -16 78.6
    endloop
  endfacet
  facet normal -1 0 0
    outer loop
      vertex 18.6 -16 78.6
      vertex 18.6 -15.21 90.4
      vertex 18.6 -15.21 78.6
    endloop
  endfacet
  facet normal -1 -0 0
    outer loop
      vertex 18.6 -15.21 90.4
      vertex 18.6 -16 78.6
      vertex 18.6 -16 90.4
    endloop
  endfacet
  facet normal 1 -0 0
    outer loop
      vertex 17.4 15.21 90.4
      vertex 17.4 16 78.6
      vertex 17.4 16 90.4
    endloop
  endfacet
  facet normal 1 0 0
    outer loop
      vertex 17.4 16 78.6
      vertex 17.4 15.21 90.4
      vertex 17.4 15.21 78.6
    endloop
  endfacet
  facet normal -1 0 0
    outer loop
      vertex 18.6 15.21 78.6
      vertex 18.6 16 90.4
      vertex 18.6 16 78.6
    endloop
  endfacet
  facet normal -1 -0 0
    outer loop
      vertex 18.6 16 90.4
      vertex 18.6 15.21 78.6
      vertex 18.6 15.21 90.4
    endloop
  endfacet
  facet normal 1 -0 0
    outer loop
      vertex 41.4 -16 90.4
      vertex 41.4 -15.21 80
      vertex 41.4 -15.21 90.4
    endloop
  endfacet
  facet normal 1 0 0
    outer loop
      vertex 41.4 -15.21 80
      vertex 41.4 -16 90.4
      vertex 41.4 -16 80
    endloop
  endfacet
  facet normal -1 0 0
    outer loop
      vertex 42.6 -16 80
      vertex 42.6 -15.21 90.4
      vertex 42.6 -15.21 80
    endloop
  endfacet
  facet normal -1 -0 0
    outer loop
      vertex 42.6 -15.21 90.4
      vertex 42.6 -16 80
      vertex 42.6 -16 90.4
    endloop
  endfacet
  facet normal 1 -0 0
    outer loop
      vertex 41.4 15.21 90.4
      vertex 41.4 16 80
      vertex 41.4 16 90.4
    endloop
  endfacet
  facet normal 1 0 0
    outer loop
      vertex 41.4 16 80
      vertex 41.4 15.21 90.4
      vertex 41.4 15.21 80
    endloop
  endfacet
  facet normal -1 0 0
    outer loop
      vertex 42.6 15.21 80
      vertex 42.6 16 90.4
      vertex 42.6 16 80
    endloop
  endfacet
  facet normal -1 -0 0
    outer loop
      vertex 42.6 16 90.4
      vertex 42.6 15.21 80
      vertex 42.6 15.21 90.4
    endloop
  endfacet
  facet normal 1 -0 0
    outer loop
      vertex 65.4 -16 90.4
      vertex 65.4 -15.21 78.6
      vertex 65.4 -15.21 90.4
    endloop
  endfacet
  facet normal 1 0 0
    outer loop
      vertex 65.4 -15.21 78.6
      vertex 65.4 -16 90.4
      vertex 65.4 -16 78.6
    endloop
  endfacet
  facet normal -1 0 0
    outer loop
      vertex 66.6 -16 78.6
      vertex 66.6 -15.21 90.4
      vertex 66.6 -15.21 78.6
    endloop
  endfacet
  facet normal -1 -0 0
    outer loop
      vertex 66.6 -15.21 90.4
      vertex 66.6 -16 78.6
      vertex 66.6 -16 90.4
    endloop
  endfacet
  facet normal 1 -0 0
    outer loop
      vertex 65.4 15.21 90.4
      vertex 65.4 16 78.6
      vertex 65.4 16 90.4
    endloop
  endfacet
  facet normal 1 0 0
    outer loop
      vertex 65.4 16 78.6
      vertex 65.4 15.21 90.4
      vertex 65.4 15.21 78.6
    endloop
  endfacet
  facet normal -1 0 0
    outer loop
      vertex 66.6 15.21 78.6
      vertex 66.6 16 90.4
      vertex 66.6 16 78.6
    endloop
  endfacet
  facet normal -1 -0 0
    outer loop
      vertex 66.6 16 90.4
      vertex 66.6 15.21 78.6
      vertex 66.6 15.21 90.4
    endloop
  endfacet
  facet normal 1 -0 0
    outer loop
      vertex -66.6 -16 103.4
      vertex -66.6 -15.21 91.6
      vertex -66.6 -15.21 103.4
    endloop
  endfacet
  facet normal 1 0 0
    outer loop
      vertex -66.6 -15.21 91.6
      vertex -66.6 -16 103.4
      vertex -66.6 -16 91.6
    endloop
  endfacet
  facet normal -1 0 0
    outer loop
      vertex -65.4 -16 91.6
      vertex -65.4 -15.21 103.4
      vertex -65.4 -15.21 91.6
    endloop
  endfacet
  facet normal -1 -0 0
    outer loop
      vertex -65.4 -15.21 103.4
      vertex -65.4 -16 91.6
      vertex -65.4 -16 103.4
    endloop
  endfacet
  facet normal 1 -0 0
    outer loop
      vertex -66.6 15.21 103.4
      vertex -66.6 16 91.6
      vertex -66.6 16 103.4
    endloop
  endfacet
  facet normal 1 0 0
    outer loop
      vertex -66.6 16 91.6
      vertex -66.6 15.21 103.4
      vertex -66.6 15.21 91.6
    endloop
  endfacet
  facet normal -1 0 0
    outer loop
      vertex -65.4 15.21 91.6
      vertex -65.4 16 103.4
      vertex -65.4 16 91.6
    endloop
  endfacet
  facet normal -1 -0 0
    outer loop
      vertex -65.4 16 103.4
      vertex -65.4 15.21 91.6
      vertex -65.4 15.21 103.4
    endloop
  endfacet
  facet normal 1 -0 0
    outer loop
      vertex -42.6 -16 103.4
      vertex -42.6 -15.21 91.6
      vertex -42.6 -15.21 103.4
    endloop
  endfacet
  facet normal 1 0 0
    outer loop
      vertex -42.6 -15.21 91.6
      vertex -42.6 -16 103.4
      vertex -42.6 -16 91.6
    endloop
  endfacet
  facet normal -1 0 0
    outer loop
      vertex -41.4 -16 91.6
      vertex -41.4 -15.21 103.4
      vertex -41.4 -15.21 91.6
    endloop
  endfacet
  facet normal -1 -0 0
    outer loop
      vertex -41.4 -15.21 103.4
      vertex -41.4 -16 91.6
      vertex -41.4 -16 103.4
    endloop
  endfacet
  facet normal 1 -0 0
    outer loop
      vertex -42.6 15.21 103.4
      vertex -42.6 16 91.6
      vertex -42.6 16 103.4
    endloop
  endfacet
  facet normal 1 0 0
    outer loop
      vertex -42.6 16 91.6
      vertex -42.6 15.21 103.4
      vertex -42.6 15.21 91.6
    endloop
  endfacet
  facet normal -1 0 0
    outer loop
      vertex -41.4 15.21 91.6
      vertex -41.4 16 103.4
      vertex -41.4 16 91.6
    endloop
  endfacet
  facet normal -1 -0 0
    outer loop
      vertex -41.4 16 103.4
      vertex -41.4 15.21 91.6
      vertex -41.4 15.21 103.4
    endloop
  endfacet
  facet normal 1 -0 0
    outer loop
      vertex -18.6 -16 103.4
      vertex -18.6 -15.21 91.6
      vertex -18.6 -15.21 103.4
    endloop
  endfacet
  facet normal 1 0 0
    outer loop
      vertex -18.6 -15.21 91.6
      vertex -18.6 -16 103.4
      vertex -18.6 -16 91.6
    endloop
  endfacet
  facet normal -1 0 0
    outer loop
      vertex -17.4 -16 91.6
      vertex -17.4 -15.21 103.4
      vertex -17.4 -15.21 91.6
    endloop
  endfacet
  facet normal -1 -0 0
    outer loop
      vertex -17.4 -15.21 103.4
      vertex -17.4 -16 91.6
      vertex -17.4 -16 103.4
    endloop
  endfacet
  facet normal 1 -0 0
    outer loop
      vertex -18.6 15.21 103.4
      vertex -18.6 16 91.6
      vertex -18.6 16 103.4
    endloop
  endfacet
  facet normal 1 0 0
    outer loop
      vertex -18.6 16 91.6
      vertex -18.6 15.21 103.4
      vertex -18.6 15.21 91.6
    endloop
  endfacet
  facet normal -1 0 0
    outer loop
      vertex -17.4 15.21 91.6
      vertex -17.4 16 103.4
      vertex -17.4 16 91.6
    endloop
  endfacet
  facet normal -1 -0 0
    outer loop
      vertex -17.4 16 103.4
      vertex -17.4 15.21 91.6
      vertex -17.4 15.21 103.4
    endloop
  endfacet
  facet normal 1 -0 0
    outer loop
      vertex 5.4 -16 103.4
      vertex 5.4 -15.21 91.6
      vertex 5.4 -15.21 103.4
    endloop
  endfacet
  facet normal 1 0 0
    outer loop
      vertex 5.4 -15.21 91.6
      vertex 5.4 -16 103.4
      vertex 5.4 -16 91.6
    endloop
  endfacet
  facet normal -1 0 0
    outer loop
      vertex 6.6 -16 91.6
      vertex 6.6 -15.21 103.4
      vertex 6.6 -15.21 91.6
    endloop
  endfacet
  facet normal -1 -0 0
    outer loop
      vertex 6.6 -15.21 103.4
      vertex 6.6 -16 91.6
      vertex 6.6 -16 103.4
    endloop
  endfacet
  facet normal 1 -0 0
    outer loop
      vertex 5.4 15.21 103.4
      vertex 5.4 16 91.6
      vertex 5.4 16 103.4
    endloop
  endfacet
  facet normal 1 0 0
    outer loop
      vertex 5.4 16 91.6
      vertex 5.4 15.21 103.4
      vertex 5.4 15.21 91.6
    endloop
  endfacet
  facet normal -1 0 0
    outer loop
      vertex 6.6 15.21 91.6
      vertex 6.6 16 103.4
      vertex 6.6 16 91.6
    endloop
  endfacet
  facet normal -1 -0 0
    outer loop
      vertex 6.6 16 103.4
      vertex 6.6 15.21 91.6
      vertex 6.6 15.21 103.4
    endloop
  endfacet
  facet normal 1 -0 0
    outer loop
      vertex 29.4 -16 103.4
      vertex 29.4 -15.21 91.6
      vertex 29.4 -15.21 103.4
    endloop
  endfacet
  facet normal 1 0 0
    outer loop
      vertex 29.4 -15.21 91.6
      vertex 29.4 -16 103.4
      vertex 29.4 -16 91.6
    endloop
  endfacet
  facet normal -1 0 0
    outer loop
      vertex 30.6 -16 91.6
      vertex 30.6 -15.21 103.4
      vertex 30.6 -15.21 91.6
    endloop
  endfacet
  facet normal -1 -0 0
    outer loop
      vertex 30.6 -15.21 103.4
      vertex 30.6 -16 91.6
      vertex 30.6 -16 103.4
    endloop
  endfacet
  facet normal 1 -0 0
    outer loop
      vertex 29.4 15.21 103.4
      vertex 29.4 16 91.6
      vertex 29.4 16 103.4
    endloop
  endfacet
  facet normal 1 0 0
    outer loop
      vertex 29.4 16 91.6
      vertex 29.4 15.21 103.4
      vertex 29.4 15.21 91.6
    endloop
  endfacet
  facet normal -1 0 0
    outer loop
      vertex 30.6 15.21 91.6
      vertex 30.6 16 103.4
      vertex 30.6 16 91.6
    endloop
  endfacet
  facet normal -1 -0 0
    outer loop
      vertex 30.6 16 103.4
      vertex 30.6 15.21 91.6
      vertex 30.6 15.21 103.4
    endloop
  endfacet
  facet normal 1 -0 0
    outer loop
      vertex 53.4 -16 103.4
      vertex 53.4 -15.21 91.6
      vertex 53.4 -15.21 103.4
    endloop
  endfacet
  facet normal 1 0 0
    outer loop
      vertex 53.4 -15.21 91.6
      vertex 53.4 -16 103.4
      vertex 53.4 -16 91.6
    endloop
  endfacet
  facet normal -1 0 0
    outer loop
      vertex 54.6 -16 91.6
      vertex 54.6 -15.21 103.4
      vertex 54.6 -15.21 91.6
    endloop
  endfacet
  facet normal -1 -0 0
    outer loop
      vertex 54.6 -15.21 103.4
      vertex 54.6 -16 91.6
      vertex 54.6 -16 103.4
    endloop
  endfacet
  facet normal 1 -0 0
    outer loop
      vertex 53.4 15.21 103.4
      vertex 53.4 16 91.6
      vertex 53.4 16 103.4
    endloop
  endfacet
  facet normal 1 0 0
    outer loop
      vertex 53.4 16 91.6
      vertex 53.4 15.21 103.4
      vertex 53.4 15.21 91.6
    endloop
  endfacet
  facet normal -1 0 0
    outer loop
      vertex 54.6 15.21 91.6
      vertex 54.6 16 103.4
      vertex 54.6 16 91.6
    endloop
  endfacet
  facet normal -1 -0 0
    outer loop
      vertex 54.6 16 103.4
      vertex 54.6 15.21 91.6
      vertex 54.6 15.21 103.4
    endloop
  endfacet
  facet normal 1 -0 0
    outer loop
      vertex 77.4 -16 103.4
      vertex 77.4 -15.21 91.6
      vertex 77.4 -15.21 103.4
    endloop
  endfacet
  facet normal 1 0 0
    outer loop
      vertex 77.4 -15.21 91.6
      vertex 77.4 -16 103.4
      vertex 77.4 -16 91.6
    endloop
  endfacet
  facet normal -1 0 0
    outer loop
      vertex 78.6 -16 91.6
      vertex 78.6 -15.21 103.4
      vertex 78.6 -15.21 91.6
    endloop
  endfacet
  facet normal -1 -0 0
    outer loop
      vertex 78.6 -15.21 103.4
      vertex 78.6 -16 91.6
      vertex 78.6 -16 103.4
    endloop
  endfacet
  facet normal 1 -0 0
    outer loop
      vertex 77.4 15.21 103.4
      vertex 77.4 16 91.6
      vertex 77.4 16 103.4
    endloop
  endfacet
  facet normal 1 0 0
    outer loop
      vertex 77.4 16 91.6
      vertex 77.4 15.21 103.4
      vertex 77.4 15.21 91.6
    endloop
  endfacet
  facet normal -1 0 0
    outer loop
      vertex 78.6 15.21 91.6
      vertex 78.6 16 103.4
      vertex 78.6 16 91.6
    endloop
  endfacet
  facet normal -1 -0 0
    outer loop
      vertex 78.6 16 103.4
      vertex 78.6 15.21 91.6
      vertex 78.6 15.21 103.4
    endloop
  endfacet
  facet normal 1 -0 0
    outer loop
      vertex -78.6 -16 116.4
      vertex -78.6 -15.21 104.6
      vertex -78.6 -15.21 116.4
    endloop
  endfacet
  facet normal 1 0 0
    outer loop
      vertex -78.6 -15.21 104.6
      vertex -78.6 -16 116.4
      vertex -78.6 -16 104.6
    endloop
  endfacet
  facet normal -1 0 0
    outer loop
      vertex -77.4 -16 104.6
      vertex -77.4 -15.21 116.4
      vertex -77.4 -15.21 104.6
    endloop
  endfacet
  facet normal -1 -0 0
    outer loop
      vertex -77.4 -15.21 116.4
      vertex -77.4 -16 104.6
      vertex -77.4 -16 116.4
    endloop
  endfacet
  facet normal 1 -0 0
    outer loop
      vertex -78.6 15.21 116.4
      vertex -78.6 16 104.6
      vertex -78.6 16 116.4
    endloop
  endfacet
  facet normal 1 0 0
    outer loop
      vertex -78.6 16 104.6
      vertex -78.6 15.21 116.4
      vertex -78.6 15.21 104.6
    endloop
  endfacet
  facet normal -1 0 0
    outer loop
      vertex -77.4 15.21 104.6
      vertex -77.4 16 116.4
      vertex -77.4 16 104.6
    endloop
  endfacet
  facet normal -1 -0 0
    outer loop
      vertex -77.4 16 116.4
      vertex -77.4 15.21 104.6
      vertex -77.4 15.21 116.4
    endloop
  endfacet
  facet normal 1 -0 0
    outer loop
      vertex -54.6 -16 116.4
      vertex -54.6 -15.21 104.6
      vertex -54.6 -15.21 116.4
    endloop
  endfacet
  facet normal 1 0 0
    outer loop
      vertex -54.6 -15.21 104.6
      vertex -54.6 -16 116.4
      vertex -54.6 -16 104.6
    endloop
  endfacet
  facet normal -1 0 0
    outer loop
      vertex -53.4 -16 104.6
      vertex -53.4 -15.21 116.4
      vertex -53.4 -15.21 104.6
    endloop
  endfacet
  facet normal -1 -0 0
    outer loop
      vertex -53.4 -15.21 116.4
      vertex -53.4 -16 104.6
      vertex -53.4 -16 116.4
    endloop
  endfacet
  facet normal 1 -0 0
    outer loop
      vertex -54.6 15.21 116.4
      vertex -54.6 16 104.6
      vertex -54.6 16 116.4
    endloop
  endfacet
  facet normal 1 0 0
    outer loop
      vertex -54.6 16 104.6
      vertex -54.6 15.21 116.4
      vertex -54.6 15.21 104.6
    endloop
  endfacet
  facet normal -1 0 0
    outer loop
      vertex -53.4 15.21 104.6
      vertex -53.4 16 116.4
      vertex -53.4 16 104.6
    endloop
  endfacet
  facet normal -1 -0 0
    outer loop
      vertex -53.4 16 116.4
      vertex -53.4 15.21 104.6
      vertex -53.4 15.21 116.4
    endloop
  endfacet
  facet normal 1 -0 0
    outer loop
      vertex -30.6 -16 116.4
      vertex -30.6 -15.21 104.6
      vertex -30.6 -15.21 116.4
    endloop
  endfacet
  facet normal 1 0 0
    outer loop
      vertex -30.6 -15.21 104.6
      vertex -30.6 -16 116.4
      vertex -30.6 -16 104.6
    endloop
  endfacet
  facet normal -1 0 0
    outer loop
      vertex -29.4 -16 104.6
      vertex -29.4 -15.21 116.4
      vertex -29.4 -15.21 104.6
    endloop
  endfacet
  facet normal -1 -0 0
    outer loop
      vertex -29.4 -15.21 116.4
      vertex -29.4 -16 104.6
      vertex -29.4 -16 116.4
    endloop
  endfacet
  facet normal 1 -0 0
    outer loop
      vertex -30.6 15.21 116.4
      vertex -30.6 16 104.6
      vertex -30.6 16 116.4
    endloop
  endfacet
  facet normal 1 0 0
    outer loop
      vertex -30.6 16 104.6
      vertex -30.6 15.21 116.4
      vertex -30.6 15.21 104.6
    endloop
  endfacet
  facet normal -1 0 0
    outer loop
      vertex -29.4 15.21 104.6
      vertex -29.4 16 116.4
      vertex -29.4 16 104.6
    endloop
  endfacet
  facet normal -1 -0 0
    outer loop
      vertex -29.4 16 116.4
      vertex -29.4 15.21 104.6
      vertex -29.4 15.21 116.4
    endloop
  endfacet
  facet normal 1 -0 0
    outer loop
      vertex -6.6 -16 116.4
      vertex -6.6 -15.21 104.6
      vertex -6.6 -15.21 116.4
    endloop
  endfacet
  facet normal 1 0 0
    outer loop
      vertex -6.6 -15.21 104.6
      vertex -6.6 -16 116.4
      vertex -6.6 -16 104.6
    endloop
  endfacet
  facet normal -1 0 0
    outer loop
      vertex -5.4 -16 104.6
      vertex -5.4 -15.21 116.4
      vertex -5.4 -15.21 104.6
    endloop
  endfacet
  facet normal -1 -0 0
    outer loop
      vertex -5.4 -15.21 116.4
      vertex -5.4 -16 104.6
      vertex -5.4 -16 116.4
    endloop
  endfacet
  facet normal 1 -0 0
    outer loop
      vertex -6.6 15.21 116.4
      vertex -6.6 16 104.6
      vertex -6.6 16 116.4
    endloop
  endfacet
  facet normal 1 0 0
    outer loop
      vertex -6.6 16 104.6
      vertex -6.6 15.21 116.4
      vertex -6.6 15.21 104.6
    endloop
  endfacet
  facet normal -1 0 0
    outer loop
      vertex -5.4 15.21 104.6
      vertex -5.4 16 116.4
      vertex -5.4 16 104.6
    endloop
  endfacet
  facet normal -1 -0 0
    outer loop
      vertex -5.4 16 116.4
      vertex -5.4 15.21 104.6
      vertex -5.4 15.21 116.4
    endloop
  endfacet
  facet normal 1 -0 0
    outer loop
      vertex 17.4 -16 116.4
      vertex 17.4 -15.21 104.6
      vertex 17.4 -15.21 116.4
    endloop
  endfacet
  facet normal 1 0 0
    outer loop
      vertex 17.4 -15.21 104.6
      vertex 17.4 -16 116.4
      vertex 17.4 -16 104.6
    endloop
  endfacet
  facet normal -1 0 0
    outer loop
      vertex 18.6 -16 104.6
      vertex 18.6 -15.21 116.4
      vertex 18.6 -15.21 104.6
    endloop
  endfacet
  facet normal -1 -0 0
    outer loop
      vertex 18.6 -15.21 116.4
      vertex 18.6 -16 104.6
      vertex 18.6 -16 116.4
    endloop
  endfacet
  facet normal 1 -0 0
    outer loop
      vertex 17.4 15.21 116.4
      vertex 17.4 16 104.6
      vertex 17.4 16 116.4
    endloop
  endfacet
  facet normal 1 0 0
    outer loop
      vertex 17.4 16 104.6
      vertex 17.4 15.21 116.4
      vertex 17.4 15.21 104.6
    endloop
  endfacet
  facet normal -1 0 0
    outer loop
      vertex 18.6 15.21 104.6
      vertex 18.6 16 116.4
      vertex 18.6 16 104.6
    endloop
  endfacet
  facet normal -1 -0 0
    outer loop
      vertex 18.6 16 116.4
      vertex 18.6 15.21 104.6
      vertex 18.6 15.21 116.4
    endloop
  endfacet
  facet normal 1 -0 0
    outer loop
      vertex 41.4 -16 116.4
      vertex 41.4 -15.21 104.6
      vertex 41.4 -15.21 116.4
    endloop
  endfacet
  facet normal 1 0 0
    outer loop
      vertex 41.4 -15.21 104.6
      vertex 41.4 -16 116.4
      vertex 41.4 -16 104.6
    endloop
  endfacet
  facet normal -1 0 0
    outer loop
      vertex 42.6 -16 104.6
      vertex 42.6 -15.21 116.4
      vertex 42.6 -15.21 104.6
    endloop
  endfacet
  facet normal -1 -0 0
    outer loop
      vertex 42.6 -15.21 116.4
      vertex 42.6 -16 104.6
      vertex 42.6 -16 116.4
    endloop
  endfacet
  facet normal 1 -0 0
    outer loop
      vertex 41.4 15.21 116.4
      vertex 41.4 16 104.6
      vertex 41.4 16 116.4
    endloop
  endfacet
  facet normal 1 0 0
    outer loop
      vertex 41.4 16 104.6
      vertex 41.4 15.21 116.4
      vertex 41.4 15.21 104.6
    endloop
  endfacet
  facet normal -1 0 0
    outer loop
      vertex 42.6 15.21 104.6
      vertex 42.6 16 116.4
      vertex 42.6 16 104.6
    endloop
  endfacet
  facet normal -1 -0 0
    outer loop
      vertex 42.6 16 116.4
      vertex 42.6 15.21 104.6
      vertex 42.6 15.21 116.4
    endloop
  endfacet
  facet normal 1 -0 0
    outer loop
      vertex 65.4 -16 116.4
      vertex 65.4 -15.21 104.6
      vertex 65.4 -15.21 116.4
    endloop
  endfacet
  facet normal 1 0 0
    outer loop
      vertex 65.4 -15.21 104.6
      vertex 65.4 -16 116.4
      vertex 65.4 -16 104.6
    endloop
  endfacet
  facet normal -1 0 0
    outer loop
      vertex 66.6 -16 104.6
      vertex 66.6 -15.21 116.4
      vertex 66.6 -15.21 104.6
    endloop
  endfacet
  facet normal -1 -0 0
    outer loop
      vertex 66.6 -15.21 116.4
      vertex 66.6 -16 104.6
      vertex 66.6 -16 116.4
    endloop
  endfacet
  facet normal 1 -0 0
    outer loop
      vertex 65.4 15.21 116.4
      vertex 65.4 16 104.6
      vertex 65.4 16 116.4
    endloop
  endfacet
  facet normal 1 0 0
    outer loop
      vertex 65.4 16 104.6
      vertex 65.4 15.21 116.4
      vertex 65.4 15.21 104.6
    endloop
  endfacet
  facet normal -1 0 0
    outer loop
      vertex 66.6 15.21 104.6
      vertex 66.6 16 116.4
      vertex 66.6 16 104.6
    endloop
  endfacet
  facet normal -1 -0 0
    outer loop
      vertex 66.6 16 116.4
      vertex 66.6 15.21 104.6
      vertex 66.6 15.21 116.4
    endloop
  endfacet
  facet normal 1 -0 0
    outer loop
      vertex -47 -16 76
      vertex -47 16 68
      vertex -47 16 76
    endloop
  endfacet
  facet normal 1 0 0
    outer loop
      vertex -47 16 68
      vertex -47 -16 76
      vertex -47 -16 68
    endloop
  endfacet
  facet normal 1 -0 0
    outer loop
      vertex -47 -16 88
      vertex -47 16 80
      vertex -47 16 88
    endloop
  endfacet
  facet normal 1 0 0
    outer loop
      vertex -47 16 80
      vertex -47 -16 88
      vertex -47 -16 80
    endloop
  endfacet
  facet normal 0 0 -1
    outer loop
      vertex -47 -16 88
      vertex -43 16 88
      vertex -43 -16 88
    endloop
  endfacet
  facet normal -0 0 -1
    outer loop
      vertex -43 16 88
      vertex -47 -16 88
      vertex -47 16 88
    endloop
  endfacet
  facet normal -1 0 0
    outer loop
      vertex -43 -16 80
      vertex -43 16 88
      vertex -43 16 80
    endloop
  endfacet
  facet normal -1 -0 0
    outer loop
      vertex -43 16 88
      vertex -43 -16 80
      vertex -43 -16 88
    endloop
  endfacet
  facet normal -1 0 0
    outer loop
      vertex -43 -16 68
      vertex -43 16 76
      vertex -43 16 68
    endloop
  endfacet
  facet normal -1 -0 0
    outer loop
      vertex -43 16 76
      vertex -43 -16 68
      vertex -43 -16 76
    endloop
  endfacet
  facet normal -0 0 1
    outer loop
      vertex -47 16 68
      vertex -43 -16 68
      vertex -43 16 68
    endloop
  endfacet
  facet normal 0 0 1
    outer loop
      vertex -43 -16 68
      vertex -47 16 68
      vertex -47 -16 68
    endloop
  endfacet
  facet normal 1 0 0
    outer loop
      vertex -51 16 80
      vertex -51 15.21 78.6
      vertex -51 16 78.6
    endloop
  endfacet
  facet normal 1 0 0
    outer loop
      vertex -51 15.21 78.6
      vertex -51 -15.21 78.6
      vertex -51 15.21 77.4
    endloop
  endfacet
  facet normal 1 0 0
    outer loop
      vertex -51 16 80
      vertex -51 -15.21 78.6
      vertex -51 15.21 78.6
    endloop
  endfacet
  facet normal 1 -0 0
    outer loop
      vertex -51 -16 80
      vertex -51 -15.21 78.6
      vertex -51 16 80
    endloop
  endfacet
  facet normal 1 0 0
    outer loop
      vertex -51 -15.21 78.6
      vertex -51 -16 80
      vertex -51 -16 78.6
    endloop
  endfacet
  facet normal 1 -0 0
    outer loop
      vertex -51 15.21 77.4
      vertex -51 16 76
      vertex -51 16 77.4
    endloop
  endfacet
  facet normal 1 0 0
    outer loop
      vertex -51 -15.21 77.4
      vertex -51 15.21 77.4
      vertex -51 -15.21 78.6
    endloop
  endfacet
  facet normal 1 0 0
    outer loop
      vertex -51 15.21 77.4
      vertex -51 -15.21 77.4
      vertex -51 16 76
    endloop
  endfacet
  facet normal 1 0 0
    outer loop
      vertex -51 -16 76
      vertex -51 -15.21 77.4
      vertex -51 -16 77.4
    endloop
  endfacet
  facet normal 1 0 0
    outer loop
      vertex -51 -15.21 77.4
      vertex -51 -16 76
      vertex -51 16 76
    endloop
  endfacet
  facet normal 0 0 -1
    outer loop
      vertex -43 -16 80
      vertex -39 16 80
      vertex -39 -16 80
    endloop
  endfacet
  facet normal -0 0 -1
    outer loop
      vertex -39 16 80
      vertex -43 -16 80
      vertex -43 16 80
    endloop
  endfacet
  facet normal 0 0 -1
    outer loop
      vertex -51 -16 80
      vertex -47 16 80
      vertex -47 -16 80
    endloop
  endfacet
  facet normal -0 0 -1
    outer loop
      vertex -47 16 80
      vertex -51 -16 80
      vertex -51 16 80
    endloop
  endfacet
  facet normal -1 0 0
    outer loop
      vertex -39 16 76
      vertex -39 15.21 77.4
      vertex -39 16 77.4
    endloop
  endfacet
  facet normal -1 0 0
    outer loop
      vertex -39 15.21 77.4
      vertex -39 -15.21 77.4
      vertex -39 15.21 78.6
    endloop
  endfacet
  facet normal -1 0 0
    outer loop
      vertex -39 16 76
      vertex -39 -15.21 77.4
      vertex -39 15.21 77.4
    endloop
  endfacet
  facet normal -1 0 0
    outer loop
      vertex -39 -16 76
      vertex -39 -15.21 77.4
      vertex -39 16 76
    endloop
  endfacet
  facet normal -1 -0 0
    outer loop
      vertex -39 -15.21 77.4
      vertex -39 -16 76
      vertex -39 -16 77.4
    endloop
  endfacet
  facet normal -1 0 0
    outer loop
      vertex -39 15.21 78.6
      vertex -39 16 80
      vertex -39 16 78.6
    endloop
  endfacet
  facet normal -1 0 0
    outer loop
      vertex -39 -15.21 78.6
      vertex -39 15.21 78.6
      vertex -39 -15.21 77.4
    endloop
  endfacet
  facet normal -1 0 0
    outer loop
      vertex -39 15.21 78.6
      vertex -39 -15.21 78.6
      vertex -39 16 80
    endloop
  endfacet
  facet normal -1 0 0
    outer loop
      vertex -39 -16 80
      vertex -39 -15.21 78.6
      vertex -39 -16 78.6
    endloop
  endfacet
  facet normal -1 0 0
    outer loop
      vertex -39 -15.21 78.6
      vertex -39 -16 80
      vertex -39 16 80
    endloop
  endfacet
  facet normal -0 0 1
    outer loop
      vertex -51 16 76
      vertex -47 -16 76
      vertex -47 16 76
    endloop
  endfacet
  facet normal 0 0 1
    outer loop
      vertex -47 -16 76
      vertex -51 16 76
      vertex -51 -16 76
    endloop
  endfacet
  facet normal -0 0 1
    outer loop
      vertex -43 16 76
      vertex -42.6 15.21 76
      vertex -42.6 16 76
    endloop
  endfacet
  facet normal 0 0 1
    outer loop
      vertex -42.6 15.21 76
      vertex -43 16 76
      vertex -42.6 -15.21 76
    endloop
  endfacet
  facet normal 0 0 1
    outer loop
      vertex -43 -16 76
      vertex -42.6 -15.21 76
      vertex -43 16 76
    endloop
  endfacet
  facet normal 0 0 1
    outer loop
      vertex -42.6 -15.21 76
      vertex -43 -16 76
      vertex -42.6 -16 76
    endloop
  endfacet
  facet normal -0 0 1
    outer loop
      vertex -42.6 15.21 76
      vertex -41.4 -15.21 76
      vertex -41.4 15.21 76
    endloop
  endfacet
  facet normal 0 0 1
    outer loop
      vertex -41.4 -15.21 76
      vertex -42.6 15.21 76
      vertex -42.6 -15.21 76
    endloop
  endfacet
  facet normal 0 0 1
    outer loop
      vertex -41.4 15.21 76
      vertex -39 16 76
      vertex -41.4 16 76
    endloop
  endfacet
  facet normal 0 0 1
    outer loop
      vertex -39 16 76
      vertex -41.4 15.21 76
      vertex -39 -16 76
    endloop
  endfacet
  facet normal -0 0 1
    outer loop
      vertex -41.4 -15.21 76
      vertex -39 -16 76
      vertex -41.4 15.21 76
    endloop
  endfacet
  facet normal 0 0 1
    outer loop
      vertex -39 -16 76
      vertex -41.4 -15.21 76
      vertex -41.4 -16 76
    endloop
  endfacet
  facet normal 1 -0 0
    outer loop
      vertex 43 -16 76
      vertex 43 16 68
      vertex 43 16 76
    endloop
  endfacet
  facet normal 1 0 0
    outer loop
      vertex 43 16 68
      vertex 43 -16 76
      vertex 43 -16 68
    endloop
  endfacet
  facet normal 1 -0 0
    outer loop
      vertex 43 -16 88
      vertex 43 16 80
      vertex 43 16 88
    endloop
  endfacet
  facet normal 1 0 0
    outer loop
      vertex 43 16 80
      vertex 43 -16 88
      vertex 43 -16 80
    endloop
  endfacet
  facet normal 0 0 -1
    outer loop
      vertex 43 -16 88
      vertex 47 16 88
      vertex 47 -16 88
    endloop
  endfacet
  facet normal -0 0 -1
    outer loop
      vertex 47 16 88
      vertex 43 -16 88
      vertex 43 16 88
    endloop
  endfacet
  facet normal -1 0 0
    outer loop
      vertex 47 -16 80
      vertex 47 16 88
      vertex 47 16 80
    endloop
  endfacet
  facet normal -1 -0 0
    outer loop
      vertex 47 16 88
      vertex 47 -16 80
      vertex 47 -16 88
    endloop
  endfacet
  facet normal -1 0 0
    outer loop
      vertex 47 -16 68
      vertex 47 16 76
      vertex 47 16 68
    endloop
  endfacet
  facet normal -1 -0 0
    outer loop
      vertex 47 16 76
      vertex 47 -16 68
      vertex 47 -16 76
    endloop
  endfacet
  facet normal -0 0 1
    outer loop
      vertex 43 16 68
      vertex 47 -16 68
      vertex 47 16 68
    endloop
  endfacet
  facet normal 0 0 1
    outer loop
      vertex 47 -16 68
      vertex 43 16 68
      vertex 43 -16 68
    endloop
  endfacet
  facet normal 1 0 0
    outer loop
      vertex 39 16 80
      vertex 39 15.21 78.6
      vertex 39 16 78.6
    endloop
  endfacet
  facet normal 1 0 0
    outer loop
      vertex 39 15.21 78.6
      vertex 39 -15.21 78.6
      vertex 39 15.21 77.4
    endloop
  endfacet
  facet normal 1 0 0
    outer loop
      vertex 39 16 80
      vertex 39 -15.21 78.6
      vertex 39 15.21 78.6
    endloop
  endfacet
  facet normal 1 -0 0
    outer loop
      vertex 39 -16 80
      vertex 39 -15.21 78.6
      vertex 39 16 80
    endloop
  endfacet
  facet normal 1 0 0
    outer loop
      vertex 39 -15.21 78.6
      vertex 39 -16 80
      vertex 39 -16 78.6
    endloop
  endfacet
  facet normal 1 -0 0
    outer loop
      vertex 39 15.21 77.4
      vertex 39 16 76
      vertex 39 16 77.4
    endloop
  endfacet
  facet normal 1 0 0
    outer loop
      vertex 39 -15.21 77.4
      vertex 39 15.21 77.4
      vertex 39 -15.21 78.6
    endloop
  endfacet
  facet normal 1 0 0
    outer loop
      vertex 39 15.21 77.4
      vertex 39 -15.21 77.4
      vertex 39 16 76
    endloop
  endfacet
  facet normal 1 0 0
    outer loop
      vertex 39 -16 76
      vertex 39 -15.21 77.4
      vertex 39 -16 77.4
    endloop
  endfacet
  facet normal 1 0 0
    outer loop
      vertex 39 -15.21 77.4
      vertex 39 -16 76
      vertex 39 16 76
    endloop
  endfacet
  facet normal 0 0 -1
    outer loop
      vertex 47 -16 80
      vertex 51 16 80
      vertex 51 -16 80
    endloop
  endfacet
  facet normal -0 0 -1
    outer loop
      vertex 51 16 80
      vertex 47 -16 80
      vertex 47 16 80
    endloop
  endfacet
  facet normal 0 0 -1
    outer loop
      vertex 39 -16 80
      vertex 41.4 -15.21 80
      vertex 41.4 -16 80
    endloop
  endfacet
  facet normal -0 0 -1
    outer loop
      vertex 41.4 -15.21 80
      vertex 39 -16 80
      vertex 41.4 15.21 80
    endloop
  endfacet
  facet normal 0 0 -1
    outer loop
      vertex 39 16 80
      vertex 41.4 15.21 80
      vertex 39 -16 80
    endloop
  endfacet
  facet normal 0 0 -1
    outer loop
      vertex 41.4 15.21 80
      vertex 39 16 80
      vertex 41.4 16 80
    endloop
  endfacet
  facet normal 0 0 -1
    outer loop
      vertex 41.4 -15.21 80
      vertex 42.6 15.21 80
      vertex 42.6 -15.21 80
    endloop
  endfacet
  facet normal -0 0 -1
    outer loop
      vertex 42.6 15.21 80
      vertex 41.4 -15.21 80
      vertex 41.4 15.21 80
    endloop
  endfacet
  facet normal 0 0 -1
    outer loop
      vertex 42.6 -15.21 80
      vertex 43 -16 80
      vertex 42.6 -16 80
    endloop
  endfacet
  facet normal 0 0 -1
    outer loop
      vertex 43 -16 80
      vertex 42.6 -15.21 80
      vertex 43 16 80
    endloop
  endfacet
  facet normal 0 0 -1
    outer loop
      vertex 42.6 15.21 80
      vertex 43 16 80
      vertex 42.6 -15.21 80
    endloop
  endfacet
  facet normal -0 0 -1
    outer loop
      vertex 43 16 80
      vertex 42.6 15.21 80
      vertex 42.6 16 80
    endloop
  endfacet
  facet normal -1 0 0
    outer loop
      vertex 51 16 76
      vertex 51 15.21 77.4
      vertex 51 16 77.4
    endloop
  endfacet
  facet normal -1 0 0
    outer loop
      vertex 51 15.21 77.4
      vertex 51 -15.21 77.4
      vertex 51 15.21 78.6
    endloop
  endfacet
  facet normal -1 0 0
    outer loop
      vertex 51 16 76
      vertex 51 -15.21 77.4
      vertex 51 15.21 77.4
    endloop
  endfacet
  facet normal -1 0 0
    outer loop
      vertex 51 -16 76
      vertex 51 -15.21 77.4
      vertex 51 16 76
    endloop
  endfacet
  facet normal -1 -0 0
    outer loop
      vertex 51 -15.21 77.4
      vertex 51 -16 76
      vertex 51 -16 77.4
    endloop
  endfacet
  facet normal -1 0 0
    outer loop
      vertex 51 15.21 78.6
      vertex 51 16 80
      vertex 51 16 78.6
    endloop
  endfacet
  facet normal -1 0 0
    outer loop
      vertex 51 -15.21 78.6
      vertex 51 15.21 78.6
      vertex 51 -15.21 77.4
    endloop
  endfacet
  facet normal -1 0 0
    outer loop
      vertex 51 15.21 78.6
      vertex 51 -15.21 78.6
      vertex 51 16 80
    endloop
  endfacet
  facet normal -1 0 0
    outer loop
      vertex 51 -16 80
      vertex 51 -15.21 78.6
      vertex 51 -16 78.6
    endloop
  endfacet
  facet normal -1 0 0
    outer loop
      vertex 51 -15.21 78.6
      vertex 51 -16 80
      vertex 51 16 80
    endloop
  endfacet
  facet normal -0 0 1
    outer loop
      vertex 39 16 76
      vertex 43 -16 76
      vertex 43 16 76
    endloop
  endfacet
  facet normal 0 0 1
    outer loop
      vertex 43 -16 76
      vertex 39 16 76
      vertex 39 -16 76
    endloop
  endfacet
  facet normal -0 0 1
    outer loop
      vertex 47 16 76
      vertex 51 -16 76
      vertex 51 16 76
    endloop
  endfacet
  facet normal 0 0 1
    outer loop
      vertex 51 -16 76
      vertex 47 16 76
      vertex 47 -16 76
    endloop
  endfacet
endsolid OpenSCAD_Model
