solid OpenSCAD_Model
  facet normal -1 0 0
    outer loop
      vertex -29.9 -0.5 0
      vertex -29.9 0 15
      vertex -29.9 0 0
    endloop
  endfacet
  facet normal -1 -0 0
    outer loop
      vertex -29.9 0 15
      vertex -29.9 -0.5 0
      vertex -29.9 -0.5 15
    endloop
  endfacet
  facet normal -1 0 0
    outer loop
      vertex -29.9 -0.5 72
      vertex -29.9 0 75
      vertex -29.9 0 72
    endloop
  endfacet
  facet normal -1 -0 0
    outer loop
      vertex -29.9 0 75
      vertex -29.9 -0.5 72
      vertex -29.9 -0.5 75
    endloop
  endfacet
  facet normal -1 0 0
    outer loop
      vertex -29.9 3.2 72
      vertex -29.9 3.7 75
      vertex -29.9 3.7 72
    endloop
  endfacet
  facet normal -1 -0 0
    outer loop
      vertex -29.9 3.7 75
      vertex -29.9 3.2 72
      vertex -29.9 3.2 75
    endloop
  endfacet
  facet normal -1 0 0
    outer loop
      vertex -29.9 3.2 0
      vertex -29.9 3.7 15
      vertex -29.9 3.7 0
    endloop
  endfacet
  facet normal -1 -0 0
    outer loop
      vertex -29.9 3.7 15
      vertex -29.9 3.2 0
      vertex -29.9 3.2 15
    endloop
  endfacet
  facet normal -1 0 0
    outer loop
      vertex -29.9 -0.5 18
      vertex -29.9 0 43
      vertex -29.9 0 18
    endloop
  endfacet
  facet normal -1 -0 0
    outer loop
      vertex -29.9 0 43
      vertex -29.9 -0.5 18
      vertex -29.9 -0.5 43
    endloop
  endfacet
  facet normal -1 0 0
    outer loop
      vertex -29.9 3.2 18
      vertex -29.9 3.7 43
      vertex -29.9 3.7 18
    endloop
  endfacet
  facet normal -1 -0 0
    outer loop
      vertex -29.9 3.7 43
      vertex -29.9 3.2 18
      vertex -29.9 3.2 43
    endloop
  endfacet
  facet normal -1 0 0
    outer loop
      vertex -29.9 -0.5 46
      vertex -29.9 0 69
      vertex -29.9 0 46
    endloop
  endfacet
  facet normal -1 -0 0
    outer loop
      vertex -29.9 0 69
      vertex -29.9 -0.5 46
      vertex -29.9 -0.5 69
    endloop
  endfacet
  facet normal -1 0 0
    outer loop
      vertex -29.9 3.2 46
      vertex -29.9 3.7 69
      vertex -29.9 3.7 46
    endloop
  endfacet
  facet normal -1 -0 0
    outer loop
      vertex -29.9 3.7 69
      vertex -29.9 3.2 46
      vertex -29.9 3.2 69
    endloop
  endfacet
  facet normal -0 0 1
    outer loop
      vertex -34.4 3.2 75
      vertex -29.9 0 75
      vertex -29.9 3.2 75
    endloop
  endfacet
  facet normal 0 0 1
    outer loop
      vertex -29.9 0 75
      vertex -34.4 3.2 75
      vertex -34.4 0 75
    endloop
  endfacet
  facet normal 0 0 1
    outer loop
      vertex -29.9 3.2 75
      vertex -28.9 3.2 75
      vertex -28.9 3.7 75
    endloop
  endfacet
  facet normal 0 0 1
    outer loop
      vertex -28.9 3.2 75
      vertex -29.9 3.2 75
      vertex -28.9 0 75
    endloop
  endfacet
  facet normal 0 0 1
    outer loop
      vertex -29.9 3.2 75
      vertex -28.9 3.7 75
      vertex -29.9 3.7 75
    endloop
  endfacet
  facet normal 0 0 1
    outer loop
      vertex -29.9 0 75
      vertex -28.9 0 75
      vertex -29.9 3.2 75
    endloop
  endfacet
  facet normal 0 0 1
    outer loop
      vertex -28.9 0 75
      vertex -29.9 0 75
      vertex -28.9 -0.5 75
    endloop
  endfacet
  facet normal 0 0 1
    outer loop
      vertex -28.9 -0.5 75
      vertex -29.9 0 75
      vertex -29.9 -0.5 75
    endloop
  endfacet
  facet normal -0 0 1
    outer loop
      vertex -28.9 3.2 75
      vertex -22.9 0 75
      vertex -22.9 3.2 75
    endloop
  endfacet
  facet normal 0 0 1
    outer loop
      vertex -22.9 0 75
      vertex -28.9 3.2 75
      vertex -28.9 0 75
    endloop
  endfacet
  facet normal 0 0 1
    outer loop
      vertex -22.9 3.2 75
      vertex -21.9 3.2 75
      vertex -21.9 3.7 75
    endloop
  endfacet
  facet normal 0 0 1
    outer loop
      vertex -21.9 3.2 75
      vertex -22.9 3.2 75
      vertex -21.9 0 75
    endloop
  endfacet
  facet normal 0 0 1
    outer loop
      vertex -22.9 3.2 75
      vertex -21.9 3.7 75
      vertex -22.9 3.7 75
    endloop
  endfacet
  facet normal 0 0 1
    outer loop
      vertex -22.9 0 75
      vertex -21.9 0 75
      vertex -22.9 3.2 75
    endloop
  endfacet
  facet normal 0 0 1
    outer loop
      vertex -21.9 0 75
      vertex -22.9 0 75
      vertex -21.9 -0.5 75
    endloop
  endfacet
  facet normal 0 0 1
    outer loop
      vertex -21.9 -0.5 75
      vertex -22.9 0 75
      vertex -22.9 -0.5 75
    endloop
  endfacet
  facet normal -0 0 1
    outer loop
      vertex -21.9 3.2 75
      vertex -15.9 0 75
      vertex -15.9 3.2 75
    endloop
  endfacet
  facet normal 0 0 1
    outer loop
      vertex -15.9 0 75
      vertex -21.9 3.2 75
      vertex -21.9 0 75
    endloop
  endfacet
  facet normal 0 0 1
    outer loop
      vertex -15.9 3.2 75
      vertex -14.9 3.2 75
      vertex -14.9 3.7 75
    endloop
  endfacet
  facet normal 0 0 1
    outer loop
      vertex -14.9 3.2 75
      vertex -15.9 3.2 75
      vertex -14.9 0 75
    endloop
  endfacet
  facet normal 0 0 1
    outer loop
      vertex -15.9 3.2 75
      vertex -14.9 3.7 75
      vertex -15.9 3.7 75
    endloop
  endfacet
  facet normal 0 0 1
    outer loop
      vertex -15.9 0 75
      vertex -14.9 0 75
      vertex -15.9 3.2 75
    endloop
  endfacet
  facet normal 0 0 1
    outer loop
      vertex -14.9 0 75
      vertex -15.9 0 75
      vertex -14.9 -0.5 75
    endloop
  endfacet
  facet normal 0 0 1
    outer loop
      vertex -14.9 -0.5 75
      vertex -15.9 0 75
      vertex -15.9 -0.5 75
    endloop
  endfacet
  facet normal -0 0 1
    outer loop
      vertex -14.9 3.2 75
      vertex -8.9 0 75
      vertex -8.9 3.2 75
    endloop
  endfacet
  facet normal 0 0 1
    outer loop
      vertex -8.9 0 75
      vertex -14.9 3.2 75
      vertex -14.9 0 75
    endloop
  endfacet
  facet normal 0 0 1
    outer loop
      vertex -8.9 3.2 75
      vertex -7.9 3.2 75
      vertex -7.9 3.7 75
    endloop
  endfacet
  facet normal 0 0 1
    outer loop
      vertex -7.9 3.2 75
      vertex -8.9 3.2 75
      vertex -7.9 0 75
    endloop
  endfacet
  facet normal 0 0 1
    outer loop
      vertex -8.9 3.2 75
      vertex -7.9 3.7 75
      vertex -8.9 3.7 75
    endloop
  endfacet
  facet normal 0 0 1
    outer loop
      vertex -8.9 0 75
      vertex -7.9 0 75
      vertex -8.9 3.2 75
    endloop
  endfacet
  facet normal 0 0 1
    outer loop
      vertex -7.9 0 75
      vertex -8.9 0 75
      vertex -7.9 -0.5 75
    endloop
  endfacet
  facet normal 0 0 1
    outer loop
      vertex -7.9 -0.5 75
      vertex -8.9 0 75
      vertex -8.9 -0.5 75
    endloop
  endfacet
  facet normal -0 0 1
    outer loop
      vertex -7.9 3.2 75
      vertex -0.600001 0 75
      vertex -0.600001 3.2 75
    endloop
  endfacet
  facet normal 0 0 1
    outer loop
      vertex -0.600001 0 75
      vertex -7.9 3.2 75
      vertex -7.9 0 75
    endloop
  endfacet
  facet normal 1 -0 0
    outer loop
      vertex -28.9 -0.5 75
      vertex -28.9 0 72
      vertex -28.9 0 75
    endloop
  endfacet
  facet normal 1 0 0
    outer loop
      vertex -28.9 0 72
      vertex -28.9 -0.5 75
      vertex -28.9 -0.5 72
    endloop
  endfacet
  facet normal 1 -0 0
    outer loop
      vertex -28.9 3.2 15
      vertex -28.9 3.7 0
      vertex -28.9 3.7 15
    endloop
  endfacet
  facet normal 1 0 0
    outer loop
      vertex -28.9 3.7 0
      vertex -28.9 3.2 15
      vertex -28.9 3.2 0
    endloop
  endfacet
  facet normal 1 -0 0
    outer loop
      vertex -28.9 3.2 75
      vertex -28.9 3.7 72
      vertex -28.9 3.7 75
    endloop
  endfacet
  facet normal 1 0 0
    outer loop
      vertex -28.9 3.7 72
      vertex -28.9 3.2 75
      vertex -28.9 3.2 72
    endloop
  endfacet
  facet normal 1 -0 0
    outer loop
      vertex -28.9 -0.5 15
      vertex -28.9 0 0
      vertex -28.9 0 15
    endloop
  endfacet
  facet normal 1 0 0
    outer loop
      vertex -28.9 0 0
      vertex -28.9 -0.5 15
      vertex -28.9 -0.5 0
    endloop
  endfacet
  facet normal 1 -0 0
    outer loop
      vertex -28.9 3.2 43
      vertex -28.9 3.7 18
      vertex -28.9 3.7 43
    endloop
  endfacet
  facet normal 1 0 0
    outer loop
      vertex -28.9 3.7 18
      vertex -28.9 3.2 43
      vertex -28.9 3.2 18
    endloop
  endfacet
  facet normal 1 -0 0
    outer loop
      vertex -28.9 -0.5 43
      vertex -28.9 0 18
      vertex -28.9 0 43
    endloop
  endfacet
  facet normal 1 0 0
    outer loop
      vertex -28.9 0 18
      vertex -28.9 -0.5 43
      vertex -28.9 -0.5 18
    endloop
  endfacet
  facet normal 1 -0 0
    outer loop
      vertex -28.9 3.2 69
      vertex -28.9 3.7 46
      vertex -28.9 3.7 69
    endloop
  endfacet
  facet normal 1 0 0
    outer loop
      vertex -28.9 3.7 46
      vertex -28.9 3.2 69
      vertex -28.9 3.2 46
    endloop
  endfacet
  facet normal 1 -0 0
    outer loop
      vertex -28.9 -0.5 69
      vertex -28.9 0 46
      vertex -28.9 0 69
    endloop
  endfacet
  facet normal 1 0 0
    outer loop
      vertex -28.9 0 46
      vertex -28.9 -0.5 69
      vertex -28.9 -0.5 46
    endloop
  endfacet
  facet normal 0 1 -0
    outer loop
      vertex -28.9 3.7 0
      vertex -29.9 3.7 15
      vertex -28.9 3.7 15
    endloop
  endfacet
  facet normal 0 1 0
    outer loop
      vertex -29.9 3.7 15
      vertex -28.9 3.7 0
      vertex -29.9 3.7 0
    endloop
  endfacet
  facet normal 0 1 -0
    outer loop
      vertex -28.9 3.7 72
      vertex -29.9 3.7 75
      vertex -28.9 3.7 75
    endloop
  endfacet
  facet normal 0 1 0
    outer loop
      vertex -29.9 3.7 75
      vertex -28.9 3.7 72
      vertex -29.9 3.7 72
    endloop
  endfacet
  facet normal 0 1 -0
    outer loop
      vertex -28.9 3.7 18
      vertex -29.9 3.7 43
      vertex -28.9 3.7 43
    endloop
  endfacet
  facet normal 0 1 0
    outer loop
      vertex -29.9 3.7 43
      vertex -28.9 3.7 18
      vertex -29.9 3.7 18
    endloop
  endfacet
  facet normal 0 1 -0
    outer loop
      vertex -28.9 3.7 46
      vertex -29.9 3.7 69
      vertex -28.9 3.7 69
    endloop
  endfacet
  facet normal 0 1 0
    outer loop
      vertex -29.9 3.7 69
      vertex -28.9 3.7 46
      vertex -29.9 3.7 46
    endloop
  endfacet
  facet normal 0 0 -1
    outer loop
      vertex -34.4 0 0
      vertex -29.9 3.2 0
      vertex -29.9 0 0
    endloop
  endfacet
  facet normal -0 0 -1
    outer loop
      vertex -29.9 3.2 0
      vertex -34.4 0 0
      vertex -34.4 3.2 0
    endloop
  endfacet
  facet normal 0 0 -1
    outer loop
      vertex -29.9 0 0
      vertex -28.9 0 0
      vertex -28.9 -0.5 0
    endloop
  endfacet
  facet normal 0 0 -1
    outer loop
      vertex -28.9 0 0
      vertex -29.9 0 0
      vertex -28.9 3.2 0
    endloop
  endfacet
  facet normal 0 0 -1
    outer loop
      vertex -29.9 0 0
      vertex -28.9 -0.5 0
      vertex -29.9 -0.5 0
    endloop
  endfacet
  facet normal 0 0 -1
    outer loop
      vertex -29.9 3.2 0
      vertex -28.9 3.2 0
      vertex -29.9 0 0
    endloop
  endfacet
  facet normal 0 0 -1
    outer loop
      vertex -28.9 3.2 0
      vertex -29.9 3.2 0
      vertex -28.9 3.7 0
    endloop
  endfacet
  facet normal -0 0 -1
    outer loop
      vertex -28.9 3.7 0
      vertex -29.9 3.2 0
      vertex -29.9 3.7 0
    endloop
  endfacet
  facet normal 0 0 -1
    outer loop
      vertex -28.9 0 0
      vertex -22.9 3.2 0
      vertex -22.9 0 0
    endloop
  endfacet
  facet normal -0 0 -1
    outer loop
      vertex -22.9 3.2 0
      vertex -28.9 0 0
      vertex -28.9 3.2 0
    endloop
  endfacet
  facet normal 0 0 -1
    outer loop
      vertex -22.9 0 0
      vertex -21.9 0 0
      vertex -21.9 -0.5 0
    endloop
  endfacet
  facet normal 0 0 -1
    outer loop
      vertex -21.9 0 0
      vertex -22.9 0 0
      vertex -21.9 3.2 0
    endloop
  endfacet
  facet normal 0 0 -1
    outer loop
      vertex -22.9 0 0
      vertex -21.9 -0.5 0
      vertex -22.9 -0.5 0
    endloop
  endfacet
  facet normal 0 0 -1
    outer loop
      vertex -22.9 3.2 0
      vertex -21.9 3.2 0
      vertex -22.9 0 0
    endloop
  endfacet
  facet normal 0 0 -1
    outer loop
      vertex -21.9 3.2 0
      vertex -22.9 3.2 0
      vertex -21.9 3.7 0
    endloop
  endfacet
  facet normal -0 0 -1
    outer loop
      vertex -21.9 3.7 0
      vertex -22.9 3.2 0
      vertex -22.9 3.7 0
    endloop
  endfacet
  facet normal 0 0 -1
    outer loop
      vertex -21.9 0 0
      vertex -15.9 3.2 0
      vertex -15.9 0 0
    endloop
  endfacet
  facet normal -0 0 -1
    outer loop
      vertex -15.9 3.2 0
      vertex -21.9 0 0
      vertex -21.9 3.2 0
    endloop
  endfacet
  facet normal 0 0 -1
    outer loop
      vertex -15.9 0 0
      vertex -14.9 0 0
      vertex -14.9 -0.5 0
    endloop
  endfacet
  facet normal 0 0 -1
    outer loop
      vertex -14.9 0 0
      vertex -15.9 0 0
      vertex -14.9 3.2 0
    endloop
  endfacet
  facet normal 0 0 -1
    outer loop
      vertex -15.9 0 0
      vertex -14.9 -0.5 0
      vertex -15.9 -0.5 0
    endloop
  endfacet
  facet normal 0 0 -1
    outer loop
      vertex -15.9 3.2 0
      vertex -14.9 3.2 0
      vertex -15.9 0 0
    endloop
  endfacet
  facet normal 0 0 -1
    outer loop
      vertex -14.9 3.2 0
      vertex -15.9 3.2 0
      vertex -14.9 3.7 0
    endloop
  endfacet
  facet normal -0 0 -1
    outer loop
      vertex -14.9 3.7 0
      vertex -15.9 3.2 0
      vertex -15.9 3.7 0
    endloop
  endfacet
  facet normal 0 0 -1
    outer loop
      vertex -14.9 0 0
      vertex -8.9 3.2 0
      vertex -8.9 0 0
    endloop
  endfacet
  facet normal -0 0 -1
    outer loop
      vertex -8.9 3.2 0
      vertex -14.9 0 0
      vertex -14.9 3.2 0
    endloop
  endfacet
  facet normal 0 0 -1
    outer loop
      vertex -8.9 0 0
      vertex -7.9 0 0
      vertex -7.9 -0.5 0
    endloop
  endfacet
  facet normal 0 0 -1
    outer loop
      vertex -7.9 0 0
      vertex -8.9 0 0
      vertex -7.9 3.2 0
    endloop
  endfacet
  facet normal 0 0 -1
    outer loop
      vertex -8.9 0 0
      vertex -7.9 -0.5 0
      vertex -8.9 -0.5 0
    endloop
  endfacet
  facet normal 0 0 -1
    outer loop
      vertex -8.9 3.2 0
      vertex -7.9 3.2 0
      vertex -8.9 0 0
    endloop
  endfacet
  facet normal 0 0 -1
    outer loop
      vertex -7.9 3.2 0
      vertex -8.9 3.2 0
      vertex -7.9 3.7 0
    endloop
  endfacet
  facet normal -0 0 -1
    outer loop
      vertex -7.9 3.7 0
      vertex -8.9 3.2 0
      vertex -8.9 3.7 0
    endloop
  endfacet
  facet normal 0 0 -1
    outer loop
      vertex -7.9 0 0
      vertex -0.600001 3.2 0
      vertex -0.600001 0 0
    endloop
  endfacet
  facet normal -0 0 -1
    outer loop
      vertex -0.600001 3.2 0
      vertex -7.9 0 0
      vertex -7.9 3.2 0
    endloop
  endfacet
  facet normal 0 -1 0
    outer loop
      vertex -29.9 -0.5 72
      vertex -28.9 -0.5 75
      vertex -29.9 -0.5 75
    endloop
  endfacet
  facet normal 0 -1 -0
    outer loop
      vertex -28.9 -0.5 75
      vertex -29.9 -0.5 72
      vertex -28.9 -0.5 72
    endloop
  endfacet
  facet normal 0 -1 0
    outer loop
      vertex -29.9 -0.5 0
      vertex -28.9 -0.5 15
      vertex -29.9 -0.5 15
    endloop
  endfacet
  facet normal 0 -1 -0
    outer loop
      vertex -28.9 -0.5 15
      vertex -29.9 -0.5 0
      vertex -28.9 -0.5 0
    endloop
  endfacet
  facet normal 0 -1 0
    outer loop
      vertex -29.9 -0.5 18
      vertex -28.9 -0.5 43
      vertex -29.9 -0.5 43
    endloop
  endfacet
  facet normal 0 -1 -0
    outer loop
      vertex -28.9 -0.5 43
      vertex -29.9 -0.5 18
      vertex -28.9 -0.5 18
    endloop
  endfacet
  facet normal 0 -1 0
    outer loop
      vertex -29.9 -0.5 46
      vertex -28.9 -0.5 69
      vertex -29.9 -0.5 69
    endloop
  endfacet
  facet normal 0 -1 -0
    outer loop
      vertex -28.9 -0.5 69
      vertex -29.9 -0.5 46
      vertex -28.9 -0.5 46
    endloop
  endfacet
  facet normal -1 0 0
    outer loop
      vertex -22.9 -0.5 0
      vertex -22.9 0 15
      vertex -22.9 0 0
    endloop
  endfacet
  facet normal -1 -0 0
    outer loop
      vertex -22.9 0 15
      vertex -22.9 -0.5 0
      vertex -22.9 -0.5 15
    endloop
  endfacet
  facet normal -1 0 0
    outer loop
      vertex -22.9 -0.5 72
      vertex -22.9 0 75
      vertex -22.9 0 72
    endloop
  endfacet
  facet normal -1 -0 0
    outer loop
      vertex -22.9 0 75
      vertex -22.9 -0.5 72
      vertex -22.9 -0.5 75
    endloop
  endfacet
  facet normal -1 0 0
    outer loop
      vertex -22.9 3.2 72
      vertex -22.9 3.7 75
      vertex -22.9 3.7 72
    endloop
  endfacet
  facet normal -1 -0 0
    outer loop
      vertex -22.9 3.7 75
      vertex -22.9 3.2 72
      vertex -22.9 3.2 75
    endloop
  endfacet
  facet normal -1 0 0
    outer loop
      vertex -22.9 3.2 0
      vertex -22.9 3.7 15
      vertex -22.9 3.7 0
    endloop
  endfacet
  facet normal -1 -0 0
    outer loop
      vertex -22.9 3.7 15
      vertex -22.9 3.2 0
      vertex -22.9 3.2 15
    endloop
  endfacet
  facet normal -1 0 0
    outer loop
      vertex -22.9 -0.5 18
      vertex -22.9 0 43
      vertex -22.9 0 18
    endloop
  endfacet
  facet normal -1 -0 0
    outer loop
      vertex -22.9 0 43
      vertex -22.9 -0.5 18
      vertex -22.9 -0.5 43
    endloop
  endfacet
  facet normal -1 0 0
    outer loop
      vertex -22.9 3.2 18
      vertex -22.9 3.7 43
      vertex -22.9 3.7 18
    endloop
  endfacet
  facet normal -1 -0 0
    outer loop
      vertex -22.9 3.7 43
      vertex -22.9 3.2 18
      vertex -22.9 3.2 43
    endloop
  endfacet
  facet normal -1 0 0
    outer loop
      vertex -22.9 -0.5 46
      vertex -22.9 0 69
      vertex -22.9 0 46
    endloop
  endfacet
  facet normal -1 -0 0
    outer loop
      vertex -22.9 0 69
      vertex -22.9 -0.5 46
      vertex -22.9 -0.5 69
    endloop
  endfacet
  facet normal -1 0 0
    outer loop
      vertex -22.9 3.2 46
      vertex -22.9 3.7 69
      vertex -22.9 3.7 46
    endloop
  endfacet
  facet normal -1 -0 0
    outer loop
      vertex -22.9 3.7 69
      vertex -22.9 3.2 46
      vertex -22.9 3.2 69
    endloop
  endfacet
  facet normal 1 -0 0
    outer loop
      vertex -21.9 -0.5 75
      vertex -21.9 0 72
      vertex -21.9 0 75
    endloop
  endfacet
  facet normal 1 0 0
    outer loop
      vertex -21.9 0 72
      vertex -21.9 -0.5 75
      vertex -21.9 -0.5 72
    endloop
  endfacet
  facet normal 1 -0 0
    outer loop
      vertex -21.9 3.2 15
      vertex -21.9 3.7 0
      vertex -21.9 3.7 15
    endloop
  endfacet
  facet normal 1 0 0
    outer loop
      vertex -21.9 3.7 0
      vertex -21.9 3.2 15
      vertex -21.9 3.2 0
    endloop
  endfacet
  facet normal 1 -0 0
    outer loop
      vertex -21.9 3.2 75
      vertex -21.9 3.7 72
      vertex -21.9 3.7 75
    endloop
  endfacet
  facet normal 1 0 0
    outer loop
      vertex -21.9 3.7 72
      vertex -21.9 3.2 75
      vertex -21.9 3.2 72
    endloop
  endfacet
  facet normal 1 -0 0
    outer loop
      vertex -21.9 -0.5 15
      vertex -21.9 0 0
      vertex -21.9 0 15
    endloop
  endfacet
  facet normal 1 0 0
    outer loop
      vertex -21.9 0 0
      vertex -21.9 -0.5 15
      vertex -21.9 -0.5 0
    endloop
  endfacet
  facet normal 1 -0 0
    outer loop
      vertex -21.9 -0.5 43
      vertex -21.9 0 18
      vertex -21.9 0 43
    endloop
  endfacet
  facet normal 1 0 0
    outer loop
      vertex -21.9 0 18
      vertex -21.9 -0.5 43
      vertex -21.9 -0.5 18
    endloop
  endfacet
  facet normal 1 -0 0
    outer loop
      vertex -21.9 3.2 43
      vertex -21.9 3.7 18
      vertex -21.9 3.7 43
    endloop
  endfacet
  facet normal 1 0 0
    outer loop
      vertex -21.9 3.7 18
      vertex -21.9 3.2 43
      vertex -21.9 3.2 18
    endloop
  endfacet
  facet normal 1 -0 0
    outer loop
      vertex -21.9 -0.5 69
      vertex -21.9 0 46
      vertex -21.9 0 69
    endloop
  endfacet
  facet normal 1 0 0
    outer loop
      vertex -21.9 0 46
      vertex -21.9 -0.5 69
      vertex -21.9 -0.5 46
    endloop
  endfacet
  facet normal 1 -0 0
    outer loop
      vertex -21.9 3.2 69
      vertex -21.9 3.7 46
      vertex -21.9 3.7 69
    endloop
  endfacet
  facet normal 1 0 0
    outer loop
      vertex -21.9 3.7 46
      vertex -21.9 3.2 69
      vertex -21.9 3.2 46
    endloop
  endfacet
  facet normal 0 1 -0
    outer loop
      vertex -21.9 3.7 0
      vertex -22.9 3.7 15
      vertex -21.9 3.7 15
    endloop
  endfacet
  facet normal 0 1 0
    outer loop
      vertex -22.9 3.7 15
      vertex -21.9 3.7 0
      vertex -22.9 3.7 0
    endloop
  endfacet
  facet normal 0 1 -0
    outer loop
      vertex -21.9 3.7 72
      vertex -22.9 3.7 75
      vertex -21.9 3.7 75
    endloop
  endfacet
  facet normal 0 1 0
    outer loop
      vertex -22.9 3.7 75
      vertex -21.9 3.7 72
      vertex -22.9 3.7 72
    endloop
  endfacet
  facet normal 0 1 -0
    outer loop
      vertex -21.9 3.7 18
      vertex -22.9 3.7 43
      vertex -21.9 3.7 43
    endloop
  endfacet
  facet normal 0 1 0
    outer loop
      vertex -22.9 3.7 43
      vertex -21.9 3.7 18
      vertex -22.9 3.7 18
    endloop
  endfacet
  facet normal 0 1 -0
    outer loop
      vertex -21.9 3.7 46
      vertex -22.9 3.7 69
      vertex -21.9 3.7 69
    endloop
  endfacet
  facet normal 0 1 0
    outer loop
      vertex -22.9 3.7 69
      vertex -21.9 3.7 46
      vertex -22.9 3.7 46
    endloop
  endfacet
  facet normal 0 -1 0
    outer loop
      vertex -22.9 -0.5 72
      vertex -21.9 -0.5 75
      vertex -22.9 -0.5 75
    endloop
  endfacet
  facet normal 0 -1 -0
    outer loop
      vertex -21.9 -0.5 75
      vertex -22.9 -0.5 72
      vertex -21.9 -0.5 72
    endloop
  endfacet
  facet normal 0 -1 0
    outer loop
      vertex -22.9 -0.5 0
      vertex -21.9 -0.5 15
      vertex -22.9 -0.5 15
    endloop
  endfacet
  facet normal 0 -1 -0
    outer loop
      vertex -21.9 -0.5 15
      vertex -22.9 -0.5 0
      vertex -21.9 -0.5 0
    endloop
  endfacet
  facet normal 0 -1 0
    outer loop
      vertex -22.9 -0.5 18
      vertex -21.9 -0.5 43
      vertex -22.9 -0.5 43
    endloop
  endfacet
  facet normal 0 -1 -0
    outer loop
      vertex -21.9 -0.5 43
      vertex -22.9 -0.5 18
      vertex -21.9 -0.5 18
    endloop
  endfacet
  facet normal 0 -1 0
    outer loop
      vertex -22.9 -0.5 46
      vertex -21.9 -0.5 69
      vertex -22.9 -0.5 69
    endloop
  endfacet
  facet normal 0 -1 -0
    outer loop
      vertex -21.9 -0.5 69
      vertex -22.9 -0.5 46
      vertex -21.9 -0.5 46
    endloop
  endfacet
  facet normal -1 0 0
    outer loop
      vertex -15.9 -0.5 0
      vertex -15.9 0 15
      vertex -15.9 0 0
    endloop
  endfacet
  facet normal -1 -0 0
    outer loop
      vertex -15.9 0 15
      vertex -15.9 -0.5 0
      vertex -15.9 -0.5 15
    endloop
  endfacet
  facet normal -1 0 0
    outer loop
      vertex -15.9 -0.5 72
      vertex -15.9 0 75
      vertex -15.9 0 72
    endloop
  endfacet
  facet normal -1 -0 0
    outer loop
      vertex -15.9 0 75
      vertex -15.9 -0.5 72
      vertex -15.9 -0.5 75
    endloop
  endfacet
  facet normal -1 0 0
    outer loop
      vertex -15.9 3.2 72
      vertex -15.9 3.7 75
      vertex -15.9 3.7 72
    endloop
  endfacet
  facet normal -1 -0 0
    outer loop
      vertex -15.9 3.7 75
      vertex -15.9 3.2 72
      vertex -15.9 3.2 75
    endloop
  endfacet
  facet normal -1 0 0
    outer loop
      vertex -15.9 3.2 0
      vertex -15.9 3.7 15
      vertex -15.9 3.7 0
    endloop
  endfacet
  facet normal -1 -0 0
    outer loop
      vertex -15.9 3.7 15
      vertex -15.9 3.2 0
      vertex -15.9 3.2 15
    endloop
  endfacet
  facet normal -1 0 0
    outer loop
      vertex -15.9 -0.5 18
      vertex -15.9 0 43
      vertex -15.9 0 18
    endloop
  endfacet
  facet normal -1 -0 0
    outer loop
      vertex -15.9 0 43
      vertex -15.9 -0.5 18
      vertex -15.9 -0.5 43
    endloop
  endfacet
  facet normal -1 0 0
    outer loop
      vertex -15.9 3.2 18
      vertex -15.9 3.7 43
      vertex -15.9 3.7 18
    endloop
  endfacet
  facet normal -1 -0 0
    outer loop
      vertex -15.9 3.7 43
      vertex -15.9 3.2 18
      vertex -15.9 3.2 43
    endloop
  endfacet
  facet normal -1 0 0
    outer loop
      vertex -15.9 -0.5 46
      vertex -15.9 0 69
      vertex -15.9 0 46
    endloop
  endfacet
  facet normal -1 -0 0
    outer loop
      vertex -15.9 0 69
      vertex -15.9 -0.5 46
      vertex -15.9 -0.5 69
    endloop
  endfacet
  facet normal -1 0 0
    outer loop
      vertex -15.9 3.2 46
      vertex -15.9 3.7 69
      vertex -15.9 3.7 46
    endloop
  endfacet
  facet normal -1 -0 0
    outer loop
      vertex -15.9 3.7 69
      vertex -15.9 3.2 46
      vertex -15.9 3.2 69
    endloop
  endfacet
  facet normal 1 -0 0
    outer loop
      vertex -14.9 -0.5 75
      vertex -14.9 0 72
      vertex -14.9 0 75
    endloop
  endfacet
  facet normal 1 0 0
    outer loop
      vertex -14.9 0 72
      vertex -14.9 -0.5 75
      vertex -14.9 -0.5 72
    endloop
  endfacet
  facet normal 1 -0 0
    outer loop
      vertex -14.9 3.2 15
      vertex -14.9 3.7 0
      vertex -14.9 3.7 15
    endloop
  endfacet
  facet normal 1 0 0
    outer loop
      vertex -14.9 3.7 0
      vertex -14.9 3.2 15
      vertex -14.9 3.2 0
    endloop
  endfacet
  facet normal 1 -0 0
    outer loop
      vertex -14.9 3.2 75
      vertex -14.9 3.7 72
      vertex -14.9 3.7 75
    endloop
  endfacet
  facet normal 1 0 0
    outer loop
      vertex -14.9 3.7 72
      vertex -14.9 3.2 75
      vertex -14.9 3.2 72
    endloop
  endfacet
  facet normal 1 -0 0
    outer loop
      vertex -14.9 -0.5 15
      vertex -14.9 0 0
      vertex -14.9 0 15
    endloop
  endfacet
  facet normal 1 0 0
    outer loop
      vertex -14.9 0 0
      vertex -14.9 -0.5 15
      vertex -14.9 -0.5 0
    endloop
  endfacet
  facet normal 1 -0 0
    outer loop
      vertex -14.9 -0.5 43
      vertex -14.9 0 18
      vertex -14.9 0 43
    endloop
  endfacet
  facet normal 1 0 0
    outer loop
      vertex -14.9 0 18
      vertex -14.9 -0.5 43
      vertex -14.9 -0.5 18
    endloop
  endfacet
  facet normal 1 -0 0
    outer loop
      vertex -14.9 3.2 43
      vertex -14.9 3.7 18
      vertex -14.9 3.7 43
    endloop
  endfacet
  facet normal 1 0 0
    outer loop
      vertex -14.9 3.7 18
      vertex -14.9 3.2 43
      vertex -14.9 3.2 18
    endloop
  endfacet
  facet normal 1 -0 0
    outer loop
      vertex -14.9 -0.5 69
      vertex -14.9 0 46
      vertex -14.9 0 69
    endloop
  endfacet
  facet normal 1 0 0
    outer loop
      vertex -14.9 0 46
      vertex -14.9 -0.5 69
      vertex -14.9 -0.5 46
    endloop
  endfacet
  facet normal 1 -0 0
    outer loop
      vertex -14.9 3.2 69
      vertex -14.9 3.7 46
      vertex -14.9 3.7 69
    endloop
  endfacet
  facet normal 1 0 0
    outer loop
      vertex -14.9 3.7 46
      vertex -14.9 3.2 69
      vertex -14.9 3.2 46
    endloop
  endfacet
  facet normal 0 -1 0
    outer loop
      vertex -15.9 -0.5 72
      vertex -14.9 -0.5 75
      vertex -15.9 -0.5 75
    endloop
  endfacet
  facet normal 0 -1 -0
    outer loop
      vertex -14.9 -0.5 75
      vertex -15.9 -0.5 72
      vertex -14.9 -0.5 72
    endloop
  endfacet
  facet normal 0 -1 0
    outer loop
      vertex -15.9 -0.5 0
      vertex -14.9 -0.5 15
      vertex -15.9 -0.5 15
    endloop
  endfacet
  facet normal 0 -1 -0
    outer loop
      vertex -14.9 -0.5 15
      vertex -15.9 -0.5 0
      vertex -14.9 -0.5 0
    endloop
  endfacet
  facet normal 0 -1 0
    outer loop
      vertex -15.9 -0.5 18
      vertex -14.9 -0.5 43
      vertex -15.9 -0.5 43
    endloop
  endfacet
  facet normal 0 -1 -0
    outer loop
      vertex -14.9 -0.5 43
      vertex -15.9 -0.5 18
      vertex -14.9 -0.5 18
    endloop
  endfacet
  facet normal 0 -1 0
    outer loop
      vertex -15.9 -0.5 46
      vertex -14.9 -0.5 69
      vertex -15.9 -0.5 69
    endloop
  endfacet
  facet normal 0 -1 -0
    outer loop
      vertex -14.9 -0.5 69
      vertex -15.9 -0.5 46
      vertex -14.9 -0.5 46
    endloop
  endfacet
  facet normal 0 1 -0
    outer loop
      vertex -14.9 3.7 0
      vertex -15.9 3.7 15
      vertex -14.9 3.7 15
    endloop
  endfacet
  facet normal 0 1 0
    outer loop
      vertex -15.9 3.7 15
      vertex -14.9 3.7 0
      vertex -15.9 3.7 0
    endloop
  endfacet
  facet normal 0 1 -0
    outer loop
      vertex -14.9 3.7 72
      vertex -15.9 3.7 75
      vertex -14.9 3.7 75
    endloop
  endfacet
  facet normal 0 1 0
    outer loop
      vertex -15.9 3.7 75
      vertex -14.9 3.7 72
      vertex -15.9 3.7 72
    endloop
  endfacet
  facet normal 0 1 -0
    outer loop
      vertex -14.9 3.7 18
      vertex -15.9 3.7 43
      vertex -14.9 3.7 43
    endloop
  endfacet
  facet normal 0 1 0
    outer loop
      vertex -15.9 3.7 43
      vertex -14.9 3.7 18
      vertex -15.9 3.7 18
    endloop
  endfacet
  facet normal 0 1 -0
    outer loop
      vertex -14.9 3.7 46
      vertex -15.9 3.7 69
      vertex -14.9 3.7 69
    endloop
  endfacet
  facet normal 0 1 0
    outer loop
      vertex -15.9 3.7 69
      vertex -14.9 3.7 46
      vertex -15.9 3.7 46
    endloop
  endfacet
  facet normal -1 0 0
    outer loop
      vertex -8.9 -0.5 0
      vertex -8.9 0 15
      vertex -8.9 0 0
    endloop
  endfacet
  facet normal -1 -0 0
    outer loop
      vertex -8.9 0 15
      vertex -8.9 -0.5 0
      vertex -8.9 -0.5 15
    endloop
  endfacet
  facet normal -1 0 0
    outer loop
      vertex -8.9 -0.5 72
      vertex -8.9 0 75
      vertex -8.9 0 72
    endloop
  endfacet
  facet normal -1 -0 0
    outer loop
      vertex -8.9 0 75
      vertex -8.9 -0.5 72
      vertex -8.9 -0.5 75
    endloop
  endfacet
  facet normal -1 0 0
    outer loop
      vertex -8.9 3.2 72
      vertex -8.9 3.7 75
      vertex -8.9 3.7 72
    endloop
  endfacet
  facet normal -1 -0 0
    outer loop
      vertex -8.9 3.7 75
      vertex -8.9 3.2 72
      vertex -8.9 3.2 75
    endloop
  endfacet
  facet normal -1 0 0
    outer loop
      vertex -8.9 3.2 0
      vertex -8.9 3.7 15
      vertex -8.9 3.7 0
    endloop
  endfacet
  facet normal -1 -0 0
    outer loop
      vertex -8.9 3.7 15
      vertex -8.9 3.2 0
      vertex -8.9 3.2 15
    endloop
  endfacet
  facet normal -1 0 0
    outer loop
      vertex -8.9 -0.5 18
      vertex -8.9 0 43
      vertex -8.9 0 18
    endloop
  endfacet
  facet normal -1 -0 0
    outer loop
      vertex -8.9 0 43
      vertex -8.9 -0.5 18
      vertex -8.9 -0.5 43
    endloop
  endfacet
  facet normal -1 0 0
    outer loop
      vertex -8.9 3.2 18
      vertex -8.9 3.7 43
      vertex -8.9 3.7 18
    endloop
  endfacet
  facet normal -1 -0 0
    outer loop
      vertex -8.9 3.7 43
      vertex -8.9 3.2 18
      vertex -8.9 3.2 43
    endloop
  endfacet
  facet normal -1 0 0
    outer loop
      vertex -8.9 -0.5 46
      vertex -8.9 0 69
      vertex -8.9 0 46
    endloop
  endfacet
  facet normal -1 -0 0
    outer loop
      vertex -8.9 0 69
      vertex -8.9 -0.5 46
      vertex -8.9 -0.5 69
    endloop
  endfacet
  facet normal -1 0 0
    outer loop
      vertex -8.9 3.2 46
      vertex -8.9 3.7 69
      vertex -8.9 3.7 46
    endloop
  endfacet
  facet normal -1 -0 0
    outer loop
      vertex -8.9 3.7 69
      vertex -8.9 3.2 46
      vertex -8.9 3.2 69
    endloop
  endfacet
  facet normal 1 -0 0
    outer loop
      vertex -7.9 -0.5 75
      vertex -7.9 0 72
      vertex -7.9 0 75
    endloop
  endfacet
  facet normal 1 0 0
    outer loop
      vertex -7.9 0 72
      vertex -7.9 -0.5 75
      vertex -7.9 -0.5 72
    endloop
  endfacet
  facet normal 1 -0 0
    outer loop
      vertex -7.9 3.2 15
      vertex -7.9 3.7 0
      vertex -7.9 3.7 15
    endloop
  endfacet
  facet normal 1 0 0
    outer loop
      vertex -7.9 3.7 0
      vertex -7.9 3.2 15
      vertex -7.9 3.2 0
    endloop
  endfacet
  facet normal 1 -0 0
    outer loop
      vertex -7.9 3.2 75
      vertex -7.9 3.7 72
      vertex -7.9 3.7 75
    endloop
  endfacet
  facet normal 1 0 0
    outer loop
      vertex -7.9 3.7 72
      vertex -7.9 3.2 75
      vertex -7.9 3.2 72
    endloop
  endfacet
  facet normal 1 -0 0
    outer loop
      vertex -7.9 -0.5 15
      vertex -7.9 0 0
      vertex -7.9 0 15
    endloop
  endfacet
  facet normal 1 0 0
    outer loop
      vertex -7.9 0 0
      vertex -7.9 -0.5 15
      vertex -7.9 -0.5 0
    endloop
  endfacet
  facet normal 1 -0 0
    outer loop
      vertex -7.9 3.2 35.9841
      vertex -7.9 3.7 18
      vertex -7.9 3.7 35.9841
    endloop
  endfacet
  facet normal 1 0 0
    outer loop
      vertex -7.9 3.7 18
      vertex -7.9 3.2 35.9841
      vertex -7.9 3.2 18
    endloop
  endfacet
  facet normal 1 -0 0
    outer loop
      vertex -7.9 -0.5 35.9841
      vertex -7.9 0 18
      vertex -7.9 0 35.9841
    endloop
  endfacet
  facet normal 1 0 0
    outer loop
      vertex -7.9 0 18
      vertex -7.9 -0.5 35.9841
      vertex -7.9 -0.5 18
    endloop
  endfacet
  facet normal 1 -0 0
    outer loop
      vertex -7.9 3.2 43
      vertex -7.9 3.7 39.0159
      vertex -7.9 3.7 43
    endloop
  endfacet
  facet normal 1 0 0
    outer loop
      vertex -7.9 3.7 39.0159
      vertex -7.9 3.2 43
      vertex -7.9 3.2 39.0159
    endloop
  endfacet
  facet normal 1 -0 0
    outer loop
      vertex -7.9 -0.5 43
      vertex -7.9 0 39.0159
      vertex -7.9 0 43
    endloop
  endfacet
  facet normal 1 0 0
    outer loop
      vertex -7.9 0 39.0159
      vertex -7.9 -0.5 43
      vertex -7.9 -0.5 39.0159
    endloop
  endfacet
  facet normal 1 -0 0
    outer loop
      vertex -7.9 3.2 69
      vertex -7.9 3.7 46
      vertex -7.9 3.7 69
    endloop
  endfacet
  facet normal 1 0 0
    outer loop
      vertex -7.9 3.7 46
      vertex -7.9 3.2 69
      vertex -7.9 3.2 46
    endloop
  endfacet
  facet normal 1 -0 0
    outer loop
      vertex -7.9 -0.5 69
      vertex -7.9 0 46
      vertex -7.9 0 69
    endloop
  endfacet
  facet normal 1 0 0
    outer loop
      vertex -7.9 0 46
      vertex -7.9 -0.5 69
      vertex -7.9 -0.5 46
    endloop
  endfacet
  facet normal 0 1 -0
    outer loop
      vertex -7.9 3.7 0
      vertex -8.9 3.7 15
      vertex -7.9 3.7 15
    endloop
  endfacet
  facet normal 0 1 0
    outer loop
      vertex -8.9 3.7 15
      vertex -7.9 3.7 0
      vertex -8.9 3.7 0
    endloop
  endfacet
  facet normal 0 1 -0
    outer loop
      vertex -7.9 3.7 72
      vertex -8.9 3.7 75
      vertex -7.9 3.7 75
    endloop
  endfacet
  facet normal 0 1 0
    outer loop
      vertex -8.9 3.7 75
      vertex -7.9 3.7 72
      vertex -8.9 3.7 72
    endloop
  endfacet
  facet normal 0 1 -0
    outer loop
      vertex -7.9 3.7 39.0159
      vertex -8.9 3.7 43
      vertex -7.9 3.7 43
    endloop
  endfacet
  facet normal 0 1 -0
    outer loop
      vertex -7.90972 3.7 39.0115
      vertex -8.9 3.7 43
      vertex -7.9 3.7 39.0159
    endloop
  endfacet
  facet normal 0 1 -0
    outer loop
      vertex -8.51899 3.7 38.0635
      vertex -8.9 3.7 43
      vertex -7.90972 3.7 39.0115
    endloop
  endfacet
  facet normal 0 1 -0
    outer loop
      vertex -8.51899 3.7 36.9365
      vertex -8.9 3.7 43
      vertex -8.51899 3.7 38.0635
    endloop
  endfacet
  facet normal 0 1 0
    outer loop
      vertex -8.9 3.7 18
      vertex -7.9 3.7 35.9841
      vertex -7.9 3.7 18
    endloop
  endfacet
  facet normal 0 1 0
    outer loop
      vertex -7.9 3.7 35.9841
      vertex -8.9 3.7 18
      vertex -7.90972 3.7 35.9885
    endloop
  endfacet
  facet normal 0 1 0
    outer loop
      vertex -7.90972 3.7 35.9885
      vertex -8.9 3.7 18
      vertex -8.51899 3.7 36.9365
    endloop
  endfacet
  facet normal 0 1 0
    outer loop
      vertex -8.51899 3.7 36.9365
      vertex -8.9 3.7 18
      vertex -8.9 3.7 43
    endloop
  endfacet
  facet normal 0 1 -0
    outer loop
      vertex -7.9 3.7 46
      vertex -8.9 3.7 69
      vertex -7.9 3.7 69
    endloop
  endfacet
  facet normal 0 1 0
    outer loop
      vertex -8.9 3.7 69
      vertex -7.9 3.7 46
      vertex -8.9 3.7 46
    endloop
  endfacet
  facet normal 0 -1 0
    outer loop
      vertex -8.9 -0.5 72
      vertex -7.9 -0.5 75
      vertex -8.9 -0.5 75
    endloop
  endfacet
  facet normal 0 -1 -0
    outer loop
      vertex -7.9 -0.5 75
      vertex -8.9 -0.5 72
      vertex -7.9 -0.5 72
    endloop
  endfacet
  facet normal 0 -1 0
    outer loop
      vertex -8.9 -0.5 0
      vertex -7.9 -0.5 15
      vertex -8.9 -0.5 15
    endloop
  endfacet
  facet normal 0 -1 -0
    outer loop
      vertex -7.9 -0.5 15
      vertex -8.9 -0.5 0
      vertex -7.9 -0.5 0
    endloop
  endfacet
  facet normal 0 -1 0
    outer loop
      vertex -8.9 -0.5 43
      vertex -7.9 -0.5 39.0159
      vertex -7.9 -0.5 43
    endloop
  endfacet
  facet normal 0 -1 0
    outer loop
      vertex -8.9 -0.5 43
      vertex -7.90972 -0.5 39.0115
      vertex -7.9 -0.5 39.0159
    endloop
  endfacet
  facet normal 0 -1 0
    outer loop
      vertex -8.9 -0.5 43
      vertex -8.51899 -0.5 38.0635
      vertex -7.90972 -0.5 39.0115
    endloop
  endfacet
  facet normal 0 -1 0
    outer loop
      vertex -8.9 -0.5 43
      vertex -8.51899 -0.5 36.9365
      vertex -8.51899 -0.5 38.0635
    endloop
  endfacet
  facet normal 0 -1 0
    outer loop
      vertex -8.9 -0.5 18
      vertex -8.51899 -0.5 36.9365
      vertex -8.9 -0.5 43
    endloop
  endfacet
  facet normal 0 -1 0
    outer loop
      vertex -8.9 -0.5 18
      vertex -7.90972 -0.5 35.9885
      vertex -8.51899 -0.5 36.9365
    endloop
  endfacet
  facet normal 0 -1 0
    outer loop
      vertex -8.9 -0.5 18
      vertex -7.9 -0.5 35.9841
      vertex -7.90972 -0.5 35.9885
    endloop
  endfacet
  facet normal 0 -1 -0
    outer loop
      vertex -7.9 -0.5 35.9841
      vertex -8.9 -0.5 18
      vertex -7.9 -0.5 18
    endloop
  endfacet
  facet normal 0 -1 0
    outer loop
      vertex -8.9 -0.5 46
      vertex -7.9 -0.5 69
      vertex -8.9 -0.5 69
    endloop
  endfacet
  facet normal 0 -1 -0
    outer loop
      vertex -7.9 -0.5 69
      vertex -8.9 -0.5 46
      vertex -7.9 -0.5 46
    endloop
  endfacet
  facet normal -1 0 0
    outer loop
      vertex -32.9 -0.9 15
      vertex -32.9 0 18
      vertex -32.9 0 15
    endloop
  endfacet
  facet normal -1 -0 0
    outer loop
      vertex -32.9 0 18
      vertex -32.9 -0.9 15
      vertex -32.9 -0.9 18
    endloop
  endfacet
  facet normal -1 0 0
    outer loop
      vertex -32.9 3.2 15
      vertex -32.9 4.1 18
      vertex -32.9 4.1 15
    endloop
  endfacet
  facet normal -1 -0 0
    outer loop
      vertex -32.9 4.1 18
      vertex -32.9 3.2 15
      vertex -32.9 3.2 18
    endloop
  endfacet
  facet normal 0 0 1
    outer loop
      vertex -29.9 0 18
      vertex -32.9 0 18
      vertex -29.9 -0.5 18
    endloop
  endfacet
  facet normal 0 0 1
    outer loop
      vertex -22.9 0 18
      vertex -28.9 0 18
      vertex -22.9 -0.5 18
    endloop
  endfacet
  facet normal 0 0 1
    outer loop
      vertex -15.9 0 18
      vertex -21.9 0 18
      vertex -15.9 -0.5 18
    endloop
  endfacet
  facet normal 0 0 1
    outer loop
      vertex -8.9 0 18
      vertex -14.9 0 18
      vertex -8.9 -0.5 18
    endloop
  endfacet
  facet normal 0 0 1
    outer loop
      vertex -7.9 -0.5 18
      vertex -2.1 0 18
      vertex -7.9 0 18
    endloop
  endfacet
  facet normal 0 0 1
    outer loop
      vertex -2.1 0 18
      vertex -7.9 -0.5 18
      vertex -2.1 -0.9 18
    endloop
  endfacet
  facet normal -0 0 1
    outer loop
      vertex -8.9 -0.5 18
      vertex -2.1 -0.9 18
      vertex -7.9 -0.5 18
    endloop
  endfacet
  facet normal 0 0 1
    outer loop
      vertex -14.9 -0.5 18
      vertex -8.9 -0.5 18
      vertex -14.9 0 18
    endloop
  endfacet
  facet normal -0 0 1
    outer loop
      vertex -14.9 -0.5 18
      vertex -2.1 -0.9 18
      vertex -8.9 -0.5 18
    endloop
  endfacet
  facet normal -0 0 1
    outer loop
      vertex -15.9 -0.5 18
      vertex -2.1 -0.9 18
      vertex -14.9 -0.5 18
    endloop
  endfacet
  facet normal 0 0 1
    outer loop
      vertex -21.9 -0.5 18
      vertex -15.9 -0.5 18
      vertex -21.9 0 18
    endloop
  endfacet
  facet normal -0 0 1
    outer loop
      vertex -21.9 -0.5 18
      vertex -2.1 -0.9 18
      vertex -15.9 -0.5 18
    endloop
  endfacet
  facet normal 0 0 1
    outer loop
      vertex -32.9 -0.9 18
      vertex -21.9 -0.5 18
      vertex -22.9 -0.5 18
    endloop
  endfacet
  facet normal 0 0 1
    outer loop
      vertex -28.9 -0.5 18
      vertex -22.9 -0.5 18
      vertex -28.9 0 18
    endloop
  endfacet
  facet normal 0 0 1
    outer loop
      vertex -32.9 -0.9 18
      vertex -22.9 -0.5 18
      vertex -28.9 -0.5 18
    endloop
  endfacet
  facet normal 0 0 1
    outer loop
      vertex -32.9 -0.9 18
      vertex -28.9 -0.5 18
      vertex -29.9 -0.5 18
    endloop
  endfacet
  facet normal 0 0 1
    outer loop
      vertex -21.9 -0.5 18
      vertex -32.9 -0.9 18
      vertex -2.1 -0.9 18
    endloop
  endfacet
  facet normal 0 0 1
    outer loop
      vertex -32.9 -0.9 18
      vertex -29.9 -0.5 18
      vertex -32.9 0 18
    endloop
  endfacet
  facet normal 0 0 1
    outer loop
      vertex -2.1 4.1 18
      vertex -7.9 3.7 18
      vertex -2.1 3.2 18
    endloop
  endfacet
  facet normal 0 0 1
    outer loop
      vertex -2.1 4.1 18
      vertex -8.9 3.7 18
      vertex -7.9 3.7 18
    endloop
  endfacet
  facet normal 0 0 1
    outer loop
      vertex -8.9 3.7 18
      vertex -14.9 3.7 18
      vertex -8.9 3.2 18
    endloop
  endfacet
  facet normal 0 0 1
    outer loop
      vertex -2.1 4.1 18
      vertex -14.9 3.7 18
      vertex -8.9 3.7 18
    endloop
  endfacet
  facet normal 0 0 1
    outer loop
      vertex -2.1 4.1 18
      vertex -15.9 3.7 18
      vertex -14.9 3.7 18
    endloop
  endfacet
  facet normal 0 0 1
    outer loop
      vertex -15.9 3.7 18
      vertex -21.9 3.7 18
      vertex -15.9 3.2 18
    endloop
  endfacet
  facet normal 0 0 1
    outer loop
      vertex -2.1 4.1 18
      vertex -21.9 3.7 18
      vertex -15.9 3.7 18
    endloop
  endfacet
  facet normal -0 0 1
    outer loop
      vertex -32.9 4.1 18
      vertex -21.9 3.7 18
      vertex -2.1 4.1 18
    endloop
  endfacet
  facet normal 0 0 1
    outer loop
      vertex -22.9 3.7 18
      vertex -28.9 3.7 18
      vertex -22.9 3.2 18
    endloop
  endfacet
  facet normal 0 0 1
    outer loop
      vertex -21.9 3.7 18
      vertex -32.9 4.1 18
      vertex -22.9 3.7 18
    endloop
  endfacet
  facet normal 0 0 1
    outer loop
      vertex -22.9 3.7 18
      vertex -32.9 4.1 18
      vertex -28.9 3.7 18
    endloop
  endfacet
  facet normal 0 0 1
    outer loop
      vertex -28.9 3.7 18
      vertex -32.9 4.1 18
      vertex -29.9 3.7 18
    endloop
  endfacet
  facet normal 0 0 1
    outer loop
      vertex -32.9 3.2 18
      vertex -29.9 3.7 18
      vertex -32.9 4.1 18
    endloop
  endfacet
  facet normal 0 0 1
    outer loop
      vertex -29.9 3.7 18
      vertex -32.9 3.2 18
      vertex -29.9 3.2 18
    endloop
  endfacet
  facet normal 0 0 1
    outer loop
      vertex -2.1 3.2 18
      vertex -7.9 3.7 18
      vertex -7.9 3.2 18
    endloop
  endfacet
  facet normal 0 0 1
    outer loop
      vertex -8.9 3.2 18
      vertex -14.9 3.7 18
      vertex -14.9 3.2 18
    endloop
  endfacet
  facet normal 0 0 1
    outer loop
      vertex -15.9 3.2 18
      vertex -21.9 3.7 18
      vertex -21.9 3.2 18
    endloop
  endfacet
  facet normal 0 0 1
    outer loop
      vertex -22.9 3.2 18
      vertex -28.9 3.7 18
      vertex -28.9 3.2 18
    endloop
  endfacet
  facet normal 1 -0 0
    outer loop
      vertex -2.1 -0.9 18
      vertex -2.1 0 15
      vertex -2.1 0 18
    endloop
  endfacet
  facet normal 1 0 0
    outer loop
      vertex -2.1 0 15
      vertex -2.1 -0.9 18
      vertex -2.1 -0.9 15
    endloop
  endfacet
  facet normal 1 -0 0
    outer loop
      vertex -2.1 3.2 18
      vertex -2.1 4.1 15
      vertex -2.1 4.1 18
    endloop
  endfacet
  facet normal 1 0 0
    outer loop
      vertex -2.1 4.1 15
      vertex -2.1 3.2 18
      vertex -2.1 3.2 15
    endloop
  endfacet
  facet normal 0 1 -0
    outer loop
      vertex -2.1 4.1 15
      vertex -32.9 4.1 18
      vertex -2.1 4.1 18
    endloop
  endfacet
  facet normal 0 1 0
    outer loop
      vertex -32.9 4.1 18
      vertex -2.1 4.1 15
      vertex -32.9 4.1 15
    endloop
  endfacet
  facet normal 0 0 -1
    outer loop
      vertex -2.1 -0.9 15
      vertex -7.9 -0.5 15
      vertex -2.1 0 15
    endloop
  endfacet
  facet normal 0 0 -1
    outer loop
      vertex -2.1 -0.9 15
      vertex -8.9 -0.5 15
      vertex -7.9 -0.5 15
    endloop
  endfacet
  facet normal 0 0 -1
    outer loop
      vertex -8.9 -0.5 15
      vertex -14.9 -0.5 15
      vertex -8.9 0 15
    endloop
  endfacet
  facet normal 0 0 -1
    outer loop
      vertex -2.1 -0.9 15
      vertex -14.9 -0.5 15
      vertex -8.9 -0.5 15
    endloop
  endfacet
  facet normal 0 0 -1
    outer loop
      vertex -2.1 -0.9 15
      vertex -15.9 -0.5 15
      vertex -14.9 -0.5 15
    endloop
  endfacet
  facet normal 0 0 -1
    outer loop
      vertex -15.9 -0.5 15
      vertex -21.9 -0.5 15
      vertex -15.9 0 15
    endloop
  endfacet
  facet normal 0 0 -1
    outer loop
      vertex -2.1 -0.9 15
      vertex -21.9 -0.5 15
      vertex -15.9 -0.5 15
    endloop
  endfacet
  facet normal 0 0 -1
    outer loop
      vertex -32.9 -0.9 15
      vertex -21.9 -0.5 15
      vertex -2.1 -0.9 15
    endloop
  endfacet
  facet normal 0 0 -1
    outer loop
      vertex -22.9 -0.5 15
      vertex -28.9 -0.5 15
      vertex -22.9 0 15
    endloop
  endfacet
  facet normal -0 0 -1
    outer loop
      vertex -21.9 -0.5 15
      vertex -32.9 -0.9 15
      vertex -22.9 -0.5 15
    endloop
  endfacet
  facet normal -0 0 -1
    outer loop
      vertex -22.9 -0.5 15
      vertex -32.9 -0.9 15
      vertex -28.9 -0.5 15
    endloop
  endfacet
  facet normal -0 0 -1
    outer loop
      vertex -28.9 -0.5 15
      vertex -32.9 -0.9 15
      vertex -29.9 -0.5 15
    endloop
  endfacet
  facet normal 0 0 -1
    outer loop
      vertex -32.9 0 15
      vertex -29.9 -0.5 15
      vertex -32.9 -0.9 15
    endloop
  endfacet
  facet normal 0 0 -1
    outer loop
      vertex -29.9 -0.5 15
      vertex -32.9 0 15
      vertex -29.9 0 15
    endloop
  endfacet
  facet normal -0 0 -1
    outer loop
      vertex -2.1 0 15
      vertex -7.9 -0.5 15
      vertex -7.9 0 15
    endloop
  endfacet
  facet normal -0 0 -1
    outer loop
      vertex -8.9 0 15
      vertex -14.9 -0.5 15
      vertex -14.9 0 15
    endloop
  endfacet
  facet normal -0 0 -1
    outer loop
      vertex -15.9 0 15
      vertex -21.9 -0.5 15
      vertex -21.9 0 15
    endloop
  endfacet
  facet normal -0 0 -1
    outer loop
      vertex -22.9 0 15
      vertex -28.9 -0.5 15
      vertex -28.9 0 15
    endloop
  endfacet
  facet normal 0 0 -1
    outer loop
      vertex -29.9 3.2 15
      vertex -32.9 3.2 15
      vertex -29.9 3.7 15
    endloop
  endfacet
  facet normal 0 0 -1
    outer loop
      vertex -22.9 3.2 15
      vertex -28.9 3.2 15
      vertex -22.9 3.7 15
    endloop
  endfacet
  facet normal 0 0 -1
    outer loop
      vertex -15.9 3.2 15
      vertex -21.9 3.2 15
      vertex -15.9 3.7 15
    endloop
  endfacet
  facet normal 0 0 -1
    outer loop
      vertex -8.9 3.2 15
      vertex -14.9 3.2 15
      vertex -8.9 3.7 15
    endloop
  endfacet
  facet normal 0 0 -1
    outer loop
      vertex -7.9 3.7 15
      vertex -2.1 3.2 15
      vertex -7.9 3.2 15
    endloop
  endfacet
  facet normal 0 0 -1
    outer loop
      vertex -2.1 3.2 15
      vertex -7.9 3.7 15
      vertex -2.1 4.1 15
    endloop
  endfacet
  facet normal 0 0 -1
    outer loop
      vertex -8.9 3.7 15
      vertex -2.1 4.1 15
      vertex -7.9 3.7 15
    endloop
  endfacet
  facet normal 0 0 -1
    outer loop
      vertex -14.9 3.7 15
      vertex -8.9 3.7 15
      vertex -14.9 3.2 15
    endloop
  endfacet
  facet normal 0 0 -1
    outer loop
      vertex -14.9 3.7 15
      vertex -2.1 4.1 15
      vertex -8.9 3.7 15
    endloop
  endfacet
  facet normal 0 0 -1
    outer loop
      vertex -15.9 3.7 15
      vertex -2.1 4.1 15
      vertex -14.9 3.7 15
    endloop
  endfacet
  facet normal 0 0 -1
    outer loop
      vertex -21.9 3.7 15
      vertex -15.9 3.7 15
      vertex -21.9 3.2 15
    endloop
  endfacet
  facet normal 0 0 -1
    outer loop
      vertex -21.9 3.7 15
      vertex -2.1 4.1 15
      vertex -15.9 3.7 15
    endloop
  endfacet
  facet normal 0 0 -1
    outer loop
      vertex -32.9 4.1 15
      vertex -21.9 3.7 15
      vertex -22.9 3.7 15
    endloop
  endfacet
  facet normal 0 0 -1
    outer loop
      vertex -28.9 3.7 15
      vertex -22.9 3.7 15
      vertex -28.9 3.2 15
    endloop
  endfacet
  facet normal 0 0 -1
    outer loop
      vertex -32.9 4.1 15
      vertex -22.9 3.7 15
      vertex -28.9 3.7 15
    endloop
  endfacet
  facet normal 0 0 -1
    outer loop
      vertex -32.9 4.1 15
      vertex -28.9 3.7 15
      vertex -29.9 3.7 15
    endloop
  endfacet
  facet normal 0 0 -1
    outer loop
      vertex -21.9 3.7 15
      vertex -32.9 4.1 15
      vertex -2.1 4.1 15
    endloop
  endfacet
  facet normal 0 0 -1
    outer loop
      vertex -32.9 4.1 15
      vertex -29.9 3.7 15
      vertex -32.9 3.2 15
    endloop
  endfacet
  facet normal 0 -1 0
    outer loop
      vertex -32.9 -0.9 15
      vertex -2.1 -0.9 18
      vertex -32.9 -0.9 18
    endloop
  endfacet
  facet normal 0 -1 -0
    outer loop
      vertex -2.1 -0.9 18
      vertex -32.9 -0.9 15
      vertex -2.1 -0.9 15
    endloop
  endfacet
  facet normal -1 0 0
    outer loop
      vertex -32.9 -0.9 43
      vertex -32.9 0 46
      vertex -32.9 0 43
    endloop
  endfacet
  facet normal -1 -0 0
    outer loop
      vertex -32.9 0 46
      vertex -32.9 -0.9 43
      vertex -32.9 -0.9 46
    endloop
  endfacet
  facet normal -1 0 0
    outer loop
      vertex -32.9 3.2 43
      vertex -32.9 4.1 46
      vertex -32.9 4.1 43
    endloop
  endfacet
  facet normal -1 -0 0
    outer loop
      vertex -32.9 4.1 46
      vertex -32.9 3.2 43
      vertex -32.9 3.2 46
    endloop
  endfacet
  facet normal 0 0 1
    outer loop
      vertex -29.9 0 46
      vertex -32.9 0 46
      vertex -29.9 -0.5 46
    endloop
  endfacet
  facet normal 0 0 1
    outer loop
      vertex -22.9 0 46
      vertex -28.9 0 46
      vertex -22.9 -0.5 46
    endloop
  endfacet
  facet normal 0 0 1
    outer loop
      vertex -15.9 0 46
      vertex -21.9 0 46
      vertex -15.9 -0.5 46
    endloop
  endfacet
  facet normal 0 0 1
    outer loop
      vertex -8.9 0 46
      vertex -14.9 0 46
      vertex -8.9 -0.5 46
    endloop
  endfacet
  facet normal 0 0 1
    outer loop
      vertex -7.9 -0.5 46
      vertex -2.1 0 46
      vertex -7.9 0 46
    endloop
  endfacet
  facet normal 0 0 1
    outer loop
      vertex -2.1 0 46
      vertex -7.9 -0.5 46
      vertex -2.1 -0.9 46
    endloop
  endfacet
  facet normal -0 0 1
    outer loop
      vertex -8.9 -0.5 46
      vertex -2.1 -0.9 46
      vertex -7.9 -0.5 46
    endloop
  endfacet
  facet normal 0 0 1
    outer loop
      vertex -14.9 -0.5 46
      vertex -8.9 -0.5 46
      vertex -14.9 0 46
    endloop
  endfacet
  facet normal -0 0 1
    outer loop
      vertex -14.9 -0.5 46
      vertex -2.1 -0.9 46
      vertex -8.9 -0.5 46
    endloop
  endfacet
  facet normal -0 0 1
    outer loop
      vertex -15.9 -0.5 46
      vertex -2.1 -0.9 46
      vertex -14.9 -0.5 46
    endloop
  endfacet
  facet normal 0 0 1
    outer loop
      vertex -21.9 -0.5 46
      vertex -15.9 -0.5 46
      vertex -21.9 0 46
    endloop
  endfacet
  facet normal -0 0 1
    outer loop
      vertex -21.9 -0.5 46
      vertex -2.1 -0.9 46
      vertex -15.9 -0.5 46
    endloop
  endfacet
  facet normal 0 0 1
    outer loop
      vertex -32.9 -0.9 46
      vertex -21.9 -0.5 46
      vertex -22.9 -0.5 46
    endloop
  endfacet
  facet normal 0 0 1
    outer loop
      vertex -28.9 -0.5 46
      vertex -22.9 -0.5 46
      vertex -28.9 0 46
    endloop
  endfacet
  facet normal 0 0 1
    outer loop
      vertex -32.9 -0.9 46
      vertex -22.9 -0.5 46
      vertex -28.9 -0.5 46
    endloop
  endfacet
  facet normal 0 0 1
    outer loop
      vertex -32.9 -0.9 46
      vertex -28.9 -0.5 46
      vertex -29.9 -0.5 46
    endloop
  endfacet
  facet normal 0 0 1
    outer loop
      vertex -21.9 -0.5 46
      vertex -32.9 -0.9 46
      vertex -2.1 -0.9 46
    endloop
  endfacet
  facet normal 0 0 1
    outer loop
      vertex -32.9 -0.9 46
      vertex -29.9 -0.5 46
      vertex -32.9 0 46
    endloop
  endfacet
  facet normal 0 0 1
    outer loop
      vertex -2.1 4.1 46
      vertex -7.9 3.7 46
      vertex -2.1 3.2 46
    endloop
  endfacet
  facet normal 0 0 1
    outer loop
      vertex -2.1 4.1 46
      vertex -8.9 3.7 46
      vertex -7.9 3.7 46
    endloop
  endfacet
  facet normal 0 0 1
    outer loop
      vertex -8.9 3.7 46
      vertex -14.9 3.7 46
      vertex -8.9 3.2 46
    endloop
  endfacet
  facet normal 0 0 1
    outer loop
      vertex -2.1 4.1 46
      vertex -14.9 3.7 46
      vertex -8.9 3.7 46
    endloop
  endfacet
  facet normal 0 0 1
    outer loop
      vertex -2.1 4.1 46
      vertex -15.9 3.7 46
      vertex -14.9 3.7 46
    endloop
  endfacet
  facet normal 0 0 1
    outer loop
      vertex -15.9 3.7 46
      vertex -21.9 3.7 46
      vertex -15.9 3.2 46
    endloop
  endfacet
  facet normal 0 0 1
    outer loop
      vertex -2.1 4.1 46
      vertex -21.9 3.7 46
      vertex -15.9 3.7 46
    endloop
  endfacet
  facet normal -0 0 1
    outer loop
      vertex -32.9 4.1 46
      vertex -21.9 3.7 46
      vertex -2.1 4.1 46
    endloop
  endfacet
  facet normal 0 0 1
    outer loop
      vertex -22.9 3.7 46
      vertex -28.9 3.7 46
      vertex -22.9 3.2 46
    endloop
  endfacet
  facet normal 0 0 1
    outer loop
      vertex -21.9 3.7 46
      vertex -32.9 4.1 46
      vertex -22.9 3.7 46
    endloop
  endfacet
  facet normal 0 0 1
    outer loop
      vertex -22.9 3.7 46
      vertex -32.9 4.1 46
      vertex -28.9 3.7 46
    endloop
  endfacet
  facet normal 0 0 1
    outer loop
      vertex -28.9 3.7 46
      vertex -32.9 4.1 46
      vertex -29.9 3.7 46
    endloop
  endfacet
  facet normal 0 0 1
    outer loop
      vertex -32.9 3.2 46
      vertex -29.9 3.7 46
      vertex -32.9 4.1 46
    endloop
  endfacet
  facet normal 0 0 1
    outer loop
      vertex -29.9 3.7 46
      vertex -32.9 3.2 46
      vertex -29.9 3.2 46
    endloop
  endfacet
  facet normal 0 0 1
    outer loop
      vertex -2.1 3.2 46
      vertex -7.9 3.7 46
      vertex -7.9 3.2 46
    endloop
  endfacet
  facet normal 0 0 1
    outer loop
      vertex -8.9 3.2 46
      vertex -14.9 3.7 46
      vertex -14.9 3.2 46
    endloop
  endfacet
  facet normal 0 0 1
    outer loop
      vertex -15.9 3.2 46
      vertex -21.9 3.7 46
      vertex -21.9 3.2 46
    endloop
  endfacet
  facet normal 0 0 1
    outer loop
      vertex -22.9 3.2 46
      vertex -28.9 3.7 46
      vertex -28.9 3.2 46
    endloop
  endfacet
  facet normal 1 -0 0
    outer loop
      vertex -2.1 -0.9 46
      vertex -2.1 0 43
      vertex -2.1 0 46
    endloop
  endfacet
  facet normal 1 0 0
    outer loop
      vertex -2.1 0 43
      vertex -2.1 -0.9 46
      vertex -2.1 -0.9 43
    endloop
  endfacet
  facet normal 1 -0 0
    outer loop
      vertex -2.1 3.2 46
      vertex -2.1 4.1 43
      vertex -2.1 4.1 46
    endloop
  endfacet
  facet normal 1 0 0
    outer loop
      vertex -2.1 4.1 43
      vertex -2.1 3.2 46
      vertex -2.1 3.2 43
    endloop
  endfacet
  facet normal 0 0 -1
    outer loop
      vertex -2.1 -0.9 43
      vertex -7.9 -0.5 43
      vertex -2.1 0 43
    endloop
  endfacet
  facet normal 0 0 -1
    outer loop
      vertex -2.1 -0.9 43
      vertex -8.9 -0.5 43
      vertex -7.9 -0.5 43
    endloop
  endfacet
  facet normal 0 0 -1
    outer loop
      vertex -8.9 -0.5 43
      vertex -14.9 -0.5 43
      vertex -8.9 0 43
    endloop
  endfacet
  facet normal 0 0 -1
    outer loop
      vertex -2.1 -0.9 43
      vertex -14.9 -0.5 43
      vertex -8.9 -0.5 43
    endloop
  endfacet
  facet normal 0 0 -1
    outer loop
      vertex -2.1 -0.9 43
      vertex -15.9 -0.5 43
      vertex -14.9 -0.5 43
    endloop
  endfacet
  facet normal 0 0 -1
    outer loop
      vertex -15.9 -0.5 43
      vertex -21.9 -0.5 43
      vertex -15.9 0 43
    endloop
  endfacet
  facet normal 0 0 -1
    outer loop
      vertex -2.1 -0.9 43
      vertex -21.9 -0.5 43
      vertex -15.9 -0.5 43
    endloop
  endfacet
  facet normal 0 0 -1
    outer loop
      vertex -32.9 -0.9 43
      vertex -21.9 -0.5 43
      vertex -2.1 -0.9 43
    endloop
  endfacet
  facet normal 0 0 -1
    outer loop
      vertex -22.9 -0.5 43
      vertex -28.9 -0.5 43
      vertex -22.9 0 43
    endloop
  endfacet
  facet normal -0 0 -1
    outer loop
      vertex -21.9 -0.5 43
      vertex -32.9 -0.9 43
      vertex -22.9 -0.5 43
    endloop
  endfacet
  facet normal -0 0 -1
    outer loop
      vertex -22.9 -0.5 43
      vertex -32.9 -0.9 43
      vertex -28.9 -0.5 43
    endloop
  endfacet
  facet normal -0 0 -1
    outer loop
      vertex -28.9 -0.5 43
      vertex -32.9 -0.9 43
      vertex -29.9 -0.5 43
    endloop
  endfacet
  facet normal 0 0 -1
    outer loop
      vertex -32.9 0 43
      vertex -29.9 -0.5 43
      vertex -32.9 -0.9 43
    endloop
  endfacet
  facet normal 0 0 -1
    outer loop
      vertex -29.9 -0.5 43
      vertex -32.9 0 43
      vertex -29.9 0 43
    endloop
  endfacet
  facet normal -0 0 -1
    outer loop
      vertex -2.1 0 43
      vertex -7.9 -0.5 43
      vertex -7.9 0 43
    endloop
  endfacet
  facet normal -0 0 -1
    outer loop
      vertex -8.9 0 43
      vertex -14.9 -0.5 43
      vertex -14.9 0 43
    endloop
  endfacet
  facet normal -0 0 -1
    outer loop
      vertex -15.9 0 43
      vertex -21.9 -0.5 43
      vertex -21.9 0 43
    endloop
  endfacet
  facet normal -0 0 -1
    outer loop
      vertex -22.9 0 43
      vertex -28.9 -0.5 43
      vertex -28.9 0 43
    endloop
  endfacet
  facet normal 0 0 -1
    outer loop
      vertex -29.9 3.2 43
      vertex -32.9 3.2 43
      vertex -29.9 3.7 43
    endloop
  endfacet
  facet normal 0 0 -1
    outer loop
      vertex -22.9 3.2 43
      vertex -28.9 3.2 43
      vertex -22.9 3.7 43
    endloop
  endfacet
  facet normal 0 0 -1
    outer loop
      vertex -15.9 3.2 43
      vertex -21.9 3.2 43
      vertex -15.9 3.7 43
    endloop
  endfacet
  facet normal 0 0 -1
    outer loop
      vertex -8.9 3.2 43
      vertex -14.9 3.2 43
      vertex -8.9 3.7 43
    endloop
  endfacet
  facet normal 0 0 -1
    outer loop
      vertex -7.9 3.7 43
      vertex -2.1 3.2 43
      vertex -7.9 3.2 43
    endloop
  endfacet
  facet normal 0 0 -1
    outer loop
      vertex -2.1 3.2 43
      vertex -7.9 3.7 43
      vertex -2.1 4.1 43
    endloop
  endfacet
  facet normal 0 0 -1
    outer loop
      vertex -8.9 3.7 43
      vertex -2.1 4.1 43
      vertex -7.9 3.7 43
    endloop
  endfacet
  facet normal 0 0 -1
    outer loop
      vertex -14.9 3.7 43
      vertex -8.9 3.7 43
      vertex -14.9 3.2 43
    endloop
  endfacet
  facet normal 0 0 -1
    outer loop
      vertex -14.9 3.7 43
      vertex -2.1 4.1 43
      vertex -8.9 3.7 43
    endloop
  endfacet
  facet normal 0 0 -1
    outer loop
      vertex -15.9 3.7 43
      vertex -2.1 4.1 43
      vertex -14.9 3.7 43
    endloop
  endfacet
  facet normal 0 0 -1
    outer loop
      vertex -21.9 3.7 43
      vertex -15.9 3.7 43
      vertex -21.9 3.2 43
    endloop
  endfacet
  facet normal 0 0 -1
    outer loop
      vertex -21.9 3.7 43
      vertex -2.1 4.1 43
      vertex -15.9 3.7 43
    endloop
  endfacet
  facet normal 0 0 -1
    outer loop
      vertex -32.9 4.1 43
      vertex -21.9 3.7 43
      vertex -22.9 3.7 43
    endloop
  endfacet
  facet normal 0 0 -1
    outer loop
      vertex -28.9 3.7 43
      vertex -22.9 3.7 43
      vertex -28.9 3.2 43
    endloop
  endfacet
  facet normal 0 0 -1
    outer loop
      vertex -32.9 4.1 43
      vertex -22.9 3.7 43
      vertex -28.9 3.7 43
    endloop
  endfacet
  facet normal 0 0 -1
    outer loop
      vertex -32.9 4.1 43
      vertex -28.9 3.7 43
      vertex -29.9 3.7 43
    endloop
  endfacet
  facet normal 0 0 -1
    outer loop
      vertex -21.9 3.7 43
      vertex -32.9 4.1 43
      vertex -2.1 4.1 43
    endloop
  endfacet
  facet normal 0 0 -1
    outer loop
      vertex -32.9 4.1 43
      vertex -29.9 3.7 43
      vertex -32.9 3.2 43
    endloop
  endfacet
  facet normal 0 -1 0
    outer loop
      vertex -32.9 -0.9 43
      vertex -2.1 -0.9 46
      vertex -32.9 -0.9 46
    endloop
  endfacet
  facet normal 0 -1 -0
    outer loop
      vertex -2.1 -0.9 46
      vertex -32.9 -0.9 43
      vertex -2.1 -0.9 43
    endloop
  endfacet
  facet normal 0 1 -0
    outer loop
      vertex -2.1 4.1 43
      vertex -32.9 4.1 46
      vertex -2.1 4.1 46
    endloop
  endfacet
  facet normal 0 1 0
    outer loop
      vertex -32.9 4.1 46
      vertex -2.1 4.1 43
      vertex -32.9 4.1 43
    endloop
  endfacet
  facet normal -1 0 0
    outer loop
      vertex -32.9 -0.9 69
      vertex -32.9 0 72
      vertex -32.9 0 69
    endloop
  endfacet
  facet normal -1 -0 0
    outer loop
      vertex -32.9 0 72
      vertex -32.9 -0.9 69
      vertex -32.9 -0.9 72
    endloop
  endfacet
  facet normal -1 0 0
    outer loop
      vertex -32.9 3.2 69
      vertex -32.9 4.1 72
      vertex -32.9 4.1 69
    endloop
  endfacet
  facet normal -1 -0 0
    outer loop
      vertex -32.9 4.1 72
      vertex -32.9 3.2 69
      vertex -32.9 3.2 72
    endloop
  endfacet
  facet normal 0 0 1
    outer loop
      vertex -29.9 0 72
      vertex -32.9 0 72
      vertex -29.9 -0.5 72
    endloop
  endfacet
  facet normal 0 0 1
    outer loop
      vertex -22.9 0 72
      vertex -28.9 0 72
      vertex -22.9 -0.5 72
    endloop
  endfacet
  facet normal 0 0 1
    outer loop
      vertex -15.9 0 72
      vertex -21.9 0 72
      vertex -15.9 -0.5 72
    endloop
  endfacet
  facet normal 0 0 1
    outer loop
      vertex -8.9 0 72
      vertex -14.9 0 72
      vertex -8.9 -0.5 72
    endloop
  endfacet
  facet normal 0 0 1
    outer loop
      vertex -7.9 -0.5 72
      vertex -2.1 0 72
      vertex -7.9 0 72
    endloop
  endfacet
  facet normal 0 0 1
    outer loop
      vertex -2.1 0 72
      vertex -7.9 -0.5 72
      vertex -2.1 -0.9 72
    endloop
  endfacet
  facet normal -0 0 1
    outer loop
      vertex -8.9 -0.5 72
      vertex -2.1 -0.9 72
      vertex -7.9 -0.5 72
    endloop
  endfacet
  facet normal 0 0 1
    outer loop
      vertex -14.9 -0.5 72
      vertex -8.9 -0.5 72
      vertex -14.9 0 72
    endloop
  endfacet
  facet normal -0 0 1
    outer loop
      vertex -14.9 -0.5 72
      vertex -2.1 -0.9 72
      vertex -8.9 -0.5 72
    endloop
  endfacet
  facet normal -0 0 1
    outer loop
      vertex -15.9 -0.5 72
      vertex -2.1 -0.9 72
      vertex -14.9 -0.5 72
    endloop
  endfacet
  facet normal 0 0 1
    outer loop
      vertex -21.9 -0.5 72
      vertex -15.9 -0.5 72
      vertex -21.9 0 72
    endloop
  endfacet
  facet normal -0 0 1
    outer loop
      vertex -21.9 -0.5 72
      vertex -2.1 -0.9 72
      vertex -15.9 -0.5 72
    endloop
  endfacet
  facet normal 0 0 1
    outer loop
      vertex -32.9 -0.9 72
      vertex -21.9 -0.5 72
      vertex -22.9 -0.5 72
    endloop
  endfacet
  facet normal 0 0 1
    outer loop
      vertex -28.9 -0.5 72
      vertex -22.9 -0.5 72
      vertex -28.9 0 72
    endloop
  endfacet
  facet normal 0 0 1
    outer loop
      vertex -32.9 -0.9 72
      vertex -22.9 -0.5 72
      vertex -28.9 -0.5 72
    endloop
  endfacet
  facet normal 0 0 1
    outer loop
      vertex -32.9 -0.9 72
      vertex -28.9 -0.5 72
      vertex -29.9 -0.5 72
    endloop
  endfacet
  facet normal 0 0 1
    outer loop
      vertex -21.9 -0.5 72
      vertex -32.9 -0.9 72
      vertex -2.1 -0.9 72
    endloop
  endfacet
  facet normal 0 0 1
    outer loop
      vertex -32.9 -0.9 72
      vertex -29.9 -0.5 72
      vertex -32.9 0 72
    endloop
  endfacet
  facet normal 0 0 1
    outer loop
      vertex -2.1 4.1 72
      vertex -7.9 3.7 72
      vertex -2.1 3.2 72
    endloop
  endfacet
  facet normal 0 0 1
    outer loop
      vertex -2.1 4.1 72
      vertex -8.9 3.7 72
      vertex -7.9 3.7 72
    endloop
  endfacet
  facet normal 0 0 1
    outer loop
      vertex -8.9 3.7 72
      vertex -14.9 3.7 72
      vertex -8.9 3.2 72
    endloop
  endfacet
  facet normal 0 0 1
    outer loop
      vertex -2.1 4.1 72
      vertex -14.9 3.7 72
      vertex -8.9 3.7 72
    endloop
  endfacet
  facet normal 0 0 1
    outer loop
      vertex -2.1 4.1 72
      vertex -15.9 3.7 72
      vertex -14.9 3.7 72
    endloop
  endfacet
  facet normal 0 0 1
    outer loop
      vertex -15.9 3.7 72
      vertex -21.9 3.7 72
      vertex -15.9 3.2 72
    endloop
  endfacet
  facet normal 0 0 1
    outer loop
      vertex -2.1 4.1 72
      vertex -21.9 3.7 72
      vertex -15.9 3.7 72
    endloop
  endfacet
  facet normal -0 0 1
    outer loop
      vertex -32.9 4.1 72
      vertex -21.9 3.7 72
      vertex -2.1 4.1 72
    endloop
  endfacet
  facet normal 0 0 1
    outer loop
      vertex -22.9 3.7 72
      vertex -28.9 3.7 72
      vertex -22.9 3.2 72
    endloop
  endfacet
  facet normal 0 0 1
    outer loop
      vertex -21.9 3.7 72
      vertex -32.9 4.1 72
      vertex -22.9 3.7 72
    endloop
  endfacet
  facet normal 0 0 1
    outer loop
      vertex -22.9 3.7 72
      vertex -32.9 4.1 72
      vertex -28.9 3.7 72
    endloop
  endfacet
  facet normal 0 0 1
    outer loop
      vertex -28.9 3.7 72
      vertex -32.9 4.1 72
      vertex -29.9 3.7 72
    endloop
  endfacet
  facet normal 0 0 1
    outer loop
      vertex -32.9 3.2 72
      vertex -29.9 3.7 72
      vertex -32.9 4.1 72
    endloop
  endfacet
  facet normal 0 0 1
    outer loop
      vertex -29.9 3.7 72
      vertex -32.9 3.2 72
      vertex -29.9 3.2 72
    endloop
  endfacet
  facet normal 0 0 1
    outer loop
      vertex -2.1 3.2 72
      vertex -7.9 3.7 72
      vertex -7.9 3.2 72
    endloop
  endfacet
  facet normal 0 0 1
    outer loop
      vertex -8.9 3.2 72
      vertex -14.9 3.7 72
      vertex -14.9 3.2 72
    endloop
  endfacet
  facet normal 0 0 1
    outer loop
      vertex -15.9 3.2 72
      vertex -21.9 3.7 72
      vertex -21.9 3.2 72
    endloop
  endfacet
  facet normal 0 0 1
    outer loop
      vertex -22.9 3.2 72
      vertex -28.9 3.7 72
      vertex -28.9 3.2 72
    endloop
  endfacet
  facet normal 1 -0 0
    outer loop
      vertex -2.1 -0.9 72
      vertex -2.1 0 69
      vertex -2.1 0 72
    endloop
  endfacet
  facet normal 1 0 0
    outer loop
      vertex -2.1 0 69
      vertex -2.1 -0.9 72
      vertex -2.1 -0.9 69
    endloop
  endfacet
  facet normal 1 -0 0
    outer loop
      vertex -2.1 3.2 72
      vertex -2.1 4.1 69
      vertex -2.1 4.1 72
    endloop
  endfacet
  facet normal 1 0 0
    outer loop
      vertex -2.1 4.1 69
      vertex -2.1 3.2 72
      vertex -2.1 3.2 69
    endloop
  endfacet
  facet normal 0 0 -1
    outer loop
      vertex -2.1 -0.9 69
      vertex -7.9 -0.5 69
      vertex -2.1 0 69
    endloop
  endfacet
  facet normal 0 0 -1
    outer loop
      vertex -2.1 -0.9 69
      vertex -8.9 -0.5 69
      vertex -7.9 -0.5 69
    endloop
  endfacet
  facet normal 0 0 -1
    outer loop
      vertex -8.9 -0.5 69
      vertex -14.9 -0.5 69
      vertex -8.9 0 69
    endloop
  endfacet
  facet normal 0 0 -1
    outer loop
      vertex -2.1 -0.9 69
      vertex -14.9 -0.5 69
      vertex -8.9 -0.5 69
    endloop
  endfacet
  facet normal 0 0 -1
    outer loop
      vertex -2.1 -0.9 69
      vertex -15.9 -0.5 69
      vertex -14.9 -0.5 69
    endloop
  endfacet
  facet normal 0 0 -1
    outer loop
      vertex -15.9 -0.5 69
      vertex -21.9 -0.5 69
      vertex -15.9 0 69
    endloop
  endfacet
  facet normal 0 0 -1
    outer loop
      vertex -2.1 -0.9 69
      vertex -21.9 -0.5 69
      vertex -15.9 -0.5 69
    endloop
  endfacet
  facet normal 0 0 -1
    outer loop
      vertex -32.9 -0.9 69
      vertex -21.9 -0.5 69
      vertex -2.1 -0.9 69
    endloop
  endfacet
  facet normal 0 0 -1
    outer loop
      vertex -22.9 -0.5 69
      vertex -28.9 -0.5 69
      vertex -22.9 0 69
    endloop
  endfacet
  facet normal -0 0 -1
    outer loop
      vertex -21.9 -0.5 69
      vertex -32.9 -0.9 69
      vertex -22.9 -0.5 69
    endloop
  endfacet
  facet normal -0 0 -1
    outer loop
      vertex -22.9 -0.5 69
      vertex -32.9 -0.9 69
      vertex -28.9 -0.5 69
    endloop
  endfacet
  facet normal -0 0 -1
    outer loop
      vertex -28.9 -0.5 69
      vertex -32.9 -0.9 69
      vertex -29.9 -0.5 69
    endloop
  endfacet
  facet normal 0 0 -1
    outer loop
      vertex -32.9 0 69
      vertex -29.9 -0.5 69
      vertex -32.9 -0.9 69
    endloop
  endfacet
  facet normal 0 0 -1
    outer loop
      vertex -29.9 -0.5 69
      vertex -32.9 0 69
      vertex -29.9 0 69
    endloop
  endfacet
  facet normal -0 0 -1
    outer loop
      vertex -2.1 0 69
      vertex -7.9 -0.5 69
      vertex -7.9 0 69
    endloop
  endfacet
  facet normal -0 0 -1
    outer loop
      vertex -8.9 0 69
      vertex -14.9 -0.5 69
      vertex -14.9 0 69
    endloop
  endfacet
  facet normal -0 0 -1
    outer loop
      vertex -15.9 0 69
      vertex -21.9 -0.5 69
      vertex -21.9 0 69
    endloop
  endfacet
  facet normal -0 0 -1
    outer loop
      vertex -22.9 0 69
      vertex -28.9 -0.5 69
      vertex -28.9 0 69
    endloop
  endfacet
  facet normal 0 0 -1
    outer loop
      vertex -29.9 3.2 69
      vertex -32.9 3.2 69
      vertex -29.9 3.7 69
    endloop
  endfacet
  facet normal 0 0 -1
    outer loop
      vertex -22.9 3.2 69
      vertex -28.9 3.2 69
      vertex -22.9 3.7 69
    endloop
  endfacet
  facet normal 0 0 -1
    outer loop
      vertex -15.9 3.2 69
      vertex -21.9 3.2 69
      vertex -15.9 3.7 69
    endloop
  endfacet
  facet normal 0 0 -1
    outer loop
      vertex -8.9 3.2 69
      vertex -14.9 3.2 69
      vertex -8.9 3.7 69
    endloop
  endfacet
  facet normal 0 0 -1
    outer loop
      vertex -7.9 3.7 69
      vertex -2.1 3.2 69
      vertex -7.9 3.2 69
    endloop
  endfacet
  facet normal 0 0 -1
    outer loop
      vertex -2.1 3.2 69
      vertex -7.9 3.7 69
      vertex -2.1 4.1 69
    endloop
  endfacet
  facet normal 0 0 -1
    outer loop
      vertex -8.9 3.7 69
      vertex -2.1 4.1 69
      vertex -7.9 3.7 69
    endloop
  endfacet
  facet normal 0 0 -1
    outer loop
      vertex -14.9 3.7 69
      vertex -8.9 3.7 69
      vertex -14.9 3.2 69
    endloop
  endfacet
  facet normal 0 0 -1
    outer loop
      vertex -14.9 3.7 69
      vertex -2.1 4.1 69
      vertex -8.9 3.7 69
    endloop
  endfacet
  facet normal 0 0 -1
    outer loop
      vertex -15.9 3.7 69
      vertex -2.1 4.1 69
      vertex -14.9 3.7 69
    endloop
  endfacet
  facet normal 0 0 -1
    outer loop
      vertex -21.9 3.7 69
      vertex -15.9 3.7 69
      vertex -21.9 3.2 69
    endloop
  endfacet
  facet normal 0 0 -1
    outer loop
      vertex -21.9 3.7 69
      vertex -2.1 4.1 69
      vertex -15.9 3.7 69
    endloop
  endfacet
  facet normal 0 0 -1
    outer loop
      vertex -32.9 4.1 69
      vertex -21.9 3.7 69
      vertex -22.9 3.7 69
    endloop
  endfacet
  facet normal 0 0 -1
    outer loop
      vertex -28.9 3.7 69
      vertex -22.9 3.7 69
      vertex -28.9 3.2 69
    endloop
  endfacet
  facet normal 0 0 -1
    outer loop
      vertex -32.9 4.1 69
      vertex -22.9 3.7 69
      vertex -28.9 3.7 69
    endloop
  endfacet
  facet normal 0 0 -1
    outer loop
      vertex -32.9 4.1 69
      vertex -28.9 3.7 69
      vertex -29.9 3.7 69
    endloop
  endfacet
  facet normal 0 0 -1
    outer loop
      vertex -21.9 3.7 69
      vertex -32.9 4.1 69
      vertex -2.1 4.1 69
    endloop
  endfacet
  facet normal 0 0 -1
    outer loop
      vertex -32.9 4.1 69
      vertex -29.9 3.7 69
      vertex -32.9 3.2 69
    endloop
  endfacet
  facet normal 0 -1 0
    outer loop
      vertex -32.9 -0.9 69
      vertex -2.1 -0.9 72
      vertex -32.9 -0.9 72
    endloop
  endfacet
  facet normal 0 -1 -0
    outer loop
      vertex -2.1 -0.9 72
      vertex -32.9 -0.9 69
      vertex -2.1 -0.9 69
    endloop
  endfacet
  facet normal 0 1 -0
    outer loop
      vertex -2.1 4.1 69
      vertex -32.9 4.1 72
      vertex -2.1 4.1 72
    endloop
  endfacet
  facet normal 0 1 0
    outer loop
      vertex -32.9 4.1 72
      vertex -2.1 4.1 69
      vertex -32.9 4.1 69
    endloop
  endfacet
  facet normal -1 0 0
    outer loop
      vertex -34.4 0 0
      vertex -34.4 3.2 75
      vertex -34.4 3.2 0
    endloop
  endfacet
  facet normal -1 -0 0
    outer loop
      vertex -34.4 3.2 75
      vertex -34.4 0 0
      vertex -34.4 0 75
    endloop
  endfacet
  facet normal 1 -0 0
    outer loop
      vertex -0.600001 0 75
      vertex -0.600001 3.2 0
      vertex -0.600001 3.2 75
    endloop
  endfacet
  facet normal 1 0 0
    outer loop
      vertex -0.600001 3.2 0
      vertex -0.600001 0 75
      vertex -0.600001 0 0
    endloop
  endfacet
  facet normal 0 -1 0
    outer loop
      vertex -7.9 0 15
      vertex -7.9 0 0
      vertex -2.1 0 15
    endloop
  endfacet
  facet normal 0 -1 0
    outer loop
      vertex -7.9 0 35.9841
      vertex -7.9 0 18
      vertex -6.88463 0 35.5204
    endloop
  endfacet
  facet normal 0 -1 0
    outer loop
      vertex -5.76917 0 39.3193
      vertex -7.9 0 43
      vertex -6.88463 0 39.4796
    endloop
  endfacet
  facet normal -0 -1 0
    outer loop
      vertex -6.88463 0 39.4796
      vertex -7.9 0 43
      vertex -7.9 0 39.0159
    endloop
  endfacet
  facet normal 0 -1 0
    outer loop
      vertex -7.9 0 69
      vertex -7.9 0 46
      vertex -2.1 0 69
    endloop
  endfacet
  facet normal 0 -1 0
    outer loop
      vertex -2.1 0 72
      vertex -7.9 0 75
      vertex -7.9 0 72
    endloop
  endfacet
  facet normal 0 -1 0
    outer loop
      vertex -7.9 0 75
      vertex -2.1 0 72
      vertex -0.600001 0 75
    endloop
  endfacet
  facet normal 0 -1 0
    outer loop
      vertex -2.1 0 69
      vertex -0.600001 0 75
      vertex -2.1 0 72
    endloop
  endfacet
  facet normal 0 -1 0
    outer loop
      vertex -2.1 0 46
      vertex -2.1 0 69
      vertex -7.9 0 46
    endloop
  endfacet
  facet normal 0 -1 0
    outer loop
      vertex -2.1 0 46
      vertex -0.600001 0 75
      vertex -2.1 0 69
    endloop
  endfacet
  facet normal 0 -1 0
    outer loop
      vertex -2.1 0 43
      vertex -0.600001 0 75
      vertex -2.1 0 46
    endloop
  endfacet
  facet normal 0 -1 0
    outer loop
      vertex -7.9 0 43
      vertex -5.76917 0 39.3193
      vertex -2.1 0 43
    endloop
  endfacet
  facet normal 0 -1 0
    outer loop
      vertex -4.91749 0 38.5813
      vertex -2.1 0 43
      vertex -5.76917 0 39.3193
    endloop
  endfacet
  facet normal 0 -1 0
    outer loop
      vertex -4.6 0 37.5
      vertex -2.1 0 43
      vertex -4.91749 0 38.5813
    endloop
  endfacet
  facet normal 0 -1 0
    outer loop
      vertex -2.1 0 18
      vertex -4.6 0 37.5
      vertex -4.91749 0 36.4187
    endloop
  endfacet
  facet normal 0 -1 0
    outer loop
      vertex -7.9 0 18
      vertex -5.76917 0 35.6807
      vertex -6.88463 0 35.5204
    endloop
  endfacet
  facet normal 0 -1 0
    outer loop
      vertex -2.1 0 18
      vertex -5.76917 0 35.6807
      vertex -7.9 0 18
    endloop
  endfacet
  facet normal 0 -1 0
    outer loop
      vertex -5.76917 0 35.6807
      vertex -2.1 0 18
      vertex -4.91749 0 36.4187
    endloop
  endfacet
  facet normal 0 -1 0
    outer loop
      vertex -4.6 0 37.5
      vertex -2.1 0 18
      vertex -2.1 0 43
    endloop
  endfacet
  facet normal 0 -1 0
    outer loop
      vertex -0.600001 0 0
      vertex -2.1 0 43
      vertex -2.1 0 18
    endloop
  endfacet
  facet normal 0 -1 0
    outer loop
      vertex -0.600001 0 0
      vertex -2.1 0 18
      vertex -2.1 0 15
    endloop
  endfacet
  facet normal 0 -1 0
    outer loop
      vertex -2.1 0 43
      vertex -0.600001 0 0
      vertex -0.600001 0 75
    endloop
  endfacet
  facet normal 0 -1 0
    outer loop
      vertex -0.600001 0 0
      vertex -2.1 0 15
      vertex -7.9 0 0
    endloop
  endfacet
  facet normal 0 -1 0
    outer loop
      vertex -34.4 0 75
      vertex -32.9 0 72
      vertex -29.9 0 75
    endloop
  endfacet
  facet normal 0 -1 0
    outer loop
      vertex -34.4 0 75
      vertex -32.9 0 69
      vertex -32.9 0 72
    endloop
  endfacet
  facet normal 0 -1 0
    outer loop
      vertex -32.9 0 69
      vertex -32.9 0 46
      vertex -29.9 0 69
    endloop
  endfacet
  facet normal 0 -1 0
    outer loop
      vertex -34.4 0 75
      vertex -32.9 0 46
      vertex -32.9 0 69
    endloop
  endfacet
  facet normal 0 -1 0
    outer loop
      vertex -34.4 0 75
      vertex -32.9 0 43
      vertex -32.9 0 46
    endloop
  endfacet
  facet normal 0 -1 0
    outer loop
      vertex -32.9 0 43
      vertex -32.9 0 18
      vertex -29.9 0 43
    endloop
  endfacet
  facet normal 0 -1 0
    outer loop
      vertex -34.4 0 0
      vertex -32.9 0 43
      vertex -34.4 0 75
    endloop
  endfacet
  facet normal 0 -1 -0
    outer loop
      vertex -32.9 0 43
      vertex -34.4 0 0
      vertex -32.9 0 18
    endloop
  endfacet
  facet normal 0 -1 -0
    outer loop
      vertex -32.9 0 18
      vertex -34.4 0 0
      vertex -32.9 0 15
    endloop
  endfacet
  facet normal 0 -1 0
    outer loop
      vertex -29.9 0 0
      vertex -32.9 0 15
      vertex -34.4 0 0
    endloop
  endfacet
  facet normal 0 -1 0
    outer loop
      vertex -32.9 0 15
      vertex -29.9 0 0
      vertex -29.9 0 15
    endloop
  endfacet
  facet normal 0 -1 -0
    outer loop
      vertex -29.9 0 75
      vertex -32.9 0 72
      vertex -29.9 0 72
    endloop
  endfacet
  facet normal 0 -1 -0
    outer loop
      vertex -29.9 0 69
      vertex -32.9 0 46
      vertex -29.9 0 46
    endloop
  endfacet
  facet normal 0 -1 -0
    outer loop
      vertex -29.9 0 43
      vertex -32.9 0 18
      vertex -29.9 0 18
    endloop
  endfacet
  facet normal 0 -1 0
    outer loop
      vertex -28.9 0 0
      vertex -22.9 0 15
      vertex -28.9 0 15
    endloop
  endfacet
  facet normal 0 -1 -0
    outer loop
      vertex -22.9 0 15
      vertex -28.9 0 0
      vertex -22.9 0 0
    endloop
  endfacet
  facet normal 0 -1 0
    outer loop
      vertex -21.9 0 0
      vertex -15.9 0 15
      vertex -21.9 0 15
    endloop
  endfacet
  facet normal 0 -1 -0
    outer loop
      vertex -15.9 0 15
      vertex -21.9 0 0
      vertex -15.9 0 0
    endloop
  endfacet
  facet normal 0 -1 0
    outer loop
      vertex -14.9 0 0
      vertex -8.9 0 15
      vertex -14.9 0 15
    endloop
  endfacet
  facet normal 0 -1 -0
    outer loop
      vertex -8.9 0 15
      vertex -14.9 0 0
      vertex -8.9 0 0
    endloop
  endfacet
  facet normal 0 -1 0
    outer loop
      vertex -28.9 0 72
      vertex -22.9 0 75
      vertex -28.9 0 75
    endloop
  endfacet
  facet normal 0 -1 -0
    outer loop
      vertex -22.9 0 75
      vertex -28.9 0 72
      vertex -22.9 0 72
    endloop
  endfacet
  facet normal 0 -1 0
    outer loop
      vertex -21.9 0 72
      vertex -15.9 0 75
      vertex -21.9 0 75
    endloop
  endfacet
  facet normal 0 -1 -0
    outer loop
      vertex -15.9 0 75
      vertex -21.9 0 72
      vertex -15.9 0 72
    endloop
  endfacet
  facet normal 0 -1 0
    outer loop
      vertex -14.9 0 72
      vertex -8.9 0 75
      vertex -14.9 0 75
    endloop
  endfacet
  facet normal 0 -1 -0
    outer loop
      vertex -8.9 0 75
      vertex -14.9 0 72
      vertex -8.9 0 72
    endloop
  endfacet
  facet normal 0 -1 0
    outer loop
      vertex -28.9 0 18
      vertex -22.9 0 43
      vertex -28.9 0 43
    endloop
  endfacet
  facet normal 0 -1 -0
    outer loop
      vertex -22.9 0 43
      vertex -28.9 0 18
      vertex -22.9 0 18
    endloop
  endfacet
  facet normal 0 -1 0
    outer loop
      vertex -21.9 0 18
      vertex -15.9 0 43
      vertex -21.9 0 43
    endloop
  endfacet
  facet normal 0 -1 -0
    outer loop
      vertex -15.9 0 43
      vertex -21.9 0 18
      vertex -15.9 0 18
    endloop
  endfacet
  facet normal 0 -1 0
    outer loop
      vertex -14.9 0 18
      vertex -8.9 0 43
      vertex -14.9 0 43
    endloop
  endfacet
  facet normal 0 -1 -0
    outer loop
      vertex -8.9 0 43
      vertex -14.9 0 18
      vertex -8.9 0 18
    endloop
  endfacet
  facet normal 0 -1 0
    outer loop
      vertex -28.9 0 46
      vertex -22.9 0 69
      vertex -28.9 0 69
    endloop
  endfacet
  facet normal 0 -1 -0
    outer loop
      vertex -22.9 0 69
      vertex -28.9 0 46
      vertex -22.9 0 46
    endloop
  endfacet
  facet normal 0 -1 0
    outer loop
      vertex -21.9 0 46
      vertex -15.9 0 69
      vertex -21.9 0 69
    endloop
  endfacet
  facet normal 0 -1 -0
    outer loop
      vertex -15.9 0 69
      vertex -21.9 0 46
      vertex -15.9 0 46
    endloop
  endfacet
  facet normal 0 -1 0
    outer loop
      vertex -14.9 0 46
      vertex -8.9 0 69
      vertex -14.9 0 69
    endloop
  endfacet
  facet normal 0 -1 -0
    outer loop
      vertex -8.9 0 69
      vertex -14.9 0 46
      vertex -8.9 0 46
    endloop
  endfacet
  facet normal 0 1 0
    outer loop
      vertex -0.600001 3.2 75
      vertex -2.1 3.2 72
      vertex -7.9 3.2 75
    endloop
  endfacet
  facet normal 0 1 0
    outer loop
      vertex -0.600001 3.2 75
      vertex -2.1 3.2 69
      vertex -2.1 3.2 72
    endloop
  endfacet
  facet normal 0 1 0
    outer loop
      vertex -2.1 3.2 69
      vertex -2.1 3.2 46
      vertex -7.9 3.2 69
    endloop
  endfacet
  facet normal 0 1 0
    outer loop
      vertex -0.600001 3.2 75
      vertex -2.1 3.2 46
      vertex -2.1 3.2 69
    endloop
  endfacet
  facet normal 0 1 0
    outer loop
      vertex -0.600001 3.2 75
      vertex -2.1 3.2 43
      vertex -2.1 3.2 46
    endloop
  endfacet
  facet normal 0 1 -0
    outer loop
      vertex -5.76917 3.2 39.3193
      vertex -7.9 3.2 43
      vertex -2.1 3.2 43
    endloop
  endfacet
  facet normal 0 1 0
    outer loop
      vertex -7.9 3.2 43
      vertex -5.76917 3.2 39.3193
      vertex -6.88463 3.2 39.4796
    endloop
  endfacet
  facet normal 0 1 0
    outer loop
      vertex -2.1 3.2 43
      vertex -4.91749 3.2 38.5813
      vertex -5.76917 3.2 39.3193
    endloop
  endfacet
  facet normal 0 1 0
    outer loop
      vertex -2.1 3.2 43
      vertex -4.6 3.2 37.5
      vertex -4.91749 3.2 38.5813
    endloop
  endfacet
  facet normal 0 1 -0
    outer loop
      vertex -2.1 3.2 18
      vertex -4.6 3.2 37.5
      vertex -2.1 3.2 43
    endloop
  endfacet
  facet normal 0 1 0
    outer loop
      vertex -5.76917 3.2 35.6807
      vertex -2.1 3.2 18
      vertex -6.88463 3.2 35.5204
    endloop
  endfacet
  facet normal 0 1 0
    outer loop
      vertex -4.91749 3.2 36.4187
      vertex -2.1 3.2 18
      vertex -5.76917 3.2 35.6807
    endloop
  endfacet
  facet normal 0 1 0
    outer loop
      vertex -4.6 3.2 37.5
      vertex -2.1 3.2 18
      vertex -4.91749 3.2 36.4187
    endloop
  endfacet
  facet normal 0 1 -0
    outer loop
      vertex -0.600001 3.2 0
      vertex -2.1 3.2 43
      vertex -0.600001 3.2 75
    endloop
  endfacet
  facet normal 0 1 0
    outer loop
      vertex -2.1 3.2 43
      vertex -0.600001 3.2 0
      vertex -2.1 3.2 18
    endloop
  endfacet
  facet normal 0 1 0
    outer loop
      vertex -2.1 3.2 18
      vertex -0.600001 3.2 0
      vertex -2.1 3.2 15
    endloop
  endfacet
  facet normal 0 1 0
    outer loop
      vertex -7.9 3.2 0
      vertex -2.1 3.2 15
      vertex -0.600001 3.2 0
    endloop
  endfacet
  facet normal 0 1 0
    outer loop
      vertex -2.1 3.2 15
      vertex -7.9 3.2 0
      vertex -7.9 3.2 15
    endloop
  endfacet
  facet normal 0 1 0
    outer loop
      vertex -7.9 3.2 75
      vertex -2.1 3.2 72
      vertex -7.9 3.2 72
    endloop
  endfacet
  facet normal 0 1 0
    outer loop
      vertex -7.9 3.2 69
      vertex -2.1 3.2 46
      vertex -7.9 3.2 46
    endloop
  endfacet
  facet normal 0 1 0
    outer loop
      vertex -7.9 3.2 43
      vertex -6.88463 3.2 39.4796
      vertex -7.9 3.2 39.0159
    endloop
  endfacet
  facet normal 0 1 0
    outer loop
      vertex -7.9 3.2 18
      vertex -6.88463 3.2 35.5204
      vertex -2.1 3.2 18
    endloop
  endfacet
  facet normal 0 1 0
    outer loop
      vertex -6.88463 3.2 35.5204
      vertex -7.9 3.2 18
      vertex -7.9 3.2 35.9841
    endloop
  endfacet
  facet normal 0 1 0
    outer loop
      vertex -29.9 3.2 15
      vertex -29.9 3.2 0
      vertex -32.9 3.2 15
    endloop
  endfacet
  facet normal 0 1 0
    outer loop
      vertex -29.9 3.2 43
      vertex -29.9 3.2 18
      vertex -32.9 3.2 43
    endloop
  endfacet
  facet normal 0 1 0
    outer loop
      vertex -29.9 3.2 69
      vertex -29.9 3.2 46
      vertex -32.9 3.2 69
    endloop
  endfacet
  facet normal 0 1 0
    outer loop
      vertex -32.9 3.2 72
      vertex -29.9 3.2 75
      vertex -29.9 3.2 72
    endloop
  endfacet
  facet normal 0 1 0
    outer loop
      vertex -29.9 3.2 75
      vertex -32.9 3.2 72
      vertex -34.4 3.2 75
    endloop
  endfacet
  facet normal 0 1 -0
    outer loop
      vertex -32.9 3.2 69
      vertex -34.4 3.2 75
      vertex -32.9 3.2 72
    endloop
  endfacet
  facet normal 0 1 0
    outer loop
      vertex -32.9 3.2 46
      vertex -32.9 3.2 69
      vertex -29.9 3.2 46
    endloop
  endfacet
  facet normal 0 1 0
    outer loop
      vertex -32.9 3.2 69
      vertex -32.9 3.2 46
      vertex -34.4 3.2 75
    endloop
  endfacet
  facet normal 0 1 -0
    outer loop
      vertex -32.9 3.2 43
      vertex -34.4 3.2 75
      vertex -32.9 3.2 46
    endloop
  endfacet
  facet normal 0 1 0
    outer loop
      vertex -32.9 3.2 18
      vertex -32.9 3.2 43
      vertex -29.9 3.2 18
    endloop
  endfacet
  facet normal 0 1 0
    outer loop
      vertex -34.4 3.2 0
      vertex -32.9 3.2 43
      vertex -32.9 3.2 18
    endloop
  endfacet
  facet normal 0 1 0
    outer loop
      vertex -34.4 3.2 0
      vertex -32.9 3.2 18
      vertex -32.9 3.2 15
    endloop
  endfacet
  facet normal 0 1 0
    outer loop
      vertex -32.9 3.2 43
      vertex -34.4 3.2 0
      vertex -34.4 3.2 75
    endloop
  endfacet
  facet normal 0 1 0
    outer loop
      vertex -34.4 3.2 0
      vertex -32.9 3.2 15
      vertex -29.9 3.2 0
    endloop
  endfacet
  facet normal 0 1 -0
    outer loop
      vertex -22.9 3.2 0
      vertex -28.9 3.2 15
      vertex -22.9 3.2 15
    endloop
  endfacet
  facet normal 0 1 0
    outer loop
      vertex -28.9 3.2 15
      vertex -22.9 3.2 0
      vertex -28.9 3.2 0
    endloop
  endfacet
  facet normal 0 1 -0
    outer loop
      vertex -15.9 3.2 0
      vertex -21.9 3.2 15
      vertex -15.9 3.2 15
    endloop
  endfacet
  facet normal 0 1 0
    outer loop
      vertex -21.9 3.2 15
      vertex -15.9 3.2 0
      vertex -21.9 3.2 0
    endloop
  endfacet
  facet normal 0 1 -0
    outer loop
      vertex -8.9 3.2 0
      vertex -14.9 3.2 15
      vertex -8.9 3.2 15
    endloop
  endfacet
  facet normal 0 1 0
    outer loop
      vertex -14.9 3.2 15
      vertex -8.9 3.2 0
      vertex -14.9 3.2 0
    endloop
  endfacet
  facet normal 0 1 -0
    outer loop
      vertex -22.9 3.2 72
      vertex -28.9 3.2 75
      vertex -22.9 3.2 75
    endloop
  endfacet
  facet normal 0 1 0
    outer loop
      vertex -28.9 3.2 75
      vertex -22.9 3.2 72
      vertex -28.9 3.2 72
    endloop
  endfacet
  facet normal 0 1 -0
    outer loop
      vertex -15.9 3.2 72
      vertex -21.9 3.2 75
      vertex -15.9 3.2 75
    endloop
  endfacet
  facet normal 0 1 0
    outer loop
      vertex -21.9 3.2 75
      vertex -15.9 3.2 72
      vertex -21.9 3.2 72
    endloop
  endfacet
  facet normal 0 1 -0
    outer loop
      vertex -8.9 3.2 72
      vertex -14.9 3.2 75
      vertex -8.9 3.2 75
    endloop
  endfacet
  facet normal 0 1 0
    outer loop
      vertex -14.9 3.2 75
      vertex -8.9 3.2 72
      vertex -14.9 3.2 72
    endloop
  endfacet
  facet normal 0 1 -0
    outer loop
      vertex -22.9 3.2 18
      vertex -28.9 3.2 43
      vertex -22.9 3.2 43
    endloop
  endfacet
  facet normal 0 1 0
    outer loop
      vertex -28.9 3.2 43
      vertex -22.9 3.2 18
      vertex -28.9 3.2 18
    endloop
  endfacet
  facet normal 0 1 -0
    outer loop
      vertex -15.9 3.2 18
      vertex -21.9 3.2 43
      vertex -15.9 3.2 43
    endloop
  endfacet
  facet normal 0 1 0
    outer loop
      vertex -21.9 3.2 43
      vertex -15.9 3.2 18
      vertex -21.9 3.2 18
    endloop
  endfacet
  facet normal 0 1 -0
    outer loop
      vertex -8.9 3.2 18
      vertex -14.9 3.2 43
      vertex -8.9 3.2 43
    endloop
  endfacet
  facet normal 0 1 0
    outer loop
      vertex -14.9 3.2 43
      vertex -8.9 3.2 18
      vertex -14.9 3.2 18
    endloop
  endfacet
  facet normal 0 1 -0
    outer loop
      vertex -22.9 3.2 46
      vertex -28.9 3.2 69
      vertex -22.9 3.2 69
    endloop
  endfacet
  facet normal 0 1 0
    outer loop
      vertex -28.9 3.2 69
      vertex -22.9 3.2 46
      vertex -28.9 3.2 46
    endloop
  endfacet
  facet normal 0 1 -0
    outer loop
      vertex -15.9 3.2 46
      vertex -21.9 3.2 69
      vertex -15.9 3.2 69
    endloop
  endfacet
  facet normal 0 1 0
    outer loop
      vertex -21.9 3.2 69
      vertex -15.9 3.2 46
      vertex -21.9 3.2 46
    endloop
  endfacet
  facet normal 0 1 -0
    outer loop
      vertex -8.9 3.2 46
      vertex -14.9 3.2 69
      vertex -8.9 3.2 69
    endloop
  endfacet
  facet normal 0 1 0
    outer loop
      vertex -14.9 3.2 69
      vertex -8.9 3.2 46
      vertex -14.9 3.2 46
    endloop
  endfacet
  facet normal 0.959495 0 -0.281726
    outer loop
      vertex -4.6 -1.2 37.5
      vertex -4.91749 0 36.4187
      vertex -4.6 0 37.5
    endloop
  endfacet
  facet normal 0.959495 0 -0.281726
    outer loop
      vertex -4.91749 0 36.4187
      vertex -4.6 -1.2 37.5
      vertex -4.91749 -1.2 36.4187
    endloop
  endfacet
  facet normal 0.959495 0 -0.281726
    outer loop
      vertex -4.6 3.2 37.5
      vertex -4.91749 4.4 36.4187
      vertex -4.6 4.4 37.5
    endloop
  endfacet
  facet normal 0.959495 0 -0.281726
    outer loop
      vertex -4.91749 4.4 36.4187
      vertex -4.6 3.2 37.5
      vertex -4.91749 3.2 36.4187
    endloop
  endfacet
  facet normal 0.142246 0 0.989831
    outer loop
      vertex -6.88463 4.4 39.4796
      vertex -5.76917 3.2 39.3193
      vertex -5.76917 4.4 39.3193
    endloop
  endfacet
  facet normal 0.142246 0 0.989831
    outer loop
      vertex -5.76917 3.2 39.3193
      vertex -6.88463 4.4 39.4796
      vertex -6.88463 3.2 39.4796
    endloop
  endfacet
  facet normal 0.142246 0 0.989831
    outer loop
      vertex -6.88463 0 39.4796
      vertex -5.76917 -1.2 39.3193
      vertex -5.76917 0 39.3193
    endloop
  endfacet
  facet normal 0.142246 0 0.989831
    outer loop
      vertex -5.76917 -1.2 39.3193
      vertex -6.88463 0 39.4796
      vertex -6.88463 -1.2 39.4796
    endloop
  endfacet
  facet normal 0.142246 0 -0.989831
    outer loop
      vertex -6.88463 3.2 35.5204
      vertex -5.76917 4.4 35.6807
      vertex -5.76917 3.2 35.6807
    endloop
  endfacet
  facet normal 0.142246 0 -0.989831
    outer loop
      vertex -5.76917 4.4 35.6807
      vertex -6.88463 3.2 35.5204
      vertex -6.88463 4.4 35.5204
    endloop
  endfacet
  facet normal 0.142246 0 -0.989831
    outer loop
      vertex -6.88463 -1.2 35.5204
      vertex -5.76917 0 35.6807
      vertex -5.76917 -1.2 35.6807
    endloop
  endfacet
  facet normal 0.142246 0 -0.989831
    outer loop
      vertex -5.76917 0 35.6807
      vertex -6.88463 -1.2 35.5204
      vertex -6.88463 0 35.5204
    endloop
  endfacet
  facet normal 0.654868 0 -0.755743
    outer loop
      vertex -5.76917 -1.2 35.6807
      vertex -4.91749 0 36.4187
      vertex -4.91749 -1.2 36.4187
    endloop
  endfacet
  facet normal 0.654868 0 -0.755743
    outer loop
      vertex -4.91749 0 36.4187
      vertex -5.76917 -1.2 35.6807
      vertex -5.76917 0 35.6807
    endloop
  endfacet
  facet normal 0.654868 0 -0.755743
    outer loop
      vertex -5.76917 3.2 35.6807
      vertex -4.91749 4.4 36.4187
      vertex -4.91749 3.2 36.4187
    endloop
  endfacet
  facet normal 0.654868 0 -0.755743
    outer loop
      vertex -4.91749 4.4 36.4187
      vertex -5.76917 3.2 35.6807
      vertex -5.76917 4.4 35.6807
    endloop
  endfacet
  facet normal 0 1 0
    outer loop
      vertex -5.76917 4.4 39.3193
      vertex -7.90972 4.4 39.0115
      vertex -6.88463 4.4 39.4796
    endloop
  endfacet
  facet normal 0 1 0
    outer loop
      vertex -4.91749 4.4 38.5813
      vertex -7.90972 4.4 39.0115
      vertex -5.76917 4.4 39.3193
    endloop
  endfacet
  facet normal 0 1 0
    outer loop
      vertex -4.91749 4.4 38.5813
      vertex -8.51899 4.4 38.0635
      vertex -7.90972 4.4 39.0115
    endloop
  endfacet
  facet normal 0 1 0
    outer loop
      vertex -4.6 4.4 37.5
      vertex -8.51899 4.4 38.0635
      vertex -4.91749 4.4 38.5813
    endloop
  endfacet
  facet normal 0 1 0
    outer loop
      vertex -4.6 4.4 37.5
      vertex -8.51899 4.4 36.9365
      vertex -8.51899 4.4 38.0635
    endloop
  endfacet
  facet normal 0 1 -0
    outer loop
      vertex -4.91749 4.4 36.4187
      vertex -8.51899 4.4 36.9365
      vertex -4.6 4.4 37.5
    endloop
  endfacet
  facet normal 0 1 0
    outer loop
      vertex -4.91749 4.4 36.4187
      vertex -7.90972 4.4 35.9885
      vertex -8.51899 4.4 36.9365
    endloop
  endfacet
  facet normal 0 1 -0
    outer loop
      vertex -5.76917 4.4 35.6807
      vertex -7.90972 4.4 35.9885
      vertex -4.91749 4.4 36.4187
    endloop
  endfacet
  facet normal 0 1 0
    outer loop
      vertex -7.90972 4.4 35.9885
      vertex -5.76917 4.4 35.6807
      vertex -6.88463 4.4 35.5204
    endloop
  endfacet
  facet normal 0 -1 0
    outer loop
      vertex -7.90972 -1.2 39.0115
      vertex -5.76917 -1.2 39.3193
      vertex -6.88463 -1.2 39.4796
    endloop
  endfacet
  facet normal 0 -1 0
    outer loop
      vertex -7.90972 -1.2 39.0115
      vertex -4.91749 -1.2 38.5813
      vertex -5.76917 -1.2 39.3193
    endloop
  endfacet
  facet normal 0 -1 0
    outer loop
      vertex -8.51899 -1.2 38.0635
      vertex -4.91749 -1.2 38.5813
      vertex -7.90972 -1.2 39.0115
    endloop
  endfacet
  facet normal 0 -1 0
    outer loop
      vertex -8.51899 -1.2 38.0635
      vertex -4.6 -1.2 37.5
      vertex -4.91749 -1.2 38.5813
    endloop
  endfacet
  facet normal 0 -1 0
    outer loop
      vertex -8.51899 -1.2 36.9365
      vertex -4.6 -1.2 37.5
      vertex -8.51899 -1.2 38.0635
    endloop
  endfacet
  facet normal 0 -1 0
    outer loop
      vertex -8.51899 -1.2 36.9365
      vertex -4.91749 -1.2 36.4187
      vertex -4.6 -1.2 37.5
    endloop
  endfacet
  facet normal 0 -1 0
    outer loop
      vertex -7.90972 -1.2 35.9885
      vertex -4.91749 -1.2 36.4187
      vertex -8.51899 -1.2 36.9365
    endloop
  endfacet
  facet normal 0 -1 0
    outer loop
      vertex -7.90972 -1.2 35.9885
      vertex -5.76917 -1.2 35.6807
      vertex -4.91749 -1.2 36.4187
    endloop
  endfacet
  facet normal -0 -1 0
    outer loop
      vertex -5.76917 -1.2 35.6807
      vertex -7.90972 -1.2 35.9885
      vertex -6.88463 -1.2 35.5204
    endloop
  endfacet
  facet normal 0.654868 0 0.755743
    outer loop
      vertex -5.76917 4.4 39.3193
      vertex -4.91749 3.2 38.5813
      vertex -4.91749 4.4 38.5813
    endloop
  endfacet
  facet normal 0.654868 0 0.755743
    outer loop
      vertex -4.91749 3.2 38.5813
      vertex -5.76917 4.4 39.3193
      vertex -5.76917 3.2 39.3193
    endloop
  endfacet
  facet normal 0.654868 0 0.755743
    outer loop
      vertex -5.76917 0 39.3193
      vertex -4.91749 -1.2 38.5813
      vertex -4.91749 0 38.5813
    endloop
  endfacet
  facet normal 0.654868 0 0.755743
    outer loop
      vertex -4.91749 -1.2 38.5813
      vertex -5.76917 0 39.3193
      vertex -5.76917 -1.2 39.3193
    endloop
  endfacet
  facet normal -0.841242 0 -0.540658
    outer loop
      vertex -7.90972 3.7 35.9885
      vertex -8.51899 4.4 36.9365
      vertex -7.90972 4.4 35.9885
    endloop
  endfacet
  facet normal -0.841242 -0 -0.540658
    outer loop
      vertex -8.51899 4.4 36.9365
      vertex -7.90972 3.7 35.9885
      vertex -8.51899 3.7 36.9365
    endloop
  endfacet
  facet normal -0.841242 0 -0.540658
    outer loop
      vertex -7.90972 -1.2 35.9885
      vertex -8.51899 -0.5 36.9365
      vertex -7.90972 -0.5 35.9885
    endloop
  endfacet
  facet normal -0.841242 -0 -0.540658
    outer loop
      vertex -8.51899 -0.5 36.9365
      vertex -7.90972 -1.2 35.9885
      vertex -8.51899 -1.2 36.9365
    endloop
  endfacet
  facet normal -1 0 0
    outer loop
      vertex -8.51899 3.7 36.9365
      vertex -8.51899 4.4 38.0635
      vertex -8.51899 4.4 36.9365
    endloop
  endfacet
  facet normal -1 -0 0
    outer loop
      vertex -8.51899 4.4 38.0635
      vertex -8.51899 3.7 36.9365
      vertex -8.51899 3.7 38.0635
    endloop
  endfacet
  facet normal -1 0 0
    outer loop
      vertex -8.51899 -1.2 36.9365
      vertex -8.51899 -0.5 38.0635
      vertex -8.51899 -0.5 36.9365
    endloop
  endfacet
  facet normal -1 -0 0
    outer loop
      vertex -8.51899 -0.5 38.0635
      vertex -8.51899 -1.2 36.9365
      vertex -8.51899 -1.2 38.0635
    endloop
  endfacet
  facet normal -0.415412 0 -0.909633
    outer loop
      vertex -6.88463 -1.2 35.5204
      vertex -7.9 -0.5 35.9841
      vertex -6.88463 0 35.5204
    endloop
  endfacet
  facet normal -0.415384 5.01193e-05 -0.909646
    outer loop
      vertex -7.90972 -1.2 35.9885
      vertex -7.9 -0.5 35.9841
      vertex -6.88463 -1.2 35.5204
    endloop
  endfacet
  facet normal -0.41239 0 -0.911007
    outer loop
      vertex -7.9 -0.5 35.9841
      vertex -7.90972 -1.2 35.9885
      vertex -7.90972 -0.5 35.9885
    endloop
  endfacet
  facet normal -0.415412 0 -0.909633
    outer loop
      vertex -6.88463 0 35.5204
      vertex -7.9 -0.5 35.9841
      vertex -7.9 0 35.9841
    endloop
  endfacet
  facet normal -0.415412 -0 -0.909633
    outer loop
      vertex -7.9 3.7 35.9841
      vertex -6.88463 3.2 35.5204
      vertex -7.9 3.2 35.9841
    endloop
  endfacet
  facet normal -0.415412 0 -0.909633
    outer loop
      vertex -6.88463 3.2 35.5204
      vertex -7.9 3.7 35.9841
      vertex -6.88463 4.4 35.5204
    endloop
  endfacet
  facet normal -0.41239 -0 -0.911007
    outer loop
      vertex -7.90972 4.4 35.9885
      vertex -7.9 3.7 35.9841
      vertex -7.90972 3.7 35.9885
    endloop
  endfacet
  facet normal -0.415384 -5.01193e-05 -0.909646
    outer loop
      vertex -7.9 3.7 35.9841
      vertex -7.90972 4.4 35.9885
      vertex -6.88463 4.4 35.5204
    endloop
  endfacet
  facet normal 0.959495 -0 0.281726
    outer loop
      vertex -4.91749 -1.2 38.5813
      vertex -4.6 0 37.5
      vertex -4.91749 0 38.5813
    endloop
  endfacet
  facet normal 0.959495 0 0.281726
    outer loop
      vertex -4.6 0 37.5
      vertex -4.91749 -1.2 38.5813
      vertex -4.6 -1.2 37.5
    endloop
  endfacet
  facet normal 0.959495 -0 0.281726
    outer loop
      vertex -4.91749 3.2 38.5813
      vertex -4.6 4.4 37.5
      vertex -4.91749 4.4 38.5813
    endloop
  endfacet
  facet normal 0.959495 0 0.281726
    outer loop
      vertex -4.6 4.4 37.5
      vertex -4.91749 3.2 38.5813
      vertex -4.6 3.2 37.5
    endloop
  endfacet
  facet normal -0.841242 0 0.540658
    outer loop
      vertex -8.51899 3.7 38.0635
      vertex -7.90972 4.4 39.0115
      vertex -8.51899 4.4 38.0635
    endloop
  endfacet
  facet normal -0.841242 0 0.540658
    outer loop
      vertex -7.90972 4.4 39.0115
      vertex -8.51899 3.7 38.0635
      vertex -7.90972 3.7 39.0115
    endloop
  endfacet
  facet normal -0.841242 0 0.540658
    outer loop
      vertex -8.51899 -1.2 38.0635
      vertex -7.90972 -0.5 39.0115
      vertex -8.51899 -0.5 38.0635
    endloop
  endfacet
  facet normal -0.841242 0 0.540658
    outer loop
      vertex -7.90972 -0.5 39.0115
      vertex -8.51899 -1.2 38.0635
      vertex -7.90972 -1.2 39.0115
    endloop
  endfacet
  facet normal -0.415412 0 0.909633
    outer loop
      vertex -6.88463 4.4 39.4796
      vertex -7.9 3.7 39.0159
      vertex -6.88463 3.2 39.4796
    endloop
  endfacet
  facet normal -0.415384 -5.01193e-05 0.909646
    outer loop
      vertex -7.90972 4.4 39.0115
      vertex -7.9 3.7 39.0159
      vertex -6.88463 4.4 39.4796
    endloop
  endfacet
  facet normal -0.41239 0 0.911007
    outer loop
      vertex -7.9 3.7 39.0159
      vertex -7.90972 4.4 39.0115
      vertex -7.90972 3.7 39.0115
    endloop
  endfacet
  facet normal -0.415412 0 0.909633
    outer loop
      vertex -6.88463 3.2 39.4796
      vertex -7.9 3.7 39.0159
      vertex -7.9 3.2 39.0159
    endloop
  endfacet
  facet normal -0.415412 0 0.909633
    outer loop
      vertex -7.9 -0.5 39.0159
      vertex -6.88463 0 39.4796
      vertex -7.9 0 39.0159
    endloop
  endfacet
  facet normal -0.415412 0 0.909633
    outer loop
      vertex -6.88463 0 39.4796
      vertex -7.9 -0.5 39.0159
      vertex -6.88463 -1.2 39.4796
    endloop
  endfacet
  facet normal -0.41239 0 0.911007
    outer loop
      vertex -7.90972 -1.2 39.0115
      vertex -7.9 -0.5 39.0159
      vertex -7.90972 -0.5 39.0115
    endloop
  endfacet
  facet normal -0.415384 5.01193e-05 0.909646
    outer loop
      vertex -7.9 -0.5 39.0159
      vertex -7.90972 -1.2 39.0115
      vertex -6.88463 -1.2 39.4796
    endloop
  endfacet
  facet normal -1 0 0
    outer loop
      vertex 5.1 -0.5 0
      vertex 5.1 0 15
      vertex 5.1 0 0
    endloop
  endfacet
  facet normal -1 -0 0
    outer loop
      vertex 5.1 0 15
      vertex 5.1 -0.5 0
      vertex 5.1 -0.5 15
    endloop
  endfacet
  facet normal -1 0 0
    outer loop
      vertex 5.1 -0.5 72
      vertex 5.1 0 75
      vertex 5.1 0 72
    endloop
  endfacet
  facet normal -1 -0 0
    outer loop
      vertex 5.1 0 75
      vertex 5.1 -0.5 72
      vertex 5.1 -0.5 75
    endloop
  endfacet
  facet normal -1 0 0
    outer loop
      vertex 5.1 3.2 72
      vertex 5.1 3.7 75
      vertex 5.1 3.7 72
    endloop
  endfacet
  facet normal -1 -0 0
    outer loop
      vertex 5.1 3.7 75
      vertex 5.1 3.2 72
      vertex 5.1 3.2 75
    endloop
  endfacet
  facet normal -1 0 0
    outer loop
      vertex 5.1 3.2 0
      vertex 5.1 3.7 15
      vertex 5.1 3.7 0
    endloop
  endfacet
  facet normal -1 -0 0
    outer loop
      vertex 5.1 3.7 15
      vertex 5.1 3.2 0
      vertex 5.1 3.2 15
    endloop
  endfacet
  facet normal -1 0 0
    outer loop
      vertex 5.1 -0.5 18
      vertex 5.1 0 36.2606
      vertex 5.1 0 18
    endloop
  endfacet
  facet normal -1 -0 0
    outer loop
      vertex 5.1 0 36.2606
      vertex 5.1 -0.5 18
      vertex 5.1 -0.5 36.2606
    endloop
  endfacet
  facet normal -1 0 0
    outer loop
      vertex 5.1 3.2 18
      vertex 5.1 3.7 36.2606
      vertex 5.1 3.7 18
    endloop
  endfacet
  facet normal -1 -0 0
    outer loop
      vertex 5.1 3.7 36.2606
      vertex 5.1 3.2 18
      vertex 5.1 3.2 36.2606
    endloop
  endfacet
  facet normal -1 0 0
    outer loop
      vertex 5.1 -0.5 38.7394
      vertex 5.1 0 43
      vertex 5.1 0 38.7394
    endloop
  endfacet
  facet normal -1 -0 0
    outer loop
      vertex 5.1 0 43
      vertex 5.1 -0.5 38.7394
      vertex 5.1 -0.5 43
    endloop
  endfacet
  facet normal -1 0 0
    outer loop
      vertex 5.1 3.2 38.7394
      vertex 5.1 3.7 43
      vertex 5.1 3.7 38.7394
    endloop
  endfacet
  facet normal -1 -0 0
    outer loop
      vertex 5.1 3.7 43
      vertex 5.1 3.2 38.7394
      vertex 5.1 3.2 43
    endloop
  endfacet
  facet normal -1 0 0
    outer loop
      vertex 5.1 -0.5 46
      vertex 5.1 0 69
      vertex 5.1 0 46
    endloop
  endfacet
  facet normal -1 -0 0
    outer loop
      vertex 5.1 0 69
      vertex 5.1 -0.5 46
      vertex 5.1 -0.5 69
    endloop
  endfacet
  facet normal -1 0 0
    outer loop
      vertex 5.1 3.2 46
      vertex 5.1 3.7 69
      vertex 5.1 3.7 46
    endloop
  endfacet
  facet normal -1 -0 0
    outer loop
      vertex 5.1 3.7 69
      vertex 5.1 3.2 46
      vertex 5.1 3.2 69
    endloop
  endfacet
  facet normal -0 0 1
    outer loop
      vertex 0.6 3.2 75
      vertex 5.1 0 75
      vertex 5.1 3.2 75
    endloop
  endfacet
  facet normal 0 0 1
    outer loop
      vertex 5.1 0 75
      vertex 0.6 3.2 75
      vertex 0.6 0 75
    endloop
  endfacet
  facet normal 0 0 1
    outer loop
      vertex 5.1 3.2 75
      vertex 6.1 3.2 75
      vertex 6.1 3.7 75
    endloop
  endfacet
  facet normal 0 0 1
    outer loop
      vertex 6.1 3.2 75
      vertex 5.1 3.2 75
      vertex 6.1 0 75
    endloop
  endfacet
  facet normal 0 0 1
    outer loop
      vertex 5.1 3.2 75
      vertex 6.1 3.7 75
      vertex 5.1 3.7 75
    endloop
  endfacet
  facet normal 0 0 1
    outer loop
      vertex 5.1 0 75
      vertex 6.1 0 75
      vertex 5.1 3.2 75
    endloop
  endfacet
  facet normal 0 0 1
    outer loop
      vertex 6.1 0 75
      vertex 5.1 0 75
      vertex 6.1 -0.5 75
    endloop
  endfacet
  facet normal 0 0 1
    outer loop
      vertex 6.1 -0.5 75
      vertex 5.1 0 75
      vertex 5.1 -0.5 75
    endloop
  endfacet
  facet normal -0 0 1
    outer loop
      vertex 6.1 3.2 75
      vertex 12.1 0 75
      vertex 12.1 3.2 75
    endloop
  endfacet
  facet normal 0 0 1
    outer loop
      vertex 12.1 0 75
      vertex 6.1 3.2 75
      vertex 6.1 0 75
    endloop
  endfacet
  facet normal 0 0 1
    outer loop
      vertex 12.1 3.2 75
      vertex 13.1 3.2 75
      vertex 13.1 3.7 75
    endloop
  endfacet
  facet normal 0 0 1
    outer loop
      vertex 13.1 3.2 75
      vertex 12.1 3.2 75
      vertex 13.1 0 75
    endloop
  endfacet
  facet normal 0 0 1
    outer loop
      vertex 12.1 3.2 75
      vertex 13.1 3.7 75
      vertex 12.1 3.7 75
    endloop
  endfacet
  facet normal 0 0 1
    outer loop
      vertex 12.1 0 75
      vertex 13.1 0 75
      vertex 12.1 3.2 75
    endloop
  endfacet
  facet normal 0 0 1
    outer loop
      vertex 13.1 0 75
      vertex 12.1 0 75
      vertex 13.1 -0.5 75
    endloop
  endfacet
  facet normal 0 0 1
    outer loop
      vertex 13.1 -0.5 75
      vertex 12.1 0 75
      vertex 12.1 -0.5 75
    endloop
  endfacet
  facet normal -0 0 1
    outer loop
      vertex 13.1 3.2 75
      vertex 19.1 0 75
      vertex 19.1 3.2 75
    endloop
  endfacet
  facet normal 0 0 1
    outer loop
      vertex 19.1 0 75
      vertex 13.1 3.2 75
      vertex 13.1 0 75
    endloop
  endfacet
  facet normal 0 0 1
    outer loop
      vertex 19.1 3.2 75
      vertex 20.1 3.2 75
      vertex 20.1 3.7 75
    endloop
  endfacet
  facet normal 0 0 1
    outer loop
      vertex 20.1 3.2 75
      vertex 19.1 3.2 75
      vertex 20.1 0 75
    endloop
  endfacet
  facet normal 0 0 1
    outer loop
      vertex 19.1 3.2 75
      vertex 20.1 3.7 75
      vertex 19.1 3.7 75
    endloop
  endfacet
  facet normal 0 0 1
    outer loop
      vertex 19.1 0 75
      vertex 20.1 0 75
      vertex 19.1 3.2 75
    endloop
  endfacet
  facet normal 0 0 1
    outer loop
      vertex 20.1 0 75
      vertex 19.1 0 75
      vertex 20.1 -0.5 75
    endloop
  endfacet
  facet normal 0 0 1
    outer loop
      vertex 20.1 -0.5 75
      vertex 19.1 0 75
      vertex 19.1 -0.5 75
    endloop
  endfacet
  facet normal -0 0 1
    outer loop
      vertex 20.1 3.2 75
      vertex 26.1 0 75
      vertex 26.1 3.2 75
    endloop
  endfacet
  facet normal 0 0 1
    outer loop
      vertex 26.1 0 75
      vertex 20.1 3.2 75
      vertex 20.1 0 75
    endloop
  endfacet
  facet normal 0 0 1
    outer loop
      vertex 26.1 3.2 75
      vertex 27.1 3.2 75
      vertex 27.1 3.7 75
    endloop
  endfacet
  facet normal 0 0 1
    outer loop
      vertex 27.1 3.2 75
      vertex 26.1 3.2 75
      vertex 27.1 0 75
    endloop
  endfacet
  facet normal 0 0 1
    outer loop
      vertex 26.1 3.2 75
      vertex 27.1 3.7 75
      vertex 26.1 3.7 75
    endloop
  endfacet
  facet normal 0 0 1
    outer loop
      vertex 26.1 0 75
      vertex 27.1 0 75
      vertex 26.1 3.2 75
    endloop
  endfacet
  facet normal 0 0 1
    outer loop
      vertex 27.1 0 75
      vertex 26.1 0 75
      vertex 27.1 -0.5 75
    endloop
  endfacet
  facet normal 0 0 1
    outer loop
      vertex 27.1 -0.5 75
      vertex 26.1 0 75
      vertex 26.1 -0.5 75
    endloop
  endfacet
  facet normal -0 0 1
    outer loop
      vertex 27.1 3.2 75
      vertex 34.4 0 75
      vertex 34.4 3.2 75
    endloop
  endfacet
  facet normal 0 0 1
    outer loop
      vertex 34.4 0 75
      vertex 27.1 3.2 75
      vertex 27.1 0 75
    endloop
  endfacet
  facet normal 1 -0 0
    outer loop
      vertex 6.1 -0.5 75
      vertex 6.1 0 72
      vertex 6.1 0 75
    endloop
  endfacet
  facet normal 1 0 0
    outer loop
      vertex 6.1 0 72
      vertex 6.1 -0.5 75
      vertex 6.1 -0.5 72
    endloop
  endfacet
  facet normal 1 -0 0
    outer loop
      vertex 6.1 3.2 15
      vertex 6.1 3.7 0
      vertex 6.1 3.7 15
    endloop
  endfacet
  facet normal 1 0 0
    outer loop
      vertex 6.1 3.7 0
      vertex 6.1 3.2 15
      vertex 6.1 3.2 0
    endloop
  endfacet
  facet normal 1 -0 0
    outer loop
      vertex 6.1 3.2 75
      vertex 6.1 3.7 72
      vertex 6.1 3.7 75
    endloop
  endfacet
  facet normal 1 0 0
    outer loop
      vertex 6.1 3.7 72
      vertex 6.1 3.2 75
      vertex 6.1 3.2 72
    endloop
  endfacet
  facet normal 1 -0 0
    outer loop
      vertex 6.1 -0.5 15
      vertex 6.1 0 0
      vertex 6.1 0 15
    endloop
  endfacet
  facet normal 1 0 0
    outer loop
      vertex 6.1 0 0
      vertex 6.1 -0.5 15
      vertex 6.1 -0.5 0
    endloop
  endfacet
  facet normal 1 -0 0
    outer loop
      vertex 6.1 3.2 43
      vertex 6.1 3.7 18
      vertex 6.1 3.7 43
    endloop
  endfacet
  facet normal 1 0 0
    outer loop
      vertex 6.1 3.7 18
      vertex 6.1 3.2 43
      vertex 6.1 3.2 18
    endloop
  endfacet
  facet normal 1 -0 0
    outer loop
      vertex 6.1 -0.5 43
      vertex 6.1 0 18
      vertex 6.1 0 43
    endloop
  endfacet
  facet normal 1 0 0
    outer loop
      vertex 6.1 0 18
      vertex 6.1 -0.5 43
      vertex 6.1 -0.5 18
    endloop
  endfacet
  facet normal 1 -0 0
    outer loop
      vertex 6.1 3.2 69
      vertex 6.1 3.7 46
      vertex 6.1 3.7 69
    endloop
  endfacet
  facet normal 1 0 0
    outer loop
      vertex 6.1 3.7 46
      vertex 6.1 3.2 69
      vertex 6.1 3.2 46
    endloop
  endfacet
  facet normal 1 -0 0
    outer loop
      vertex 6.1 -0.5 69
      vertex 6.1 0 46
      vertex 6.1 0 69
    endloop
  endfacet
  facet normal 1 0 0
    outer loop
      vertex 6.1 0 46
      vertex 6.1 -0.5 69
      vertex 6.1 -0.5 46
    endloop
  endfacet
  facet normal 0 1 -0
    outer loop
      vertex 6.1 3.7 0
      vertex 5.1 3.7 15
      vertex 6.1 3.7 15
    endloop
  endfacet
  facet normal 0 1 0
    outer loop
      vertex 5.1 3.7 15
      vertex 6.1 3.7 0
      vertex 5.1 3.7 0
    endloop
  endfacet
  facet normal 0 1 -0
    outer loop
      vertex 6.1 3.7 72
      vertex 5.1 3.7 75
      vertex 6.1 3.7 75
    endloop
  endfacet
  facet normal 0 1 0
    outer loop
      vertex 5.1 3.7 75
      vertex 6.1 3.7 72
      vertex 5.1 3.7 72
    endloop
  endfacet
  facet normal 0 1 0
    outer loop
      vertex 6.1 3.7 43
      vertex 5.1 3.7 38.7394
      vertex 5.1 3.7 43
    endloop
  endfacet
  facet normal 0 1 0
    outer loop
      vertex 6.1 3.7 43
      vertex 5.28251 3.7 38.5813
      vertex 5.1 3.7 38.7394
    endloop
  endfacet
  facet normal 0 1 0
    outer loop
      vertex 6.1 3.7 43
      vertex 5.6 3.7 37.5
      vertex 5.28251 3.7 38.5813
    endloop
  endfacet
  facet normal 0 1 -0
    outer loop
      vertex 6.1 3.7 18
      vertex 5.6 3.7 37.5
      vertex 6.1 3.7 43
    endloop
  endfacet
  facet normal 0 1 0
    outer loop
      vertex 6.1 3.7 18
      vertex 5.28251 3.7 36.4187
      vertex 5.6 3.7 37.5
    endloop
  endfacet
  facet normal 0 1 0
    outer loop
      vertex 6.1 3.7 18
      vertex 5.1 3.7 36.2606
      vertex 5.28251 3.7 36.4187
    endloop
  endfacet
  facet normal 0 1 0
    outer loop
      vertex 5.1 3.7 36.2606
      vertex 6.1 3.7 18
      vertex 5.1 3.7 18
    endloop
  endfacet
  facet normal 0 1 -0
    outer loop
      vertex 6.1 3.7 46
      vertex 5.1 3.7 69
      vertex 6.1 3.7 69
    endloop
  endfacet
  facet normal 0 1 0
    outer loop
      vertex 5.1 3.7 69
      vertex 6.1 3.7 46
      vertex 5.1 3.7 46
    endloop
  endfacet
  facet normal 0 0 -1
    outer loop
      vertex 0.6 0 0
      vertex 5.1 3.2 0
      vertex 5.1 0 0
    endloop
  endfacet
  facet normal -0 0 -1
    outer loop
      vertex 5.1 3.2 0
      vertex 0.6 0 0
      vertex 0.6 3.2 0
    endloop
  endfacet
  facet normal 0 0 -1
    outer loop
      vertex 5.1 0 0
      vertex 6.1 0 0
      vertex 6.1 -0.5 0
    endloop
  endfacet
  facet normal 0 0 -1
    outer loop
      vertex 6.1 0 0
      vertex 5.1 0 0
      vertex 6.1 3.2 0
    endloop
  endfacet
  facet normal 0 0 -1
    outer loop
      vertex 5.1 0 0
      vertex 6.1 -0.5 0
      vertex 5.1 -0.5 0
    endloop
  endfacet
  facet normal 0 0 -1
    outer loop
      vertex 5.1 3.2 0
      vertex 6.1 3.2 0
      vertex 5.1 0 0
    endloop
  endfacet
  facet normal 0 0 -1
    outer loop
      vertex 6.1 3.2 0
      vertex 5.1 3.2 0
      vertex 6.1 3.7 0
    endloop
  endfacet
  facet normal -0 0 -1
    outer loop
      vertex 6.1 3.7 0
      vertex 5.1 3.2 0
      vertex 5.1 3.7 0
    endloop
  endfacet
  facet normal 0 0 -1
    outer loop
      vertex 6.1 0 0
      vertex 12.1 3.2 0
      vertex 12.1 0 0
    endloop
  endfacet
  facet normal -0 0 -1
    outer loop
      vertex 12.1 3.2 0
      vertex 6.1 0 0
      vertex 6.1 3.2 0
    endloop
  endfacet
  facet normal 0 0 -1
    outer loop
      vertex 12.1 0 0
      vertex 13.1 0 0
      vertex 13.1 -0.5 0
    endloop
  endfacet
  facet normal 0 0 -1
    outer loop
      vertex 13.1 0 0
      vertex 12.1 0 0
      vertex 13.1 3.2 0
    endloop
  endfacet
  facet normal 0 0 -1
    outer loop
      vertex 12.1 0 0
      vertex 13.1 -0.5 0
      vertex 12.1 -0.5 0
    endloop
  endfacet
  facet normal 0 0 -1
    outer loop
      vertex 12.1 3.2 0
      vertex 13.1 3.2 0
      vertex 12.1 0 0
    endloop
  endfacet
  facet normal 0 0 -1
    outer loop
      vertex 13.1 3.2 0
      vertex 12.1 3.2 0
      vertex 13.1 3.7 0
    endloop
  endfacet
  facet normal -0 0 -1
    outer loop
      vertex 13.1 3.7 0
      vertex 12.1 3.2 0
      vertex 12.1 3.7 0
    endloop
  endfacet
  facet normal 0 0 -1
    outer loop
      vertex 13.1 0 0
      vertex 19.1 3.2 0
      vertex 19.1 0 0
    endloop
  endfacet
  facet normal -0 0 -1
    outer loop
      vertex 19.1 3.2 0
      vertex 13.1 0 0
      vertex 13.1 3.2 0
    endloop
  endfacet
  facet normal 0 0 -1
    outer loop
      vertex 19.1 0 0
      vertex 20.1 0 0
      vertex 20.1 -0.5 0
    endloop
  endfacet
  facet normal 0 0 -1
    outer loop
      vertex 20.1 0 0
      vertex 19.1 0 0
      vertex 20.1 3.2 0
    endloop
  endfacet
  facet normal 0 0 -1
    outer loop
      vertex 19.1 0 0
      vertex 20.1 -0.5 0
      vertex 19.1 -0.5 0
    endloop
  endfacet
  facet normal 0 0 -1
    outer loop
      vertex 19.1 3.2 0
      vertex 20.1 3.2 0
      vertex 19.1 0 0
    endloop
  endfacet
  facet normal 0 0 -1
    outer loop
      vertex 20.1 3.2 0
      vertex 19.1 3.2 0
      vertex 20.1 3.7 0
    endloop
  endfacet
  facet normal -0 0 -1
    outer loop
      vertex 20.1 3.7 0
      vertex 19.1 3.2 0
      vertex 19.1 3.7 0
    endloop
  endfacet
  facet normal 0 0 -1
    outer loop
      vertex 20.1 0 0
      vertex 26.1 3.2 0
      vertex 26.1 0 0
    endloop
  endfacet
  facet normal -0 0 -1
    outer loop
      vertex 26.1 3.2 0
      vertex 20.1 0 0
      vertex 20.1 3.2 0
    endloop
  endfacet
  facet normal 0 0 -1
    outer loop
      vertex 26.1 0 0
      vertex 27.1 0 0
      vertex 27.1 -0.5 0
    endloop
  endfacet
  facet normal 0 0 -1
    outer loop
      vertex 27.1 0 0
      vertex 26.1 0 0
      vertex 27.1 3.2 0
    endloop
  endfacet
  facet normal 0 0 -1
    outer loop
      vertex 26.1 0 0
      vertex 27.1 -0.5 0
      vertex 26.1 -0.5 0
    endloop
  endfacet
  facet normal 0 0 -1
    outer loop
      vertex 26.1 3.2 0
      vertex 27.1 3.2 0
      vertex 26.1 0 0
    endloop
  endfacet
  facet normal 0 0 -1
    outer loop
      vertex 27.1 3.2 0
      vertex 26.1 3.2 0
      vertex 27.1 3.7 0
    endloop
  endfacet
  facet normal -0 0 -1
    outer loop
      vertex 27.1 3.7 0
      vertex 26.1 3.2 0
      vertex 26.1 3.7 0
    endloop
  endfacet
  facet normal 0 0 -1
    outer loop
      vertex 27.1 0 0
      vertex 34.4 3.2 0
      vertex 34.4 0 0
    endloop
  endfacet
  facet normal -0 0 -1
    outer loop
      vertex 34.4 3.2 0
      vertex 27.1 0 0
      vertex 27.1 3.2 0
    endloop
  endfacet
  facet normal 0 -1 0
    outer loop
      vertex 5.1 -0.5 72
      vertex 6.1 -0.5 75
      vertex 5.1 -0.5 75
    endloop
  endfacet
  facet normal 0 -1 -0
    outer loop
      vertex 6.1 -0.5 75
      vertex 5.1 -0.5 72
      vertex 6.1 -0.5 72
    endloop
  endfacet
  facet normal 0 -1 0
    outer loop
      vertex 5.1 -0.5 0
      vertex 6.1 -0.5 15
      vertex 5.1 -0.5 15
    endloop
  endfacet
  facet normal 0 -1 -0
    outer loop
      vertex 6.1 -0.5 15
      vertex 5.1 -0.5 0
      vertex 6.1 -0.5 0
    endloop
  endfacet
  facet normal 0 -1 0
    outer loop
      vertex 5.1 -0.5 38.7394
      vertex 6.1 -0.5 43
      vertex 5.1 -0.5 43
    endloop
  endfacet
  facet normal 0 -1 0
    outer loop
      vertex 5.28251 -0.5 38.5813
      vertex 6.1 -0.5 43
      vertex 5.1 -0.5 38.7394
    endloop
  endfacet
  facet normal 0 -1 0
    outer loop
      vertex 5.6 -0.5 37.5
      vertex 6.1 -0.5 43
      vertex 5.28251 -0.5 38.5813
    endloop
  endfacet
  facet normal 0 -1 0
    outer loop
      vertex 6.1 -0.5 18
      vertex 5.1 -0.5 36.2606
      vertex 5.1 -0.5 18
    endloop
  endfacet
  facet normal 0 -1 0
    outer loop
      vertex 5.1 -0.5 36.2606
      vertex 6.1 -0.5 18
      vertex 5.28251 -0.5 36.4187
    endloop
  endfacet
  facet normal 0 -1 0
    outer loop
      vertex 5.28251 -0.5 36.4187
      vertex 6.1 -0.5 18
      vertex 5.6 -0.5 37.5
    endloop
  endfacet
  facet normal 0 -1 0
    outer loop
      vertex 5.6 -0.5 37.5
      vertex 6.1 -0.5 18
      vertex 6.1 -0.5 43
    endloop
  endfacet
  facet normal 0 -1 0
    outer loop
      vertex 5.1 -0.5 46
      vertex 6.1 -0.5 69
      vertex 5.1 -0.5 69
    endloop
  endfacet
  facet normal 0 -1 -0
    outer loop
      vertex 6.1 -0.5 69
      vertex 5.1 -0.5 46
      vertex 6.1 -0.5 46
    endloop
  endfacet
  facet normal -1 0 0
    outer loop
      vertex 12.1 -0.5 0
      vertex 12.1 0 15
      vertex 12.1 0 0
    endloop
  endfacet
  facet normal -1 -0 0
    outer loop
      vertex 12.1 0 15
      vertex 12.1 -0.5 0
      vertex 12.1 -0.5 15
    endloop
  endfacet
  facet normal -1 0 0
    outer loop
      vertex 12.1 -0.5 72
      vertex 12.1 0 75
      vertex 12.1 0 72
    endloop
  endfacet
  facet normal -1 -0 0
    outer loop
      vertex 12.1 0 75
      vertex 12.1 -0.5 72
      vertex 12.1 -0.5 75
    endloop
  endfacet
  facet normal -1 0 0
    outer loop
      vertex 12.1 3.2 72
      vertex 12.1 3.7 75
      vertex 12.1 3.7 72
    endloop
  endfacet
  facet normal -1 -0 0
    outer loop
      vertex 12.1 3.7 75
      vertex 12.1 3.2 72
      vertex 12.1 3.2 75
    endloop
  endfacet
  facet normal -1 0 0
    outer loop
      vertex 12.1 3.2 0
      vertex 12.1 3.7 15
      vertex 12.1 3.7 0
    endloop
  endfacet
  facet normal -1 -0 0
    outer loop
      vertex 12.1 3.7 15
      vertex 12.1 3.2 0
      vertex 12.1 3.2 15
    endloop
  endfacet
  facet normal -1 0 0
    outer loop
      vertex 12.1 -0.5 18
      vertex 12.1 0 43
      vertex 12.1 0 18
    endloop
  endfacet
  facet normal -1 -0 0
    outer loop
      vertex 12.1 0 43
      vertex 12.1 -0.5 18
      vertex 12.1 -0.5 43
    endloop
  endfacet
  facet normal -1 0 0
    outer loop
      vertex 12.1 3.2 18
      vertex 12.1 3.7 43
      vertex 12.1 3.7 18
    endloop
  endfacet
  facet normal -1 -0 0
    outer loop
      vertex 12.1 3.7 43
      vertex 12.1 3.2 18
      vertex 12.1 3.2 43
    endloop
  endfacet
  facet normal -1 0 0
    outer loop
      vertex 12.1 -0.5 46
      vertex 12.1 0 69
      vertex 12.1 0 46
    endloop
  endfacet
  facet normal -1 -0 0
    outer loop
      vertex 12.1 0 69
      vertex 12.1 -0.5 46
      vertex 12.1 -0.5 69
    endloop
  endfacet
  facet normal -1 0 0
    outer loop
      vertex 12.1 3.2 46
      vertex 12.1 3.7 69
      vertex 12.1 3.7 46
    endloop
  endfacet
  facet normal -1 -0 0
    outer loop
      vertex 12.1 3.7 69
      vertex 12.1 3.2 46
      vertex 12.1 3.2 69
    endloop
  endfacet
  facet normal 1 -0 0
    outer loop
      vertex 13.1 -0.5 75
      vertex 13.1 0 72
      vertex 13.1 0 75
    endloop
  endfacet
  facet normal 1 0 0
    outer loop
      vertex 13.1 0 72
      vertex 13.1 -0.5 75
      vertex 13.1 -0.5 72
    endloop
  endfacet
  facet normal 1 -0 0
    outer loop
      vertex 13.1 3.2 15
      vertex 13.1 3.7 0
      vertex 13.1 3.7 15
    endloop
  endfacet
  facet normal 1 0 0
    outer loop
      vertex 13.1 3.7 0
      vertex 13.1 3.2 15
      vertex 13.1 3.2 0
    endloop
  endfacet
  facet normal 1 -0 0
    outer loop
      vertex 13.1 3.2 75
      vertex 13.1 3.7 72
      vertex 13.1 3.7 75
    endloop
  endfacet
  facet normal 1 0 0
    outer loop
      vertex 13.1 3.7 72
      vertex 13.1 3.2 75
      vertex 13.1 3.2 72
    endloop
  endfacet
  facet normal 1 -0 0
    outer loop
      vertex 13.1 -0.5 15
      vertex 13.1 0 0
      vertex 13.1 0 15
    endloop
  endfacet
  facet normal 1 0 0
    outer loop
      vertex 13.1 0 0
      vertex 13.1 -0.5 15
      vertex 13.1 -0.5 0
    endloop
  endfacet
  facet normal 1 -0 0
    outer loop
      vertex 13.1 -0.5 43
      vertex 13.1 0 18
      vertex 13.1 0 43
    endloop
  endfacet
  facet normal 1 0 0
    outer loop
      vertex 13.1 0 18
      vertex 13.1 -0.5 43
      vertex 13.1 -0.5 18
    endloop
  endfacet
  facet normal 1 -0 0
    outer loop
      vertex 13.1 3.2 43
      vertex 13.1 3.7 18
      vertex 13.1 3.7 43
    endloop
  endfacet
  facet normal 1 0 0
    outer loop
      vertex 13.1 3.7 18
      vertex 13.1 3.2 43
      vertex 13.1 3.2 18
    endloop
  endfacet
  facet normal 1 -0 0
    outer loop
      vertex 13.1 -0.5 69
      vertex 13.1 0 46
      vertex 13.1 0 69
    endloop
  endfacet
  facet normal 1 0 0
    outer loop
      vertex 13.1 0 46
      vertex 13.1 -0.5 69
      vertex 13.1 -0.5 46
    endloop
  endfacet
  facet normal 1 -0 0
    outer loop
      vertex 13.1 3.2 69
      vertex 13.1 3.7 46
      vertex 13.1 3.7 69
    endloop
  endfacet
  facet normal 1 0 0
    outer loop
      vertex 13.1 3.7 46
      vertex 13.1 3.2 69
      vertex 13.1 3.2 46
    endloop
  endfacet
  facet normal 0 1 -0
    outer loop
      vertex 13.1 3.7 0
      vertex 12.1 3.7 15
      vertex 13.1 3.7 15
    endloop
  endfacet
  facet normal 0 1 0
    outer loop
      vertex 12.1 3.7 15
      vertex 13.1 3.7 0
      vertex 12.1 3.7 0
    endloop
  endfacet
  facet normal 0 1 -0
    outer loop
      vertex 13.1 3.7 72
      vertex 12.1 3.7 75
      vertex 13.1 3.7 75
    endloop
  endfacet
  facet normal 0 1 0
    outer loop
      vertex 12.1 3.7 75
      vertex 13.1 3.7 72
      vertex 12.1 3.7 72
    endloop
  endfacet
  facet normal 0 1 -0
    outer loop
      vertex 13.1 3.7 18
      vertex 12.1 3.7 43
      vertex 13.1 3.7 43
    endloop
  endfacet
  facet normal 0 1 0
    outer loop
      vertex 12.1 3.7 43
      vertex 13.1 3.7 18
      vertex 12.1 3.7 18
    endloop
  endfacet
  facet normal 0 1 -0
    outer loop
      vertex 13.1 3.7 46
      vertex 12.1 3.7 69
      vertex 13.1 3.7 69
    endloop
  endfacet
  facet normal 0 1 0
    outer loop
      vertex 12.1 3.7 69
      vertex 13.1 3.7 46
      vertex 12.1 3.7 46
    endloop
  endfacet
  facet normal 0 -1 0
    outer loop
      vertex 12.1 -0.5 72
      vertex 13.1 -0.5 75
      vertex 12.1 -0.5 75
    endloop
  endfacet
  facet normal 0 -1 -0
    outer loop
      vertex 13.1 -0.5 75
      vertex 12.1 -0.5 72
      vertex 13.1 -0.5 72
    endloop
  endfacet
  facet normal 0 -1 0
    outer loop
      vertex 12.1 -0.5 0
      vertex 13.1 -0.5 15
      vertex 12.1 -0.5 15
    endloop
  endfacet
  facet normal 0 -1 -0
    outer loop
      vertex 13.1 -0.5 15
      vertex 12.1 -0.5 0
      vertex 13.1 -0.5 0
    endloop
  endfacet
  facet normal 0 -1 0
    outer loop
      vertex 12.1 -0.5 18
      vertex 13.1 -0.5 43
      vertex 12.1 -0.5 43
    endloop
  endfacet
  facet normal 0 -1 -0
    outer loop
      vertex 13.1 -0.5 43
      vertex 12.1 -0.5 18
      vertex 13.1 -0.5 18
    endloop
  endfacet
  facet normal 0 -1 0
    outer loop
      vertex 12.1 -0.5 46
      vertex 13.1 -0.5 69
      vertex 12.1 -0.5 69
    endloop
  endfacet
  facet normal 0 -1 -0
    outer loop
      vertex 13.1 -0.5 69
      vertex 12.1 -0.5 46
      vertex 13.1 -0.5 46
    endloop
  endfacet
  facet normal -1 0 0
    outer loop
      vertex 19.1 -0.5 0
      vertex 19.1 0 15
      vertex 19.1 0 0
    endloop
  endfacet
  facet normal -1 -0 0
    outer loop
      vertex 19.1 0 15
      vertex 19.1 -0.5 0
      vertex 19.1 -0.5 15
    endloop
  endfacet
  facet normal -1 0 0
    outer loop
      vertex 19.1 -0.5 72
      vertex 19.1 0 75
      vertex 19.1 0 72
    endloop
  endfacet
  facet normal -1 -0 0
    outer loop
      vertex 19.1 0 75
      vertex 19.1 -0.5 72
      vertex 19.1 -0.5 75
    endloop
  endfacet
  facet normal -1 0 0
    outer loop
      vertex 19.1 3.2 72
      vertex 19.1 3.7 75
      vertex 19.1 3.7 72
    endloop
  endfacet
  facet normal -1 -0 0
    outer loop
      vertex 19.1 3.7 75
      vertex 19.1 3.2 72
      vertex 19.1 3.2 75
    endloop
  endfacet
  facet normal -1 0 0
    outer loop
      vertex 19.1 3.2 0
      vertex 19.1 3.7 15
      vertex 19.1 3.7 0
    endloop
  endfacet
  facet normal -1 -0 0
    outer loop
      vertex 19.1 3.7 15
      vertex 19.1 3.2 0
      vertex 19.1 3.2 15
    endloop
  endfacet
  facet normal -1 0 0
    outer loop
      vertex 19.1 -0.5 18
      vertex 19.1 0 43
      vertex 19.1 0 18
    endloop
  endfacet
  facet normal -1 -0 0
    outer loop
      vertex 19.1 0 43
      vertex 19.1 -0.5 18
      vertex 19.1 -0.5 43
    endloop
  endfacet
  facet normal -1 0 0
    outer loop
      vertex 19.1 3.2 18
      vertex 19.1 3.7 43
      vertex 19.1 3.7 18
    endloop
  endfacet
  facet normal -1 -0 0
    outer loop
      vertex 19.1 3.7 43
      vertex 19.1 3.2 18
      vertex 19.1 3.2 43
    endloop
  endfacet
  facet normal -1 0 0
    outer loop
      vertex 19.1 -0.5 46
      vertex 19.1 0 69
      vertex 19.1 0 46
    endloop
  endfacet
  facet normal -1 -0 0
    outer loop
      vertex 19.1 0 69
      vertex 19.1 -0.5 46
      vertex 19.1 -0.5 69
    endloop
  endfacet
  facet normal -1 0 0
    outer loop
      vertex 19.1 3.2 46
      vertex 19.1 3.7 69
      vertex 19.1 3.7 46
    endloop
  endfacet
  facet normal -1 -0 0
    outer loop
      vertex 19.1 3.7 69
      vertex 19.1 3.2 46
      vertex 19.1 3.2 69
    endloop
  endfacet
  facet normal 1 -0 0
    outer loop
      vertex 20.1 -0.5 75
      vertex 20.1 0 72
      vertex 20.1 0 75
    endloop
  endfacet
  facet normal 1 0 0
    outer loop
      vertex 20.1 0 72
      vertex 20.1 -0.5 75
      vertex 20.1 -0.5 72
    endloop
  endfacet
  facet normal 1 -0 0
    outer loop
      vertex 20.1 3.2 15
      vertex 20.1 3.7 0
      vertex 20.1 3.7 15
    endloop
  endfacet
  facet normal 1 0 0
    outer loop
      vertex 20.1 3.7 0
      vertex 20.1 3.2 15
      vertex 20.1 3.2 0
    endloop
  endfacet
  facet normal 1 -0 0
    outer loop
      vertex 20.1 3.2 75
      vertex 20.1 3.7 72
      vertex 20.1 3.7 75
    endloop
  endfacet
  facet normal 1 0 0
    outer loop
      vertex 20.1 3.7 72
      vertex 20.1 3.2 75
      vertex 20.1 3.2 72
    endloop
  endfacet
  facet normal 1 -0 0
    outer loop
      vertex 20.1 -0.5 15
      vertex 20.1 0 0
      vertex 20.1 0 15
    endloop
  endfacet
  facet normal 1 0 0
    outer loop
      vertex 20.1 0 0
      vertex 20.1 -0.5 15
      vertex 20.1 -0.5 0
    endloop
  endfacet
  facet normal 1 -0 0
    outer loop
      vertex 20.1 -0.5 43
      vertex 20.1 0 18
      vertex 20.1 0 43
    endloop
  endfacet
  facet normal 1 0 0
    outer loop
      vertex 20.1 0 18
      vertex 20.1 -0.5 43
      vertex 20.1 -0.5 18
    endloop
  endfacet
  facet normal 1 -0 0
    outer loop
      vertex 20.1 3.2 43
      vertex 20.1 3.7 18
      vertex 20.1 3.7 43
    endloop
  endfacet
  facet normal 1 0 0
    outer loop
      vertex 20.1 3.7 18
      vertex 20.1 3.2 43
      vertex 20.1 3.2 18
    endloop
  endfacet
  facet normal 1 -0 0
    outer loop
      vertex 20.1 -0.5 69
      vertex 20.1 0 46
      vertex 20.1 0 69
    endloop
  endfacet
  facet normal 1 0 0
    outer loop
      vertex 20.1 0 46
      vertex 20.1 -0.5 69
      vertex 20.1 -0.5 46
    endloop
  endfacet
  facet normal 1 -0 0
    outer loop
      vertex 20.1 3.2 69
      vertex 20.1 3.7 46
      vertex 20.1 3.7 69
    endloop
  endfacet
  facet normal 1 0 0
    outer loop
      vertex 20.1 3.7 46
      vertex 20.1 3.2 69
      vertex 20.1 3.2 46
    endloop
  endfacet
  facet normal 0 -1 0
    outer loop
      vertex 19.1 -0.5 72
      vertex 20.1 -0.5 75
      vertex 19.1 -0.5 75
    endloop
  endfacet
  facet normal 0 -1 -0
    outer loop
      vertex 20.1 -0.5 75
      vertex 19.1 -0.5 72
      vertex 20.1 -0.5 72
    endloop
  endfacet
  facet normal 0 -1 0
    outer loop
      vertex 19.1 -0.5 0
      vertex 20.1 -0.5 15
      vertex 19.1 -0.5 15
    endloop
  endfacet
  facet normal 0 -1 -0
    outer loop
      vertex 20.1 -0.5 15
      vertex 19.1 -0.5 0
      vertex 20.1 -0.5 0
    endloop
  endfacet
  facet normal 0 -1 0
    outer loop
      vertex 19.1 -0.5 18
      vertex 20.1 -0.5 43
      vertex 19.1 -0.5 43
    endloop
  endfacet
  facet normal 0 -1 -0
    outer loop
      vertex 20.1 -0.5 43
      vertex 19.1 -0.5 18
      vertex 20.1 -0.5 18
    endloop
  endfacet
  facet normal 0 -1 0
    outer loop
      vertex 19.1 -0.5 46
      vertex 20.1 -0.5 69
      vertex 19.1 -0.5 69
    endloop
  endfacet
  facet normal 0 -1 -0
    outer loop
      vertex 20.1 -0.5 69
      vertex 19.1 -0.5 46
      vertex 20.1 -0.5 46
    endloop
  endfacet
  facet normal 0 1 -0
    outer loop
      vertex 20.1 3.7 0
      vertex 19.1 3.7 15
      vertex 20.1 3.7 15
    endloop
  endfacet
  facet normal 0 1 0
    outer loop
      vertex 19.1 3.7 15
      vertex 20.1 3.7 0
      vertex 19.1 3.7 0
    endloop
  endfacet
  facet normal 0 1 -0
    outer loop
      vertex 20.1 3.7 72
      vertex 19.1 3.7 75
      vertex 20.1 3.7 75
    endloop
  endfacet
  facet normal 0 1 0
    outer loop
      vertex 19.1 3.7 75
      vertex 20.1 3.7 72
      vertex 19.1 3.7 72
    endloop
  endfacet
  facet normal 0 1 -0
    outer loop
      vertex 20.1 3.7 18
      vertex 19.1 3.7 43
      vertex 20.1 3.7 43
    endloop
  endfacet
  facet normal 0 1 0
    outer loop
      vertex 19.1 3.7 43
      vertex 20.1 3.7 18
      vertex 19.1 3.7 18
    endloop
  endfacet
  facet normal 0 1 -0
    outer loop
      vertex 20.1 3.7 46
      vertex 19.1 3.7 69
      vertex 20.1 3.7 69
    endloop
  endfacet
  facet normal 0 1 0
    outer loop
      vertex 19.1 3.7 69
      vertex 20.1 3.7 46
      vertex 19.1 3.7 46
    endloop
  endfacet
  facet normal -1 0 0
    outer loop
      vertex 26.1 -0.5 0
      vertex 26.1 0 15
      vertex 26.1 0 0
    endloop
  endfacet
  facet normal -1 -0 0
    outer loop
      vertex 26.1 0 15
      vertex 26.1 -0.5 0
      vertex 26.1 -0.5 15
    endloop
  endfacet
  facet normal -1 0 0
    outer loop
      vertex 26.1 -0.5 72
      vertex 26.1 0 75
      vertex 26.1 0 72
    endloop
  endfacet
  facet normal -1 -0 0
    outer loop
      vertex 26.1 0 75
      vertex 26.1 -0.5 72
      vertex 26.1 -0.5 75
    endloop
  endfacet
  facet normal -1 0 0
    outer loop
      vertex 26.1 3.2 72
      vertex 26.1 3.7 75
      vertex 26.1 3.7 72
    endloop
  endfacet
  facet normal -1 -0 0
    outer loop
      vertex 26.1 3.7 75
      vertex 26.1 3.2 72
      vertex 26.1 3.2 75
    endloop
  endfacet
  facet normal -1 0 0
    outer loop
      vertex 26.1 3.2 0
      vertex 26.1 3.7 15
      vertex 26.1 3.7 0
    endloop
  endfacet
  facet normal -1 -0 0
    outer loop
      vertex 26.1 3.7 15
      vertex 26.1 3.2 0
      vertex 26.1 3.2 15
    endloop
  endfacet
  facet normal -1 0 0
    outer loop
      vertex 26.1 -0.5 18
      vertex 26.1 0 43
      vertex 26.1 0 18
    endloop
  endfacet
  facet normal -1 -0 0
    outer loop
      vertex 26.1 0 43
      vertex 26.1 -0.5 18
      vertex 26.1 -0.5 43
    endloop
  endfacet
  facet normal -1 0 0
    outer loop
      vertex 26.1 3.2 18
      vertex 26.1 3.7 43
      vertex 26.1 3.7 18
    endloop
  endfacet
  facet normal -1 -0 0
    outer loop
      vertex 26.1 3.7 43
      vertex 26.1 3.2 18
      vertex 26.1 3.2 43
    endloop
  endfacet
  facet normal -1 0 0
    outer loop
      vertex 26.1 -0.5 46
      vertex 26.1 0 69
      vertex 26.1 0 46
    endloop
  endfacet
  facet normal -1 -0 0
    outer loop
      vertex 26.1 0 69
      vertex 26.1 -0.5 46
      vertex 26.1 -0.5 69
    endloop
  endfacet
  facet normal -1 0 0
    outer loop
      vertex 26.1 3.2 46
      vertex 26.1 3.7 69
      vertex 26.1 3.7 46
    endloop
  endfacet
  facet normal -1 -0 0
    outer loop
      vertex 26.1 3.7 69
      vertex 26.1 3.2 46
      vertex 26.1 3.2 69
    endloop
  endfacet
  facet normal 1 -0 0
    outer loop
      vertex 27.1 -0.5 75
      vertex 27.1 0 72
      vertex 27.1 0 75
    endloop
  endfacet
  facet normal 1 0 0
    outer loop
      vertex 27.1 0 72
      vertex 27.1 -0.5 75
      vertex 27.1 -0.5 72
    endloop
  endfacet
  facet normal 1 -0 0
    outer loop
      vertex 27.1 3.2 15
      vertex 27.1 3.7 0
      vertex 27.1 3.7 15
    endloop
  endfacet
  facet normal 1 0 0
    outer loop
      vertex 27.1 3.7 0
      vertex 27.1 3.2 15
      vertex 27.1 3.2 0
    endloop
  endfacet
  facet normal 1 -0 0
    outer loop
      vertex 27.1 3.2 75
      vertex 27.1 3.7 72
      vertex 27.1 3.7 75
    endloop
  endfacet
  facet normal 1 0 0
    outer loop
      vertex 27.1 3.7 72
      vertex 27.1 3.2 75
      vertex 27.1 3.2 72
    endloop
  endfacet
  facet normal 1 -0 0
    outer loop
      vertex 27.1 -0.5 15
      vertex 27.1 0 0
      vertex 27.1 0 15
    endloop
  endfacet
  facet normal 1 0 0
    outer loop
      vertex 27.1 0 0
      vertex 27.1 -0.5 15
      vertex 27.1 -0.5 0
    endloop
  endfacet
  facet normal 1 -0 0
    outer loop
      vertex 27.1 3.2 43
      vertex 27.1 3.7 18
      vertex 27.1 3.7 43
    endloop
  endfacet
  facet normal 1 0 0
    outer loop
      vertex 27.1 3.7 18
      vertex 27.1 3.2 43
      vertex 27.1 3.2 18
    endloop
  endfacet
  facet normal 1 -0 0
    outer loop
      vertex 27.1 -0.5 43
      vertex 27.1 0 18
      vertex 27.1 0 43
    endloop
  endfacet
  facet normal 1 0 0
    outer loop
      vertex 27.1 0 18
      vertex 27.1 -0.5 43
      vertex 27.1 -0.5 18
    endloop
  endfacet
  facet normal 1 -0 0
    outer loop
      vertex 27.1 3.2 69
      vertex 27.1 3.7 46
      vertex 27.1 3.7 69
    endloop
  endfacet
  facet normal 1 0 0
    outer loop
      vertex 27.1 3.7 46
      vertex 27.1 3.2 69
      vertex 27.1 3.2 46
    endloop
  endfacet
  facet normal 1 -0 0
    outer loop
      vertex 27.1 -0.5 69
      vertex 27.1 0 46
      vertex 27.1 0 69
    endloop
  endfacet
  facet normal 1 0 0
    outer loop
      vertex 27.1 0 46
      vertex 27.1 -0.5 69
      vertex 27.1 -0.5 46
    endloop
  endfacet
  facet normal 0 1 -0
    outer loop
      vertex 27.1 3.7 0
      vertex 26.1 3.7 15
      vertex 27.1 3.7 15
    endloop
  endfacet
  facet normal 0 1 0
    outer loop
      vertex 26.1 3.7 15
      vertex 27.1 3.7 0
      vertex 26.1 3.7 0
    endloop
  endfacet
  facet normal 0 1 -0
    outer loop
      vertex 27.1 3.7 72
      vertex 26.1 3.7 75
      vertex 27.1 3.7 75
    endloop
  endfacet
  facet normal 0 1 0
    outer loop
      vertex 26.1 3.7 75
      vertex 27.1 3.7 72
      vertex 26.1 3.7 72
    endloop
  endfacet
  facet normal 0 1 -0
    outer loop
      vertex 27.1 3.7 18
      vertex 26.1 3.7 43
      vertex 27.1 3.7 43
    endloop
  endfacet
  facet normal 0 1 0
    outer loop
      vertex 26.1 3.7 43
      vertex 27.1 3.7 18
      vertex 26.1 3.7 18
    endloop
  endfacet
  facet normal 0 1 -0
    outer loop
      vertex 27.1 3.7 46
      vertex 26.1 3.7 69
      vertex 27.1 3.7 69
    endloop
  endfacet
  facet normal 0 1 0
    outer loop
      vertex 26.1 3.7 69
      vertex 27.1 3.7 46
      vertex 26.1 3.7 46
    endloop
  endfacet
  facet normal 0 -1 0
    outer loop
      vertex 26.1 -0.5 72
      vertex 27.1 -0.5 75
      vertex 26.1 -0.5 75
    endloop
  endfacet
  facet normal 0 -1 -0
    outer loop
      vertex 27.1 -0.5 75
      vertex 26.1 -0.5 72
      vertex 27.1 -0.5 72
    endloop
  endfacet
  facet normal 0 -1 0
    outer loop
      vertex 26.1 -0.5 0
      vertex 27.1 -0.5 15
      vertex 26.1 -0.5 15
    endloop
  endfacet
  facet normal 0 -1 -0
    outer loop
      vertex 27.1 -0.5 15
      vertex 26.1 -0.5 0
      vertex 27.1 -0.5 0
    endloop
  endfacet
  facet normal 0 -1 0
    outer loop
      vertex 26.1 -0.5 18
      vertex 27.1 -0.5 43
      vertex 26.1 -0.5 43
    endloop
  endfacet
  facet normal 0 -1 -0
    outer loop
      vertex 27.1 -0.5 43
      vertex 26.1 -0.5 18
      vertex 27.1 -0.5 18
    endloop
  endfacet
  facet normal 0 -1 0
    outer loop
      vertex 26.1 -0.5 46
      vertex 27.1 -0.5 69
      vertex 26.1 -0.5 69
    endloop
  endfacet
  facet normal 0 -1 -0
    outer loop
      vertex 27.1 -0.5 69
      vertex 26.1 -0.5 46
      vertex 27.1 -0.5 46
    endloop
  endfacet
  facet normal -1 0 0
    outer loop
      vertex 2.1 -0.9 15
      vertex 2.1 0 18
      vertex 2.1 0 15
    endloop
  endfacet
  facet normal -1 -0 0
    outer loop
      vertex 2.1 0 18
      vertex 2.1 -0.9 15
      vertex 2.1 -0.9 18
    endloop
  endfacet
  facet normal -1 0 0
    outer loop
      vertex 2.1 3.2 15
      vertex 2.1 4.1 18
      vertex 2.1 4.1 15
    endloop
  endfacet
  facet normal -1 -0 0
    outer loop
      vertex 2.1 4.1 18
      vertex 2.1 3.2 15
      vertex 2.1 3.2 18
    endloop
  endfacet
  facet normal 0 0 1
    outer loop
      vertex 5.1 0 18
      vertex 2.1 0 18
      vertex 5.1 -0.5 18
    endloop
  endfacet
  facet normal 0 0 1
    outer loop
      vertex 12.1 0 18
      vertex 6.1 0 18
      vertex 12.1 -0.5 18
    endloop
  endfacet
  facet normal 0 0 1
    outer loop
      vertex 19.1 0 18
      vertex 13.1 0 18
      vertex 19.1 -0.5 18
    endloop
  endfacet
  facet normal 0 0 1
    outer loop
      vertex 26.1 0 18
      vertex 20.1 0 18
      vertex 26.1 -0.5 18
    endloop
  endfacet
  facet normal 0 0 1
    outer loop
      vertex 27.1 -0.5 18
      vertex 32.9 0 18
      vertex 27.1 0 18
    endloop
  endfacet
  facet normal 0 0 1
    outer loop
      vertex 32.9 0 18
      vertex 27.1 -0.5 18
      vertex 32.9 -0.9 18
    endloop
  endfacet
  facet normal -0 0 1
    outer loop
      vertex 26.1 -0.5 18
      vertex 32.9 -0.9 18
      vertex 27.1 -0.5 18
    endloop
  endfacet
  facet normal 0 0 1
    outer loop
      vertex 20.1 -0.5 18
      vertex 26.1 -0.5 18
      vertex 20.1 0 18
    endloop
  endfacet
  facet normal -0 0 1
    outer loop
      vertex 20.1 -0.5 18
      vertex 32.9 -0.9 18
      vertex 26.1 -0.5 18
    endloop
  endfacet
  facet normal -0 0 1
    outer loop
      vertex 19.1 -0.5 18
      vertex 32.9 -0.9 18
      vertex 20.1 -0.5 18
    endloop
  endfacet
  facet normal 0 0 1
    outer loop
      vertex 13.1 -0.5 18
      vertex 19.1 -0.5 18
      vertex 13.1 0 18
    endloop
  endfacet
  facet normal -0 0 1
    outer loop
      vertex 13.1 -0.5 18
      vertex 32.9 -0.9 18
      vertex 19.1 -0.5 18
    endloop
  endfacet
  facet normal 0 0 1
    outer loop
      vertex 2.1 -0.9 18
      vertex 13.1 -0.5 18
      vertex 12.1 -0.5 18
    endloop
  endfacet
  facet normal 0 0 1
    outer loop
      vertex 6.1 -0.5 18
      vertex 12.1 -0.5 18
      vertex 6.1 0 18
    endloop
  endfacet
  facet normal 0 0 1
    outer loop
      vertex 2.1 -0.9 18
      vertex 12.1 -0.5 18
      vertex 6.1 -0.5 18
    endloop
  endfacet
  facet normal 0 0 1
    outer loop
      vertex 2.1 -0.9 18
      vertex 6.1 -0.5 18
      vertex 5.1 -0.5 18
    endloop
  endfacet
  facet normal 0 0 1
    outer loop
      vertex 13.1 -0.5 18
      vertex 2.1 -0.9 18
      vertex 32.9 -0.9 18
    endloop
  endfacet
  facet normal 0 0 1
    outer loop
      vertex 2.1 -0.9 18
      vertex 5.1 -0.5 18
      vertex 2.1 0 18
    endloop
  endfacet
  facet normal 0 0 1
    outer loop
      vertex 32.9 4.1 18
      vertex 27.1 3.7 18
      vertex 32.9 3.2 18
    endloop
  endfacet
  facet normal 0 0 1
    outer loop
      vertex 32.9 4.1 18
      vertex 26.1 3.7 18
      vertex 27.1 3.7 18
    endloop
  endfacet
  facet normal 0 0 1
    outer loop
      vertex 26.1 3.7 18
      vertex 20.1 3.7 18
      vertex 26.1 3.2 18
    endloop
  endfacet
  facet normal 0 0 1
    outer loop
      vertex 32.9 4.1 18
      vertex 20.1 3.7 18
      vertex 26.1 3.7 18
    endloop
  endfacet
  facet normal 0 0 1
    outer loop
      vertex 32.9 4.1 18
      vertex 19.1 3.7 18
      vertex 20.1 3.7 18
    endloop
  endfacet
  facet normal 0 0 1
    outer loop
      vertex 19.1 3.7 18
      vertex 13.1 3.7 18
      vertex 19.1 3.2 18
    endloop
  endfacet
  facet normal 0 0 1
    outer loop
      vertex 32.9 4.1 18
      vertex 13.1 3.7 18
      vertex 19.1 3.7 18
    endloop
  endfacet
  facet normal -0 0 1
    outer loop
      vertex 2.1 4.1 18
      vertex 13.1 3.7 18
      vertex 32.9 4.1 18
    endloop
  endfacet
  facet normal 0 0 1
    outer loop
      vertex 12.1 3.7 18
      vertex 6.1 3.7 18
      vertex 12.1 3.2 18
    endloop
  endfacet
  facet normal 0 0 1
    outer loop
      vertex 13.1 3.7 18
      vertex 2.1 4.1 18
      vertex 12.1 3.7 18
    endloop
  endfacet
  facet normal 0 0 1
    outer loop
      vertex 12.1 3.7 18
      vertex 2.1 4.1 18
      vertex 6.1 3.7 18
    endloop
  endfacet
  facet normal 0 0 1
    outer loop
      vertex 6.1 3.7 18
      vertex 2.1 4.1 18
      vertex 5.1 3.7 18
    endloop
  endfacet
  facet normal 0 0 1
    outer loop
      vertex 2.1 3.2 18
      vertex 5.1 3.7 18
      vertex 2.1 4.1 18
    endloop
  endfacet
  facet normal 0 0 1
    outer loop
      vertex 5.1 3.7 18
      vertex 2.1 3.2 18
      vertex 5.1 3.2 18
    endloop
  endfacet
  facet normal 0 0 1
    outer loop
      vertex 32.9 3.2 18
      vertex 27.1 3.7 18
      vertex 27.1 3.2 18
    endloop
  endfacet
  facet normal 0 0 1
    outer loop
      vertex 26.1 3.2 18
      vertex 20.1 3.7 18
      vertex 20.1 3.2 18
    endloop
  endfacet
  facet normal 0 0 1
    outer loop
      vertex 19.1 3.2 18
      vertex 13.1 3.7 18
      vertex 13.1 3.2 18
    endloop
  endfacet
  facet normal 0 0 1
    outer loop
      vertex 12.1 3.2 18
      vertex 6.1 3.7 18
      vertex 6.1 3.2 18
    endloop
  endfacet
  facet normal 1 -0 0
    outer loop
      vertex 32.9 -0.9 18
      vertex 32.9 0 15
      vertex 32.9 0 18
    endloop
  endfacet
  facet normal 1 0 0
    outer loop
      vertex 32.9 0 15
      vertex 32.9 -0.9 18
      vertex 32.9 -0.9 15
    endloop
  endfacet
  facet normal 1 -0 0
    outer loop
      vertex 32.9 3.2 18
      vertex 32.9 4.1 15
      vertex 32.9 4.1 18
    endloop
  endfacet
  facet normal 1 0 0
    outer loop
      vertex 32.9 4.1 15
      vertex 32.9 3.2 18
      vertex 32.9 3.2 15
    endloop
  endfacet
  facet normal 0 1 -0
    outer loop
      vertex 32.9 4.1 15
      vertex 2.1 4.1 18
      vertex 32.9 4.1 18
    endloop
  endfacet
  facet normal 0 1 0
    outer loop
      vertex 2.1 4.1 18
      vertex 32.9 4.1 15
      vertex 2.1 4.1 15
    endloop
  endfacet
  facet normal 0 0 -1
    outer loop
      vertex 32.9 -0.9 15
      vertex 27.1 -0.5 15
      vertex 32.9 0 15
    endloop
  endfacet
  facet normal 0 0 -1
    outer loop
      vertex 32.9 -0.9 15
      vertex 26.1 -0.5 15
      vertex 27.1 -0.5 15
    endloop
  endfacet
  facet normal 0 0 -1
    outer loop
      vertex 26.1 -0.5 15
      vertex 20.1 -0.5 15
      vertex 26.1 0 15
    endloop
  endfacet
  facet normal 0 0 -1
    outer loop
      vertex 32.9 -0.9 15
      vertex 20.1 -0.5 15
      vertex 26.1 -0.5 15
    endloop
  endfacet
  facet normal 0 0 -1
    outer loop
      vertex 32.9 -0.9 15
      vertex 19.1 -0.5 15
      vertex 20.1 -0.5 15
    endloop
  endfacet
  facet normal 0 0 -1
    outer loop
      vertex 19.1 -0.5 15
      vertex 13.1 -0.5 15
      vertex 19.1 0 15
    endloop
  endfacet
  facet normal 0 0 -1
    outer loop
      vertex 32.9 -0.9 15
      vertex 13.1 -0.5 15
      vertex 19.1 -0.5 15
    endloop
  endfacet
  facet normal 0 0 -1
    outer loop
      vertex 2.1 -0.9 15
      vertex 13.1 -0.5 15
      vertex 32.9 -0.9 15
    endloop
  endfacet
  facet normal 0 0 -1
    outer loop
      vertex 12.1 -0.5 15
      vertex 6.1 -0.5 15
      vertex 12.1 0 15
    endloop
  endfacet
  facet normal -0 0 -1
    outer loop
      vertex 13.1 -0.5 15
      vertex 2.1 -0.9 15
      vertex 12.1 -0.5 15
    endloop
  endfacet
  facet normal -0 0 -1
    outer loop
      vertex 12.1 -0.5 15
      vertex 2.1 -0.9 15
      vertex 6.1 -0.5 15
    endloop
  endfacet
  facet normal -0 0 -1
    outer loop
      vertex 6.1 -0.5 15
      vertex 2.1 -0.9 15
      vertex 5.1 -0.5 15
    endloop
  endfacet
  facet normal 0 0 -1
    outer loop
      vertex 2.1 0 15
      vertex 5.1 -0.5 15
      vertex 2.1 -0.9 15
    endloop
  endfacet
  facet normal 0 0 -1
    outer loop
      vertex 5.1 -0.5 15
      vertex 2.1 0 15
      vertex 5.1 0 15
    endloop
  endfacet
  facet normal -0 0 -1
    outer loop
      vertex 32.9 0 15
      vertex 27.1 -0.5 15
      vertex 27.1 0 15
    endloop
  endfacet
  facet normal -0 0 -1
    outer loop
      vertex 26.1 0 15
      vertex 20.1 -0.5 15
      vertex 20.1 0 15
    endloop
  endfacet
  facet normal -0 0 -1
    outer loop
      vertex 19.1 0 15
      vertex 13.1 -0.5 15
      vertex 13.1 0 15
    endloop
  endfacet
  facet normal -0 0 -1
    outer loop
      vertex 12.1 0 15
      vertex 6.1 -0.5 15
      vertex 6.1 0 15
    endloop
  endfacet
  facet normal 0 0 -1
    outer loop
      vertex 5.1 3.2 15
      vertex 2.1 3.2 15
      vertex 5.1 3.7 15
    endloop
  endfacet
  facet normal 0 0 -1
    outer loop
      vertex 12.1 3.2 15
      vertex 6.1 3.2 15
      vertex 12.1 3.7 15
    endloop
  endfacet
  facet normal 0 0 -1
    outer loop
      vertex 19.1 3.2 15
      vertex 13.1 3.2 15
      vertex 19.1 3.7 15
    endloop
  endfacet
  facet normal 0 0 -1
    outer loop
      vertex 26.1 3.2 15
      vertex 20.1 3.2 15
      vertex 26.1 3.7 15
    endloop
  endfacet
  facet normal 0 0 -1
    outer loop
      vertex 27.1 3.7 15
      vertex 32.9 3.2 15
      vertex 27.1 3.2 15
    endloop
  endfacet
  facet normal 0 0 -1
    outer loop
      vertex 32.9 3.2 15
      vertex 27.1 3.7 15
      vertex 32.9 4.1 15
    endloop
  endfacet
  facet normal 0 0 -1
    outer loop
      vertex 26.1 3.7 15
      vertex 32.9 4.1 15
      vertex 27.1 3.7 15
    endloop
  endfacet
  facet normal 0 0 -1
    outer loop
      vertex 20.1 3.7 15
      vertex 26.1 3.7 15
      vertex 20.1 3.2 15
    endloop
  endfacet
  facet normal 0 0 -1
    outer loop
      vertex 20.1 3.7 15
      vertex 32.9 4.1 15
      vertex 26.1 3.7 15
    endloop
  endfacet
  facet normal 0 0 -1
    outer loop
      vertex 19.1 3.7 15
      vertex 32.9 4.1 15
      vertex 20.1 3.7 15
    endloop
  endfacet
  facet normal 0 0 -1
    outer loop
      vertex 13.1 3.7 15
      vertex 19.1 3.7 15
      vertex 13.1 3.2 15
    endloop
  endfacet
  facet normal 0 0 -1
    outer loop
      vertex 13.1 3.7 15
      vertex 32.9 4.1 15
      vertex 19.1 3.7 15
    endloop
  endfacet
  facet normal 0 0 -1
    outer loop
      vertex 2.1 4.1 15
      vertex 13.1 3.7 15
      vertex 12.1 3.7 15
    endloop
  endfacet
  facet normal 0 0 -1
    outer loop
      vertex 6.1 3.7 15
      vertex 12.1 3.7 15
      vertex 6.1 3.2 15
    endloop
  endfacet
  facet normal 0 0 -1
    outer loop
      vertex 2.1 4.1 15
      vertex 12.1 3.7 15
      vertex 6.1 3.7 15
    endloop
  endfacet
  facet normal 0 0 -1
    outer loop
      vertex 2.1 4.1 15
      vertex 6.1 3.7 15
      vertex 5.1 3.7 15
    endloop
  endfacet
  facet normal 0 0 -1
    outer loop
      vertex 13.1 3.7 15
      vertex 2.1 4.1 15
      vertex 32.9 4.1 15
    endloop
  endfacet
  facet normal 0 0 -1
    outer loop
      vertex 2.1 4.1 15
      vertex 5.1 3.7 15
      vertex 2.1 3.2 15
    endloop
  endfacet
  facet normal 0 -1 0
    outer loop
      vertex 2.1 -0.9 15
      vertex 32.9 -0.9 18
      vertex 2.1 -0.9 18
    endloop
  endfacet
  facet normal 0 -1 -0
    outer loop
      vertex 32.9 -0.9 18
      vertex 2.1 -0.9 15
      vertex 32.9 -0.9 15
    endloop
  endfacet
  facet normal -1 0 0
    outer loop
      vertex 2.1 -0.9 43
      vertex 2.1 0 46
      vertex 2.1 0 43
    endloop
  endfacet
  facet normal -1 -0 0
    outer loop
      vertex 2.1 0 46
      vertex 2.1 -0.9 43
      vertex 2.1 -0.9 46
    endloop
  endfacet
  facet normal -1 0 0
    outer loop
      vertex 2.1 3.2 43
      vertex 2.1 4.1 46
      vertex 2.1 4.1 43
    endloop
  endfacet
  facet normal -1 -0 0
    outer loop
      vertex 2.1 4.1 46
      vertex 2.1 3.2 43
      vertex 2.1 3.2 46
    endloop
  endfacet
  facet normal 0 0 1
    outer loop
      vertex 5.1 0 46
      vertex 2.1 0 46
      vertex 5.1 -0.5 46
    endloop
  endfacet
  facet normal 0 0 1
    outer loop
      vertex 12.1 0 46
      vertex 6.1 0 46
      vertex 12.1 -0.5 46
    endloop
  endfacet
  facet normal 0 0 1
    outer loop
      vertex 19.1 0 46
      vertex 13.1 0 46
      vertex 19.1 -0.5 46
    endloop
  endfacet
  facet normal 0 0 1
    outer loop
      vertex 26.1 0 46
      vertex 20.1 0 46
      vertex 26.1 -0.5 46
    endloop
  endfacet
  facet normal 0 0 1
    outer loop
      vertex 27.1 -0.5 46
      vertex 32.9 0 46
      vertex 27.1 0 46
    endloop
  endfacet
  facet normal 0 0 1
    outer loop
      vertex 32.9 0 46
      vertex 27.1 -0.5 46
      vertex 32.9 -0.9 46
    endloop
  endfacet
  facet normal -0 0 1
    outer loop
      vertex 26.1 -0.5 46
      vertex 32.9 -0.9 46
      vertex 27.1 -0.5 46
    endloop
  endfacet
  facet normal 0 0 1
    outer loop
      vertex 20.1 -0.5 46
      vertex 26.1 -0.5 46
      vertex 20.1 0 46
    endloop
  endfacet
  facet normal -0 0 1
    outer loop
      vertex 20.1 -0.5 46
      vertex 32.9 -0.9 46
      vertex 26.1 -0.5 46
    endloop
  endfacet
  facet normal -0 0 1
    outer loop
      vertex 19.1 -0.5 46
      vertex 32.9 -0.9 46
      vertex 20.1 -0.5 46
    endloop
  endfacet
  facet normal 0 0 1
    outer loop
      vertex 13.1 -0.5 46
      vertex 19.1 -0.5 46
      vertex 13.1 0 46
    endloop
  endfacet
  facet normal -0 0 1
    outer loop
      vertex 13.1 -0.5 46
      vertex 32.9 -0.9 46
      vertex 19.1 -0.5 46
    endloop
  endfacet
  facet normal 0 0 1
    outer loop
      vertex 2.1 -0.9 46
      vertex 13.1 -0.5 46
      vertex 12.1 -0.5 46
    endloop
  endfacet
  facet normal 0 0 1
    outer loop
      vertex 6.1 -0.5 46
      vertex 12.1 -0.5 46
      vertex 6.1 0 46
    endloop
  endfacet
  facet normal 0 0 1
    outer loop
      vertex 2.1 -0.9 46
      vertex 12.1 -0.5 46
      vertex 6.1 -0.5 46
    endloop
  endfacet
  facet normal 0 0 1
    outer loop
      vertex 2.1 -0.9 46
      vertex 6.1 -0.5 46
      vertex 5.1 -0.5 46
    endloop
  endfacet
  facet normal 0 0 1
    outer loop
      vertex 13.1 -0.5 46
      vertex 2.1 -0.9 46
      vertex 32.9 -0.9 46
    endloop
  endfacet
  facet normal 0 0 1
    outer loop
      vertex 2.1 -0.9 46
      vertex 5.1 -0.5 46
      vertex 2.1 0 46
    endloop
  endfacet
  facet normal 0 0 1
    outer loop
      vertex 32.9 4.1 46
      vertex 27.1 3.7 46
      vertex 32.9 3.2 46
    endloop
  endfacet
  facet normal 0 0 1
    outer loop
      vertex 32.9 4.1 46
      vertex 26.1 3.7 46
      vertex 27.1 3.7 46
    endloop
  endfacet
  facet normal 0 0 1
    outer loop
      vertex 26.1 3.7 46
      vertex 20.1 3.7 46
      vertex 26.1 3.2 46
    endloop
  endfacet
  facet normal 0 0 1
    outer loop
      vertex 32.9 4.1 46
      vertex 20.1 3.7 46
      vertex 26.1 3.7 46
    endloop
  endfacet
  facet normal 0 0 1
    outer loop
      vertex 32.9 4.1 46
      vertex 19.1 3.7 46
      vertex 20.1 3.7 46
    endloop
  endfacet
  facet normal 0 0 1
    outer loop
      vertex 19.1 3.7 46
      vertex 13.1 3.7 46
      vertex 19.1 3.2 46
    endloop
  endfacet
  facet normal 0 0 1
    outer loop
      vertex 32.9 4.1 46
      vertex 13.1 3.7 46
      vertex 19.1 3.7 46
    endloop
  endfacet
  facet normal -0 0 1
    outer loop
      vertex 2.1 4.1 46
      vertex 13.1 3.7 46
      vertex 32.9 4.1 46
    endloop
  endfacet
  facet normal 0 0 1
    outer loop
      vertex 12.1 3.7 46
      vertex 6.1 3.7 46
      vertex 12.1 3.2 46
    endloop
  endfacet
  facet normal 0 0 1
    outer loop
      vertex 13.1 3.7 46
      vertex 2.1 4.1 46
      vertex 12.1 3.7 46
    endloop
  endfacet
  facet normal 0 0 1
    outer loop
      vertex 12.1 3.7 46
      vertex 2.1 4.1 46
      vertex 6.1 3.7 46
    endloop
  endfacet
  facet normal 0 0 1
    outer loop
      vertex 6.1 3.7 46
      vertex 2.1 4.1 46
      vertex 5.1 3.7 46
    endloop
  endfacet
  facet normal 0 0 1
    outer loop
      vertex 2.1 3.2 46
      vertex 5.1 3.7 46
      vertex 2.1 4.1 46
    endloop
  endfacet
  facet normal 0 0 1
    outer loop
      vertex 5.1 3.7 46
      vertex 2.1 3.2 46
      vertex 5.1 3.2 46
    endloop
  endfacet
  facet normal 0 0 1
    outer loop
      vertex 32.9 3.2 46
      vertex 27.1 3.7 46
      vertex 27.1 3.2 46
    endloop
  endfacet
  facet normal 0 0 1
    outer loop
      vertex 26.1 3.2 46
      vertex 20.1 3.7 46
      vertex 20.1 3.2 46
    endloop
  endfacet
  facet normal 0 0 1
    outer loop
      vertex 19.1 3.2 46
      vertex 13.1 3.7 46
      vertex 13.1 3.2 46
    endloop
  endfacet
  facet normal 0 0 1
    outer loop
      vertex 12.1 3.2 46
      vertex 6.1 3.7 46
      vertex 6.1 3.2 46
    endloop
  endfacet
  facet normal 1 -0 0
    outer loop
      vertex 32.9 -0.9 46
      vertex 32.9 0 43
      vertex 32.9 0 46
    endloop
  endfacet
  facet normal 1 0 0
    outer loop
      vertex 32.9 0 43
      vertex 32.9 -0.9 46
      vertex 32.9 -0.9 43
    endloop
  endfacet
  facet normal 1 -0 0
    outer loop
      vertex 32.9 3.2 46
      vertex 32.9 4.1 43
      vertex 32.9 4.1 46
    endloop
  endfacet
  facet normal 1 0 0
    outer loop
      vertex 32.9 4.1 43
      vertex 32.9 3.2 46
      vertex 32.9 3.2 43
    endloop
  endfacet
  facet normal 0 0 -1
    outer loop
      vertex 32.9 -0.9 43
      vertex 27.1 -0.5 43
      vertex 32.9 0 43
    endloop
  endfacet
  facet normal 0 0 -1
    outer loop
      vertex 32.9 -0.9 43
      vertex 26.1 -0.5 43
      vertex 27.1 -0.5 43
    endloop
  endfacet
  facet normal 0 0 -1
    outer loop
      vertex 26.1 -0.5 43
      vertex 20.1 -0.5 43
      vertex 26.1 0 43
    endloop
  endfacet
  facet normal 0 0 -1
    outer loop
      vertex 32.9 -0.9 43
      vertex 20.1 -0.5 43
      vertex 26.1 -0.5 43
    endloop
  endfacet
  facet normal 0 0 -1
    outer loop
      vertex 32.9 -0.9 43
      vertex 19.1 -0.5 43
      vertex 20.1 -0.5 43
    endloop
  endfacet
  facet normal 0 0 -1
    outer loop
      vertex 19.1 -0.5 43
      vertex 13.1 -0.5 43
      vertex 19.1 0 43
    endloop
  endfacet
  facet normal 0 0 -1
    outer loop
      vertex 32.9 -0.9 43
      vertex 13.1 -0.5 43
      vertex 19.1 -0.5 43
    endloop
  endfacet
  facet normal 0 0 -1
    outer loop
      vertex 2.1 -0.9 43
      vertex 13.1 -0.5 43
      vertex 32.9 -0.9 43
    endloop
  endfacet
  facet normal 0 0 -1
    outer loop
      vertex 12.1 -0.5 43
      vertex 6.1 -0.5 43
      vertex 12.1 0 43
    endloop
  endfacet
  facet normal -0 0 -1
    outer loop
      vertex 13.1 -0.5 43
      vertex 2.1 -0.9 43
      vertex 12.1 -0.5 43
    endloop
  endfacet
  facet normal -0 0 -1
    outer loop
      vertex 12.1 -0.5 43
      vertex 2.1 -0.9 43
      vertex 6.1 -0.5 43
    endloop
  endfacet
  facet normal -0 0 -1
    outer loop
      vertex 6.1 -0.5 43
      vertex 2.1 -0.9 43
      vertex 5.1 -0.5 43
    endloop
  endfacet
  facet normal 0 0 -1
    outer loop
      vertex 2.1 0 43
      vertex 5.1 -0.5 43
      vertex 2.1 -0.9 43
    endloop
  endfacet
  facet normal 0 0 -1
    outer loop
      vertex 5.1 -0.5 43
      vertex 2.1 0 43
      vertex 5.1 0 43
    endloop
  endfacet
  facet normal -0 0 -1
    outer loop
      vertex 32.9 0 43
      vertex 27.1 -0.5 43
      vertex 27.1 0 43
    endloop
  endfacet
  facet normal -0 0 -1
    outer loop
      vertex 26.1 0 43
      vertex 20.1 -0.5 43
      vertex 20.1 0 43
    endloop
  endfacet
  facet normal -0 0 -1
    outer loop
      vertex 19.1 0 43
      vertex 13.1 -0.5 43
      vertex 13.1 0 43
    endloop
  endfacet
  facet normal -0 0 -1
    outer loop
      vertex 12.1 0 43
      vertex 6.1 -0.5 43
      vertex 6.1 0 43
    endloop
  endfacet
  facet normal 0 0 -1
    outer loop
      vertex 5.1 3.2 43
      vertex 2.1 3.2 43
      vertex 5.1 3.7 43
    endloop
  endfacet
  facet normal 0 0 -1
    outer loop
      vertex 12.1 3.2 43
      vertex 6.1 3.2 43
      vertex 12.1 3.7 43
    endloop
  endfacet
  facet normal 0 0 -1
    outer loop
      vertex 19.1 3.2 43
      vertex 13.1 3.2 43
      vertex 19.1 3.7 43
    endloop
  endfacet
  facet normal 0 0 -1
    outer loop
      vertex 26.1 3.2 43
      vertex 20.1 3.2 43
      vertex 26.1 3.7 43
    endloop
  endfacet
  facet normal 0 0 -1
    outer loop
      vertex 27.1 3.7 43
      vertex 32.9 3.2 43
      vertex 27.1 3.2 43
    endloop
  endfacet
  facet normal 0 0 -1
    outer loop
      vertex 32.9 3.2 43
      vertex 27.1 3.7 43
      vertex 32.9 4.1 43
    endloop
  endfacet
  facet normal 0 0 -1
    outer loop
      vertex 26.1 3.7 43
      vertex 32.9 4.1 43
      vertex 27.1 3.7 43
    endloop
  endfacet
  facet normal 0 0 -1
    outer loop
      vertex 20.1 3.7 43
      vertex 26.1 3.7 43
      vertex 20.1 3.2 43
    endloop
  endfacet
  facet normal 0 0 -1
    outer loop
      vertex 20.1 3.7 43
      vertex 32.9 4.1 43
      vertex 26.1 3.7 43
    endloop
  endfacet
  facet normal 0 0 -1
    outer loop
      vertex 19.1 3.7 43
      vertex 32.9 4.1 43
      vertex 20.1 3.7 43
    endloop
  endfacet
  facet normal 0 0 -1
    outer loop
      vertex 13.1 3.7 43
      vertex 19.1 3.7 43
      vertex 13.1 3.2 43
    endloop
  endfacet
  facet normal 0 0 -1
    outer loop
      vertex 13.1 3.7 43
      vertex 32.9 4.1 43
      vertex 19.1 3.7 43
    endloop
  endfacet
  facet normal 0 0 -1
    outer loop
      vertex 2.1 4.1 43
      vertex 13.1 3.7 43
      vertex 12.1 3.7 43
    endloop
  endfacet
  facet normal 0 0 -1
    outer loop
      vertex 6.1 3.7 43
      vertex 12.1 3.7 43
      vertex 6.1 3.2 43
    endloop
  endfacet
  facet normal 0 0 -1
    outer loop
      vertex 2.1 4.1 43
      vertex 12.1 3.7 43
      vertex 6.1 3.7 43
    endloop
  endfacet
  facet normal 0 0 -1
    outer loop
      vertex 2.1 4.1 43
      vertex 6.1 3.7 43
      vertex 5.1 3.7 43
    endloop
  endfacet
  facet normal 0 0 -1
    outer loop
      vertex 13.1 3.7 43
      vertex 2.1 4.1 43
      vertex 32.9 4.1 43
    endloop
  endfacet
  facet normal 0 0 -1
    outer loop
      vertex 2.1 4.1 43
      vertex 5.1 3.7 43
      vertex 2.1 3.2 43
    endloop
  endfacet
  facet normal 0 -1 0
    outer loop
      vertex 2.1 -0.9 43
      vertex 32.9 -0.9 46
      vertex 2.1 -0.9 46
    endloop
  endfacet
  facet normal 0 -1 -0
    outer loop
      vertex 32.9 -0.9 46
      vertex 2.1 -0.9 43
      vertex 32.9 -0.9 43
    endloop
  endfacet
  facet normal 0 1 -0
    outer loop
      vertex 32.9 4.1 43
      vertex 2.1 4.1 46
      vertex 32.9 4.1 46
    endloop
  endfacet
  facet normal 0 1 0
    outer loop
      vertex 2.1 4.1 46
      vertex 32.9 4.1 43
      vertex 2.1 4.1 43
    endloop
  endfacet
  facet normal -1 0 0
    outer loop
      vertex 2.1 -0.9 69
      vertex 2.1 0 72
      vertex 2.1 0 69
    endloop
  endfacet
  facet normal -1 -0 0
    outer loop
      vertex 2.1 0 72
      vertex 2.1 -0.9 69
      vertex 2.1 -0.9 72
    endloop
  endfacet
  facet normal -1 0 0
    outer loop
      vertex 2.1 3.2 69
      vertex 2.1 4.1 72
      vertex 2.1 4.1 69
    endloop
  endfacet
  facet normal -1 -0 0
    outer loop
      vertex 2.1 4.1 72
      vertex 2.1 3.2 69
      vertex 2.1 3.2 72
    endloop
  endfacet
  facet normal 0 0 1
    outer loop
      vertex 5.1 0 72
      vertex 2.1 0 72
      vertex 5.1 -0.5 72
    endloop
  endfacet
  facet normal 0 0 1
    outer loop
      vertex 12.1 0 72
      vertex 6.1 0 72
      vertex 12.1 -0.5 72
    endloop
  endfacet
  facet normal 0 0 1
    outer loop
      vertex 19.1 0 72
      vertex 13.1 0 72
      vertex 19.1 -0.5 72
    endloop
  endfacet
  facet normal 0 0 1
    outer loop
      vertex 26.1 0 72
      vertex 20.1 0 72
      vertex 26.1 -0.5 72
    endloop
  endfacet
  facet normal 0 0 1
    outer loop
      vertex 27.1 -0.5 72
      vertex 32.9 0 72
      vertex 27.1 0 72
    endloop
  endfacet
  facet normal 0 0 1
    outer loop
      vertex 32.9 0 72
      vertex 27.1 -0.5 72
      vertex 32.9 -0.9 72
    endloop
  endfacet
  facet normal -0 0 1
    outer loop
      vertex 26.1 -0.5 72
      vertex 32.9 -0.9 72
      vertex 27.1 -0.5 72
    endloop
  endfacet
  facet normal 0 0 1
    outer loop
      vertex 20.1 -0.5 72
      vertex 26.1 -0.5 72
      vertex 20.1 0 72
    endloop
  endfacet
  facet normal -0 0 1
    outer loop
      vertex 20.1 -0.5 72
      vertex 32.9 -0.9 72
      vertex 26.1 -0.5 72
    endloop
  endfacet
  facet normal -0 0 1
    outer loop
      vertex 19.1 -0.5 72
      vertex 32.9 -0.9 72
      vertex 20.1 -0.5 72
    endloop
  endfacet
  facet normal 0 0 1
    outer loop
      vertex 13.1 -0.5 72
      vertex 19.1 -0.5 72
      vertex 13.1 0 72
    endloop
  endfacet
  facet normal -0 0 1
    outer loop
      vertex 13.1 -0.5 72
      vertex 32.9 -0.9 72
      vertex 19.1 -0.5 72
    endloop
  endfacet
  facet normal 0 0 1
    outer loop
      vertex 2.1 -0.9 72
      vertex 13.1 -0.5 72
      vertex 12.1 -0.5 72
    endloop
  endfacet
  facet normal 0 0 1
    outer loop
      vertex 6.1 -0.5 72
      vertex 12.1 -0.5 72
      vertex 6.1 0 72
    endloop
  endfacet
  facet normal 0 0 1
    outer loop
      vertex 2.1 -0.9 72
      vertex 12.1 -0.5 72
      vertex 6.1 -0.5 72
    endloop
  endfacet
  facet normal 0 0 1
    outer loop
      vertex 2.1 -0.9 72
      vertex 6.1 -0.5 72
      vertex 5.1 -0.5 72
    endloop
  endfacet
  facet normal 0 0 1
    outer loop
      vertex 13.1 -0.5 72
      vertex 2.1 -0.9 72
      vertex 32.9 -0.9 72
    endloop
  endfacet
  facet normal 0 0 1
    outer loop
      vertex 2.1 -0.9 72
      vertex 5.1 -0.5 72
      vertex 2.1 0 72
    endloop
  endfacet
  facet normal 0 0 1
    outer loop
      vertex 32.9 4.1 72
      vertex 27.1 3.7 72
      vertex 32.9 3.2 72
    endloop
  endfacet
  facet normal 0 0 1
    outer loop
      vertex 32.9 4.1 72
      vertex 26.1 3.7 72
      vertex 27.1 3.7 72
    endloop
  endfacet
  facet normal 0 0 1
    outer loop
      vertex 26.1 3.7 72
      vertex 20.1 3.7 72
      vertex 26.1 3.2 72
    endloop
  endfacet
  facet normal 0 0 1
    outer loop
      vertex 32.9 4.1 72
      vertex 20.1 3.7 72
      vertex 26.1 3.7 72
    endloop
  endfacet
  facet normal 0 0 1
    outer loop
      vertex 32.9 4.1 72
      vertex 19.1 3.7 72
      vertex 20.1 3.7 72
    endloop
  endfacet
  facet normal 0 0 1
    outer loop
      vertex 19.1 3.7 72
      vertex 13.1 3.7 72
      vertex 19.1 3.2 72
    endloop
  endfacet
  facet normal 0 0 1
    outer loop
      vertex 32.9 4.1 72
      vertex 13.1 3.7 72
      vertex 19.1 3.7 72
    endloop
  endfacet
  facet normal -0 0 1
    outer loop
      vertex 2.1 4.1 72
      vertex 13.1 3.7 72
      vertex 32.9 4.1 72
    endloop
  endfacet
  facet normal 0 0 1
    outer loop
      vertex 12.1 3.7 72
      vertex 6.1 3.7 72
      vertex 12.1 3.2 72
    endloop
  endfacet
  facet normal 0 0 1
    outer loop
      vertex 13.1 3.7 72
      vertex 2.1 4.1 72
      vertex 12.1 3.7 72
    endloop
  endfacet
  facet normal 0 0 1
    outer loop
      vertex 12.1 3.7 72
      vertex 2.1 4.1 72
      vertex 6.1 3.7 72
    endloop
  endfacet
  facet normal 0 0 1
    outer loop
      vertex 6.1 3.7 72
      vertex 2.1 4.1 72
      vertex 5.1 3.7 72
    endloop
  endfacet
  facet normal 0 0 1
    outer loop
      vertex 2.1 3.2 72
      vertex 5.1 3.7 72
      vertex 2.1 4.1 72
    endloop
  endfacet
  facet normal 0 0 1
    outer loop
      vertex 5.1 3.7 72
      vertex 2.1 3.2 72
      vertex 5.1 3.2 72
    endloop
  endfacet
  facet normal 0 0 1
    outer loop
      vertex 32.9 3.2 72
      vertex 27.1 3.7 72
      vertex 27.1 3.2 72
    endloop
  endfacet
  facet normal 0 0 1
    outer loop
      vertex 26.1 3.2 72
      vertex 20.1 3.7 72
      vertex 20.1 3.2 72
    endloop
  endfacet
  facet normal 0 0 1
    outer loop
      vertex 19.1 3.2 72
      vertex 13.1 3.7 72
      vertex 13.1 3.2 72
    endloop
  endfacet
  facet normal 0 0 1
    outer loop
      vertex 12.1 3.2 72
      vertex 6.1 3.7 72
      vertex 6.1 3.2 72
    endloop
  endfacet
  facet normal 1 -0 0
    outer loop
      vertex 32.9 -0.9 72
      vertex 32.9 0 69
      vertex 32.9 0 72
    endloop
  endfacet
  facet normal 1 0 0
    outer loop
      vertex 32.9 0 69
      vertex 32.9 -0.9 72
      vertex 32.9 -0.9 69
    endloop
  endfacet
  facet normal 1 -0 0
    outer loop
      vertex 32.9 3.2 72
      vertex 32.9 4.1 69
      vertex 32.9 4.1 72
    endloop
  endfacet
  facet normal 1 0 0
    outer loop
      vertex 32.9 4.1 69
      vertex 32.9 3.2 72
      vertex 32.9 3.2 69
    endloop
  endfacet
  facet normal 0 0 -1
    outer loop
      vertex 32.9 -0.9 69
      vertex 27.1 -0.5 69
      vertex 32.9 0 69
    endloop
  endfacet
  facet normal 0 0 -1
    outer loop
      vertex 32.9 -0.9 69
      vertex 26.1 -0.5 69
      vertex 27.1 -0.5 69
    endloop
  endfacet
  facet normal 0 0 -1
    outer loop
      vertex 26.1 -0.5 69
      vertex 20.1 -0.5 69
      vertex 26.1 0 69
    endloop
  endfacet
  facet normal 0 0 -1
    outer loop
      vertex 32.9 -0.9 69
      vertex 20.1 -0.5 69
      vertex 26.1 -0.5 69
    endloop
  endfacet
  facet normal 0 0 -1
    outer loop
      vertex 32.9 -0.9 69
      vertex 19.1 -0.5 69
      vertex 20.1 -0.5 69
    endloop
  endfacet
  facet normal 0 0 -1
    outer loop
      vertex 19.1 -0.5 69
      vertex 13.1 -0.5 69
      vertex 19.1 0 69
    endloop
  endfacet
  facet normal 0 0 -1
    outer loop
      vertex 32.9 -0.9 69
      vertex 13.1 -0.5 69
      vertex 19.1 -0.5 69
    endloop
  endfacet
  facet normal 0 0 -1
    outer loop
      vertex 2.1 -0.9 69
      vertex 13.1 -0.5 69
      vertex 32.9 -0.9 69
    endloop
  endfacet
  facet normal 0 0 -1
    outer loop
      vertex 12.1 -0.5 69
      vertex 6.1 -0.5 69
      vertex 12.1 0 69
    endloop
  endfacet
  facet normal -0 0 -1
    outer loop
      vertex 13.1 -0.5 69
      vertex 2.1 -0.9 69
      vertex 12.1 -0.5 69
    endloop
  endfacet
  facet normal -0 0 -1
    outer loop
      vertex 12.1 -0.5 69
      vertex 2.1 -0.9 69
      vertex 6.1 -0.5 69
    endloop
  endfacet
  facet normal -0 0 -1
    outer loop
      vertex 6.1 -0.5 69
      vertex 2.1 -0.9 69
      vertex 5.1 -0.5 69
    endloop
  endfacet
  facet normal 0 0 -1
    outer loop
      vertex 2.1 0 69
      vertex 5.1 -0.5 69
      vertex 2.1 -0.9 69
    endloop
  endfacet
  facet normal 0 0 -1
    outer loop
      vertex 5.1 -0.5 69
      vertex 2.1 0 69
      vertex 5.1 0 69
    endloop
  endfacet
  facet normal -0 0 -1
    outer loop
      vertex 32.9 0 69
      vertex 27.1 -0.5 69
      vertex 27.1 0 69
    endloop
  endfacet
  facet normal -0 0 -1
    outer loop
      vertex 26.1 0 69
      vertex 20.1 -0.5 69
      vertex 20.1 0 69
    endloop
  endfacet
  facet normal -0 0 -1
    outer loop
      vertex 19.1 0 69
      vertex 13.1 -0.5 69
      vertex 13.1 0 69
    endloop
  endfacet
  facet normal -0 0 -1
    outer loop
      vertex 12.1 0 69
      vertex 6.1 -0.5 69
      vertex 6.1 0 69
    endloop
  endfacet
  facet normal 0 0 -1
    outer loop
      vertex 5.1 3.2 69
      vertex 2.1 3.2 69
      vertex 5.1 3.7 69
    endloop
  endfacet
  facet normal 0 0 -1
    outer loop
      vertex 12.1 3.2 69
      vertex 6.1 3.2 69
      vertex 12.1 3.7 69
    endloop
  endfacet
  facet normal 0 0 -1
    outer loop
      vertex 19.1 3.2 69
      vertex 13.1 3.2 69
      vertex 19.1 3.7 69
    endloop
  endfacet
  facet normal 0 0 -1
    outer loop
      vertex 26.1 3.2 69
      vertex 20.1 3.2 69
      vertex 26.1 3.7 69
    endloop
  endfacet
  facet normal 0 0 -1
    outer loop
      vertex 27.1 3.7 69
      vertex 32.9 3.2 69
      vertex 27.1 3.2 69
    endloop
  endfacet
  facet normal 0 0 -1
    outer loop
      vertex 32.9 3.2 69
      vertex 27.1 3.7 69
      vertex 32.9 4.1 69
    endloop
  endfacet
  facet normal 0 0 -1
    outer loop
      vertex 26.1 3.7 69
      vertex 32.9 4.1 69
      vertex 27.1 3.7 69
    endloop
  endfacet
  facet normal 0 0 -1
    outer loop
      vertex 20.1 3.7 69
      vertex 26.1 3.7 69
      vertex 20.1 3.2 69
    endloop
  endfacet
  facet normal 0 0 -1
    outer loop
      vertex 20.1 3.7 69
      vertex 32.9 4.1 69
      vertex 26.1 3.7 69
    endloop
  endfacet
  facet normal 0 0 -1
    outer loop
      vertex 19.1 3.7 69
      vertex 32.9 4.1 69
      vertex 20.1 3.7 69
    endloop
  endfacet
  facet normal 0 0 -1
    outer loop
      vertex 13.1 3.7 69
      vertex 19.1 3.7 69
      vertex 13.1 3.2 69
    endloop
  endfacet
  facet normal 0 0 -1
    outer loop
      vertex 13.1 3.7 69
      vertex 32.9 4.1 69
      vertex 19.1 3.7 69
    endloop
  endfacet
  facet normal 0 0 -1
    outer loop
      vertex 2.1 4.1 69
      vertex 13.1 3.7 69
      vertex 12.1 3.7 69
    endloop
  endfacet
  facet normal 0 0 -1
    outer loop
      vertex 6.1 3.7 69
      vertex 12.1 3.7 69
      vertex 6.1 3.2 69
    endloop
  endfacet
  facet normal 0 0 -1
    outer loop
      vertex 2.1 4.1 69
      vertex 12.1 3.7 69
      vertex 6.1 3.7 69
    endloop
  endfacet
  facet normal 0 0 -1
    outer loop
      vertex 2.1 4.1 69
      vertex 6.1 3.7 69
      vertex 5.1 3.7 69
    endloop
  endfacet
  facet normal 0 0 -1
    outer loop
      vertex 13.1 3.7 69
      vertex 2.1 4.1 69
      vertex 32.9 4.1 69
    endloop
  endfacet
  facet normal 0 0 -1
    outer loop
      vertex 2.1 4.1 69
      vertex 5.1 3.7 69
      vertex 2.1 3.2 69
    endloop
  endfacet
  facet normal 0 -1 0
    outer loop
      vertex 2.1 -0.9 69
      vertex 32.9 -0.9 72
      vertex 2.1 -0.9 72
    endloop
  endfacet
  facet normal 0 -1 -0
    outer loop
      vertex 32.9 -0.9 72
      vertex 2.1 -0.9 69
      vertex 32.9 -0.9 69
    endloop
  endfacet
  facet normal 0 1 -0
    outer loop
      vertex 32.9 4.1 69
      vertex 2.1 4.1 72
      vertex 32.9 4.1 72
    endloop
  endfacet
  facet normal 0 1 0
    outer loop
      vertex 2.1 4.1 72
      vertex 32.9 4.1 69
      vertex 2.1 4.1 69
    endloop
  endfacet
  facet normal -1 0 0
    outer loop
      vertex 0.6 0 0
      vertex 0.6 3.2 75
      vertex 0.6 3.2 0
    endloop
  endfacet
  facet normal -1 -0 0
    outer loop
      vertex 0.6 3.2 75
      vertex 0.6 0 0
      vertex 0.6 0 75
    endloop
  endfacet
  facet normal 1 -0 0
    outer loop
      vertex 34.4 0 75
      vertex 34.4 3.2 0
      vertex 34.4 3.2 75
    endloop
  endfacet
  facet normal 1 0 0
    outer loop
      vertex 34.4 3.2 0
      vertex 34.4 0 75
      vertex 34.4 0 0
    endloop
  endfacet
  facet normal 0 1 0
    outer loop
      vertex 34.4 3.2 75
      vertex 32.9 3.2 72
      vertex 27.1 3.2 75
    endloop
  endfacet
  facet normal 0 1 0
    outer loop
      vertex 34.4 3.2 75
      vertex 32.9 3.2 69
      vertex 32.9 3.2 72
    endloop
  endfacet
  facet normal 0 1 0
    outer loop
      vertex 32.9 3.2 69
      vertex 32.9 3.2 46
      vertex 27.1 3.2 69
    endloop
  endfacet
  facet normal 0 1 0
    outer loop
      vertex 34.4 3.2 75
      vertex 32.9 3.2 46
      vertex 32.9 3.2 69
    endloop
  endfacet
  facet normal 0 1 0
    outer loop
      vertex 34.4 3.2 75
      vertex 32.9 3.2 43
      vertex 32.9 3.2 46
    endloop
  endfacet
  facet normal 0 1 0
    outer loop
      vertex 32.9 3.2 43
      vertex 32.9 3.2 18
      vertex 27.1 3.2 43
    endloop
  endfacet
  facet normal 0 1 -0
    outer loop
      vertex 34.4 3.2 0
      vertex 32.9 3.2 43
      vertex 34.4 3.2 75
    endloop
  endfacet
  facet normal 0 1 0
    outer loop
      vertex 32.9 3.2 43
      vertex 34.4 3.2 0
      vertex 32.9 3.2 18
    endloop
  endfacet
  facet normal 0 1 0
    outer loop
      vertex 32.9 3.2 18
      vertex 34.4 3.2 0
      vertex 32.9 3.2 15
    endloop
  endfacet
  facet normal 0 1 0
    outer loop
      vertex 27.1 3.2 0
      vertex 32.9 3.2 15
      vertex 34.4 3.2 0
    endloop
  endfacet
  facet normal 0 1 0
    outer loop
      vertex 32.9 3.2 15
      vertex 27.1 3.2 0
      vertex 27.1 3.2 15
    endloop
  endfacet
  facet normal 0 1 0
    outer loop
      vertex 27.1 3.2 75
      vertex 32.9 3.2 72
      vertex 27.1 3.2 72
    endloop
  endfacet
  facet normal 0 1 0
    outer loop
      vertex 27.1 3.2 69
      vertex 32.9 3.2 46
      vertex 27.1 3.2 46
    endloop
  endfacet
  facet normal 0 1 0
    outer loop
      vertex 27.1 3.2 43
      vertex 32.9 3.2 18
      vertex 27.1 3.2 18
    endloop
  endfacet
  facet normal 0 1 0
    outer loop
      vertex 5.1 3.2 15
      vertex 5.1 3.2 0
      vertex 2.1 3.2 15
    endloop
  endfacet
  facet normal 0 1 0
    outer loop
      vertex 4.43083 3.2 35.6807
      vertex 5.1 3.2 18
      vertex 3.31537 3.2 35.5204
    endloop
  endfacet
  facet normal 0 1 -0
    outer loop
      vertex 5.1 3.2 18
      vertex 4.43083 3.2 35.6807
      vertex 5.1 3.2 36.2606
    endloop
  endfacet
  facet normal 0 1 0
    outer loop
      vertex 5.1 3.2 43
      vertex 3.31537 3.2 39.4796
      vertex 2.1 3.2 43
    endloop
  endfacet
  facet normal 0 1 0
    outer loop
      vertex 5.1 3.2 43
      vertex 4.43083 3.2 39.3193
      vertex 3.31537 3.2 39.4796
    endloop
  endfacet
  facet normal -0 1 0
    outer loop
      vertex 4.43083 3.2 39.3193
      vertex 5.1 3.2 43
      vertex 5.1 3.2 38.7394
    endloop
  endfacet
  facet normal 0 1 0
    outer loop
      vertex 5.1 3.2 69
      vertex 5.1 3.2 46
      vertex 2.1 3.2 69
    endloop
  endfacet
  facet normal 0 1 0
    outer loop
      vertex 2.1 3.2 72
      vertex 5.1 3.2 75
      vertex 5.1 3.2 72
    endloop
  endfacet
  facet normal 0 1 0
    outer loop
      vertex 5.1 3.2 75
      vertex 2.1 3.2 72
      vertex 0.6 3.2 75
    endloop
  endfacet
  facet normal 0 1 -0
    outer loop
      vertex 2.1 3.2 69
      vertex 0.6 3.2 75
      vertex 2.1 3.2 72
    endloop
  endfacet
  facet normal 0 1 0
    outer loop
      vertex 2.1 3.2 46
      vertex 2.1 3.2 69
      vertex 5.1 3.2 46
    endloop
  endfacet
  facet normal 0 1 0
    outer loop
      vertex 2.1 3.2 69
      vertex 2.1 3.2 46
      vertex 0.6 3.2 75
    endloop
  endfacet
  facet normal 0 1 0
    outer loop
      vertex 1.68101 3.2 38.0635
      vertex 2.1 3.2 46
      vertex 2.1 3.2 43
    endloop
  endfacet
  facet normal 0 1 -0
    outer loop
      vertex 2.29028 3.2 39.0115
      vertex 2.1 3.2 43
      vertex 3.31537 3.2 39.4796
    endloop
  endfacet
  facet normal 0 1 0
    outer loop
      vertex 1.68101 3.2 38.0635
      vertex 2.1 3.2 43
      vertex 2.29028 3.2 39.0115
    endloop
  endfacet
  facet normal 0 1 0
    outer loop
      vertex 2.1 3.2 46
      vertex 1.68101 3.2 38.0635
      vertex 0.6 3.2 75
    endloop
  endfacet
  facet normal 0 1 -0
    outer loop
      vertex 1.68101 3.2 36.9365
      vertex 0.6 3.2 75
      vertex 1.68101 3.2 38.0635
    endloop
  endfacet
  facet normal 0 1 0
    outer loop
      vertex 2.1 3.2 18
      vertex 3.31537 3.2 35.5204
      vertex 5.1 3.2 18
    endloop
  endfacet
  facet normal 0 1 0
    outer loop
      vertex 3.31537 3.2 35.5204
      vertex 2.1 3.2 18
      vertex 2.29028 3.2 35.9885
    endloop
  endfacet
  facet normal 0 1 0
    outer loop
      vertex 2.29028 3.2 35.9885
      vertex 2.1 3.2 18
      vertex 1.68101 3.2 36.9365
    endloop
  endfacet
  facet normal 0 1 0
    outer loop
      vertex 0.6 3.2 0
      vertex 1.68101 3.2 36.9365
      vertex 2.1 3.2 18
    endloop
  endfacet
  facet normal 0 1 0
    outer loop
      vertex 0.6 3.2 0
      vertex 2.1 3.2 18
      vertex 2.1 3.2 15
    endloop
  endfacet
  facet normal 0 1 0
    outer loop
      vertex 1.68101 3.2 36.9365
      vertex 0.6 3.2 0
      vertex 0.6 3.2 75
    endloop
  endfacet
  facet normal 0 1 0
    outer loop
      vertex 0.6 3.2 0
      vertex 2.1 3.2 15
      vertex 5.1 3.2 0
    endloop
  endfacet
  facet normal 0 1 -0
    outer loop
      vertex 12.1 3.2 0
      vertex 6.1 3.2 15
      vertex 12.1 3.2 15
    endloop
  endfacet
  facet normal 0 1 0
    outer loop
      vertex 6.1 3.2 15
      vertex 12.1 3.2 0
      vertex 6.1 3.2 0
    endloop
  endfacet
  facet normal 0 1 -0
    outer loop
      vertex 19.1 3.2 0
      vertex 13.1 3.2 15
      vertex 19.1 3.2 15
    endloop
  endfacet
  facet normal 0 1 0
    outer loop
      vertex 13.1 3.2 15
      vertex 19.1 3.2 0
      vertex 13.1 3.2 0
    endloop
  endfacet
  facet normal 0 1 -0
    outer loop
      vertex 26.1 3.2 0
      vertex 20.1 3.2 15
      vertex 26.1 3.2 15
    endloop
  endfacet
  facet normal 0 1 0
    outer loop
      vertex 20.1 3.2 15
      vertex 26.1 3.2 0
      vertex 20.1 3.2 0
    endloop
  endfacet
  facet normal 0 1 -0
    outer loop
      vertex 12.1 3.2 72
      vertex 6.1 3.2 75
      vertex 12.1 3.2 75
    endloop
  endfacet
  facet normal 0 1 0
    outer loop
      vertex 6.1 3.2 75
      vertex 12.1 3.2 72
      vertex 6.1 3.2 72
    endloop
  endfacet
  facet normal 0 1 -0
    outer loop
      vertex 19.1 3.2 72
      vertex 13.1 3.2 75
      vertex 19.1 3.2 75
    endloop
  endfacet
  facet normal 0 1 0
    outer loop
      vertex 13.1 3.2 75
      vertex 19.1 3.2 72
      vertex 13.1 3.2 72
    endloop
  endfacet
  facet normal 0 1 -0
    outer loop
      vertex 26.1 3.2 72
      vertex 20.1 3.2 75
      vertex 26.1 3.2 75
    endloop
  endfacet
  facet normal 0 1 0
    outer loop
      vertex 20.1 3.2 75
      vertex 26.1 3.2 72
      vertex 20.1 3.2 72
    endloop
  endfacet
  facet normal 0 1 -0
    outer loop
      vertex 12.1 3.2 18
      vertex 6.1 3.2 43
      vertex 12.1 3.2 43
    endloop
  endfacet
  facet normal 0 1 0
    outer loop
      vertex 6.1 3.2 43
      vertex 12.1 3.2 18
      vertex 6.1 3.2 18
    endloop
  endfacet
  facet normal 0 1 -0
    outer loop
      vertex 19.1 3.2 18
      vertex 13.1 3.2 43
      vertex 19.1 3.2 43
    endloop
  endfacet
  facet normal 0 1 0
    outer loop
      vertex 13.1 3.2 43
      vertex 19.1 3.2 18
      vertex 13.1 3.2 18
    endloop
  endfacet
  facet normal 0 1 -0
    outer loop
      vertex 26.1 3.2 18
      vertex 20.1 3.2 43
      vertex 26.1 3.2 43
    endloop
  endfacet
  facet normal 0 1 0
    outer loop
      vertex 20.1 3.2 43
      vertex 26.1 3.2 18
      vertex 20.1 3.2 18
    endloop
  endfacet
  facet normal 0 1 -0
    outer loop
      vertex 12.1 3.2 46
      vertex 6.1 3.2 69
      vertex 12.1 3.2 69
    endloop
  endfacet
  facet normal 0 1 0
    outer loop
      vertex 6.1 3.2 69
      vertex 12.1 3.2 46
      vertex 6.1 3.2 46
    endloop
  endfacet
  facet normal 0 1 -0
    outer loop
      vertex 19.1 3.2 46
      vertex 13.1 3.2 69
      vertex 19.1 3.2 69
    endloop
  endfacet
  facet normal 0 1 0
    outer loop
      vertex 13.1 3.2 69
      vertex 19.1 3.2 46
      vertex 13.1 3.2 46
    endloop
  endfacet
  facet normal 0 1 -0
    outer loop
      vertex 26.1 3.2 46
      vertex 20.1 3.2 69
      vertex 26.1 3.2 69
    endloop
  endfacet
  facet normal 0 1 0
    outer loop
      vertex 20.1 3.2 69
      vertex 26.1 3.2 46
      vertex 20.1 3.2 46
    endloop
  endfacet
  facet normal 0 -1 0
    outer loop
      vertex 27.1 0 15
      vertex 27.1 0 0
      vertex 32.9 0 15
    endloop
  endfacet
  facet normal 0 -1 0
    outer loop
      vertex 27.1 0 43
      vertex 27.1 0 18
      vertex 32.9 0 43
    endloop
  endfacet
  facet normal 0 -1 0
    outer loop
      vertex 27.1 0 69
      vertex 27.1 0 46
      vertex 32.9 0 69
    endloop
  endfacet
  facet normal 0 -1 0
    outer loop
      vertex 32.9 0 72
      vertex 27.1 0 75
      vertex 27.1 0 72
    endloop
  endfacet
  facet normal 0 -1 0
    outer loop
      vertex 27.1 0 75
      vertex 32.9 0 72
      vertex 34.4 0 75
    endloop
  endfacet
  facet normal 0 -1 0
    outer loop
      vertex 32.9 0 69
      vertex 34.4 0 75
      vertex 32.9 0 72
    endloop
  endfacet
  facet normal 0 -1 0
    outer loop
      vertex 32.9 0 46
      vertex 32.9 0 69
      vertex 27.1 0 46
    endloop
  endfacet
  facet normal 0 -1 0
    outer loop
      vertex 32.9 0 46
      vertex 34.4 0 75
      vertex 32.9 0 69
    endloop
  endfacet
  facet normal 0 -1 0
    outer loop
      vertex 32.9 0 43
      vertex 34.4 0 75
      vertex 32.9 0 46
    endloop
  endfacet
  facet normal 0 -1 0
    outer loop
      vertex 32.9 0 18
      vertex 32.9 0 43
      vertex 27.1 0 18
    endloop
  endfacet
  facet normal 0 -1 0
    outer loop
      vertex 34.4 0 0
      vertex 32.9 0 43
      vertex 32.9 0 18
    endloop
  endfacet
  facet normal 0 -1 0
    outer loop
      vertex 34.4 0 0
      vertex 32.9 0 18
      vertex 32.9 0 15
    endloop
  endfacet
  facet normal 0 -1 0
    outer loop
      vertex 32.9 0 43
      vertex 34.4 0 0
      vertex 34.4 0 75
    endloop
  endfacet
  facet normal 0 -1 0
    outer loop
      vertex 34.4 0 0
      vertex 32.9 0 15
      vertex 27.1 0 0
    endloop
  endfacet
  facet normal 0 -1 0
    outer loop
      vertex 0.6 0 75
      vertex 2.1 0 72
      vertex 5.1 0 75
    endloop
  endfacet
  facet normal 0 -1 0
    outer loop
      vertex 0.6 0 75
      vertex 2.1 0 69
      vertex 2.1 0 72
    endloop
  endfacet
  facet normal 0 -1 0
    outer loop
      vertex 2.1 0 69
      vertex 2.1 0 46
      vertex 5.1 0 69
    endloop
  endfacet
  facet normal 0 -1 0
    outer loop
      vertex 0.6 0 75
      vertex 2.1 0 46
      vertex 2.1 0 69
    endloop
  endfacet
  facet normal 0 -1 0
    outer loop
      vertex 1.68101 0 38.0635
      vertex 2.1 0 46
      vertex 0.6 0 75
    endloop
  endfacet
  facet normal 0 -1 0
    outer loop
      vertex 2.1 0 43
      vertex 3.31537 0 39.4796
      vertex 5.1 0 43
    endloop
  endfacet
  facet normal 0 -1 0
    outer loop
      vertex 2.1 0 43
      vertex 2.29028 0 39.0115
      vertex 3.31537 0 39.4796
    endloop
  endfacet
  facet normal 0 -1 -0
    outer loop
      vertex 2.1 0 43
      vertex 1.68101 0 38.0635
      vertex 2.29028 0 39.0115
    endloop
  endfacet
  facet normal 0 -1 -0
    outer loop
      vertex 2.1 0 46
      vertex 1.68101 0 38.0635
      vertex 2.1 0 43
    endloop
  endfacet
  facet normal 0 -1 0
    outer loop
      vertex 0.6 0 75
      vertex 1.68101 0 36.9365
      vertex 1.68101 0 38.0635
    endloop
  endfacet
  facet normal 0 -1 -0
    outer loop
      vertex 2.29028 0 35.9885
      vertex 2.1 0 18
      vertex 3.31537 0 35.5204
    endloop
  endfacet
  facet normal 0 -1 0
    outer loop
      vertex 1.68101 0 36.9365
      vertex 2.1 0 18
      vertex 2.29028 0 35.9885
    endloop
  endfacet
  facet normal 0 -1 0
    outer loop
      vertex 0.6 0 0
      vertex 1.68101 0 36.9365
      vertex 0.6 0 75
    endloop
  endfacet
  facet normal 0 -1 -0
    outer loop
      vertex 1.68101 0 36.9365
      vertex 0.6 0 0
      vertex 2.1 0 18
    endloop
  endfacet
  facet normal 0 -1 -0
    outer loop
      vertex 2.1 0 18
      vertex 0.6 0 0
      vertex 2.1 0 15
    endloop
  endfacet
  facet normal 0 -1 0
    outer loop
      vertex 5.1 0 0
      vertex 2.1 0 15
      vertex 0.6 0 0
    endloop
  endfacet
  facet normal 0 -1 0
    outer loop
      vertex 2.1 0 15
      vertex 5.1 0 0
      vertex 5.1 0 15
    endloop
  endfacet
  facet normal 0 -1 -0
    outer loop
      vertex 5.1 0 75
      vertex 2.1 0 72
      vertex 5.1 0 72
    endloop
  endfacet
  facet normal 0 -1 -0
    outer loop
      vertex 5.1 0 69
      vertex 2.1 0 46
      vertex 5.1 0 46
    endloop
  endfacet
  facet normal 0 -1 0
    outer loop
      vertex 4.43083 0 39.3193
      vertex 5.1 0 43
      vertex 3.31537 0 39.4796
    endloop
  endfacet
  facet normal 0 -1 -0
    outer loop
      vertex 5.1 0 43
      vertex 4.43083 0 39.3193
      vertex 5.1 0 38.7394
    endloop
  endfacet
  facet normal 0 -1 0
    outer loop
      vertex 5.1 0 18
      vertex 3.31537 0 35.5204
      vertex 2.1 0 18
    endloop
  endfacet
  facet normal 0 -1 0
    outer loop
      vertex 3.31537 0 35.5204
      vertex 5.1 0 18
      vertex 4.43083 0 35.6807
    endloop
  endfacet
  facet normal 0 -1 0
    outer loop
      vertex 4.43083 0 35.6807
      vertex 5.1 0 18
      vertex 5.1 0 36.2606
    endloop
  endfacet
  facet normal 0 -1 0
    outer loop
      vertex 6.1 0 0
      vertex 12.1 0 15
      vertex 6.1 0 15
    endloop
  endfacet
  facet normal 0 -1 -0
    outer loop
      vertex 12.1 0 15
      vertex 6.1 0 0
      vertex 12.1 0 0
    endloop
  endfacet
  facet normal 0 -1 0
    outer loop
      vertex 13.1 0 0
      vertex 19.1 0 15
      vertex 13.1 0 15
    endloop
  endfacet
  facet normal 0 -1 -0
    outer loop
      vertex 19.1 0 15
      vertex 13.1 0 0
      vertex 19.1 0 0
    endloop
  endfacet
  facet normal 0 -1 0
    outer loop
      vertex 20.1 0 0
      vertex 26.1 0 15
      vertex 20.1 0 15
    endloop
  endfacet
  facet normal 0 -1 -0
    outer loop
      vertex 26.1 0 15
      vertex 20.1 0 0
      vertex 26.1 0 0
    endloop
  endfacet
  facet normal 0 -1 0
    outer loop
      vertex 6.1 0 72
      vertex 12.1 0 75
      vertex 6.1 0 75
    endloop
  endfacet
  facet normal 0 -1 -0
    outer loop
      vertex 12.1 0 75
      vertex 6.1 0 72
      vertex 12.1 0 72
    endloop
  endfacet
  facet normal 0 -1 0
    outer loop
      vertex 13.1 0 72
      vertex 19.1 0 75
      vertex 13.1 0 75
    endloop
  endfacet
  facet normal 0 -1 -0
    outer loop
      vertex 19.1 0 75
      vertex 13.1 0 72
      vertex 19.1 0 72
    endloop
  endfacet
  facet normal 0 -1 0
    outer loop
      vertex 20.1 0 72
      vertex 26.1 0 75
      vertex 20.1 0 75
    endloop
  endfacet
  facet normal 0 -1 -0
    outer loop
      vertex 26.1 0 75
      vertex 20.1 0 72
      vertex 26.1 0 72
    endloop
  endfacet
  facet normal 0 -1 0
    outer loop
      vertex 6.1 0 18
      vertex 12.1 0 43
      vertex 6.1 0 43
    endloop
  endfacet
  facet normal 0 -1 -0
    outer loop
      vertex 12.1 0 43
      vertex 6.1 0 18
      vertex 12.1 0 18
    endloop
  endfacet
  facet normal 0 -1 0
    outer loop
      vertex 13.1 0 18
      vertex 19.1 0 43
      vertex 13.1 0 43
    endloop
  endfacet
  facet normal 0 -1 -0
    outer loop
      vertex 19.1 0 43
      vertex 13.1 0 18
      vertex 19.1 0 18
    endloop
  endfacet
  facet normal 0 -1 0
    outer loop
      vertex 20.1 0 18
      vertex 26.1 0 43
      vertex 20.1 0 43
    endloop
  endfacet
  facet normal 0 -1 -0
    outer loop
      vertex 26.1 0 43
      vertex 20.1 0 18
      vertex 26.1 0 18
    endloop
  endfacet
  facet normal 0 -1 0
    outer loop
      vertex 6.1 0 46
      vertex 12.1 0 69
      vertex 6.1 0 69
    endloop
  endfacet
  facet normal 0 -1 -0
    outer loop
      vertex 12.1 0 69
      vertex 6.1 0 46
      vertex 12.1 0 46
    endloop
  endfacet
  facet normal 0 -1 0
    outer loop
      vertex 13.1 0 46
      vertex 19.1 0 69
      vertex 13.1 0 69
    endloop
  endfacet
  facet normal 0 -1 -0
    outer loop
      vertex 19.1 0 69
      vertex 13.1 0 46
      vertex 19.1 0 46
    endloop
  endfacet
  facet normal 0 -1 0
    outer loop
      vertex 20.1 0 46
      vertex 26.1 0 69
      vertex 20.1 0 69
    endloop
  endfacet
  facet normal 0 -1 -0
    outer loop
      vertex 26.1 0 69
      vertex 20.1 0 46
      vertex 26.1 0 46
    endloop
  endfacet
  facet normal 0.959495 0 -0.281726
    outer loop
      vertex 5.6 -1.2 37.5
      vertex 5.28251 -0.5 36.4187
      vertex 5.6 -0.5 37.5
    endloop
  endfacet
  facet normal 0.959495 0 -0.281726
    outer loop
      vertex 5.28251 -0.5 36.4187
      vertex 5.6 -1.2 37.5
      vertex 5.28251 -1.2 36.4187
    endloop
  endfacet
  facet normal 0.959495 0 -0.281726
    outer loop
      vertex 5.6 3.7 37.5
      vertex 5.28251 4.4 36.4187
      vertex 5.6 4.4 37.5
    endloop
  endfacet
  facet normal 0.959495 0 -0.281726
    outer loop
      vertex 5.28251 4.4 36.4187
      vertex 5.6 3.7 37.5
      vertex 5.28251 3.7 36.4187
    endloop
  endfacet
  facet normal 0.142246 0 -0.989831
    outer loop
      vertex 3.31537 -1.2 35.5204
      vertex 4.43083 0 35.6807
      vertex 4.43083 -1.2 35.6807
    endloop
  endfacet
  facet normal 0.142246 0 -0.989831
    outer loop
      vertex 4.43083 0 35.6807
      vertex 3.31537 -1.2 35.5204
      vertex 3.31537 0 35.5204
    endloop
  endfacet
  facet normal 0.142246 0 -0.989831
    outer loop
      vertex 3.31537 3.2 35.5204
      vertex 4.43083 4.4 35.6807
      vertex 4.43083 3.2 35.6807
    endloop
  endfacet
  facet normal 0.142246 0 -0.989831
    outer loop
      vertex 4.43083 4.4 35.6807
      vertex 3.31537 3.2 35.5204
      vertex 3.31537 4.4 35.5204
    endloop
  endfacet
  facet normal 0.654752 0 -0.755843
    outer loop
      vertex 5.28251 -1.2 36.4187
      vertex 5.1 -0.5 36.2606
      vertex 5.28251 -0.5 36.4187
    endloop
  endfacet
  facet normal 0.654868 5.29523e-05 -0.755743
    outer loop
      vertex 4.43083 -1.2 35.6807
      vertex 5.1 -0.5 36.2606
      vertex 5.28251 -1.2 36.4187
    endloop
  endfacet
  facet normal 0.6549 0 -0.755716
    outer loop
      vertex 4.43083 0 35.6807
      vertex 5.1 -0.5 36.2606
      vertex 4.43083 -1.2 35.6807
    endloop
  endfacet
  facet normal 0.6549 0 -0.755716
    outer loop
      vertex 5.1 -0.5 36.2606
      vertex 4.43083 0 35.6807
      vertex 5.1 0 36.2606
    endloop
  endfacet
  facet normal 0.6549 0 -0.755716
    outer loop
      vertex 5.1 3.2 36.2606
      vertex 4.43083 3.2 35.6807
      vertex 5.1 3.7 36.2606
    endloop
  endfacet
  facet normal 0.654752 0 -0.755843
    outer loop
      vertex 5.1 3.7 36.2606
      vertex 5.28251 4.4 36.4187
      vertex 5.28251 3.7 36.4187
    endloop
  endfacet
  facet normal 0.6549 0 -0.755716
    outer loop
      vertex 4.43083 4.4 35.6807
      vertex 5.1 3.7 36.2606
      vertex 4.43083 3.2 35.6807
    endloop
  endfacet
  facet normal 0.654868 -5.29523e-05 -0.755743
    outer loop
      vertex 5.1 3.7 36.2606
      vertex 4.43083 4.4 35.6807
      vertex 5.28251 4.4 36.4187
    endloop
  endfacet
  facet normal -0.415384 0 -0.909646
    outer loop
      vertex 2.29028 -1.2 35.9885
      vertex 3.31537 0 35.5204
      vertex 3.31537 -1.2 35.5204
    endloop
  endfacet
  facet normal -0.415384 0 -0.909646
    outer loop
      vertex 3.31537 0 35.5204
      vertex 2.29028 -1.2 35.9885
      vertex 2.29028 0 35.9885
    endloop
  endfacet
  facet normal -0.415384 0 -0.909646
    outer loop
      vertex 2.29028 3.2 35.9885
      vertex 3.31537 4.4 35.5204
      vertex 3.31537 3.2 35.5204
    endloop
  endfacet
  facet normal -0.415384 0 -0.909646
    outer loop
      vertex 3.31537 4.4 35.5204
      vertex 2.29028 3.2 35.9885
      vertex 2.29028 4.4 35.9885
    endloop
  endfacet
  facet normal 0.959495 -0 0.281726
    outer loop
      vertex 5.28251 -1.2 38.5813
      vertex 5.6 -0.5 37.5
      vertex 5.28251 -0.5 38.5813
    endloop
  endfacet
  facet normal 0.959495 0 0.281726
    outer loop
      vertex 5.6 -0.5 37.5
      vertex 5.28251 -1.2 38.5813
      vertex 5.6 -1.2 37.5
    endloop
  endfacet
  facet normal 0.959495 -0 0.281726
    outer loop
      vertex 5.28251 3.7 38.5813
      vertex 5.6 4.4 37.5
      vertex 5.28251 4.4 38.5813
    endloop
  endfacet
  facet normal 0.959495 0 0.281726
    outer loop
      vertex 5.6 4.4 37.5
      vertex 5.28251 3.7 38.5813
      vertex 5.6 3.7 37.5
    endloop
  endfacet
  facet normal 0 -1 0
    outer loop
      vertex 2.29028 -1.2 39.0115
      vertex 4.43083 -1.2 39.3193
      vertex 3.31537 -1.2 39.4796
    endloop
  endfacet
  facet normal 0 -1 0
    outer loop
      vertex 2.29028 -1.2 39.0115
      vertex 5.28251 -1.2 38.5813
      vertex 4.43083 -1.2 39.3193
    endloop
  endfacet
  facet normal 0 -1 0
    outer loop
      vertex 1.68101 -1.2 38.0635
      vertex 5.28251 -1.2 38.5813
      vertex 2.29028 -1.2 39.0115
    endloop
  endfacet
  facet normal 0 -1 0
    outer loop
      vertex 1.68101 -1.2 38.0635
      vertex 5.6 -1.2 37.5
      vertex 5.28251 -1.2 38.5813
    endloop
  endfacet
  facet normal 0 -1 0
    outer loop
      vertex 1.68101 -1.2 36.9365
      vertex 5.6 -1.2 37.5
      vertex 1.68101 -1.2 38.0635
    endloop
  endfacet
  facet normal 0 -1 0
    outer loop
      vertex 1.68101 -1.2 36.9365
      vertex 5.28251 -1.2 36.4187
      vertex 5.6 -1.2 37.5
    endloop
  endfacet
  facet normal 0 -1 0
    outer loop
      vertex 2.29028 -1.2 35.9885
      vertex 5.28251 -1.2 36.4187
      vertex 1.68101 -1.2 36.9365
    endloop
  endfacet
  facet normal 0 -1 0
    outer loop
      vertex 2.29028 -1.2 35.9885
      vertex 4.43083 -1.2 35.6807
      vertex 5.28251 -1.2 36.4187
    endloop
  endfacet
  facet normal -0 -1 0
    outer loop
      vertex 4.43083 -1.2 35.6807
      vertex 2.29028 -1.2 35.9885
      vertex 3.31537 -1.2 35.5204
    endloop
  endfacet
  facet normal -0.841242 0 -0.540658
    outer loop
      vertex 2.29028 -1.2 35.9885
      vertex 1.68101 0 36.9365
      vertex 2.29028 0 35.9885
    endloop
  endfacet
  facet normal -0.841242 -0 -0.540658
    outer loop
      vertex 1.68101 0 36.9365
      vertex 2.29028 -1.2 35.9885
      vertex 1.68101 -1.2 36.9365
    endloop
  endfacet
  facet normal -0.841242 0 -0.540658
    outer loop
      vertex 2.29028 3.2 35.9885
      vertex 1.68101 4.4 36.9365
      vertex 2.29028 4.4 35.9885
    endloop
  endfacet
  facet normal -0.841242 -0 -0.540658
    outer loop
      vertex 1.68101 4.4 36.9365
      vertex 2.29028 3.2 35.9885
      vertex 1.68101 3.2 36.9365
    endloop
  endfacet
  facet normal -0.841242 0 0.540658
    outer loop
      vertex 1.68101 -1.2 38.0635
      vertex 2.29028 0 39.0115
      vertex 1.68101 0 38.0635
    endloop
  endfacet
  facet normal -0.841242 0 0.540658
    outer loop
      vertex 2.29028 0 39.0115
      vertex 1.68101 -1.2 38.0635
      vertex 2.29028 -1.2 39.0115
    endloop
  endfacet
  facet normal -0.841242 0 0.540658
    outer loop
      vertex 1.68101 3.2 38.0635
      vertex 2.29028 4.4 39.0115
      vertex 1.68101 4.4 38.0635
    endloop
  endfacet
  facet normal -0.841242 0 0.540658
    outer loop
      vertex 2.29028 4.4 39.0115
      vertex 1.68101 3.2 38.0635
      vertex 2.29028 3.2 39.0115
    endloop
  endfacet
  facet normal 0.142246 0 0.989831
    outer loop
      vertex 3.31537 0 39.4796
      vertex 4.43083 -1.2 39.3193
      vertex 4.43083 0 39.3193
    endloop
  endfacet
  facet normal 0.142246 0 0.989831
    outer loop
      vertex 4.43083 -1.2 39.3193
      vertex 3.31537 0 39.4796
      vertex 3.31537 -1.2 39.4796
    endloop
  endfacet
  facet normal 0.142246 0 0.989831
    outer loop
      vertex 3.31537 4.4 39.4796
      vertex 4.43083 3.2 39.3193
      vertex 4.43083 4.4 39.3193
    endloop
  endfacet
  facet normal 0.142246 0 0.989831
    outer loop
      vertex 4.43083 3.2 39.3193
      vertex 3.31537 4.4 39.4796
      vertex 3.31537 3.2 39.4796
    endloop
  endfacet
  facet normal 0.654752 0 0.755843
    outer loop
      vertex 5.28251 4.4 38.5813
      vertex 5.1 3.7 38.7394
      vertex 5.28251 3.7 38.5813
    endloop
  endfacet
  facet normal 0.654868 -5.29523e-05 0.755743
    outer loop
      vertex 4.43083 4.4 39.3193
      vertex 5.1 3.7 38.7394
      vertex 5.28251 4.4 38.5813
    endloop
  endfacet
  facet normal 0.6549 -0 0.755716
    outer loop
      vertex 4.43083 3.2 39.3193
      vertex 5.1 3.7 38.7394
      vertex 4.43083 4.4 39.3193
    endloop
  endfacet
  facet normal 0.6549 0 0.755716
    outer loop
      vertex 5.1 3.7 38.7394
      vertex 4.43083 3.2 39.3193
      vertex 5.1 3.2 38.7394
    endloop
  endfacet
  facet normal 0.6549 0 0.755716
    outer loop
      vertex 5.1 0 38.7394
      vertex 4.43083 0 39.3193
      vertex 5.1 -0.5 38.7394
    endloop
  endfacet
  facet normal 0.654752 0 0.755843
    outer loop
      vertex 5.1 -0.5 38.7394
      vertex 5.28251 -1.2 38.5813
      vertex 5.28251 -0.5 38.5813
    endloop
  endfacet
  facet normal 0.6549 -0 0.755716
    outer loop
      vertex 4.43083 -1.2 39.3193
      vertex 5.1 -0.5 38.7394
      vertex 4.43083 0 39.3193
    endloop
  endfacet
  facet normal 0.654868 5.29523e-05 0.755743
    outer loop
      vertex 5.1 -0.5 38.7394
      vertex 4.43083 -1.2 39.3193
      vertex 5.28251 -1.2 38.5813
    endloop
  endfacet
  facet normal -1 0 0
    outer loop
      vertex 1.68101 -1.2 36.9365
      vertex 1.68101 0 38.0635
      vertex 1.68101 0 36.9365
    endloop
  endfacet
  facet normal -1 -0 0
    outer loop
      vertex 1.68101 0 38.0635
      vertex 1.68101 -1.2 36.9365
      vertex 1.68101 -1.2 38.0635
    endloop
  endfacet
  facet normal -1 0 0
    outer loop
      vertex 1.68101 3.2 36.9365
      vertex 1.68101 4.4 38.0635
      vertex 1.68101 4.4 36.9365
    endloop
  endfacet
  facet normal -1 -0 0
    outer loop
      vertex 1.68101 4.4 38.0635
      vertex 1.68101 3.2 36.9365
      vertex 1.68101 3.2 38.0635
    endloop
  endfacet
  facet normal 0 1 0
    outer loop
      vertex 4.43083 4.4 39.3193
      vertex 2.29028 4.4 39.0115
      vertex 3.31537 4.4 39.4796
    endloop
  endfacet
  facet normal 0 1 0
    outer loop
      vertex 5.28251 4.4 38.5813
      vertex 2.29028 4.4 39.0115
      vertex 4.43083 4.4 39.3193
    endloop
  endfacet
  facet normal 0 1 0
    outer loop
      vertex 5.28251 4.4 38.5813
      vertex 1.68101 4.4 38.0635
      vertex 2.29028 4.4 39.0115
    endloop
  endfacet
  facet normal 0 1 0
    outer loop
      vertex 5.6 4.4 37.5
      vertex 1.68101 4.4 38.0635
      vertex 5.28251 4.4 38.5813
    endloop
  endfacet
  facet normal 0 1 0
    outer loop
      vertex 5.6 4.4 37.5
      vertex 1.68101 4.4 36.9365
      vertex 1.68101 4.4 38.0635
    endloop
  endfacet
  facet normal 0 1 -0
    outer loop
      vertex 5.28251 4.4 36.4187
      vertex 1.68101 4.4 36.9365
      vertex 5.6 4.4 37.5
    endloop
  endfacet
  facet normal 0 1 0
    outer loop
      vertex 5.28251 4.4 36.4187
      vertex 2.29028 4.4 35.9885
      vertex 1.68101 4.4 36.9365
    endloop
  endfacet
  facet normal 0 1 -0
    outer loop
      vertex 4.43083 4.4 35.6807
      vertex 2.29028 4.4 35.9885
      vertex 5.28251 4.4 36.4187
    endloop
  endfacet
  facet normal 0 1 0
    outer loop
      vertex 2.29028 4.4 35.9885
      vertex 4.43083 4.4 35.6807
      vertex 3.31537 4.4 35.5204
    endloop
  endfacet
  facet normal -0.415384 0 0.909646
    outer loop
      vertex 2.29028 0 39.0115
      vertex 3.31537 -1.2 39.4796
      vertex 3.31537 0 39.4796
    endloop
  endfacet
  facet normal -0.415384 0 0.909646
    outer loop
      vertex 3.31537 -1.2 39.4796
      vertex 2.29028 0 39.0115
      vertex 2.29028 -1.2 39.0115
    endloop
  endfacet
  facet normal -0.415384 0 0.909646
    outer loop
      vertex 2.29028 4.4 39.0115
      vertex 3.31537 3.2 39.4796
      vertex 3.31537 4.4 39.4796
    endloop
  endfacet
  facet normal -0.415384 0 0.909646
    outer loop
      vertex 3.31537 3.2 39.4796
      vertex 2.29028 4.4 39.0115
      vertex 2.29028 3.2 39.0115
    endloop
  endfacet
endsolid OpenSCAD_Model
