solid OpenSCAD_Model
  facet normal 0.923884 0.382673 0
    outer loop
      vertex 38.8909 38.8909 198
      vertex 39.7193 36.8909 122
      vertex 38.8909 38.8909 122
    endloop
  endfacet
  facet normal 0.923884 0.382673 1.35787e-09
    outer loop
      vertex 40.0775 36.0261 198
      vertex 39.7193 36.8909 122
      vertex 38.8909 38.8909 198
    endloop
  endfacet
  facet normal 0.923879 0.382684 1.48572e-07
    outer loop
      vertex 50.3134 11.3145 132
      vertex 39.7193 36.8909 122
      vertex 40.0775 36.0261 198
    endloop
  endfacet
  facet normal 0.923874 0.382698 -6.07768e-06
    outer loop
      vertex 50.3134 11.3145 132
      vertex 40.0775 36.0261 198
      vertex 41.3762 32.8909 198
    endloop
  endfacet
  facet normal 0.923879 0.382685 4.29497e-06
    outer loop
      vertex 41.3762 32.8909 114
      vertex 39.7193 36.8909 122
      vertex 50.3134 11.3145 132
    endloop
  endfacet
  facet normal 0.923876 0.382692 0
    outer loop
      vertex 39.7193 36.8909 122
      vertex 41.3762 32.8909 114
      vertex 39.7193 36.8909 114
    endloop
  endfacet
  facet normal 0.923881 0.382681 5.50913e-07
    outer loop
      vertex 50.3134 11.3145 132
      vertex 41.3762 32.8909 198
      vertex 45.5183 22.8909 198
    endloop
  endfacet
  facet normal 0.923876 0.382692 0
    outer loop
      vertex 39.7193 36.8909 110
      vertex 41.3762 32.8909 110
      vertex 39.7193 36.8909 102
    endloop
  endfacet
  facet normal 0.923884 0.382673 3.815e-06
    outer loop
      vertex 50.3134 11.3145 16
      vertex 38.8909 38.8909 102
      vertex 39.7193 36.8909 102
    endloop
  endfacet
  facet normal 0.923885 0.382671 -1.24169e-05
    outer loop
      vertex 50.3134 11.3145 132
      vertex 39.7193 36.8909 102
      vertex 41.3762 32.8909 110
    endloop
  endfacet
  facet normal 0.92388 0.382682 0
    outer loop
      vertex 41.3762 32.8909 114
      vertex 50.3134 11.3145 132
      vertex 41.3762 32.8909 110
    endloop
  endfacet
  facet normal 0.923887 0.382666 3.54213e-06
    outer loop
      vertex 50.3134 11.3145 132
      vertex 45.5183 22.8909 198
      vertex 46.0775 21.5408 198
    endloop
  endfacet
  facet normal 0.923875 0.382694 -1.49658e-06
    outer loop
      vertex 50.3134 11.3145 132
      vertex 46.0775 21.5408 198
      vertex 47.8134 17.3501 198
    endloop
  endfacet
  facet normal 0.923887 0.382666 1.47728e-06
    outer loop
      vertex 50.3134 11.3145 132
      vertex 47.8134 17.3501 198
      vertex 48.3726 16 198
    endloop
  endfacet
  facet normal 0.923879 0.382684 0
    outer loop
      vertex 39.7193 36.8909 102
      vertex 50.3134 11.3145 132
      vertex 50.3134 11.3145 16
    endloop
  endfacet
  facet normal 0.92388 0.382683 0
    outer loop
      vertex 38.8909 38.8909 102
      vertex 50.3134 11.3145 16
      vertex 38.8909 38.8909 0
    endloop
  endfacet
  facet normal 0.92388 0.382682 -0
    outer loop
      vertex 55 0 0
      vertex 50.3134 11.3145 16
      vertex 55 0 16
    endloop
  endfacet
  facet normal 0.92388 0.382683 -4.75128e-07
    outer loop
      vertex 50.3134 11.3145 16
      vertex 55 0 0
      vertex 38.8909 38.8909 0
    endloop
  endfacet
  facet normal 0.923881 0.382681 2.66596e-07
    outer loop
      vertex 52.5147 6 198
      vertex 50.3134 11.3145 132
      vertex 48.3726 16 198
    endloop
  endfacet
  facet normal 0.923875 0.382695 -9.50466e-07
    outer loop
      vertex 55 0 132
      vertex 52.5147 6 198
      vertex 53.8134 2.86477 198
    endloop
  endfacet
  facet normal 0.923883 0.382676 -0
    outer loop
      vertex 55 0 132
      vertex 53.8134 2.86477 198
      vertex 55 0 198
    endloop
  endfacet
  facet normal 0.92388 0.382682 4.04375e-07
    outer loop
      vertex 52.5147 6 198
      vertex 55 0 132
      vertex 50.3134 11.3145 132
    endloop
  endfacet
  facet normal -0.92388 0.382683 0
    outer loop
      vertex -50.3134 11.3145 16
      vertex -38.8909 38.8909 102
      vertex -38.8909 38.8909 0
    endloop
  endfacet
  facet normal -0.923876 0.382692 0
    outer loop
      vertex -39.7193 36.8909 102
      vertex -41.3762 32.8909 110
      vertex -39.7193 36.8909 110
    endloop
  endfacet
  facet normal -0.923884 0.382673 3.815e-06
    outer loop
      vertex -38.8909 38.8909 102
      vertex -50.3134 11.3145 16
      vertex -39.7193 36.8909 102
    endloop
  endfacet
  facet normal -0.92388 0.382682 0
    outer loop
      vertex -50.3134 11.3145 132
      vertex -41.3762 32.8909 114
      vertex -41.3762 32.8909 110
    endloop
  endfacet
  facet normal -0.92388 0.382682 0
    outer loop
      vertex -41.3762 32.8909 114
      vertex -50.3134 11.3145 132
      vertex -41.3762 32.8909 198
    endloop
  endfacet
  facet normal -0.923879 0.382684 0
    outer loop
      vertex -50.3134 11.3145 132
      vertex -39.7193 36.8909 102
      vertex -50.3134 11.3145 16
    endloop
  endfacet
  facet normal -0.923881 0.382681 5.50913e-07
    outer loop
      vertex -41.3762 32.8909 198
      vertex -50.3134 11.3145 132
      vertex -45.5183 22.8909 198
    endloop
  endfacet
  facet normal -0.923887 0.382666 3.54213e-06
    outer loop
      vertex -45.5183 22.8909 198
      vertex -50.3134 11.3145 132
      vertex -46.0775 21.5408 198
    endloop
  endfacet
  facet normal -0.923875 0.382694 -1.49658e-06
    outer loop
      vertex -46.0775 21.5408 198
      vertex -50.3134 11.3145 132
      vertex -47.8134 17.3501 198
    endloop
  endfacet
  facet normal -0.923885 0.382671 -1.24169e-05
    outer loop
      vertex -39.7193 36.8909 102
      vertex -50.3134 11.3145 132
      vertex -41.3762 32.8909 110
    endloop
  endfacet
  facet normal -0.92388 0.382683 -4.75128e-07
    outer loop
      vertex -55 0 0
      vertex -50.3134 11.3145 16
      vertex -38.8909 38.8909 0
    endloop
  endfacet
  facet normal -0.92388 0.382682 0
    outer loop
      vertex -50.3134 11.3145 16
      vertex -55 0 0
      vertex -55 0 16
    endloop
  endfacet
  facet normal -0.923876 0.382692 0
    outer loop
      vertex -41.3762 32.8909 114
      vertex -39.7193 36.8909 122
      vertex -39.7193 36.8909 114
    endloop
  endfacet
  facet normal -0.923876 0.382692 0
    outer loop
      vertex -41.3762 32.8909 198
      vertex -39.7193 36.8909 122
      vertex -41.3762 32.8909 114
    endloop
  endfacet
  facet normal -0.923874 0.382698 3.37794e-07
    outer loop
      vertex -39.7193 36.8909 122
      vertex -41.3762 32.8909 198
      vertex -40.0775 36.0261 198
    endloop
  endfacet
  facet normal -0.923884 0.382673 0
    outer loop
      vertex -39.7193 36.8909 122
      vertex -38.8909 38.8909 198
      vertex -38.8909 38.8909 122
    endloop
  endfacet
  facet normal -0.923884 0.382673 1.35787e-09
    outer loop
      vertex -38.8909 38.8909 198
      vertex -39.7193 36.8909 122
      vertex -40.0775 36.0261 198
    endloop
  endfacet
  facet normal -0.923887 0.382666 1.47728e-06
    outer loop
      vertex -47.8134 17.3501 198
      vertex -50.3134 11.3145 132
      vertex -48.3726 16 198
    endloop
  endfacet
  facet normal -0.923881 0.382681 2.66596e-07
    outer loop
      vertex -50.3134 11.3145 132
      vertex -52.5147 6 198
      vertex -48.3726 16 198
    endloop
  endfacet
  facet normal -0.92388 0.382682 4.04375e-07
    outer loop
      vertex -55 0 132
      vertex -52.5147 6 198
      vertex -50.3134 11.3145 132
    endloop
  endfacet
  facet normal -0.923875 0.382695 -9.50466e-07
    outer loop
      vertex -52.5147 6 198
      vertex -55 0 132
      vertex -53.8134 2.86477 198
    endloop
  endfacet
  facet normal -0.923883 0.382676 0
    outer loop
      vertex -53.8134 2.86477 198
      vertex -55 0 132
      vertex -55 0 198
    endloop
  endfacet
  facet normal 0.382692 0.923876 0
    outer loop
      vertex 36.8909 39.7193 110
      vertex 36.8909 39.7193 102
      vertex 32.8909 41.3762 110
    endloop
  endfacet
  facet normal 0.382673 0.923884 1.35787e-09
    outer loop
      vertex 36.8909 39.7193 122
      vertex 36.0261 40.0775 198
      vertex 38.8909 38.8909 198
    endloop
  endfacet
  facet normal 0.382698 0.923874 -6.07768e-06
    outer loop
      vertex 36.0261 40.0775 198
      vertex 11.3145 50.3134 132
      vertex 32.8909 41.3762 198
    endloop
  endfacet
  facet normal 0.382681 0.923881 5.50913e-07
    outer loop
      vertex 32.8909 41.3762 198
      vertex 11.3145 50.3134 132
      vertex 22.8909 45.5183 198
    endloop
  endfacet
  facet normal 0.382666 0.923887 3.54213e-06
    outer loop
      vertex 22.8909 45.5183 198
      vertex 11.3145 50.3134 132
      vertex 21.5408 46.0775 198
    endloop
  endfacet
  facet normal 0.382694 0.923875 -1.49658e-06
    outer loop
      vertex 21.5408 46.0775 198
      vertex 11.3145 50.3134 132
      vertex 17.3501 47.8134 198
    endloop
  endfacet
  facet normal 0.382666 0.923887 1.47728e-06
    outer loop
      vertex 17.3501 47.8134 198
      vertex 11.3145 50.3134 132
      vertex 16 48.3726 198
    endloop
  endfacet
  facet normal 0.382681 0.923881 2.66596e-07
    outer loop
      vertex 16 48.3726 198
      vertex 11.3145 50.3134 132
      vertex 6 52.5147 198
    endloop
  endfacet
  facet normal 0.382682 0.92388 4.04375e-07
    outer loop
      vertex 0 55 132
      vertex 6 52.5147 198
      vertex 11.3145 50.3134 132
    endloop
  endfacet
  facet normal 0.382695 0.923875 -9.50466e-07
    outer loop
      vertex 6 52.5147 198
      vertex 0 55 132
      vertex 2.86477 53.8134 198
    endloop
  endfacet
  facet normal 0.382673 0.923884 0
    outer loop
      vertex 36.8909 39.7193 122
      vertex 38.8909 38.8909 198
      vertex 38.8909 38.8909 122
    endloop
  endfacet
  facet normal 0.382684 0.923879 1.48572e-07
    outer loop
      vertex 36.0261 40.0775 198
      vertex 36.8909 39.7193 122
      vertex 11.3145 50.3134 132
    endloop
  endfacet
  facet normal 0.382692 0.923876 0
    outer loop
      vertex 32.8909 41.3762 114
      vertex 36.8909 39.7193 122
      vertex 36.8909 39.7193 114
    endloop
  endfacet
  facet normal 0.382685 0.923879 4.29497e-06
    outer loop
      vertex 36.8909 39.7193 122
      vertex 32.8909 41.3762 114
      vertex 11.3145 50.3134 132
    endloop
  endfacet
  facet normal 0.382682 0.92388 -0
    outer loop
      vertex 32.8909 41.3762 110
      vertex 11.3145 50.3134 132
      vertex 32.8909 41.3762 114
    endloop
  endfacet
  facet normal 0.382671 0.923885 -1.24169e-05
    outer loop
      vertex 36.8909 39.7193 102
      vertex 11.3145 50.3134 132
      vertex 32.8909 41.3762 110
    endloop
  endfacet
  facet normal 0.382684 0.923879 0
    outer loop
      vertex 11.3145 50.3134 132
      vertex 36.8909 39.7193 102
      vertex 11.3145 50.3134 16
    endloop
  endfacet
  facet normal 0.382676 0.923883 0
    outer loop
      vertex 2.86477 53.8134 198
      vertex 0 55 132
      vertex 0 55 198
    endloop
  endfacet
  facet normal 0.382673 0.923884 3.815e-06
    outer loop
      vertex 38.8909 38.8909 102
      vertex 11.3145 50.3134 16
      vertex 36.8909 39.7193 102
    endloop
  endfacet
  facet normal 0.382683 0.92388 -0
    outer loop
      vertex 38.8909 38.8909 0
      vertex 11.3145 50.3134 16
      vertex 38.8909 38.8909 102
    endloop
  endfacet
  facet normal 0.382683 0.92388 -4.75128e-07
    outer loop
      vertex 0 55 0
      vertex 11.3145 50.3134 16
      vertex 38.8909 38.8909 0
    endloop
  endfacet
  facet normal 0.382682 0.92388 0
    outer loop
      vertex 11.3145 50.3134 16
      vertex 0 55 0
      vertex 0 55 16
    endloop
  endfacet
  facet normal 0 0 -1
    outer loop
      vertex 38.8909 -38.8909 0
      vertex 51 0 0
      vertex 55 0 0
    endloop
  endfacet
  facet normal 0 0 -1
    outer loop
      vertex 38.8909 -38.8909 0
      vertex 36.0624 -36.0624 0
      vertex 51 0 0
    endloop
  endfacet
  facet normal 0 0 -1
    outer loop
      vertex 0 -55 0
      vertex 36.0624 -36.0624 0
      vertex 38.8909 -38.8909 0
    endloop
  endfacet
  facet normal 0 0 -1
    outer loop
      vertex 0 -55 0
      vertex 0 -51 0
      vertex 36.0624 -36.0624 0
    endloop
  endfacet
  facet normal 0 0 -1
    outer loop
      vertex 0 -55 0
      vertex -36.0624 -36.0624 0
      vertex 0 -51 0
    endloop
  endfacet
  facet normal 0 0 -1
    outer loop
      vertex -38.8909 -38.8909 0
      vertex -36.0624 -36.0624 0
      vertex 0 -55 0
    endloop
  endfacet
  facet normal 0 0 -1
    outer loop
      vertex -38.8909 -38.8909 0
      vertex -51 0 0
      vertex -36.0624 -36.0624 0
    endloop
  endfacet
  facet normal -0 -0 -1
    outer loop
      vertex -51 0 0
      vertex -38.8909 -38.8909 0
      vertex -55 0 0
    endloop
  endfacet
  facet normal 0 0 -1
    outer loop
      vertex 51 0 0
      vertex 38.8909 38.8909 0
      vertex 55 0 0
    endloop
  endfacet
  facet normal 0 0 -1
    outer loop
      vertex 36.0624 36.0624 0
      vertex 38.8909 38.8909 0
      vertex 51 0 0
    endloop
  endfacet
  facet normal 0 0 -1
    outer loop
      vertex 0 51 0
      vertex 38.8909 38.8909 0
      vertex 36.0624 36.0624 0
    endloop
  endfacet
  facet normal 0 0 -1
    outer loop
      vertex 0 51 0
      vertex 0 55 0
      vertex 38.8909 38.8909 0
    endloop
  endfacet
  facet normal 0 0 -1
    outer loop
      vertex -36.0624 36.0624 0
      vertex 0 55 0
      vertex 0 51 0
    endloop
  endfacet
  facet normal 0 0 -1
    outer loop
      vertex -36.0624 36.0624 0
      vertex -38.8909 38.8909 0
      vertex 0 55 0
    endloop
  endfacet
  facet normal 0 0 -1
    outer loop
      vertex -51 0 0
      vertex -38.8909 38.8909 0
      vertex -36.0624 36.0624 0
    endloop
  endfacet
  facet normal 0 0 -1
    outer loop
      vertex -38.8909 38.8909 0
      vertex -51 0 0
      vertex -55 0 0
    endloop
  endfacet
  facet normal 0 0 1
    outer loop
      vertex 36.0624 36.0624 190
      vertex 36.0624 -36.0624 190
      vertex 51 0 190
    endloop
  endfacet
  facet normal 0 0 1
    outer loop
      vertex 0 51 190
      vertex 36.0624 -36.0624 190
      vertex 36.0624 36.0624 190
    endloop
  endfacet
  facet normal 0 0 1
    outer loop
      vertex 0 51 190
      vertex 0 -51 190
      vertex 36.0624 -36.0624 190
    endloop
  endfacet
  facet normal -0 0 1
    outer loop
      vertex -36.0624 36.0624 190
      vertex 0 -51 190
      vertex 0 51 190
    endloop
  endfacet
  facet normal 0 0 1
    outer loop
      vertex -36.0624 36.0624 190
      vertex -36.0624 -36.0624 190
      vertex 0 -51 190
    endloop
  endfacet
  facet normal 0 -0 1
    outer loop
      vertex -36.0624 -36.0624 190
      vertex -36.0624 36.0624 190
      vertex -51 0 190
    endloop
  endfacet
  facet normal -0.382682 0.92388 0
    outer loop
      vertex 0 55 16
      vertex 0 55 0
      vertex -11.3145 50.3134 16
    endloop
  endfacet
  facet normal -0.382685 0.923879 4.29497e-06
    outer loop
      vertex -11.3145 50.3134 132
      vertex -32.8909 41.3762 114
      vertex -36.8909 39.7193 122
    endloop
  endfacet
  facet normal -0.382682 0.92388 0
    outer loop
      vertex -11.3145 50.3134 132
      vertex -32.8909 41.3762 110
      vertex -32.8909 41.3762 114
    endloop
  endfacet
  facet normal -0.382692 0.923876 0
    outer loop
      vertex -32.8909 41.3762 110
      vertex -36.8909 39.7193 102
      vertex -36.8909 39.7193 110
    endloop
  endfacet
  facet normal -0.382671 0.923885 -1.24169e-05
    outer loop
      vertex -11.3145 50.3134 132
      vertex -36.8909 39.7193 102
      vertex -32.8909 41.3762 110
    endloop
  endfacet
  facet normal -0.382684 0.923879 0
    outer loop
      vertex -11.3145 50.3134 16
      vertex -36.8909 39.7193 102
      vertex -11.3145 50.3134 132
    endloop
  endfacet
  facet normal -0.382673 0.923884 3.815e-06
    outer loop
      vertex -11.3145 50.3134 16
      vertex -38.8909 38.8909 102
      vertex -36.8909 39.7193 102
    endloop
  endfacet
  facet normal -0.382683 0.92388 0
    outer loop
      vertex -11.3145 50.3134 16
      vertex -38.8909 38.8909 0
      vertex -38.8909 38.8909 102
    endloop
  endfacet
  facet normal -0.382683 0.92388 -4.75128e-07
    outer loop
      vertex -38.8909 38.8909 0
      vertex -11.3145 50.3134 16
      vertex 0 55 0
    endloop
  endfacet
  facet normal -0.382676 0.923883 0
    outer loop
      vertex 0 55 132
      vertex -2.86477 53.8134 198
      vertex 0 55 198
    endloop
  endfacet
  facet normal -0.382695 0.923875 -9.50466e-07
    outer loop
      vertex -2.86477 53.8134 198
      vertex 0 55 132
      vertex -6 52.5147 198
    endloop
  endfacet
  facet normal -0.382681 0.923881 2.66596e-07
    outer loop
      vertex -6 52.5147 198
      vertex -11.3145 50.3134 132
      vertex -16 48.3726 198
    endloop
  endfacet
  facet normal -0.382666 0.923887 1.47728e-06
    outer loop
      vertex -16 48.3726 198
      vertex -11.3145 50.3134 132
      vertex -17.3501 47.8134 198
    endloop
  endfacet
  facet normal -0.382694 0.923875 -1.49658e-06
    outer loop
      vertex -17.3501 47.8134 198
      vertex -11.3145 50.3134 132
      vertex -21.5408 46.0775 198
    endloop
  endfacet
  facet normal -0.382666 0.923887 3.54213e-06
    outer loop
      vertex -21.5408 46.0775 198
      vertex -11.3145 50.3134 132
      vertex -22.8909 45.5183 198
    endloop
  endfacet
  facet normal -0.382681 0.923881 5.50913e-07
    outer loop
      vertex -22.8909 45.5183 198
      vertex -11.3145 50.3134 132
      vertex -32.8909 41.3762 198
    endloop
  endfacet
  facet normal -0.382698 0.923874 -6.07768e-06
    outer loop
      vertex -32.8909 41.3762 198
      vertex -11.3145 50.3134 132
      vertex -36.0261 40.0775 198
    endloop
  endfacet
  facet normal -0.382682 0.92388 4.04375e-07
    outer loop
      vertex -6 52.5147 198
      vertex 0 55 132
      vertex -11.3145 50.3134 132
    endloop
  endfacet
  facet normal -0.382684 0.923879 1.48572e-07
    outer loop
      vertex -36.8909 39.7193 122
      vertex -36.0261 40.0775 198
      vertex -11.3145 50.3134 132
    endloop
  endfacet
  facet normal -0.382673 0.923884 1.35787e-09
    outer loop
      vertex -36.0261 40.0775 198
      vertex -36.8909 39.7193 122
      vertex -38.8909 38.8909 198
    endloop
  endfacet
  facet normal -0.382673 0.923884 0
    outer loop
      vertex -38.8909 38.8909 198
      vertex -36.8909 39.7193 122
      vertex -38.8909 38.8909 122
    endloop
  endfacet
  facet normal -0.382692 0.923876 0
    outer loop
      vertex -36.8909 39.7193 122
      vertex -32.8909 41.3762 114
      vertex -36.8909 39.7193 114
    endloop
  endfacet
  facet normal 0.382682 -0.92388 0
    outer loop
      vertex 0 -55 16
      vertex 0 -55 0
      vertex 11.3145 -50.3134 16
    endloop
  endfacet
  facet normal 0.382685 -0.923879 4.29497e-06
    outer loop
      vertex 11.3145 -50.3134 132
      vertex 32.8909 -41.3762 114
      vertex 36.8909 -39.7193 122
    endloop
  endfacet
  facet normal 0.382682 -0.92388 0
    outer loop
      vertex 11.3145 -50.3134 132
      vertex 32.8909 -41.3762 110
      vertex 32.8909 -41.3762 114
    endloop
  endfacet
  facet normal 0.382692 -0.923876 0
    outer loop
      vertex 32.8909 -41.3762 110
      vertex 36.8909 -39.7193 102
      vertex 36.8909 -39.7193 110
    endloop
  endfacet
  facet normal 0.382671 -0.923885 -1.24169e-05
    outer loop
      vertex 11.3145 -50.3134 132
      vertex 36.8909 -39.7193 102
      vertex 32.8909 -41.3762 110
    endloop
  endfacet
  facet normal 0.382684 -0.923879 0
    outer loop
      vertex 11.3145 -50.3134 16
      vertex 36.8909 -39.7193 102
      vertex 11.3145 -50.3134 132
    endloop
  endfacet
  facet normal 0.382673 -0.923884 3.815e-06
    outer loop
      vertex 11.3145 -50.3134 16
      vertex 38.8909 -38.8909 102
      vertex 36.8909 -39.7193 102
    endloop
  endfacet
  facet normal 0.382683 -0.92388 0
    outer loop
      vertex 11.3145 -50.3134 16
      vertex 38.8909 -38.8909 0
      vertex 38.8909 -38.8909 102
    endloop
  endfacet
  facet normal 0.382683 -0.92388 -4.75128e-07
    outer loop
      vertex 38.8909 -38.8909 0
      vertex 11.3145 -50.3134 16
      vertex 0 -55 0
    endloop
  endfacet
  facet normal 0.382676 -0.923883 0
    outer loop
      vertex 0 -55 132
      vertex 2.86477 -53.8134 198
      vertex 0 -55 198
    endloop
  endfacet
  facet normal 0.382695 -0.923875 -9.50466e-07
    outer loop
      vertex 2.86477 -53.8134 198
      vertex 0 -55 132
      vertex 6 -52.5147 198
    endloop
  endfacet
  facet normal 0.382681 -0.923881 2.66596e-07
    outer loop
      vertex 6 -52.5147 198
      vertex 11.3145 -50.3134 132
      vertex 16 -48.3726 198
    endloop
  endfacet
  facet normal 0.382666 -0.923887 1.47728e-06
    outer loop
      vertex 16 -48.3726 198
      vertex 11.3145 -50.3134 132
      vertex 17.3501 -47.8134 198
    endloop
  endfacet
  facet normal 0.382694 -0.923875 -1.49658e-06
    outer loop
      vertex 17.3501 -47.8134 198
      vertex 11.3145 -50.3134 132
      vertex 21.5408 -46.0775 198
    endloop
  endfacet
  facet normal 0.382666 -0.923887 3.54213e-06
    outer loop
      vertex 21.5408 -46.0775 198
      vertex 11.3145 -50.3134 132
      vertex 22.8909 -45.5183 198
    endloop
  endfacet
  facet normal 0.382681 -0.923881 5.50913e-07
    outer loop
      vertex 22.8909 -45.5183 198
      vertex 11.3145 -50.3134 132
      vertex 32.8909 -41.3762 198
    endloop
  endfacet
  facet normal 0.382698 -0.923874 -6.07768e-06
    outer loop
      vertex 32.8909 -41.3762 198
      vertex 11.3145 -50.3134 132
      vertex 36.0261 -40.0775 198
    endloop
  endfacet
  facet normal 0.382682 -0.92388 4.04375e-07
    outer loop
      vertex 6 -52.5147 198
      vertex 0 -55 132
      vertex 11.3145 -50.3134 132
    endloop
  endfacet
  facet normal 0.382684 -0.923879 1.48572e-07
    outer loop
      vertex 36.8909 -39.7193 122
      vertex 36.0261 -40.0775 198
      vertex 11.3145 -50.3134 132
    endloop
  endfacet
  facet normal 0.382673 -0.923884 1.35787e-09
    outer loop
      vertex 36.0261 -40.0775 198
      vertex 36.8909 -39.7193 122
      vertex 38.8909 -38.8909 198
    endloop
  endfacet
  facet normal 0.382673 -0.923884 0
    outer loop
      vertex 38.8909 -38.8909 198
      vertex 36.8909 -39.7193 122
      vertex 38.8909 -38.8909 122
    endloop
  endfacet
  facet normal 0.382692 -0.923876 0
    outer loop
      vertex 36.8909 -39.7193 122
      vertex 32.8909 -41.3762 114
      vertex 36.8909 -39.7193 114
    endloop
  endfacet
  facet normal -0.92388 -0.382682 0
    outer loop
      vertex -55 0 0
      vertex -50.3134 -11.3145 16
      vertex -55 0 16
    endloop
  endfacet
  facet normal -0.923879 -0.382684 0
    outer loop
      vertex -39.7193 -36.8909 102
      vertex -50.3134 -11.3145 132
      vertex -50.3134 -11.3145 16
    endloop
  endfacet
  facet normal -0.923879 -0.382685 4.29497e-06
    outer loop
      vertex -39.7193 -36.8909 122
      vertex -50.3134 -11.3145 132
      vertex -41.3762 -32.8909 114
    endloop
  endfacet
  facet normal -0.923879 -0.382684 1.48572e-07
    outer loop
      vertex -40.0775 -36.0261 198
      vertex -50.3134 -11.3145 132
      vertex -39.7193 -36.8909 122
    endloop
  endfacet
  facet normal -0.923887 -0.382666 1.47728e-06
    outer loop
      vertex -50.3134 -11.3145 132
      vertex -47.8134 -17.3501 198
      vertex -48.3726 -16 198
    endloop
  endfacet
  facet normal -0.92388 -0.382682 0
    outer loop
      vertex -50.3134 -11.3145 132
      vertex -41.3762 -32.8909 110
      vertex -41.3762 -32.8909 114
    endloop
  endfacet
  facet normal -0.923885 -0.382671 -1.24169e-05
    outer loop
      vertex -50.3134 -11.3145 132
      vertex -39.7193 -36.8909 102
      vertex -41.3762 -32.8909 110
    endloop
  endfacet
  facet normal -0.92388 -0.382683 -4.75128e-07
    outer loop
      vertex -38.8909 -38.8909 0
      vertex -50.3134 -11.3145 16
      vertex -55 0 0
    endloop
  endfacet
  facet normal -0.92388 -0.382683 -0
    outer loop
      vertex -38.8909 -38.8909 102
      vertex -50.3134 -11.3145 16
      vertex -38.8909 -38.8909 0
    endloop
  endfacet
  facet normal -0.923884 -0.382673 3.815e-06
    outer loop
      vertex -50.3134 -11.3145 16
      vertex -38.8909 -38.8909 102
      vertex -39.7193 -36.8909 102
    endloop
  endfacet
  facet normal -0.923883 -0.382676 0
    outer loop
      vertex -55 0 132
      vertex -53.8134 -2.86477 198
      vertex -55 0 198
    endloop
  endfacet
  facet normal -0.923875 -0.382695 -9.50466e-07
    outer loop
      vertex -55 0 132
      vertex -52.5147 -6 198
      vertex -53.8134 -2.86477 198
    endloop
  endfacet
  facet normal -0.92388 -0.382682 4.04375e-07
    outer loop
      vertex -50.3134 -11.3145 132
      vertex -52.5147 -6 198
      vertex -55 0 132
    endloop
  endfacet
  facet normal -0.923881 -0.382681 2.66596e-07
    outer loop
      vertex -52.5147 -6 198
      vertex -50.3134 -11.3145 132
      vertex -48.3726 -16 198
    endloop
  endfacet
  facet normal -0.923875 -0.382694 -1.49658e-06
    outer loop
      vertex -50.3134 -11.3145 132
      vertex -46.0775 -21.5408 198
      vertex -47.8134 -17.3501 198
    endloop
  endfacet
  facet normal -0.923887 -0.382666 3.54213e-06
    outer loop
      vertex -50.3134 -11.3145 132
      vertex -45.5183 -22.8909 198
      vertex -46.0775 -21.5408 198
    endloop
  endfacet
  facet normal -0.923881 -0.382681 5.50913e-07
    outer loop
      vertex -50.3134 -11.3145 132
      vertex -41.3762 -32.8909 198
      vertex -45.5183 -22.8909 198
    endloop
  endfacet
  facet normal -0.923876 -0.382692 -0
    outer loop
      vertex -39.7193 -36.8909 122
      vertex -41.3762 -32.8909 114
      vertex -39.7193 -36.8909 114
    endloop
  endfacet
  facet normal -0.923874 -0.382698 -6.07768e-06
    outer loop
      vertex -50.3134 -11.3145 132
      vertex -40.0775 -36.0261 198
      vertex -41.3762 -32.8909 198
    endloop
  endfacet
  facet normal -0.923884 -0.382673 -0
    outer loop
      vertex -38.8909 -38.8909 198
      vertex -39.7193 -36.8909 122
      vertex -38.8909 -38.8909 122
    endloop
  endfacet
  facet normal -0.923884 -0.382673 1.35787e-09
    outer loop
      vertex -39.7193 -36.8909 122
      vertex -38.8909 -38.8909 198
      vertex -40.0775 -36.0261 198
    endloop
  endfacet
  facet normal -0.923876 -0.382692 0
    outer loop
      vertex -41.3762 -32.8909 110
      vertex -39.7193 -36.8909 102
      vertex -39.7193 -36.8909 110
    endloop
  endfacet
  facet normal 0.923883 -0.382676 0
    outer loop
      vertex 53.8134 -2.86477 198
      vertex 55 0 132
      vertex 55 0 198
    endloop
  endfacet
  facet normal 0.923875 -0.382695 -9.50466e-07
    outer loop
      vertex 52.5147 -6 198
      vertex 55 0 132
      vertex 53.8134 -2.86477 198
    endloop
  endfacet
  facet normal 0.92388 -0.382682 4.04375e-07
    outer loop
      vertex 52.5147 -6 198
      vertex 50.3134 -11.3145 132
      vertex 55 0 132
    endloop
  endfacet
  facet normal 0.923887 -0.382666 1.47728e-06
    outer loop
      vertex 47.8134 -17.3501 198
      vertex 50.3134 -11.3145 132
      vertex 48.3726 -16 198
    endloop
  endfacet
  facet normal 0.923881 -0.382681 2.66596e-07
    outer loop
      vertex 48.3726 -16 198
      vertex 50.3134 -11.3145 132
      vertex 52.5147 -6 198
    endloop
  endfacet
  facet normal 0.92388 -0.382682 0
    outer loop
      vertex 50.3134 -11.3145 16
      vertex 55 0 0
      vertex 55 0 16
    endloop
  endfacet
  facet normal 0.923875 -0.382694 -1.49658e-06
    outer loop
      vertex 46.0775 -21.5408 198
      vertex 50.3134 -11.3145 132
      vertex 47.8134 -17.3501 198
    endloop
  endfacet
  facet normal 0.923887 -0.382666 3.54213e-06
    outer loop
      vertex 45.5183 -22.8909 198
      vertex 50.3134 -11.3145 132
      vertex 46.0775 -21.5408 198
    endloop
  endfacet
  facet normal 0.923881 -0.382681 5.50913e-07
    outer loop
      vertex 41.3762 -32.8909 198
      vertex 50.3134 -11.3145 132
      vertex 45.5183 -22.8909 198
    endloop
  endfacet
  facet normal 0.923874 -0.382698 -6.07768e-06
    outer loop
      vertex 40.0775 -36.0261 198
      vertex 50.3134 -11.3145 132
      vertex 41.3762 -32.8909 198
    endloop
  endfacet
  facet normal 0.92388 -0.382682 0
    outer loop
      vertex 41.3762 -32.8909 110
      vertex 50.3134 -11.3145 132
      vertex 41.3762 -32.8909 114
    endloop
  endfacet
  facet normal 0.923885 -0.382671 -1.24169e-05
    outer loop
      vertex 39.7193 -36.8909 102
      vertex 50.3134 -11.3145 132
      vertex 41.3762 -32.8909 110
    endloop
  endfacet
  facet normal 0.923876 -0.382692 0
    outer loop
      vertex 39.7193 -36.8909 102
      vertex 41.3762 -32.8909 110
      vertex 39.7193 -36.8909 110
    endloop
  endfacet
  facet normal 0.923879 -0.382684 0
    outer loop
      vertex 50.3134 -11.3145 132
      vertex 39.7193 -36.8909 102
      vertex 50.3134 -11.3145 16
    endloop
  endfacet
  facet normal 0.923884 -0.382673 3.815e-06
    outer loop
      vertex 38.8909 -38.8909 102
      vertex 50.3134 -11.3145 16
      vertex 39.7193 -36.8909 102
    endloop
  endfacet
  facet normal 0.92388 -0.382683 -4.75128e-07
    outer loop
      vertex 50.3134 -11.3145 16
      vertex 38.8909 -38.8909 0
      vertex 55 0 0
    endloop
  endfacet
  facet normal 0.92388 -0.382683 0
    outer loop
      vertex 38.8909 -38.8909 0
      vertex 50.3134 -11.3145 16
      vertex 38.8909 -38.8909 102
    endloop
  endfacet
  facet normal 0.923884 -0.382673 1.35787e-09
    outer loop
      vertex 38.8909 -38.8909 198
      vertex 39.7193 -36.8909 122
      vertex 40.0775 -36.0261 198
    endloop
  endfacet
  facet normal 0.923884 -0.382673 0
    outer loop
      vertex 39.7193 -36.8909 122
      vertex 38.8909 -38.8909 198
      vertex 38.8909 -38.8909 122
    endloop
  endfacet
  facet normal 0.923879 -0.382684 1.48572e-07
    outer loop
      vertex 50.3134 -11.3145 132
      vertex 40.0775 -36.0261 198
      vertex 39.7193 -36.8909 122
    endloop
  endfacet
  facet normal 0.923879 -0.382685 4.29497e-06
    outer loop
      vertex 50.3134 -11.3145 132
      vertex 39.7193 -36.8909 122
      vertex 41.3762 -32.8909 114
    endloop
  endfacet
  facet normal 0.923876 -0.382692 0
    outer loop
      vertex 41.3762 -32.8909 114
      vertex 39.7193 -36.8909 122
      vertex 39.7193 -36.8909 114
    endloop
  endfacet
  facet normal -0.382692 -0.923876 -0
    outer loop
      vertex -36.8909 -39.7193 110
      vertex -36.8909 -39.7193 102
      vertex -32.8909 -41.3762 110
    endloop
  endfacet
  facet normal -0.382673 -0.923884 1.35787e-09
    outer loop
      vertex -36.8909 -39.7193 122
      vertex -36.0261 -40.0775 198
      vertex -38.8909 -38.8909 198
    endloop
  endfacet
  facet normal -0.382698 -0.923874 -6.07768e-06
    outer loop
      vertex -36.0261 -40.0775 198
      vertex -11.3145 -50.3134 132
      vertex -32.8909 -41.3762 198
    endloop
  endfacet
  facet normal -0.382681 -0.923881 5.50913e-07
    outer loop
      vertex -32.8909 -41.3762 198
      vertex -11.3145 -50.3134 132
      vertex -22.8909 -45.5183 198
    endloop
  endfacet
  facet normal -0.382666 -0.923887 3.54213e-06
    outer loop
      vertex -22.8909 -45.5183 198
      vertex -11.3145 -50.3134 132
      vertex -21.5408 -46.0775 198
    endloop
  endfacet
  facet normal -0.382694 -0.923875 -1.49658e-06
    outer loop
      vertex -21.5408 -46.0775 198
      vertex -11.3145 -50.3134 132
      vertex -17.3501 -47.8134 198
    endloop
  endfacet
  facet normal -0.382666 -0.923887 1.47728e-06
    outer loop
      vertex -17.3501 -47.8134 198
      vertex -11.3145 -50.3134 132
      vertex -16 -48.3726 198
    endloop
  endfacet
  facet normal -0.382681 -0.923881 2.66596e-07
    outer loop
      vertex -16 -48.3726 198
      vertex -11.3145 -50.3134 132
      vertex -6 -52.5147 198
    endloop
  endfacet
  facet normal -0.382682 -0.92388 4.04375e-07
    outer loop
      vertex 0 -55 132
      vertex -6 -52.5147 198
      vertex -11.3145 -50.3134 132
    endloop
  endfacet
  facet normal -0.382695 -0.923875 -9.50466e-07
    outer loop
      vertex -6 -52.5147 198
      vertex 0 -55 132
      vertex -2.86477 -53.8134 198
    endloop
  endfacet
  facet normal -0.382673 -0.923884 0
    outer loop
      vertex -36.8909 -39.7193 122
      vertex -38.8909 -38.8909 198
      vertex -38.8909 -38.8909 122
    endloop
  endfacet
  facet normal -0.382684 -0.923879 1.48572e-07
    outer loop
      vertex -36.0261 -40.0775 198
      vertex -36.8909 -39.7193 122
      vertex -11.3145 -50.3134 132
    endloop
  endfacet
  facet normal -0.382692 -0.923876 0
    outer loop
      vertex -32.8909 -41.3762 114
      vertex -36.8909 -39.7193 122
      vertex -36.8909 -39.7193 114
    endloop
  endfacet
  facet normal -0.382685 -0.923879 4.29497e-06
    outer loop
      vertex -36.8909 -39.7193 122
      vertex -32.8909 -41.3762 114
      vertex -11.3145 -50.3134 132
    endloop
  endfacet
  facet normal -0.382682 -0.92388 0
    outer loop
      vertex -32.8909 -41.3762 110
      vertex -11.3145 -50.3134 132
      vertex -32.8909 -41.3762 114
    endloop
  endfacet
  facet normal -0.382671 -0.923885 -1.24169e-05
    outer loop
      vertex -36.8909 -39.7193 102
      vertex -11.3145 -50.3134 132
      vertex -32.8909 -41.3762 110
    endloop
  endfacet
  facet normal -0.382684 -0.923879 -0
    outer loop
      vertex -11.3145 -50.3134 132
      vertex -36.8909 -39.7193 102
      vertex -11.3145 -50.3134 16
    endloop
  endfacet
  facet normal -0.382676 -0.923883 0
    outer loop
      vertex -2.86477 -53.8134 198
      vertex 0 -55 132
      vertex 0 -55 198
    endloop
  endfacet
  facet normal -0.382673 -0.923884 3.815e-06
    outer loop
      vertex -38.8909 -38.8909 102
      vertex -11.3145 -50.3134 16
      vertex -36.8909 -39.7193 102
    endloop
  endfacet
  facet normal -0.382683 -0.92388 0
    outer loop
      vertex -38.8909 -38.8909 0
      vertex -11.3145 -50.3134 16
      vertex -38.8909 -38.8909 102
    endloop
  endfacet
  facet normal -0.382683 -0.92388 -4.75128e-07
    outer loop
      vertex 0 -55 0
      vertex -11.3145 -50.3134 16
      vertex -38.8909 -38.8909 0
    endloop
  endfacet
  facet normal -0.382682 -0.92388 0
    outer loop
      vertex -11.3145 -50.3134 16
      vertex 0 -55 0
      vertex 0 -55 16
    endloop
  endfacet
  facet normal -0.923868 -0.38271 0
    outer loop
      vertex 36.8909 34.0624 114
      vertex 37.2491 33.1977 114
      vertex 36.8909 34.0624 122
    endloop
  endfacet
  facet normal -0.923868 -0.382712 0
    outer loop
      vertex 36.8909 34.0624 122
      vertex 36.0624 36.0624 186
      vertex 36.0624 36.0624 122
    endloop
  endfacet
  facet normal -0.923879 -0.382685 -3.24917e-06
    outer loop
      vertex 50.3134 1.65766 132
      vertex 36.8909 34.0624 122
      vertex 37.2491 33.1977 114
    endloop
  endfacet
  facet normal -0.92388 -0.382683 0
    outer loop
      vertex 37.2491 33.1977 110
      vertex 50.3134 1.65766 132
      vertex 37.2491 33.1977 114
    endloop
  endfacet
  facet normal -0.923879 -0.382684 -1.02677e-06
    outer loop
      vertex 36.8909 34.0624 122
      vertex 50.3134 1.65766 132
      vertex 36.0624 36.0624 186
    endloop
  endfacet
  facet normal -0.923885 -0.382671 -0
    outer loop
      vertex 51 0 186
      vertex 50.3134 1.65766 132
      vertex 51 0 132
    endloop
  endfacet
  facet normal -0.923879 -0.382685 -4.83047e-07
    outer loop
      vertex 50.3134 1.65766 132
      vertex 51 0 186
      vertex 36.0624 36.0624 186
    endloop
  endfacet
  facet normal -0.923879 -0.382685 0
    outer loop
      vertex 50.3134 1.65766 16
      vertex 36.0624 36.0624 102
      vertex 36.0624 36.0624 0
    endloop
  endfacet
  facet normal -0.923868 -0.38271 0
    outer loop
      vertex 36.8909 34.0624 102
      vertex 37.2491 33.1977 110
      vertex 36.8909 34.0624 110
    endloop
  endfacet
  facet normal -0.923868 -0.382712 1.24996e-05
    outer loop
      vertex 36.0624 36.0624 102
      vertex 50.3134 1.65766 16
      vertex 36.8909 34.0624 102
    endloop
  endfacet
  facet normal -0.923881 -0.382681 3.73089e-06
    outer loop
      vertex 36.8909 34.0624 102
      vertex 50.3134 1.65766 132
      vertex 37.2491 33.1977 110
    endloop
  endfacet
  facet normal -0.923879 -0.382684 -0
    outer loop
      vertex 50.3134 1.65766 132
      vertex 36.8909 34.0624 102
      vertex 50.3134 1.65766 16
    endloop
  endfacet
  facet normal -0.923879 -0.382685 1.63028e-06
    outer loop
      vertex 51 0 0
      vertex 50.3134 1.65766 16
      vertex 36.0624 36.0624 0
    endloop
  endfacet
  facet normal -0.923885 -0.382671 0
    outer loop
      vertex 50.3134 1.65766 16
      vertex 51 0 0
      vertex 51 0 16
    endloop
  endfacet
  facet normal 0.923868 -0.38271 0
    outer loop
      vertex -36.8909 34.0624 110
      vertex -37.2491 33.1977 110
      vertex -36.8909 34.0624 102
    endloop
  endfacet
  facet normal 0.923868 -0.382712 1.24996e-05
    outer loop
      vertex -50.3134 1.65766 16
      vertex -36.0624 36.0624 102
      vertex -36.8909 34.0624 102
    endloop
  endfacet
  facet normal 0.923881 -0.382681 3.73089e-06
    outer loop
      vertex -50.3134 1.65766 132
      vertex -36.8909 34.0624 102
      vertex -37.2491 33.1977 110
    endloop
  endfacet
  facet normal 0.923879 -0.382684 0
    outer loop
      vertex -36.8909 34.0624 102
      vertex -50.3134 1.65766 132
      vertex -50.3134 1.65766 16
    endloop
  endfacet
  facet normal 0.923879 -0.382685 0
    outer loop
      vertex -36.0624 36.0624 102
      vertex -50.3134 1.65766 16
      vertex -36.0624 36.0624 0
    endloop
  endfacet
  facet normal 0.923885 -0.382671 0
    outer loop
      vertex -51 0 0
      vertex -50.3134 1.65766 16
      vertex -51 0 16
    endloop
  endfacet
  facet normal 0.923879 -0.382685 1.63028e-06
    outer loop
      vertex -50.3134 1.65766 16
      vertex -51 0 0
      vertex -36.0624 36.0624 0
    endloop
  endfacet
  facet normal 0.923868 -0.382712 0
    outer loop
      vertex -36.0624 36.0624 186
      vertex -36.8909 34.0624 122
      vertex -36.0624 36.0624 122
    endloop
  endfacet
  facet normal 0.923868 -0.38271 0
    outer loop
      vertex -36.8909 34.0624 122
      vertex -37.2491 33.1977 114
      vertex -36.8909 34.0624 114
    endloop
  endfacet
  facet normal 0.923879 -0.382684 -1.02677e-06
    outer loop
      vertex -50.3134 1.65766 132
      vertex -36.8909 34.0624 122
      vertex -36.0624 36.0624 186
    endloop
  endfacet
  facet normal 0.92388 -0.382683 0
    outer loop
      vertex -37.2491 33.1977 114
      vertex -50.3134 1.65766 132
      vertex -37.2491 33.1977 110
    endloop
  endfacet
  facet normal 0.923879 -0.382685 -3.24917e-06
    outer loop
      vertex -36.8909 34.0624 122
      vertex -50.3134 1.65766 132
      vertex -37.2491 33.1977 114
    endloop
  endfacet
  facet normal 0.923879 -0.382685 -4.83047e-07
    outer loop
      vertex -51 0 186
      vertex -50.3134 1.65766 132
      vertex -36.0624 36.0624 186
    endloop
  endfacet
  facet normal 0.923885 -0.382671 0
    outer loop
      vertex -50.3134 1.65766 132
      vertex -51 0 186
      vertex -51 0 132
    endloop
  endfacet
  facet normal -0.382671 -0.923885 -0
    outer loop
      vertex 0 51 16
      vertex 0 51 0
      vertex 1.65766 50.3134 16
    endloop
  endfacet
  facet normal -0.382685 -0.923879 -3.24917e-06
    outer loop
      vertex 1.65766 50.3134 132
      vertex 33.1977 37.2491 114
      vertex 34.0624 36.8909 122
    endloop
  endfacet
  facet normal -0.382683 -0.92388 0
    outer loop
      vertex 1.65766 50.3134 132
      vertex 33.1977 37.2491 110
      vertex 33.1977 37.2491 114
    endloop
  endfacet
  facet normal -0.38271 -0.923868 0
    outer loop
      vertex 33.1977 37.2491 110
      vertex 34.0624 36.8909 102
      vertex 34.0624 36.8909 110
    endloop
  endfacet
  facet normal -0.382681 -0.923881 3.73089e-06
    outer loop
      vertex 1.65766 50.3134 132
      vertex 34.0624 36.8909 102
      vertex 33.1977 37.2491 110
    endloop
  endfacet
  facet normal -0.382684 -0.923879 0
    outer loop
      vertex 1.65766 50.3134 16
      vertex 34.0624 36.8909 102
      vertex 1.65766 50.3134 132
    endloop
  endfacet
  facet normal -0.382712 -0.923868 1.24996e-05
    outer loop
      vertex 1.65766 50.3134 16
      vertex 36.0624 36.0624 102
      vertex 34.0624 36.8909 102
    endloop
  endfacet
  facet normal -0.382685 -0.923879 1.63028e-06
    outer loop
      vertex 36.0624 36.0624 0
      vertex 1.65766 50.3134 16
      vertex 0 51 0
    endloop
  endfacet
  facet normal -0.382685 -0.923879 0
    outer loop
      vertex 1.65766 50.3134 16
      vertex 36.0624 36.0624 0
      vertex 36.0624 36.0624 102
    endloop
  endfacet
  facet normal -0.382671 -0.923885 0
    outer loop
      vertex 1.65766 50.3134 132
      vertex 0 51 186
      vertex 0 51 132
    endloop
  endfacet
  facet normal -0.382685 -0.923879 -4.83047e-07
    outer loop
      vertex 0 51 186
      vertex 1.65766 50.3134 132
      vertex 36.0624 36.0624 186
    endloop
  endfacet
  facet normal -0.382684 -0.923879 -1.02677e-06
    outer loop
      vertex 34.0624 36.8909 122
      vertex 36.0624 36.0624 186
      vertex 1.65766 50.3134 132
    endloop
  endfacet
  facet normal -0.382712 -0.923868 -0
    outer loop
      vertex 36.0624 36.0624 186
      vertex 34.0624 36.8909 122
      vertex 36.0624 36.0624 122
    endloop
  endfacet
  facet normal -0.38271 -0.923868 -0
    outer loop
      vertex 34.0624 36.8909 122
      vertex 33.1977 37.2491 114
      vertex 34.0624 36.8909 114
    endloop
  endfacet
  facet normal 0 0 -1
    outer loop
      vertex 36.0624 -36.0624 186
      vertex 36.0624 36.0624 186
      vertex 51 0 186
    endloop
  endfacet
  facet normal 0 0 -1
    outer loop
      vertex 0 -51 186
      vertex 36.0624 36.0624 186
      vertex 36.0624 -36.0624 186
    endloop
  endfacet
  facet normal 0 0 -1
    outer loop
      vertex 0 -51 186
      vertex 0 51 186
      vertex 36.0624 36.0624 186
    endloop
  endfacet
  facet normal 0 0 -1
    outer loop
      vertex -36.0624 -36.0624 186
      vertex 0 51 186
      vertex 0 -51 186
    endloop
  endfacet
  facet normal 0 0 -1
    outer loop
      vertex -36.0624 -36.0624 186
      vertex -36.0624 36.0624 186
      vertex 0 51 186
    endloop
  endfacet
  facet normal 0 -0 -1
    outer loop
      vertex -36.0624 36.0624 186
      vertex -36.0624 -36.0624 186
      vertex -51 0 186
    endloop
  endfacet
  facet normal 0.38271 -0.923868 0
    outer loop
      vertex -34.0624 36.8909 110
      vertex -34.0624 36.8909 102
      vertex -33.1977 37.2491 110
    endloop
  endfacet
  facet normal 0.382685 -0.923879 -4.83047e-07
    outer loop
      vertex -36.0624 36.0624 186
      vertex -1.65766 50.3134 132
      vertex 0 51 186
    endloop
  endfacet
  facet normal 0.382712 -0.923868 0
    outer loop
      vertex -34.0624 36.8909 122
      vertex -36.0624 36.0624 186
      vertex -36.0624 36.0624 122
    endloop
  endfacet
  facet normal 0.382684 -0.923879 -1.02677e-06
    outer loop
      vertex -36.0624 36.0624 186
      vertex -34.0624 36.8909 122
      vertex -1.65766 50.3134 132
    endloop
  endfacet
  facet normal 0.38271 -0.923868 0
    outer loop
      vertex -33.1977 37.2491 114
      vertex -34.0624 36.8909 122
      vertex -34.0624 36.8909 114
    endloop
  endfacet
  facet normal 0.382685 -0.923879 -3.24917e-06
    outer loop
      vertex -34.0624 36.8909 122
      vertex -33.1977 37.2491 114
      vertex -1.65766 50.3134 132
    endloop
  endfacet
  facet normal 0.382683 -0.92388 0
    outer loop
      vertex -33.1977 37.2491 110
      vertex -1.65766 50.3134 132
      vertex -33.1977 37.2491 114
    endloop
  endfacet
  facet normal 0.382681 -0.923881 3.73089e-06
    outer loop
      vertex -34.0624 36.8909 102
      vertex -1.65766 50.3134 132
      vertex -33.1977 37.2491 110
    endloop
  endfacet
  facet normal 0.382684 -0.923879 0
    outer loop
      vertex -1.65766 50.3134 132
      vertex -34.0624 36.8909 102
      vertex -1.65766 50.3134 16
    endloop
  endfacet
  facet normal 0.382671 -0.923885 0
    outer loop
      vertex 0 51 186
      vertex -1.65766 50.3134 132
      vertex 0 51 132
    endloop
  endfacet
  facet normal 0.382712 -0.923868 1.24996e-05
    outer loop
      vertex -36.0624 36.0624 102
      vertex -1.65766 50.3134 16
      vertex -34.0624 36.8909 102
    endloop
  endfacet
  facet normal 0.382685 -0.923879 0
    outer loop
      vertex -36.0624 36.0624 0
      vertex -1.65766 50.3134 16
      vertex -36.0624 36.0624 102
    endloop
  endfacet
  facet normal 0.382685 -0.923879 1.63028e-06
    outer loop
      vertex 0 51 0
      vertex -1.65766 50.3134 16
      vertex -36.0624 36.0624 0
    endloop
  endfacet
  facet normal 0.382671 -0.923885 0
    outer loop
      vertex -1.65766 50.3134 16
      vertex 0 51 0
      vertex 0 51 16
    endloop
  endfacet
  facet normal -0.38271 0.923868 0
    outer loop
      vertex 34.0624 -36.8909 110
      vertex 34.0624 -36.8909 102
      vertex 33.1977 -37.2491 110
    endloop
  endfacet
  facet normal -0.382685 0.923879 -4.83047e-07
    outer loop
      vertex 36.0624 -36.0624 186
      vertex 1.65766 -50.3134 132
      vertex 0 -51 186
    endloop
  endfacet
  facet normal -0.382712 0.923868 0
    outer loop
      vertex 34.0624 -36.8909 122
      vertex 36.0624 -36.0624 186
      vertex 36.0624 -36.0624 122
    endloop
  endfacet
  facet normal -0.382684 0.923879 -1.02677e-06
    outer loop
      vertex 36.0624 -36.0624 186
      vertex 34.0624 -36.8909 122
      vertex 1.65766 -50.3134 132
    endloop
  endfacet
  facet normal -0.38271 0.923868 0
    outer loop
      vertex 33.1977 -37.2491 114
      vertex 34.0624 -36.8909 122
      vertex 34.0624 -36.8909 114
    endloop
  endfacet
  facet normal -0.382685 0.923879 -3.24917e-06
    outer loop
      vertex 34.0624 -36.8909 122
      vertex 33.1977 -37.2491 114
      vertex 1.65766 -50.3134 132
    endloop
  endfacet
  facet normal -0.382683 0.92388 0
    outer loop
      vertex 33.1977 -37.2491 110
      vertex 1.65766 -50.3134 132
      vertex 33.1977 -37.2491 114
    endloop
  endfacet
  facet normal -0.382681 0.923881 3.73089e-06
    outer loop
      vertex 34.0624 -36.8909 102
      vertex 1.65766 -50.3134 132
      vertex 33.1977 -37.2491 110
    endloop
  endfacet
  facet normal -0.382684 0.923879 0
    outer loop
      vertex 1.65766 -50.3134 132
      vertex 34.0624 -36.8909 102
      vertex 1.65766 -50.3134 16
    endloop
  endfacet
  facet normal -0.382671 0.923885 0
    outer loop
      vertex 0 -51 186
      vertex 1.65766 -50.3134 132
      vertex 0 -51 132
    endloop
  endfacet
  facet normal -0.382712 0.923868 1.24996e-05
    outer loop
      vertex 36.0624 -36.0624 102
      vertex 1.65766 -50.3134 16
      vertex 34.0624 -36.8909 102
    endloop
  endfacet
  facet normal -0.382685 0.923879 0
    outer loop
      vertex 36.0624 -36.0624 0
      vertex 1.65766 -50.3134 16
      vertex 36.0624 -36.0624 102
    endloop
  endfacet
  facet normal -0.382685 0.923879 1.63028e-06
    outer loop
      vertex 0 -51 0
      vertex 1.65766 -50.3134 16
      vertex 36.0624 -36.0624 0
    endloop
  endfacet
  facet normal -0.382671 0.923885 0
    outer loop
      vertex 1.65766 -50.3134 16
      vertex 0 -51 0
      vertex 0 -51 16
    endloop
  endfacet
  facet normal 0.923885 0.382671 0
    outer loop
      vertex -51 0 186
      vertex -50.3134 -1.65766 132
      vertex -51 0 132
    endloop
  endfacet
  facet normal 0.92388 0.382683 -0
    outer loop
      vertex -37.2491 -33.1977 110
      vertex -50.3134 -1.65766 132
      vertex -37.2491 -33.1977 114
    endloop
  endfacet
  facet normal 0.923879 0.382685 -4.83047e-07
    outer loop
      vertex -36.0624 -36.0624 186
      vertex -50.3134 -1.65766 132
      vertex -51 0 186
    endloop
  endfacet
  facet normal 0.923879 0.382685 -3.24917e-06
    outer loop
      vertex -50.3134 -1.65766 132
      vertex -36.8909 -34.0624 122
      vertex -37.2491 -33.1977 114
    endloop
  endfacet
  facet normal 0.923879 0.382684 -1.02677e-06
    outer loop
      vertex -50.3134 -1.65766 132
      vertex -36.0624 -36.0624 186
      vertex -36.8909 -34.0624 122
    endloop
  endfacet
  facet normal 0.923868 0.382712 0
    outer loop
      vertex -36.8909 -34.0624 122
      vertex -36.0624 -36.0624 186
      vertex -36.0624 -36.0624 122
    endloop
  endfacet
  facet normal 0.923885 0.382671 0
    outer loop
      vertex -50.3134 -1.65766 16
      vertex -51 0 0
      vertex -51 0 16
    endloop
  endfacet
  facet normal 0.923881 0.382681 3.73089e-06
    outer loop
      vertex -36.8909 -34.0624 102
      vertex -50.3134 -1.65766 132
      vertex -37.2491 -33.1977 110
    endloop
  endfacet
  facet normal 0.923879 0.382684 0
    outer loop
      vertex -50.3134 -1.65766 132
      vertex -36.8909 -34.0624 102
      vertex -50.3134 -1.65766 16
    endloop
  endfacet
  facet normal 0.923868 0.38271 -0
    outer loop
      vertex -36.8909 -34.0624 102
      vertex -37.2491 -33.1977 110
      vertex -36.8909 -34.0624 110
    endloop
  endfacet
  facet normal 0.923868 0.382712 1.24996e-05
    outer loop
      vertex -36.0624 -36.0624 102
      vertex -50.3134 -1.65766 16
      vertex -36.8909 -34.0624 102
    endloop
  endfacet
  facet normal 0.923879 0.382685 0
    outer loop
      vertex -50.3134 -1.65766 16
      vertex -36.0624 -36.0624 102
      vertex -36.0624 -36.0624 0
    endloop
  endfacet
  facet normal 0.923879 0.382685 1.63028e-06
    outer loop
      vertex -50.3134 -1.65766 16
      vertex -36.0624 -36.0624 0
      vertex -51 0 0
    endloop
  endfacet
  facet normal 0.923868 0.38271 0
    outer loop
      vertex -37.2491 -33.1977 114
      vertex -36.8909 -34.0624 122
      vertex -36.8909 -34.0624 114
    endloop
  endfacet
  facet normal -0.923885 0.382671 0
    outer loop
      vertex 51 0 0
      vertex 50.3134 -1.65766 16
      vertex 51 0 16
    endloop
  endfacet
  facet normal -0.923879 0.382684 0
    outer loop
      vertex 36.8909 -34.0624 102
      vertex 50.3134 -1.65766 132
      vertex 50.3134 -1.65766 16
    endloop
  endfacet
  facet normal -0.923879 0.382685 1.63028e-06
    outer loop
      vertex 36.0624 -36.0624 0
      vertex 50.3134 -1.65766 16
      vertex 51 0 0
    endloop
  endfacet
  facet normal -0.923881 0.382681 3.73089e-06
    outer loop
      vertex 50.3134 -1.65766 132
      vertex 36.8909 -34.0624 102
      vertex 37.2491 -33.1977 110
    endloop
  endfacet
  facet normal -0.923879 0.382685 0
    outer loop
      vertex 36.0624 -36.0624 102
      vertex 50.3134 -1.65766 16
      vertex 36.0624 -36.0624 0
    endloop
  endfacet
  facet normal -0.923868 0.382712 1.24996e-05
    outer loop
      vertex 50.3134 -1.65766 16
      vertex 36.0624 -36.0624 102
      vertex 36.8909 -34.0624 102
    endloop
  endfacet
  facet normal -0.923885 0.382671 0
    outer loop
      vertex 50.3134 -1.65766 132
      vertex 51 0 186
      vertex 51 0 132
    endloop
  endfacet
  facet normal -0.92388 0.382683 0
    outer loop
      vertex 37.2491 -33.1977 114
      vertex 50.3134 -1.65766 132
      vertex 37.2491 -33.1977 110
    endloop
  endfacet
  facet normal -0.923879 0.382685 -3.24917e-06
    outer loop
      vertex 36.8909 -34.0624 122
      vertex 50.3134 -1.65766 132
      vertex 37.2491 -33.1977 114
    endloop
  endfacet
  facet normal -0.923868 0.38271 0
    outer loop
      vertex 36.8909 -34.0624 122
      vertex 37.2491 -33.1977 114
      vertex 36.8909 -34.0624 114
    endloop
  endfacet
  facet normal -0.923879 0.382684 -1.02677e-06
    outer loop
      vertex 36.0624 -36.0624 186
      vertex 50.3134 -1.65766 132
      vertex 36.8909 -34.0624 122
    endloop
  endfacet
  facet normal -0.923868 0.382712 0
    outer loop
      vertex 36.0624 -36.0624 186
      vertex 36.8909 -34.0624 122
      vertex 36.0624 -36.0624 122
    endloop
  endfacet
  facet normal -0.923879 0.382685 -4.83047e-07
    outer loop
      vertex 50.3134 -1.65766 132
      vertex 36.0624 -36.0624 186
      vertex 51 0 186
    endloop
  endfacet
  facet normal -0.923868 0.38271 0
    outer loop
      vertex 37.2491 -33.1977 110
      vertex 36.8909 -34.0624 102
      vertex 36.8909 -34.0624 110
    endloop
  endfacet
  facet normal 0.382671 0.923885 0
    outer loop
      vertex 0 -51 16
      vertex 0 -51 0
      vertex -1.65766 -50.3134 16
    endloop
  endfacet
  facet normal 0.382685 0.923879 -3.24917e-06
    outer loop
      vertex -1.65766 -50.3134 132
      vertex -33.1977 -37.2491 114
      vertex -34.0624 -36.8909 122
    endloop
  endfacet
  facet normal 0.382683 0.92388 0
    outer loop
      vertex -1.65766 -50.3134 132
      vertex -33.1977 -37.2491 110
      vertex -33.1977 -37.2491 114
    endloop
  endfacet
  facet normal 0.38271 0.923868 0
    outer loop
      vertex -33.1977 -37.2491 110
      vertex -34.0624 -36.8909 102
      vertex -34.0624 -36.8909 110
    endloop
  endfacet
  facet normal 0.382681 0.923881 3.73089e-06
    outer loop
      vertex -1.65766 -50.3134 132
      vertex -34.0624 -36.8909 102
      vertex -33.1977 -37.2491 110
    endloop
  endfacet
  facet normal 0.382684 0.923879 -0
    outer loop
      vertex -1.65766 -50.3134 16
      vertex -34.0624 -36.8909 102
      vertex -1.65766 -50.3134 132
    endloop
  endfacet
  facet normal 0.382712 0.923868 1.24996e-05
    outer loop
      vertex -1.65766 -50.3134 16
      vertex -36.0624 -36.0624 102
      vertex -34.0624 -36.8909 102
    endloop
  endfacet
  facet normal 0.382685 0.923879 1.63028e-06
    outer loop
      vertex -36.0624 -36.0624 0
      vertex -1.65766 -50.3134 16
      vertex 0 -51 0
    endloop
  endfacet
  facet normal 0.382685 0.923879 0
    outer loop
      vertex -1.65766 -50.3134 16
      vertex -36.0624 -36.0624 0
      vertex -36.0624 -36.0624 102
    endloop
  endfacet
  facet normal 0.382671 0.923885 0
    outer loop
      vertex -1.65766 -50.3134 132
      vertex 0 -51 186
      vertex 0 -51 132
    endloop
  endfacet
  facet normal 0.382685 0.923879 -4.83047e-07
    outer loop
      vertex 0 -51 186
      vertex -1.65766 -50.3134 132
      vertex -36.0624 -36.0624 186
    endloop
  endfacet
  facet normal 0.382684 0.923879 -1.02677e-06
    outer loop
      vertex -34.0624 -36.8909 122
      vertex -36.0624 -36.0624 186
      vertex -1.65766 -50.3134 132
    endloop
  endfacet
  facet normal 0.382712 0.923868 0
    outer loop
      vertex -36.0624 -36.0624 186
      vertex -34.0624 -36.8909 122
      vertex -36.0624 -36.0624 122
    endloop
  endfacet
  facet normal 0.38271 0.923868 0
    outer loop
      vertex -34.0624 -36.8909 122
      vertex -33.1977 -37.2491 114
      vertex -34.0624 -36.8909 114
    endloop
  endfacet
  facet normal -1 0 0
    outer loop
      vertex 50.3134 -12 16
      vertex 50.3134 -11.3145 132
      vertex 50.3134 -11.3145 16
    endloop
  endfacet
  facet normal -1 -0 0
    outer loop
      vertex 50.3134 -11.3145 132
      vertex 50.3134 -12 16
      vertex 50.3134 -12 132
    endloop
  endfacet
  facet normal -1 0 0
    outer loop
      vertex 50.3134 11.3145 16
      vertex 50.3134 12 132
      vertex 50.3134 12 16
    endloop
  endfacet
  facet normal -1 -0 0
    outer loop
      vertex 50.3134 12 132
      vertex 50.3134 11.3145 16
      vertex 50.3134 11.3145 132
    endloop
  endfacet
  facet normal -1 0 0
    outer loop
      vertex 50.3134 -1.65766 16
      vertex 50.3134 1.65766 132
      vertex 50.3134 1.65766 16
    endloop
  endfacet
  facet normal -1 -0 0
    outer loop
      vertex 50.3134 1.65766 132
      vertex 50.3134 -1.65766 16
      vertex 50.3134 -1.65766 132
    endloop
  endfacet
  facet normal 0 0 1
    outer loop
      vertex 59.3134 12 132
      vertex 55 0 132
      vertex 59.3134 -12 132
    endloop
  endfacet
  facet normal 0 0 1
    outer loop
      vertex 50.3134 11.3145 132
      vertex 59.3134 12 132
      vertex 50.3134 12 132
    endloop
  endfacet
  facet normal 0 0 1
    outer loop
      vertex 59.3134 12 132
      vertex 50.3134 11.3145 132
      vertex 55 0 132
    endloop
  endfacet
  facet normal -0 0 1
    outer loop
      vertex 50.3134 -11.3145 132
      vertex 59.3134 -12 132
      vertex 55 0 132
    endloop
  endfacet
  facet normal 0 0 1
    outer loop
      vertex 59.3134 -12 132
      vertex 50.3134 -11.3145 132
      vertex 50.3134 -12 132
    endloop
  endfacet
  facet normal 0 0 1
    outer loop
      vertex 50.3134 1.65766 132
      vertex 50.3134 -1.65766 132
      vertex 51 0 132
    endloop
  endfacet
  facet normal 1 -0 0
    outer loop
      vertex 59.3134 -12 132
      vertex 59.3134 12 130.6
      vertex 59.3134 12 132
    endloop
  endfacet
  facet normal 1 0 0
    outer loop
      vertex 59.3134 12 130.6
      vertex 59.3134 -12 132
      vertex 59.3134 -12 130.6
    endloop
  endfacet
  facet normal 1 -0 0
    outer loop
      vertex 59.3134 -12 25.4
      vertex 59.3134 12 16
      vertex 59.3134 12 25.4
    endloop
  endfacet
  facet normal 1 0 0
    outer loop
      vertex 59.3134 12 16
      vertex 59.3134 -12 25.4
      vertex 59.3134 -12 16
    endloop
  endfacet
  facet normal 1 0 0
    outer loop
      vertex 59.3134 -6.25 38.4
      vertex 59.3134 -12 38.4
      vertex 59.3134 -6.25 34.25
    endloop
  endfacet
  facet normal 1 0 0
    outer loop
      vertex 59.3134 6.25 34.25
      vertex 59.3134 12 38.4
      vertex 59.3134 6.25 38.4
    endloop
  endfacet
  facet normal 1 0 0
    outer loop
      vertex 59.3134 12 38.4
      vertex 59.3134 6.25 34.25
      vertex 59.3134 12 26.6
    endloop
  endfacet
  facet normal 1 -0 0
    outer loop
      vertex 59.3134 -6.25 34.25
      vertex 59.3134 12 26.6
      vertex 59.3134 6.25 34.25
    endloop
  endfacet
  facet normal 1 0 0
    outer loop
      vertex 59.3134 -6.25 34.25
      vertex 59.3134 -12 26.6
      vertex 59.3134 12 26.6
    endloop
  endfacet
  facet normal 1 0 0
    outer loop
      vertex 59.3134 -12 26.6
      vertex 59.3134 -6.25 34.25
      vertex 59.3134 -12 38.4
    endloop
  endfacet
  facet normal 1 0 0
    outer loop
      vertex 59.3134 12 51.4
      vertex 59.3134 6.25 41.75
      vertex 59.3134 12 39.6
    endloop
  endfacet
  facet normal 1 0 0
    outer loop
      vertex 59.3134 12 51.4
      vertex 59.3134 -6.25 41.75
      vertex 59.3134 6.25 41.75
    endloop
  endfacet
  facet normal 1 -0 0
    outer loop
      vertex 59.3134 -12 51.4
      vertex 59.3134 -6.25 41.75
      vertex 59.3134 12 51.4
    endloop
  endfacet
  facet normal 1 0 0
    outer loop
      vertex 59.3134 -12 39.6
      vertex 59.3134 -6.25 41.75
      vertex 59.3134 -12 51.4
    endloop
  endfacet
  facet normal 1 0 0
    outer loop
      vertex 59.3134 -6.25 41.75
      vertex 59.3134 -12 39.6
      vertex 59.3134 -6.25 39.6
    endloop
  endfacet
  facet normal 1 0 0
    outer loop
      vertex 59.3134 12 39.6
      vertex 59.3134 6.25 41.75
      vertex 59.3134 6.25 39.6
    endloop
  endfacet
  facet normal 1 0 0
    outer loop
      vertex 59.3134 12 103.4
      vertex 59.3134 6.25 91.75
      vertex 59.3134 12 91.6
    endloop
  endfacet
  facet normal 1 0 0
    outer loop
      vertex 59.3134 12 103.4
      vertex 59.3134 -6.25 91.75
      vertex 59.3134 6.25 91.75
    endloop
  endfacet
  facet normal 1 -0 0
    outer loop
      vertex 59.3134 -12 103.4
      vertex 59.3134 -6.25 91.75
      vertex 59.3134 12 103.4
    endloop
  endfacet
  facet normal 1 0 0
    outer loop
      vertex 59.3134 -12 91.6
      vertex 59.3134 -6.25 91.75
      vertex 59.3134 -12 103.4
    endloop
  endfacet
  facet normal 1 0 0
    outer loop
      vertex 59.3134 -6.25 91.75
      vertex 59.3134 -12 91.6
      vertex 59.3134 -6.25 91.6
    endloop
  endfacet
  facet normal 1 0 0
    outer loop
      vertex 59.3134 12 91.6
      vertex 59.3134 6.25 91.75
      vertex 59.3134 6.25 91.6
    endloop
  endfacet
  facet normal 1 0 0
    outer loop
      vertex 59.3134 -6.25 90.4
      vertex 59.3134 -12 90.4
      vertex 59.3134 -6.25 84.25
    endloop
  endfacet
  facet normal 1 0 0
    outer loop
      vertex 59.3134 6.25 84.25
      vertex 59.3134 12 90.4
      vertex 59.3134 6.25 90.4
    endloop
  endfacet
  facet normal 1 0 0
    outer loop
      vertex 59.3134 12 90.4
      vertex 59.3134 6.25 84.25
      vertex 59.3134 12 78.6
    endloop
  endfacet
  facet normal 1 -0 0
    outer loop
      vertex 59.3134 -6.25 84.25
      vertex 59.3134 12 78.6
      vertex 59.3134 6.25 84.25
    endloop
  endfacet
  facet normal 1 0 0
    outer loop
      vertex 59.3134 -6.25 84.25
      vertex 59.3134 -12 78.6
      vertex 59.3134 12 78.6
    endloop
  endfacet
  facet normal 1 0 0
    outer loop
      vertex 59.3134 -12 78.6
      vertex 59.3134 -6.25 84.25
      vertex 59.3134 -12 90.4
    endloop
  endfacet
  facet normal 1 -0 0
    outer loop
      vertex 59.3134 -12 130.6
      vertex 59.3134 12 129.4
      vertex 59.3134 12 130.6
    endloop
  endfacet
  facet normal 1 0 0
    outer loop
      vertex 59.3134 12 129.4
      vertex 59.3134 -12 130.6
      vertex 59.3134 -12 129.4
    endloop
  endfacet
  facet normal 1 -0 0
    outer loop
      vertex 59.3134 -12 129.4
      vertex 59.3134 12 117.6
      vertex 59.3134 12 129.4
    endloop
  endfacet
  facet normal 1 0 0
    outer loop
      vertex 59.3134 12 117.6
      vertex 59.3134 -12 129.4
      vertex 59.3134 -12 117.6
    endloop
  endfacet
  facet normal 1 -0 0
    outer loop
      vertex 59.3134 -12 52.6
      vertex 59.3134 12 51.4
      vertex 59.3134 12 52.6
    endloop
  endfacet
  facet normal 1 0 0
    outer loop
      vertex 59.3134 12 51.4
      vertex 59.3134 -12 52.6
      vertex 59.3134 -12 51.4
    endloop
  endfacet
  facet normal 1 -0 0
    outer loop
      vertex 59.3134 -12 64.4
      vertex 59.3134 12 52.6
      vertex 59.3134 12 64.4
    endloop
  endfacet
  facet normal 1 0 0
    outer loop
      vertex 59.3134 12 52.6
      vertex 59.3134 -12 64.4
      vertex 59.3134 -12 52.6
    endloop
  endfacet
  facet normal 1 -0 0
    outer loop
      vertex 59.3134 -12 39.6
      vertex 59.3134 -6.25 38.4
      vertex 59.3134 -6.25 39.6
    endloop
  endfacet
  facet normal 1 0 0
    outer loop
      vertex 59.3134 -6.25 38.4
      vertex 59.3134 -12 39.6
      vertex 59.3134 -12 38.4
    endloop
  endfacet
  facet normal 1 -0 0
    outer loop
      vertex 59.3134 6.25 39.6
      vertex 59.3134 12 38.4
      vertex 59.3134 12 39.6
    endloop
  endfacet
  facet normal 1 0 0
    outer loop
      vertex 59.3134 12 38.4
      vertex 59.3134 6.25 39.6
      vertex 59.3134 6.25 38.4
    endloop
  endfacet
  facet normal 1 -0 0
    outer loop
      vertex 59.3134 -12 91.6
      vertex 59.3134 -6.25 90.4
      vertex 59.3134 -6.25 91.6
    endloop
  endfacet
  facet normal 1 0 0
    outer loop
      vertex 59.3134 -6.25 90.4
      vertex 59.3134 -12 91.6
      vertex 59.3134 -12 90.4
    endloop
  endfacet
  facet normal 1 -0 0
    outer loop
      vertex 59.3134 6.25 91.6
      vertex 59.3134 12 90.4
      vertex 59.3134 12 91.6
    endloop
  endfacet
  facet normal 1 0 0
    outer loop
      vertex 59.3134 12 90.4
      vertex 59.3134 6.25 91.6
      vertex 59.3134 6.25 90.4
    endloop
  endfacet
  facet normal 1 -0 0
    outer loop
      vertex 59.3134 -12 78.6
      vertex 59.3134 12 77.4
      vertex 59.3134 12 78.6
    endloop
  endfacet
  facet normal 1 0 0
    outer loop
      vertex 59.3134 12 77.4
      vertex 59.3134 -12 78.6
      vertex 59.3134 -12 77.4
    endloop
  endfacet
  facet normal 1 -0 0
    outer loop
      vertex 59.3134 -12 77.4
      vertex 59.3134 12 65.6
      vertex 59.3134 12 77.4
    endloop
  endfacet
  facet normal 1 0 0
    outer loop
      vertex 59.3134 12 65.6
      vertex 59.3134 -12 77.4
      vertex 59.3134 -12 65.6
    endloop
  endfacet
  facet normal 1 -0 0
    outer loop
      vertex 59.3134 -12 104.6
      vertex 59.3134 12 103.4
      vertex 59.3134 12 104.6
    endloop
  endfacet
  facet normal 1 0 0
    outer loop
      vertex 59.3134 12 103.4
      vertex 59.3134 -12 104.6
      vertex 59.3134 -12 103.4
    endloop
  endfacet
  facet normal 1 -0 0
    outer loop
      vertex 59.3134 -12 116.4
      vertex 59.3134 12 104.6
      vertex 59.3134 12 116.4
    endloop
  endfacet
  facet normal 1 0 0
    outer loop
      vertex 59.3134 12 104.6
      vertex 59.3134 -12 116.4
      vertex 59.3134 -12 104.6
    endloop
  endfacet
  facet normal 1 -0 0
    outer loop
      vertex 59.3134 -12 117.6
      vertex 59.3134 12 116.4
      vertex 59.3134 12 117.6
    endloop
  endfacet
  facet normal 1 0 0
    outer loop
      vertex 59.3134 12 116.4
      vertex 59.3134 -12 117.6
      vertex 59.3134 -12 116.4
    endloop
  endfacet
  facet normal 1 -0 0
    outer loop
      vertex 59.3134 -12 26.6
      vertex 59.3134 12 25.4
      vertex 59.3134 12 26.6
    endloop
  endfacet
  facet normal 1 0 0
    outer loop
      vertex 59.3134 12 25.4
      vertex 59.3134 -12 26.6
      vertex 59.3134 -12 25.4
    endloop
  endfacet
  facet normal 1 -0 0
    outer loop
      vertex 59.3134 -12 65.6
      vertex 59.3134 12 64.4
      vertex 59.3134 12 65.6
    endloop
  endfacet
  facet normal 1 0 0
    outer loop
      vertex 59.3134 12 64.4
      vertex 59.3134 -12 65.6
      vertex 59.3134 -12 64.4
    endloop
  endfacet
  facet normal 0 1 -0
    outer loop
      vertex 59.3134 12 130.6
      vertex 50.3134 12 132
      vertex 59.3134 12 132
    endloop
  endfacet
  facet normal 0 1 -0
    outer loop
      vertex 59.3134 12 129.4
      vertex 50.3134 12 132
      vertex 59.3134 12 130.6
    endloop
  endfacet
  facet normal 0 1 -0
    outer loop
      vertex 59.3134 12 117.6
      vertex 50.3134 12 132
      vertex 59.3134 12 129.4
    endloop
  endfacet
  facet normal 0 1 -0
    outer loop
      vertex 59.3134 12 116.4
      vertex 50.3134 12 132
      vertex 59.3134 12 117.6
    endloop
  endfacet
  facet normal 0 1 -0
    outer loop
      vertex 59.3134 12 104.6
      vertex 50.3134 12 132
      vertex 59.3134 12 116.4
    endloop
  endfacet
  facet normal 0 1 -0
    outer loop
      vertex 59.3134 12 103.4
      vertex 50.3134 12 132
      vertex 59.3134 12 104.6
    endloop
  endfacet
  facet normal 0 1 -0
    outer loop
      vertex 59.3134 12 91.6
      vertex 50.3134 12 132
      vertex 59.3134 12 103.4
    endloop
  endfacet
  facet normal 0 1 -0
    outer loop
      vertex 59.3134 12 90.4
      vertex 50.3134 12 132
      vertex 59.3134 12 91.6
    endloop
  endfacet
  facet normal 0 1 -0
    outer loop
      vertex 59.3134 12 78.6
      vertex 50.3134 12 132
      vertex 59.3134 12 90.4
    endloop
  endfacet
  facet normal 0 1 -0
    outer loop
      vertex 59.3134 12 77.4
      vertex 50.3134 12 132
      vertex 59.3134 12 78.6
    endloop
  endfacet
  facet normal 0 1 0
    outer loop
      vertex 50.3134 12 16
      vertex 59.3134 12 77.4
      vertex 59.3134 12 65.6
    endloop
  endfacet
  facet normal 0 1 0
    outer loop
      vertex 50.3134 12 16
      vertex 59.3134 12 65.6
      vertex 59.3134 12 64.4
    endloop
  endfacet
  facet normal 0 1 0
    outer loop
      vertex 50.3134 12 16
      vertex 59.3134 12 64.4
      vertex 59.3134 12 52.6
    endloop
  endfacet
  facet normal 0 1 0
    outer loop
      vertex 50.3134 12 16
      vertex 59.3134 12 52.6
      vertex 59.3134 12 51.4
    endloop
  endfacet
  facet normal 0 1 0
    outer loop
      vertex 50.3134 12 16
      vertex 59.3134 12 51.4
      vertex 59.3134 12 39.6
    endloop
  endfacet
  facet normal 0 1 0
    outer loop
      vertex 50.3134 12 16
      vertex 59.3134 12 39.6
      vertex 59.3134 12 38.4
    endloop
  endfacet
  facet normal 0 1 0
    outer loop
      vertex 50.3134 12 16
      vertex 59.3134 12 38.4
      vertex 59.3134 12 26.6
    endloop
  endfacet
  facet normal 0 1 0
    outer loop
      vertex 50.3134 12 16
      vertex 59.3134 12 26.6
      vertex 59.3134 12 25.4
    endloop
  endfacet
  facet normal 0 1 0
    outer loop
      vertex 50.3134 12 16
      vertex 59.3134 12 25.4
      vertex 59.3134 12 16
    endloop
  endfacet
  facet normal 0 1 0
    outer loop
      vertex 59.3134 12 77.4
      vertex 50.3134 12 16
      vertex 50.3134 12 132
    endloop
  endfacet
  facet normal 0 0 -1
    outer loop
      vertex 59.3134 -12 16
      vertex 55 0 16
      vertex 59.3134 12 16
    endloop
  endfacet
  facet normal 0 0 -1
    outer loop
      vertex 50.3134 -11.3145 16
      vertex 59.3134 -12 16
      vertex 50.3134 -12 16
    endloop
  endfacet
  facet normal 0 0 -1
    outer loop
      vertex 59.3134 -12 16
      vertex 50.3134 -11.3145 16
      vertex 55 0 16
    endloop
  endfacet
  facet normal 0 0 -1
    outer loop
      vertex 50.3134 11.3145 16
      vertex 59.3134 12 16
      vertex 55 0 16
    endloop
  endfacet
  facet normal -0 0 -1
    outer loop
      vertex 59.3134 12 16
      vertex 50.3134 11.3145 16
      vertex 50.3134 12 16
    endloop
  endfacet
  facet normal -0 0 -1
    outer loop
      vertex 51 0 16
      vertex 50.3134 -1.65766 16
      vertex 50.3134 1.65766 16
    endloop
  endfacet
  facet normal 0 -1 0
    outer loop
      vertex 50.3134 -12 132
      vertex 59.3134 -12 130.6
      vertex 59.3134 -12 132
    endloop
  endfacet
  facet normal 0 -1 0
    outer loop
      vertex 50.3134 -12 132
      vertex 59.3134 -12 129.4
      vertex 59.3134 -12 130.6
    endloop
  endfacet
  facet normal 0 -1 0
    outer loop
      vertex 50.3134 -12 132
      vertex 59.3134 -12 117.6
      vertex 59.3134 -12 129.4
    endloop
  endfacet
  facet normal 0 -1 0
    outer loop
      vertex 50.3134 -12 132
      vertex 59.3134 -12 116.4
      vertex 59.3134 -12 117.6
    endloop
  endfacet
  facet normal 0 -1 0
    outer loop
      vertex 50.3134 -12 132
      vertex 59.3134 -12 104.6
      vertex 59.3134 -12 116.4
    endloop
  endfacet
  facet normal 0 -1 0
    outer loop
      vertex 50.3134 -12 132
      vertex 59.3134 -12 103.4
      vertex 59.3134 -12 104.6
    endloop
  endfacet
  facet normal 0 -1 0
    outer loop
      vertex 50.3134 -12 132
      vertex 59.3134 -12 91.6
      vertex 59.3134 -12 103.4
    endloop
  endfacet
  facet normal 0 -1 0
    outer loop
      vertex 50.3134 -12 132
      vertex 59.3134 -12 90.4
      vertex 59.3134 -12 91.6
    endloop
  endfacet
  facet normal 0 -1 0
    outer loop
      vertex 50.3134 -12 132
      vertex 59.3134 -12 78.6
      vertex 59.3134 -12 90.4
    endloop
  endfacet
  facet normal 0 -1 0
    outer loop
      vertex 50.3134 -12 132
      vertex 59.3134 -12 77.4
      vertex 59.3134 -12 78.6
    endloop
  endfacet
  facet normal 0 -1 0
    outer loop
      vertex 50.3134 -12 16
      vertex 59.3134 -12 77.4
      vertex 50.3134 -12 132
    endloop
  endfacet
  facet normal 0 -1 -0
    outer loop
      vertex 59.3134 -12 77.4
      vertex 50.3134 -12 16
      vertex 59.3134 -12 65.6
    endloop
  endfacet
  facet normal 0 -1 -0
    outer loop
      vertex 59.3134 -12 65.6
      vertex 50.3134 -12 16
      vertex 59.3134 -12 64.4
    endloop
  endfacet
  facet normal 0 -1 -0
    outer loop
      vertex 59.3134 -12 64.4
      vertex 50.3134 -12 16
      vertex 59.3134 -12 52.6
    endloop
  endfacet
  facet normal 0 -1 -0
    outer loop
      vertex 59.3134 -12 52.6
      vertex 50.3134 -12 16
      vertex 59.3134 -12 51.4
    endloop
  endfacet
  facet normal 0 -1 -0
    outer loop
      vertex 59.3134 -12 51.4
      vertex 50.3134 -12 16
      vertex 59.3134 -12 39.6
    endloop
  endfacet
  facet normal 0 -1 -0
    outer loop
      vertex 59.3134 -12 39.6
      vertex 50.3134 -12 16
      vertex 59.3134 -12 38.4
    endloop
  endfacet
  facet normal 0 -1 -0
    outer loop
      vertex 59.3134 -12 38.4
      vertex 50.3134 -12 16
      vertex 59.3134 -12 26.6
    endloop
  endfacet
  facet normal 0 -1 -0
    outer loop
      vertex 59.3134 -12 26.6
      vertex 50.3134 -12 16
      vertex 59.3134 -12 25.4
    endloop
  endfacet
  facet normal 0 -1 -0
    outer loop
      vertex 59.3134 -12 25.4
      vertex 50.3134 -12 16
      vertex 59.3134 -12 16
    endloop
  endfacet
  facet normal 0 1 -0
    outer loop
      vertex 12 59.3134 130.6
      vertex -12 59.3134 132
      vertex 12 59.3134 132
    endloop
  endfacet
  facet normal 0 1 0
    outer loop
      vertex -12 59.3134 132
      vertex 12 59.3134 130.6
      vertex -12 59.3134 130.6
    endloop
  endfacet
  facet normal 0 1 -0
    outer loop
      vertex 12 59.3134 16
      vertex -12 59.3134 25.4
      vertex 12 59.3134 25.4
    endloop
  endfacet
  facet normal 0 1 0
    outer loop
      vertex -12 59.3134 25.4
      vertex 12 59.3134 16
      vertex -12 59.3134 16
    endloop
  endfacet
  facet normal 0 1 0
    outer loop
      vertex 12 59.3134 38.4
      vertex 6.25 59.3134 34.25
      vertex 6.25 59.3134 38.4
    endloop
  endfacet
  facet normal 0 1 0
    outer loop
      vertex 6.25 59.3134 34.25
      vertex 12 59.3134 26.6
      vertex -6.25 59.3134 34.25
    endloop
  endfacet
  facet normal 0 1 -0
    outer loop
      vertex 12 59.3134 26.6
      vertex 6.25 59.3134 34.25
      vertex 12 59.3134 38.4
    endloop
  endfacet
  facet normal 0 1 -0
    outer loop
      vertex -6.25 59.3134 34.25
      vertex -12 59.3134 38.4
      vertex -6.25 59.3134 38.4
    endloop
  endfacet
  facet normal 0 1 0
    outer loop
      vertex -6.25 59.3134 34.25
      vertex -12 59.3134 26.6
      vertex -12 59.3134 38.4
    endloop
  endfacet
  facet normal 0 1 0
    outer loop
      vertex -12 59.3134 26.6
      vertex -6.25 59.3134 34.25
      vertex 12 59.3134 26.6
    endloop
  endfacet
  facet normal 0 1 0
    outer loop
      vertex 12 59.3134 51.4
      vertex 6.25 59.3134 41.75
      vertex -12 59.3134 51.4
    endloop
  endfacet
  facet normal 0 1 -0
    outer loop
      vertex 12 59.3134 39.6
      vertex 6.25 59.3134 41.75
      vertex 12 59.3134 51.4
    endloop
  endfacet
  facet normal 0 1 0
    outer loop
      vertex 6.25 59.3134 41.75
      vertex 12 59.3134 39.6
      vertex 6.25 59.3134 39.6
    endloop
  endfacet
  facet normal 0 1 -0
    outer loop
      vertex -6.25 59.3134 41.75
      vertex -12 59.3134 51.4
      vertex 6.25 59.3134 41.75
    endloop
  endfacet
  facet normal 0 1 0
    outer loop
      vertex -12 59.3134 39.6
      vertex -6.25 59.3134 41.75
      vertex -6.25 59.3134 39.6
    endloop
  endfacet
  facet normal 0 1 0
    outer loop
      vertex -6.25 59.3134 41.75
      vertex -12 59.3134 39.6
      vertex -12 59.3134 51.4
    endloop
  endfacet
  facet normal 0 1 0
    outer loop
      vertex 12 59.3134 90.4
      vertex 6.25 59.3134 84.25
      vertex 6.25 59.3134 90.4
    endloop
  endfacet
  facet normal 0 1 0
    outer loop
      vertex 6.25 59.3134 84.25
      vertex 12 59.3134 78.6
      vertex -6.25 59.3134 84.25
    endloop
  endfacet
  facet normal 0 1 -0
    outer loop
      vertex 12 59.3134 78.6
      vertex 6.25 59.3134 84.25
      vertex 12 59.3134 90.4
    endloop
  endfacet
  facet normal 0 1 -0
    outer loop
      vertex -6.25 59.3134 84.25
      vertex -12 59.3134 90.4
      vertex -6.25 59.3134 90.4
    endloop
  endfacet
  facet normal 0 1 0
    outer loop
      vertex -6.25 59.3134 84.25
      vertex -12 59.3134 78.6
      vertex -12 59.3134 90.4
    endloop
  endfacet
  facet normal 0 1 0
    outer loop
      vertex -12 59.3134 78.6
      vertex -6.25 59.3134 84.25
      vertex 12 59.3134 78.6
    endloop
  endfacet
  facet normal 0 1 0
    outer loop
      vertex 12 59.3134 103.4
      vertex 6.25 59.3134 91.75
      vertex -12 59.3134 103.4
    endloop
  endfacet
  facet normal 0 1 -0
    outer loop
      vertex 12 59.3134 91.6
      vertex 6.25 59.3134 91.75
      vertex 12 59.3134 103.4
    endloop
  endfacet
  facet normal 0 1 0
    outer loop
      vertex 6.25 59.3134 91.75
      vertex 12 59.3134 91.6
      vertex 6.25 59.3134 91.6
    endloop
  endfacet
  facet normal 0 1 -0
    outer loop
      vertex -6.25 59.3134 91.75
      vertex -12 59.3134 103.4
      vertex 6.25 59.3134 91.75
    endloop
  endfacet
  facet normal 0 1 0
    outer loop
      vertex -12 59.3134 91.6
      vertex -6.25 59.3134 91.75
      vertex -6.25 59.3134 91.6
    endloop
  endfacet
  facet normal 0 1 0
    outer loop
      vertex -6.25 59.3134 91.75
      vertex -12 59.3134 91.6
      vertex -12 59.3134 103.4
    endloop
  endfacet
  facet normal 0 1 -0
    outer loop
      vertex 12 59.3134 129.4
      vertex -12 59.3134 130.6
      vertex 12 59.3134 130.6
    endloop
  endfacet
  facet normal 0 1 0
    outer loop
      vertex -12 59.3134 130.6
      vertex 12 59.3134 129.4
      vertex -12 59.3134 129.4
    endloop
  endfacet
  facet normal 0 1 -0
    outer loop
      vertex 12 59.3134 117.6
      vertex -12 59.3134 129.4
      vertex 12 59.3134 129.4
    endloop
  endfacet
  facet normal 0 1 0
    outer loop
      vertex -12 59.3134 129.4
      vertex 12 59.3134 117.6
      vertex -12 59.3134 117.6
    endloop
  endfacet
  facet normal 0 1 -0
    outer loop
      vertex 12 59.3134 51.4
      vertex -12 59.3134 52.6
      vertex 12 59.3134 52.6
    endloop
  endfacet
  facet normal 0 1 0
    outer loop
      vertex -12 59.3134 52.6
      vertex 12 59.3134 51.4
      vertex -12 59.3134 51.4
    endloop
  endfacet
  facet normal 0 1 -0
    outer loop
      vertex 12 59.3134 52.6
      vertex -12 59.3134 64.4
      vertex 12 59.3134 64.4
    endloop
  endfacet
  facet normal 0 1 0
    outer loop
      vertex -12 59.3134 64.4
      vertex 12 59.3134 52.6
      vertex -12 59.3134 52.6
    endloop
  endfacet
  facet normal 0 1 -0
    outer loop
      vertex 12 59.3134 38.4
      vertex 6.25 59.3134 39.6
      vertex 12 59.3134 39.6
    endloop
  endfacet
  facet normal 0 1 0
    outer loop
      vertex 6.25 59.3134 39.6
      vertex 12 59.3134 38.4
      vertex 6.25 59.3134 38.4
    endloop
  endfacet
  facet normal 0 1 -0
    outer loop
      vertex -6.25 59.3134 38.4
      vertex -12 59.3134 39.6
      vertex -6.25 59.3134 39.6
    endloop
  endfacet
  facet normal 0 1 0
    outer loop
      vertex -12 59.3134 39.6
      vertex -6.25 59.3134 38.4
      vertex -12 59.3134 38.4
    endloop
  endfacet
  facet normal 0 1 -0
    outer loop
      vertex 12 59.3134 90.4
      vertex 6.25 59.3134 91.6
      vertex 12 59.3134 91.6
    endloop
  endfacet
  facet normal 0 1 0
    outer loop
      vertex 6.25 59.3134 91.6
      vertex 12 59.3134 90.4
      vertex 6.25 59.3134 90.4
    endloop
  endfacet
  facet normal 0 1 -0
    outer loop
      vertex -6.25 59.3134 90.4
      vertex -12 59.3134 91.6
      vertex -6.25 59.3134 91.6
    endloop
  endfacet
  facet normal 0 1 0
    outer loop
      vertex -12 59.3134 91.6
      vertex -6.25 59.3134 90.4
      vertex -12 59.3134 90.4
    endloop
  endfacet
  facet normal 0 1 -0
    outer loop
      vertex 12 59.3134 77.4
      vertex -12 59.3134 78.6
      vertex 12 59.3134 78.6
    endloop
  endfacet
  facet normal 0 1 0
    outer loop
      vertex -12 59.3134 78.6
      vertex 12 59.3134 77.4
      vertex -12 59.3134 77.4
    endloop
  endfacet
  facet normal 0 1 -0
    outer loop
      vertex 12 59.3134 65.6
      vertex -12 59.3134 77.4
      vertex 12 59.3134 77.4
    endloop
  endfacet
  facet normal 0 1 0
    outer loop
      vertex -12 59.3134 77.4
      vertex 12 59.3134 65.6
      vertex -12 59.3134 65.6
    endloop
  endfacet
  facet normal 0 1 -0
    outer loop
      vertex 12 59.3134 103.4
      vertex -12 59.3134 104.6
      vertex 12 59.3134 104.6
    endloop
  endfacet
  facet normal 0 1 0
    outer loop
      vertex -12 59.3134 104.6
      vertex 12 59.3134 103.4
      vertex -12 59.3134 103.4
    endloop
  endfacet
  facet normal 0 1 -0
    outer loop
      vertex 12 59.3134 104.6
      vertex -12 59.3134 116.4
      vertex 12 59.3134 116.4
    endloop
  endfacet
  facet normal 0 1 0
    outer loop
      vertex -12 59.3134 116.4
      vertex 12 59.3134 104.6
      vertex -12 59.3134 104.6
    endloop
  endfacet
  facet normal 0 1 -0
    outer loop
      vertex 12 59.3134 116.4
      vertex -12 59.3134 117.6
      vertex 12 59.3134 117.6
    endloop
  endfacet
  facet normal 0 1 0
    outer loop
      vertex -12 59.3134 117.6
      vertex 12 59.3134 116.4
      vertex -12 59.3134 116.4
    endloop
  endfacet
  facet normal 0 1 -0
    outer loop
      vertex 12 59.3134 25.4
      vertex -12 59.3134 26.6
      vertex 12 59.3134 26.6
    endloop
  endfacet
  facet normal 0 1 0
    outer loop
      vertex -12 59.3134 26.6
      vertex 12 59.3134 25.4
      vertex -12 59.3134 25.4
    endloop
  endfacet
  facet normal 0 1 -0
    outer loop
      vertex 12 59.3134 64.4
      vertex -12 59.3134 65.6
      vertex 12 59.3134 65.6
    endloop
  endfacet
  facet normal 0 1 0
    outer loop
      vertex -12 59.3134 65.6
      vertex 12 59.3134 64.4
      vertex -12 59.3134 64.4
    endloop
  endfacet
  facet normal 0 0 1
    outer loop
      vertex 12 59.3134 132
      vertex 11.3145 50.3134 132
      vertex 12 50.3134 132
    endloop
  endfacet
  facet normal 0 0 1
    outer loop
      vertex 12 59.3134 132
      vertex 0 55 132
      vertex 11.3145 50.3134 132
    endloop
  endfacet
  facet normal -0 0 1
    outer loop
      vertex -12 59.3134 132
      vertex 0 55 132
      vertex 12 59.3134 132
    endloop
  endfacet
  facet normal 0 0 1
    outer loop
      vertex -12 59.3134 132
      vertex -11.3145 50.3134 132
      vertex 0 55 132
    endloop
  endfacet
  facet normal 0 0 1
    outer loop
      vertex -11.3145 50.3134 132
      vertex -12 59.3134 132
      vertex -12 50.3134 132
    endloop
  endfacet
  facet normal 0 0 1
    outer loop
      vertex 0 51 132
      vertex -1.65766 50.3134 132
      vertex 1.65766 50.3134 132
    endloop
  endfacet
  facet normal -1 0 0
    outer loop
      vertex -12 50.3134 16
      vertex -12 59.3134 25.4
      vertex -12 59.3134 16
    endloop
  endfacet
  facet normal -1 -0 0
    outer loop
      vertex -12 59.3134 25.4
      vertex -12 50.3134 16
      vertex -12 59.3134 26.6
    endloop
  endfacet
  facet normal -1 -0 0
    outer loop
      vertex -12 59.3134 26.6
      vertex -12 50.3134 16
      vertex -12 59.3134 38.4
    endloop
  endfacet
  facet normal -1 -0 0
    outer loop
      vertex -12 59.3134 38.4
      vertex -12 50.3134 16
      vertex -12 59.3134 39.6
    endloop
  endfacet
  facet normal -1 -0 0
    outer loop
      vertex -12 59.3134 39.6
      vertex -12 50.3134 16
      vertex -12 59.3134 51.4
    endloop
  endfacet
  facet normal -1 -0 0
    outer loop
      vertex -12 59.3134 51.4
      vertex -12 50.3134 16
      vertex -12 59.3134 52.6
    endloop
  endfacet
  facet normal -1 -0 0
    outer loop
      vertex -12 59.3134 52.6
      vertex -12 50.3134 16
      vertex -12 59.3134 64.4
    endloop
  endfacet
  facet normal -1 -0 0
    outer loop
      vertex -12 59.3134 64.4
      vertex -12 50.3134 16
      vertex -12 59.3134 65.6
    endloop
  endfacet
  facet normal -1 -0 0
    outer loop
      vertex -12 59.3134 65.6
      vertex -12 50.3134 16
      vertex -12 59.3134 77.4
    endloop
  endfacet
  facet normal -1 0 0
    outer loop
      vertex -12 50.3134 132
      vertex -12 59.3134 77.4
      vertex -12 50.3134 16
    endloop
  endfacet
  facet normal -1 0 0
    outer loop
      vertex -12 59.3134 77.4
      vertex -12 50.3134 132
      vertex -12 59.3134 78.6
    endloop
  endfacet
  facet normal -1 0 0
    outer loop
      vertex -12 59.3134 78.6
      vertex -12 50.3134 132
      vertex -12 59.3134 90.4
    endloop
  endfacet
  facet normal -1 0 0
    outer loop
      vertex -12 59.3134 90.4
      vertex -12 50.3134 132
      vertex -12 59.3134 91.6
    endloop
  endfacet
  facet normal -1 0 0
    outer loop
      vertex -12 59.3134 91.6
      vertex -12 50.3134 132
      vertex -12 59.3134 103.4
    endloop
  endfacet
  facet normal -1 0 0
    outer loop
      vertex -12 59.3134 103.4
      vertex -12 50.3134 132
      vertex -12 59.3134 104.6
    endloop
  endfacet
  facet normal -1 0 0
    outer loop
      vertex -12 59.3134 104.6
      vertex -12 50.3134 132
      vertex -12 59.3134 116.4
    endloop
  endfacet
  facet normal -1 0 0
    outer loop
      vertex -12 59.3134 116.4
      vertex -12 50.3134 132
      vertex -12 59.3134 117.6
    endloop
  endfacet
  facet normal -1 0 0
    outer loop
      vertex -12 59.3134 117.6
      vertex -12 50.3134 132
      vertex -12 59.3134 129.4
    endloop
  endfacet
  facet normal -1 0 0
    outer loop
      vertex -12 59.3134 129.4
      vertex -12 50.3134 132
      vertex -12 59.3134 130.6
    endloop
  endfacet
  facet normal -1 0 0
    outer loop
      vertex -12 59.3134 130.6
      vertex -12 50.3134 132
      vertex -12 59.3134 132
    endloop
  endfacet
  facet normal 0 -1 0
    outer loop
      vertex 11.3145 50.3134 16
      vertex 12 50.3134 132
      vertex 11.3145 50.3134 132
    endloop
  endfacet
  facet normal 0 -1 -0
    outer loop
      vertex 12 50.3134 132
      vertex 11.3145 50.3134 16
      vertex 12 50.3134 16
    endloop
  endfacet
  facet normal 0 -1 0
    outer loop
      vertex -12 50.3134 16
      vertex -11.3145 50.3134 132
      vertex -12 50.3134 132
    endloop
  endfacet
  facet normal 0 -1 -0
    outer loop
      vertex -11.3145 50.3134 132
      vertex -12 50.3134 16
      vertex -11.3145 50.3134 16
    endloop
  endfacet
  facet normal 0 -1 0
    outer loop
      vertex -1.65766 50.3134 16
      vertex 1.65766 50.3134 132
      vertex -1.65766 50.3134 132
    endloop
  endfacet
  facet normal 0 -1 -0
    outer loop
      vertex 1.65766 50.3134 132
      vertex -1.65766 50.3134 16
      vertex 1.65766 50.3134 16
    endloop
  endfacet
  facet normal 0 0 -1
    outer loop
      vertex 11.3145 50.3134 16
      vertex 12 59.3134 16
      vertex 12 50.3134 16
    endloop
  endfacet
  facet normal 0 0 -1
    outer loop
      vertex 0 55 16
      vertex 12 59.3134 16
      vertex 11.3145 50.3134 16
    endloop
  endfacet
  facet normal 0 0 -1
    outer loop
      vertex -12 59.3134 16
      vertex -11.3145 50.3134 16
      vertex -12 50.3134 16
    endloop
  endfacet
  facet normal 0 0 -1
    outer loop
      vertex 0 55 16
      vertex -12 59.3134 16
      vertex 12 59.3134 16
    endloop
  endfacet
  facet normal 0 0 -1
    outer loop
      vertex -11.3145 50.3134 16
      vertex -12 59.3134 16
      vertex 0 55 16
    endloop
  endfacet
  facet normal 0 0 -1
    outer loop
      vertex 1.65766 50.3134 16
      vertex -1.65766 50.3134 16
      vertex 0 51 16
    endloop
  endfacet
  facet normal 1 -0 0
    outer loop
      vertex 12 50.3134 132
      vertex 12 59.3134 130.6
      vertex 12 59.3134 132
    endloop
  endfacet
  facet normal 1 0 0
    outer loop
      vertex 12 59.3134 130.6
      vertex 12 50.3134 132
      vertex 12 59.3134 129.4
    endloop
  endfacet
  facet normal 1 0 0
    outer loop
      vertex 12 59.3134 129.4
      vertex 12 50.3134 132
      vertex 12 59.3134 117.6
    endloop
  endfacet
  facet normal 1 0 0
    outer loop
      vertex 12 59.3134 117.6
      vertex 12 50.3134 132
      vertex 12 59.3134 116.4
    endloop
  endfacet
  facet normal 1 0 0
    outer loop
      vertex 12 59.3134 116.4
      vertex 12 50.3134 132
      vertex 12 59.3134 104.6
    endloop
  endfacet
  facet normal 1 0 0
    outer loop
      vertex 12 59.3134 104.6
      vertex 12 50.3134 132
      vertex 12 59.3134 103.4
    endloop
  endfacet
  facet normal 1 0 0
    outer loop
      vertex 12 59.3134 103.4
      vertex 12 50.3134 132
      vertex 12 59.3134 91.6
    endloop
  endfacet
  facet normal 1 0 0
    outer loop
      vertex 12 59.3134 91.6
      vertex 12 50.3134 132
      vertex 12 59.3134 90.4
    endloop
  endfacet
  facet normal 1 0 0
    outer loop
      vertex 12 59.3134 90.4
      vertex 12 50.3134 132
      vertex 12 59.3134 78.6
    endloop
  endfacet
  facet normal 1 0 0
    outer loop
      vertex 12 59.3134 78.6
      vertex 12 50.3134 132
      vertex 12 59.3134 77.4
    endloop
  endfacet
  facet normal 1 0 0
    outer loop
      vertex 12 50.3134 16
      vertex 12 59.3134 77.4
      vertex 12 50.3134 132
    endloop
  endfacet
  facet normal 1 0 0
    outer loop
      vertex 12 59.3134 77.4
      vertex 12 50.3134 16
      vertex 12 59.3134 65.6
    endloop
  endfacet
  facet normal 1 0 0
    outer loop
      vertex 12 59.3134 65.6
      vertex 12 50.3134 16
      vertex 12 59.3134 64.4
    endloop
  endfacet
  facet normal 1 0 0
    outer loop
      vertex 12 59.3134 64.4
      vertex 12 50.3134 16
      vertex 12 59.3134 52.6
    endloop
  endfacet
  facet normal 1 0 0
    outer loop
      vertex 12 59.3134 52.6
      vertex 12 50.3134 16
      vertex 12 59.3134 51.4
    endloop
  endfacet
  facet normal 1 0 0
    outer loop
      vertex 12 59.3134 51.4
      vertex 12 50.3134 16
      vertex 12 59.3134 39.6
    endloop
  endfacet
  facet normal 1 0 0
    outer loop
      vertex 12 59.3134 39.6
      vertex 12 50.3134 16
      vertex 12 59.3134 38.4
    endloop
  endfacet
  facet normal 1 0 0
    outer loop
      vertex 12 59.3134 38.4
      vertex 12 50.3134 16
      vertex 12 59.3134 26.6
    endloop
  endfacet
  facet normal 1 0 0
    outer loop
      vertex 12 59.3134 26.6
      vertex 12 50.3134 16
      vertex 12 59.3134 25.4
    endloop
  endfacet
  facet normal 1 0 0
    outer loop
      vertex 12 59.3134 25.4
      vertex 12 50.3134 16
      vertex 12 59.3134 16
    endloop
  endfacet
  facet normal -0 0 1
    outer loop
      vertex -59.3134 12 132
      vertex -50.3134 11.3145 132
      vertex -50.3134 12 132
    endloop
  endfacet
  facet normal 0 0 1
    outer loop
      vertex -50.3134 11.3145 132
      vertex -59.3134 12 132
      vertex -55 0 132
    endloop
  endfacet
  facet normal 0 0 1
    outer loop
      vertex -59.3134 -12 132
      vertex -50.3134 -11.3145 132
      vertex -55 0 132
    endloop
  endfacet
  facet normal 0 0 1
    outer loop
      vertex -50.3134 -11.3145 132
      vertex -59.3134 -12 132
      vertex -50.3134 -12 132
    endloop
  endfacet
  facet normal 0 0 1
    outer loop
      vertex -59.3134 -12 132
      vertex -55 0 132
      vertex -59.3134 12 132
    endloop
  endfacet
  facet normal 0 0 1
    outer loop
      vertex -50.3134 1.65766 132
      vertex -51 0 132
      vertex -50.3134 -1.65766 132
    endloop
  endfacet
  facet normal -1 0 0
    outer loop
      vertex -59.3134 -12 130.6
      vertex -59.3134 12 132
      vertex -59.3134 12 130.6
    endloop
  endfacet
  facet normal -1 -0 0
    outer loop
      vertex -59.3134 12 132
      vertex -59.3134 -12 130.6
      vertex -59.3134 -12 132
    endloop
  endfacet
  facet normal -1 0 0
    outer loop
      vertex -59.3134 -12 16
      vertex -59.3134 12 25.4
      vertex -59.3134 12 16
    endloop
  endfacet
  facet normal -1 -0 0
    outer loop
      vertex -59.3134 12 25.4
      vertex -59.3134 -12 16
      vertex -59.3134 -12 25.4
    endloop
  endfacet
  facet normal -1 0 0
    outer loop
      vertex -59.3134 12 26.6
      vertex -59.3134 6.25 34.25
      vertex -59.3134 12 38.4
    endloop
  endfacet
  facet normal -1 0 0
    outer loop
      vertex -59.3134 12 26.6
      vertex -59.3134 -6.25 34.25
      vertex -59.3134 6.25 34.25
    endloop
  endfacet
  facet normal -1 0 0
    outer loop
      vertex -59.3134 -12 26.6
      vertex -59.3134 -6.25 34.25
      vertex -59.3134 12 26.6
    endloop
  endfacet
  facet normal -1 0 0
    outer loop
      vertex -59.3134 -12 38.4
      vertex -59.3134 -6.25 34.25
      vertex -59.3134 -12 26.6
    endloop
  endfacet
  facet normal -1 0 0
    outer loop
      vertex -59.3134 -6.25 34.25
      vertex -59.3134 -12 38.4
      vertex -59.3134 -6.25 38.4
    endloop
  endfacet
  facet normal -1 -0 0
    outer loop
      vertex -59.3134 12 38.4
      vertex -59.3134 6.25 34.25
      vertex -59.3134 6.25 38.4
    endloop
  endfacet
  facet normal -1 0 0
    outer loop
      vertex -59.3134 -6.25 39.6
      vertex -59.3134 -12 39.6
      vertex -59.3134 -6.25 41.75
    endloop
  endfacet
  facet normal -1 0 0
    outer loop
      vertex -59.3134 6.25 41.75
      vertex -59.3134 12 39.6
      vertex -59.3134 6.25 39.6
    endloop
  endfacet
  facet normal -1 0 0
    outer loop
      vertex -59.3134 12 39.6
      vertex -59.3134 6.25 41.75
      vertex -59.3134 12 51.4
    endloop
  endfacet
  facet normal -1 0 0
    outer loop
      vertex -59.3134 -6.25 41.75
      vertex -59.3134 12 51.4
      vertex -59.3134 6.25 41.75
    endloop
  endfacet
  facet normal -1 0 0
    outer loop
      vertex -59.3134 -12 51.4
      vertex -59.3134 -6.25 41.75
      vertex -59.3134 -12 39.6
    endloop
  endfacet
  facet normal -1 0 0
    outer loop
      vertex -59.3134 -6.25 41.75
      vertex -59.3134 -12 51.4
      vertex -59.3134 12 51.4
    endloop
  endfacet
  facet normal -1 0 0
    outer loop
      vertex -59.3134 -6.25 91.6
      vertex -59.3134 -12 91.6
      vertex -59.3134 -6.25 91.75
    endloop
  endfacet
  facet normal -1 0 0
    outer loop
      vertex -59.3134 6.25 91.75
      vertex -59.3134 12 91.6
      vertex -59.3134 6.25 91.6
    endloop
  endfacet
  facet normal -1 0 0
    outer loop
      vertex -59.3134 12 91.6
      vertex -59.3134 6.25 91.75
      vertex -59.3134 12 103.4
    endloop
  endfacet
  facet normal -1 0 0
    outer loop
      vertex -59.3134 -6.25 91.75
      vertex -59.3134 12 103.4
      vertex -59.3134 6.25 91.75
    endloop
  endfacet
  facet normal -1 0 0
    outer loop
      vertex -59.3134 -12 103.4
      vertex -59.3134 -6.25 91.75
      vertex -59.3134 -12 91.6
    endloop
  endfacet
  facet normal -1 0 0
    outer loop
      vertex -59.3134 -6.25 91.75
      vertex -59.3134 -12 103.4
      vertex -59.3134 12 103.4
    endloop
  endfacet
  facet normal -1 0 0
    outer loop
      vertex -59.3134 12 78.6
      vertex -59.3134 6.25 84.25
      vertex -59.3134 12 90.4
    endloop
  endfacet
  facet normal -1 0 0
    outer loop
      vertex -59.3134 12 78.6
      vertex -59.3134 -6.25 84.25
      vertex -59.3134 6.25 84.25
    endloop
  endfacet
  facet normal -1 0 0
    outer loop
      vertex -59.3134 -12 78.6
      vertex -59.3134 -6.25 84.25
      vertex -59.3134 12 78.6
    endloop
  endfacet
  facet normal -1 0 0
    outer loop
      vertex -59.3134 -12 90.4
      vertex -59.3134 -6.25 84.25
      vertex -59.3134 -12 78.6
    endloop
  endfacet
  facet normal -1 0 0
    outer loop
      vertex -59.3134 -6.25 84.25
      vertex -59.3134 -12 90.4
      vertex -59.3134 -6.25 90.4
    endloop
  endfacet
  facet normal -1 -0 0
    outer loop
      vertex -59.3134 12 90.4
      vertex -59.3134 6.25 84.25
      vertex -59.3134 6.25 90.4
    endloop
  endfacet
  facet normal -1 0 0
    outer loop
      vertex -59.3134 -12 129.4
      vertex -59.3134 12 130.6
      vertex -59.3134 12 129.4
    endloop
  endfacet
  facet normal -1 -0 0
    outer loop
      vertex -59.3134 12 130.6
      vertex -59.3134 -12 129.4
      vertex -59.3134 -12 130.6
    endloop
  endfacet
  facet normal -1 0 0
    outer loop
      vertex -59.3134 -12 117.6
      vertex -59.3134 12 129.4
      vertex -59.3134 12 117.6
    endloop
  endfacet
  facet normal -1 -0 0
    outer loop
      vertex -59.3134 12 129.4
      vertex -59.3134 -12 117.6
      vertex -59.3134 -12 129.4
    endloop
  endfacet
  facet normal -1 0 0
    outer loop
      vertex -59.3134 -12 51.4
      vertex -59.3134 12 52.6
      vertex -59.3134 12 51.4
    endloop
  endfacet
  facet normal -1 -0 0
    outer loop
      vertex -59.3134 12 52.6
      vertex -59.3134 -12 51.4
      vertex -59.3134 -12 52.6
    endloop
  endfacet
  facet normal -1 0 0
    outer loop
      vertex -59.3134 -12 52.6
      vertex -59.3134 12 64.4
      vertex -59.3134 12 52.6
    endloop
  endfacet
  facet normal -1 -0 0
    outer loop
      vertex -59.3134 12 64.4
      vertex -59.3134 -12 52.6
      vertex -59.3134 -12 64.4
    endloop
  endfacet
  facet normal -1 0 0
    outer loop
      vertex -59.3134 6.25 38.4
      vertex -59.3134 12 39.6
      vertex -59.3134 12 38.4
    endloop
  endfacet
  facet normal -1 -0 0
    outer loop
      vertex -59.3134 12 39.6
      vertex -59.3134 6.25 38.4
      vertex -59.3134 6.25 39.6
    endloop
  endfacet
  facet normal -1 0 0
    outer loop
      vertex -59.3134 -12 38.4
      vertex -59.3134 -6.25 39.6
      vertex -59.3134 -6.25 38.4
    endloop
  endfacet
  facet normal -1 -0 0
    outer loop
      vertex -59.3134 -6.25 39.6
      vertex -59.3134 -12 38.4
      vertex -59.3134 -12 39.6
    endloop
  endfacet
  facet normal -1 0 0
    outer loop
      vertex -59.3134 6.25 90.4
      vertex -59.3134 12 91.6
      vertex -59.3134 12 90.4
    endloop
  endfacet
  facet normal -1 -0 0
    outer loop
      vertex -59.3134 12 91.6
      vertex -59.3134 6.25 90.4
      vertex -59.3134 6.25 91.6
    endloop
  endfacet
  facet normal -1 0 0
    outer loop
      vertex -59.3134 -12 90.4
      vertex -59.3134 -6.25 91.6
      vertex -59.3134 -6.25 90.4
    endloop
  endfacet
  facet normal -1 -0 0
    outer loop
      vertex -59.3134 -6.25 91.6
      vertex -59.3134 -12 90.4
      vertex -59.3134 -12 91.6
    endloop
  endfacet
  facet normal -1 0 0
    outer loop
      vertex -59.3134 -12 77.4
      vertex -59.3134 12 78.6
      vertex -59.3134 12 77.4
    endloop
  endfacet
  facet normal -1 -0 0
    outer loop
      vertex -59.3134 12 78.6
      vertex -59.3134 -12 77.4
      vertex -59.3134 -12 78.6
    endloop
  endfacet
  facet normal -1 0 0
    outer loop
      vertex -59.3134 -12 65.6
      vertex -59.3134 12 77.4
      vertex -59.3134 12 65.6
    endloop
  endfacet
  facet normal -1 -0 0
    outer loop
      vertex -59.3134 12 77.4
      vertex -59.3134 -12 65.6
      vertex -59.3134 -12 77.4
    endloop
  endfacet
  facet normal -1 0 0
    outer loop
      vertex -59.3134 -12 103.4
      vertex -59.3134 12 104.6
      vertex -59.3134 12 103.4
    endloop
  endfacet
  facet normal -1 -0 0
    outer loop
      vertex -59.3134 12 104.6
      vertex -59.3134 -12 103.4
      vertex -59.3134 -12 104.6
    endloop
  endfacet
  facet normal -1 0 0
    outer loop
      vertex -59.3134 -12 104.6
      vertex -59.3134 12 116.4
      vertex -59.3134 12 104.6
    endloop
  endfacet
  facet normal -1 -0 0
    outer loop
      vertex -59.3134 12 116.4
      vertex -59.3134 -12 104.6
      vertex -59.3134 -12 116.4
    endloop
  endfacet
  facet normal -1 0 0
    outer loop
      vertex -59.3134 -12 116.4
      vertex -59.3134 12 117.6
      vertex -59.3134 12 116.4
    endloop
  endfacet
  facet normal -1 -0 0
    outer loop
      vertex -59.3134 12 117.6
      vertex -59.3134 -12 116.4
      vertex -59.3134 -12 117.6
    endloop
  endfacet
  facet normal -1 0 0
    outer loop
      vertex -59.3134 -12 25.4
      vertex -59.3134 12 26.6
      vertex -59.3134 12 25.4
    endloop
  endfacet
  facet normal -1 -0 0
    outer loop
      vertex -59.3134 12 26.6
      vertex -59.3134 -12 25.4
      vertex -59.3134 -12 26.6
    endloop
  endfacet
  facet normal -1 0 0
    outer loop
      vertex -59.3134 -12 64.4
      vertex -59.3134 12 65.6
      vertex -59.3134 12 64.4
    endloop
  endfacet
  facet normal -1 -0 0
    outer loop
      vertex -59.3134 12 65.6
      vertex -59.3134 -12 64.4
      vertex -59.3134 -12 65.6
    endloop
  endfacet
  facet normal 1 -0 0
    outer loop
      vertex -50.3134 11.3145 132
      vertex -50.3134 12 16
      vertex -50.3134 12 132
    endloop
  endfacet
  facet normal 1 0 0
    outer loop
      vertex -50.3134 12 16
      vertex -50.3134 11.3145 132
      vertex -50.3134 11.3145 16
    endloop
  endfacet
  facet normal 1 -0 0
    outer loop
      vertex -50.3134 -12 132
      vertex -50.3134 -11.3145 16
      vertex -50.3134 -11.3145 132
    endloop
  endfacet
  facet normal 1 0 0
    outer loop
      vertex -50.3134 -11.3145 16
      vertex -50.3134 -12 132
      vertex -50.3134 -12 16
    endloop
  endfacet
  facet normal 1 -0 0
    outer loop
      vertex -50.3134 -1.65766 132
      vertex -50.3134 1.65766 16
      vertex -50.3134 1.65766 132
    endloop
  endfacet
  facet normal 1 0 0
    outer loop
      vertex -50.3134 1.65766 16
      vertex -50.3134 -1.65766 132
      vertex -50.3134 -1.65766 16
    endloop
  endfacet
  facet normal 0 1 0
    outer loop
      vertex -50.3134 12 132
      vertex -59.3134 12 130.6
      vertex -59.3134 12 132
    endloop
  endfacet
  facet normal 0 1 0
    outer loop
      vertex -50.3134 12 132
      vertex -59.3134 12 129.4
      vertex -59.3134 12 130.6
    endloop
  endfacet
  facet normal 0 1 0
    outer loop
      vertex -50.3134 12 132
      vertex -59.3134 12 117.6
      vertex -59.3134 12 129.4
    endloop
  endfacet
  facet normal 0 1 0
    outer loop
      vertex -50.3134 12 132
      vertex -59.3134 12 116.4
      vertex -59.3134 12 117.6
    endloop
  endfacet
  facet normal 0 1 0
    outer loop
      vertex -50.3134 12 132
      vertex -59.3134 12 104.6
      vertex -59.3134 12 116.4
    endloop
  endfacet
  facet normal 0 1 0
    outer loop
      vertex -50.3134 12 132
      vertex -59.3134 12 103.4
      vertex -59.3134 12 104.6
    endloop
  endfacet
  facet normal 0 1 0
    outer loop
      vertex -50.3134 12 132
      vertex -59.3134 12 91.6
      vertex -59.3134 12 103.4
    endloop
  endfacet
  facet normal 0 1 0
    outer loop
      vertex -50.3134 12 132
      vertex -59.3134 12 90.4
      vertex -59.3134 12 91.6
    endloop
  endfacet
  facet normal 0 1 0
    outer loop
      vertex -50.3134 12 132
      vertex -59.3134 12 78.6
      vertex -59.3134 12 90.4
    endloop
  endfacet
  facet normal 0 1 0
    outer loop
      vertex -50.3134 12 132
      vertex -59.3134 12 77.4
      vertex -59.3134 12 78.6
    endloop
  endfacet
  facet normal 0 1 -0
    outer loop
      vertex -50.3134 12 16
      vertex -59.3134 12 77.4
      vertex -50.3134 12 132
    endloop
  endfacet
  facet normal 0 1 0
    outer loop
      vertex -59.3134 12 77.4
      vertex -50.3134 12 16
      vertex -59.3134 12 65.6
    endloop
  endfacet
  facet normal 0 1 0
    outer loop
      vertex -59.3134 12 65.6
      vertex -50.3134 12 16
      vertex -59.3134 12 64.4
    endloop
  endfacet
  facet normal 0 1 0
    outer loop
      vertex -59.3134 12 64.4
      vertex -50.3134 12 16
      vertex -59.3134 12 52.6
    endloop
  endfacet
  facet normal 0 1 0
    outer loop
      vertex -59.3134 12 52.6
      vertex -50.3134 12 16
      vertex -59.3134 12 51.4
    endloop
  endfacet
  facet normal 0 1 0
    outer loop
      vertex -59.3134 12 51.4
      vertex -50.3134 12 16
      vertex -59.3134 12 39.6
    endloop
  endfacet
  facet normal 0 1 0
    outer loop
      vertex -59.3134 12 39.6
      vertex -50.3134 12 16
      vertex -59.3134 12 38.4
    endloop
  endfacet
  facet normal 0 1 0
    outer loop
      vertex -59.3134 12 38.4
      vertex -50.3134 12 16
      vertex -59.3134 12 26.6
    endloop
  endfacet
  facet normal 0 1 0
    outer loop
      vertex -59.3134 12 26.6
      vertex -50.3134 12 16
      vertex -59.3134 12 25.4
    endloop
  endfacet
  facet normal 0 1 0
    outer loop
      vertex -59.3134 12 25.4
      vertex -50.3134 12 16
      vertex -59.3134 12 16
    endloop
  endfacet
  facet normal 0 0 -1
    outer loop
      vertex -59.3134 -12 16
      vertex -50.3134 -11.3145 16
      vertex -50.3134 -12 16
    endloop
  endfacet
  facet normal -0 0 -1
    outer loop
      vertex -50.3134 -11.3145 16
      vertex -59.3134 -12 16
      vertex -55 0 16
    endloop
  endfacet
  facet normal 0 0 -1
    outer loop
      vertex -59.3134 12 16
      vertex -50.3134 11.3145 16
      vertex -55 0 16
    endloop
  endfacet
  facet normal 0 0 -1
    outer loop
      vertex -50.3134 11.3145 16
      vertex -59.3134 12 16
      vertex -50.3134 12 16
    endloop
  endfacet
  facet normal 0 0 -1
    outer loop
      vertex -59.3134 12 16
      vertex -55 0 16
      vertex -59.3134 -12 16
    endloop
  endfacet
  facet normal 0 0 -1
    outer loop
      vertex -50.3134 -1.65766 16
      vertex -51 0 16
      vertex -50.3134 1.65766 16
    endloop
  endfacet
  facet normal 0 -1 0
    outer loop
      vertex -59.3134 -12 130.6
      vertex -50.3134 -12 132
      vertex -59.3134 -12 132
    endloop
  endfacet
  facet normal 0 -1 0
    outer loop
      vertex -59.3134 -12 129.4
      vertex -50.3134 -12 132
      vertex -59.3134 -12 130.6
    endloop
  endfacet
  facet normal 0 -1 0
    outer loop
      vertex -59.3134 -12 117.6
      vertex -50.3134 -12 132
      vertex -59.3134 -12 129.4
    endloop
  endfacet
  facet normal 0 -1 0
    outer loop
      vertex -59.3134 -12 116.4
      vertex -50.3134 -12 132
      vertex -59.3134 -12 117.6
    endloop
  endfacet
  facet normal 0 -1 0
    outer loop
      vertex -59.3134 -12 104.6
      vertex -50.3134 -12 132
      vertex -59.3134 -12 116.4
    endloop
  endfacet
  facet normal 0 -1 0
    outer loop
      vertex -59.3134 -12 103.4
      vertex -50.3134 -12 132
      vertex -59.3134 -12 104.6
    endloop
  endfacet
  facet normal 0 -1 0
    outer loop
      vertex -59.3134 -12 91.6
      vertex -50.3134 -12 132
      vertex -59.3134 -12 103.4
    endloop
  endfacet
  facet normal 0 -1 0
    outer loop
      vertex -59.3134 -12 90.4
      vertex -50.3134 -12 132
      vertex -59.3134 -12 91.6
    endloop
  endfacet
  facet normal 0 -1 0
    outer loop
      vertex -59.3134 -12 78.6
      vertex -50.3134 -12 132
      vertex -59.3134 -12 90.4
    endloop
  endfacet
  facet normal 0 -1 0
    outer loop
      vertex -59.3134 -12 77.4
      vertex -50.3134 -12 132
      vertex -59.3134 -12 78.6
    endloop
  endfacet
  facet normal 0 -1 0
    outer loop
      vertex -50.3134 -12 16
      vertex -59.3134 -12 77.4
      vertex -59.3134 -12 65.6
    endloop
  endfacet
  facet normal 0 -1 0
    outer loop
      vertex -50.3134 -12 16
      vertex -59.3134 -12 65.6
      vertex -59.3134 -12 64.4
    endloop
  endfacet
  facet normal 0 -1 0
    outer loop
      vertex -50.3134 -12 16
      vertex -59.3134 -12 64.4
      vertex -59.3134 -12 52.6
    endloop
  endfacet
  facet normal 0 -1 0
    outer loop
      vertex -50.3134 -12 16
      vertex -59.3134 -12 52.6
      vertex -59.3134 -12 51.4
    endloop
  endfacet
  facet normal 0 -1 0
    outer loop
      vertex -50.3134 -12 16
      vertex -59.3134 -12 51.4
      vertex -59.3134 -12 39.6
    endloop
  endfacet
  facet normal 0 -1 0
    outer loop
      vertex -50.3134 -12 16
      vertex -59.3134 -12 39.6
      vertex -59.3134 -12 38.4
    endloop
  endfacet
  facet normal 0 -1 0
    outer loop
      vertex -50.3134 -12 16
      vertex -59.3134 -12 38.4
      vertex -59.3134 -12 26.6
    endloop
  endfacet
  facet normal 0 -1 0
    outer loop
      vertex -50.3134 -12 16
      vertex -59.3134 -12 26.6
      vertex -59.3134 -12 25.4
    endloop
  endfacet
  facet normal 0 -1 0
    outer loop
      vertex -50.3134 -12 16
      vertex -59.3134 -12 25.4
      vertex -59.3134 -12 16
    endloop
  endfacet
  facet normal 0 -1 0
    outer loop
      vertex -59.3134 -12 77.4
      vertex -50.3134 -12 16
      vertex -50.3134 -12 132
    endloop
  endfacet
  facet normal -0 0 1
    outer loop
      vertex 11.3145 -50.3134 132
      vertex 12 -59.3134 132
      vertex 12 -50.3134 132
    endloop
  endfacet
  facet normal -0 0 1
    outer loop
      vertex 0 -55 132
      vertex 12 -59.3134 132
      vertex 11.3145 -50.3134 132
    endloop
  endfacet
  facet normal 0 0 1
    outer loop
      vertex -12 -59.3134 132
      vertex -11.3145 -50.3134 132
      vertex -12 -50.3134 132
    endloop
  endfacet
  facet normal 0 0 1
    outer loop
      vertex 0 -55 132
      vertex -12 -59.3134 132
      vertex 12 -59.3134 132
    endloop
  endfacet
  facet normal 0 0 1
    outer loop
      vertex -11.3145 -50.3134 132
      vertex -12 -59.3134 132
      vertex 0 -55 132
    endloop
  endfacet
  facet normal 0 0 1
    outer loop
      vertex 1.65766 -50.3134 132
      vertex -1.65766 -50.3134 132
      vertex 0 -51 132
    endloop
  endfacet
  facet normal 0 1 -0
    outer loop
      vertex -11.3145 -50.3134 16
      vertex -12 -50.3134 132
      vertex -11.3145 -50.3134 132
    endloop
  endfacet
  facet normal 0 1 0
    outer loop
      vertex -12 -50.3134 132
      vertex -11.3145 -50.3134 16
      vertex -12 -50.3134 16
    endloop
  endfacet
  facet normal 0 1 -0
    outer loop
      vertex 12 -50.3134 16
      vertex 11.3145 -50.3134 132
      vertex 12 -50.3134 132
    endloop
  endfacet
  facet normal 0 1 0
    outer loop
      vertex 11.3145 -50.3134 132
      vertex 12 -50.3134 16
      vertex 11.3145 -50.3134 16
    endloop
  endfacet
  facet normal 0 1 -0
    outer loop
      vertex 1.65766 -50.3134 16
      vertex -1.65766 -50.3134 132
      vertex 1.65766 -50.3134 132
    endloop
  endfacet
  facet normal 0 1 0
    outer loop
      vertex -1.65766 -50.3134 132
      vertex 1.65766 -50.3134 16
      vertex -1.65766 -50.3134 16
    endloop
  endfacet
  facet normal 0 -1 0
    outer loop
      vertex -12 -59.3134 130.6
      vertex 12 -59.3134 132
      vertex -12 -59.3134 132
    endloop
  endfacet
  facet normal 0 -1 -0
    outer loop
      vertex 12 -59.3134 132
      vertex -12 -59.3134 130.6
      vertex 12 -59.3134 130.6
    endloop
  endfacet
  facet normal 0 -1 0
    outer loop
      vertex -12 -59.3134 16
      vertex 12 -59.3134 25.4
      vertex -12 -59.3134 25.4
    endloop
  endfacet
  facet normal 0 -1 -0
    outer loop
      vertex 12 -59.3134 25.4
      vertex -12 -59.3134 16
      vertex 12 -59.3134 16
    endloop
  endfacet
  facet normal 0 -1 0
    outer loop
      vertex -12 -59.3134 38.4
      vertex -6.25 -59.3134 34.25
      vertex -6.25 -59.3134 38.4
    endloop
  endfacet
  facet normal 0 -1 -0
    outer loop
      vertex -6.25 -59.3134 34.25
      vertex -12 -59.3134 26.6
      vertex 6.25 -59.3134 34.25
    endloop
  endfacet
  facet normal 0 -1 0
    outer loop
      vertex -12 -59.3134 26.6
      vertex -6.25 -59.3134 34.25
      vertex -12 -59.3134 38.4
    endloop
  endfacet
  facet normal 0 -1 0
    outer loop
      vertex 6.25 -59.3134 34.25
      vertex 12 -59.3134 38.4
      vertex 6.25 -59.3134 38.4
    endloop
  endfacet
  facet normal 0 -1 0
    outer loop
      vertex 6.25 -59.3134 34.25
      vertex 12 -59.3134 26.6
      vertex 12 -59.3134 38.4
    endloop
  endfacet
  facet normal 0 -1 0
    outer loop
      vertex 12 -59.3134 26.6
      vertex 6.25 -59.3134 34.25
      vertex -12 -59.3134 26.6
    endloop
  endfacet
  facet normal 0 -1 0
    outer loop
      vertex -12 -59.3134 51.4
      vertex -6.25 -59.3134 41.75
      vertex 12 -59.3134 51.4
    endloop
  endfacet
  facet normal 0 -1 0
    outer loop
      vertex -12 -59.3134 39.6
      vertex -6.25 -59.3134 41.75
      vertex -12 -59.3134 51.4
    endloop
  endfacet
  facet normal 0 -1 -0
    outer loop
      vertex -6.25 -59.3134 41.75
      vertex -12 -59.3134 39.6
      vertex -6.25 -59.3134 39.6
    endloop
  endfacet
  facet normal 0 -1 0
    outer loop
      vertex 6.25 -59.3134 41.75
      vertex 12 -59.3134 51.4
      vertex -6.25 -59.3134 41.75
    endloop
  endfacet
  facet normal 0 -1 0
    outer loop
      vertex 12 -59.3134 39.6
      vertex 6.25 -59.3134 41.75
      vertex 6.25 -59.3134 39.6
    endloop
  endfacet
  facet normal 0 -1 0
    outer loop
      vertex 6.25 -59.3134 41.75
      vertex 12 -59.3134 39.6
      vertex 12 -59.3134 51.4
    endloop
  endfacet
  facet normal 0 -1 0
    outer loop
      vertex -12 -59.3134 103.4
      vertex -6.25 -59.3134 91.75
      vertex 12 -59.3134 103.4
    endloop
  endfacet
  facet normal 0 -1 0
    outer loop
      vertex -12 -59.3134 91.6
      vertex -6.25 -59.3134 91.75
      vertex -12 -59.3134 103.4
    endloop
  endfacet
  facet normal 0 -1 -0
    outer loop
      vertex -6.25 -59.3134 91.75
      vertex -12 -59.3134 91.6
      vertex -6.25 -59.3134 91.6
    endloop
  endfacet
  facet normal 0 -1 0
    outer loop
      vertex 6.25 -59.3134 91.75
      vertex 12 -59.3134 103.4
      vertex -6.25 -59.3134 91.75
    endloop
  endfacet
  facet normal 0 -1 0
    outer loop
      vertex 12 -59.3134 91.6
      vertex 6.25 -59.3134 91.75
      vertex 6.25 -59.3134 91.6
    endloop
  endfacet
  facet normal 0 -1 0
    outer loop
      vertex 6.25 -59.3134 91.75
      vertex 12 -59.3134 91.6
      vertex 12 -59.3134 103.4
    endloop
  endfacet
  facet normal 0 -1 0
    outer loop
      vertex -12 -59.3134 90.4
      vertex -6.25 -59.3134 84.25
      vertex -6.25 -59.3134 90.4
    endloop
  endfacet
  facet normal 0 -1 -0
    outer loop
      vertex -6.25 -59.3134 84.25
      vertex -12 -59.3134 78.6
      vertex 6.25 -59.3134 84.25
    endloop
  endfacet
  facet normal 0 -1 0
    outer loop
      vertex -12 -59.3134 78.6
      vertex -6.25 -59.3134 84.25
      vertex -12 -59.3134 90.4
    endloop
  endfacet
  facet normal 0 -1 0
    outer loop
      vertex 6.25 -59.3134 84.25
      vertex 12 -59.3134 90.4
      vertex 6.25 -59.3134 90.4
    endloop
  endfacet
  facet normal 0 -1 0
    outer loop
      vertex 6.25 -59.3134 84.25
      vertex 12 -59.3134 78.6
      vertex 12 -59.3134 90.4
    endloop
  endfacet
  facet normal 0 -1 0
    outer loop
      vertex 12 -59.3134 78.6
      vertex 6.25 -59.3134 84.25
      vertex -12 -59.3134 78.6
    endloop
  endfacet
  facet normal 0 -1 0
    outer loop
      vertex -12 -59.3134 129.4
      vertex 12 -59.3134 130.6
      vertex -12 -59.3134 130.6
    endloop
  endfacet
  facet normal 0 -1 -0
    outer loop
      vertex 12 -59.3134 130.6
      vertex -12 -59.3134 129.4
      vertex 12 -59.3134 129.4
    endloop
  endfacet
  facet normal 0 -1 0
    outer loop
      vertex -12 -59.3134 117.6
      vertex 12 -59.3134 129.4
      vertex -12 -59.3134 129.4
    endloop
  endfacet
  facet normal 0 -1 -0
    outer loop
      vertex 12 -59.3134 129.4
      vertex -12 -59.3134 117.6
      vertex 12 -59.3134 117.6
    endloop
  endfacet
  facet normal 0 -1 0
    outer loop
      vertex -12 -59.3134 51.4
      vertex 12 -59.3134 52.6
      vertex -12 -59.3134 52.6
    endloop
  endfacet
  facet normal 0 -1 -0
    outer loop
      vertex 12 -59.3134 52.6
      vertex -12 -59.3134 51.4
      vertex 12 -59.3134 51.4
    endloop
  endfacet
  facet normal 0 -1 0
    outer loop
      vertex -12 -59.3134 52.6
      vertex 12 -59.3134 64.4
      vertex -12 -59.3134 64.4
    endloop
  endfacet
  facet normal 0 -1 -0
    outer loop
      vertex 12 -59.3134 64.4
      vertex -12 -59.3134 52.6
      vertex 12 -59.3134 52.6
    endloop
  endfacet
  facet normal 0 -1 0
    outer loop
      vertex -12 -59.3134 38.4
      vertex -6.25 -59.3134 39.6
      vertex -12 -59.3134 39.6
    endloop
  endfacet
  facet normal 0 -1 -0
    outer loop
      vertex -6.25 -59.3134 39.6
      vertex -12 -59.3134 38.4
      vertex -6.25 -59.3134 38.4
    endloop
  endfacet
  facet normal 0 -1 0
    outer loop
      vertex 6.25 -59.3134 38.4
      vertex 12 -59.3134 39.6
      vertex 6.25 -59.3134 39.6
    endloop
  endfacet
  facet normal 0 -1 -0
    outer loop
      vertex 12 -59.3134 39.6
      vertex 6.25 -59.3134 38.4
      vertex 12 -59.3134 38.4
    endloop
  endfacet
  facet normal 0 -1 0
    outer loop
      vertex -12 -59.3134 90.4
      vertex -6.25 -59.3134 91.6
      vertex -12 -59.3134 91.6
    endloop
  endfacet
  facet normal 0 -1 -0
    outer loop
      vertex -6.25 -59.3134 91.6
      vertex -12 -59.3134 90.4
      vertex -6.25 -59.3134 90.4
    endloop
  endfacet
  facet normal 0 -1 0
    outer loop
      vertex 6.25 -59.3134 90.4
      vertex 12 -59.3134 91.6
      vertex 6.25 -59.3134 91.6
    endloop
  endfacet
  facet normal 0 -1 -0
    outer loop
      vertex 12 -59.3134 91.6
      vertex 6.25 -59.3134 90.4
      vertex 12 -59.3134 90.4
    endloop
  endfacet
  facet normal 0 -1 0
    outer loop
      vertex -12 -59.3134 77.4
      vertex 12 -59.3134 78.6
      vertex -12 -59.3134 78.6
    endloop
  endfacet
  facet normal 0 -1 -0
    outer loop
      vertex 12 -59.3134 78.6
      vertex -12 -59.3134 77.4
      vertex 12 -59.3134 77.4
    endloop
  endfacet
  facet normal 0 -1 0
    outer loop
      vertex -12 -59.3134 65.6
      vertex 12 -59.3134 77.4
      vertex -12 -59.3134 77.4
    endloop
  endfacet
  facet normal 0 -1 -0
    outer loop
      vertex 12 -59.3134 77.4
      vertex -12 -59.3134 65.6
      vertex 12 -59.3134 65.6
    endloop
  endfacet
  facet normal 0 -1 0
    outer loop
      vertex -12 -59.3134 103.4
      vertex 12 -59.3134 104.6
      vertex -12 -59.3134 104.6
    endloop
  endfacet
  facet normal 0 -1 -0
    outer loop
      vertex 12 -59.3134 104.6
      vertex -12 -59.3134 103.4
      vertex 12 -59.3134 103.4
    endloop
  endfacet
  facet normal 0 -1 0
    outer loop
      vertex -12 -59.3134 104.6
      vertex 12 -59.3134 116.4
      vertex -12 -59.3134 116.4
    endloop
  endfacet
  facet normal 0 -1 -0
    outer loop
      vertex 12 -59.3134 116.4
      vertex -12 -59.3134 104.6
      vertex 12 -59.3134 104.6
    endloop
  endfacet
  facet normal 0 -1 0
    outer loop
      vertex -12 -59.3134 116.4
      vertex 12 -59.3134 117.6
      vertex -12 -59.3134 117.6
    endloop
  endfacet
  facet normal 0 -1 -0
    outer loop
      vertex 12 -59.3134 117.6
      vertex -12 -59.3134 116.4
      vertex 12 -59.3134 116.4
    endloop
  endfacet
  facet normal 0 -1 0
    outer loop
      vertex -12 -59.3134 25.4
      vertex 12 -59.3134 26.6
      vertex -12 -59.3134 26.6
    endloop
  endfacet
  facet normal 0 -1 -0
    outer loop
      vertex 12 -59.3134 26.6
      vertex -12 -59.3134 25.4
      vertex 12 -59.3134 25.4
    endloop
  endfacet
  facet normal 0 -1 0
    outer loop
      vertex -12 -59.3134 64.4
      vertex 12 -59.3134 65.6
      vertex -12 -59.3134 65.6
    endloop
  endfacet
  facet normal 0 -1 -0
    outer loop
      vertex 12 -59.3134 65.6
      vertex -12 -59.3134 64.4
      vertex 12 -59.3134 64.4
    endloop
  endfacet
  facet normal -1 0 0
    outer loop
      vertex -12 -59.3134 25.4
      vertex -12 -50.3134 16
      vertex -12 -59.3134 16
    endloop
  endfacet
  facet normal -1 0 0
    outer loop
      vertex -12 -59.3134 26.6
      vertex -12 -50.3134 16
      vertex -12 -59.3134 25.4
    endloop
  endfacet
  facet normal -1 0 0
    outer loop
      vertex -12 -59.3134 38.4
      vertex -12 -50.3134 16
      vertex -12 -59.3134 26.6
    endloop
  endfacet
  facet normal -1 0 0
    outer loop
      vertex -12 -59.3134 39.6
      vertex -12 -50.3134 16
      vertex -12 -59.3134 38.4
    endloop
  endfacet
  facet normal -1 0 0
    outer loop
      vertex -12 -59.3134 51.4
      vertex -12 -50.3134 16
      vertex -12 -59.3134 39.6
    endloop
  endfacet
  facet normal -1 0 0
    outer loop
      vertex -12 -59.3134 52.6
      vertex -12 -50.3134 16
      vertex -12 -59.3134 51.4
    endloop
  endfacet
  facet normal -1 0 0
    outer loop
      vertex -12 -59.3134 64.4
      vertex -12 -50.3134 16
      vertex -12 -59.3134 52.6
    endloop
  endfacet
  facet normal -1 0 0
    outer loop
      vertex -12 -59.3134 65.6
      vertex -12 -50.3134 16
      vertex -12 -59.3134 64.4
    endloop
  endfacet
  facet normal -1 0 0
    outer loop
      vertex -12 -59.3134 77.4
      vertex -12 -50.3134 16
      vertex -12 -59.3134 65.6
    endloop
  endfacet
  facet normal -1 0 0
    outer loop
      vertex -12 -50.3134 16
      vertex -12 -59.3134 77.4
      vertex -12 -50.3134 132
    endloop
  endfacet
  facet normal -1 0 0
    outer loop
      vertex -12 -59.3134 78.6
      vertex -12 -50.3134 132
      vertex -12 -59.3134 77.4
    endloop
  endfacet
  facet normal -1 0 0
    outer loop
      vertex -12 -59.3134 90.4
      vertex -12 -50.3134 132
      vertex -12 -59.3134 78.6
    endloop
  endfacet
  facet normal -1 0 0
    outer loop
      vertex -12 -59.3134 91.6
      vertex -12 -50.3134 132
      vertex -12 -59.3134 90.4
    endloop
  endfacet
  facet normal -1 0 0
    outer loop
      vertex -12 -59.3134 103.4
      vertex -12 -50.3134 132
      vertex -12 -59.3134 91.6
    endloop
  endfacet
  facet normal -1 0 0
    outer loop
      vertex -12 -59.3134 104.6
      vertex -12 -50.3134 132
      vertex -12 -59.3134 103.4
    endloop
  endfacet
  facet normal -1 0 0
    outer loop
      vertex -12 -59.3134 116.4
      vertex -12 -50.3134 132
      vertex -12 -59.3134 104.6
    endloop
  endfacet
  facet normal -1 0 0
    outer loop
      vertex -12 -59.3134 117.6
      vertex -12 -50.3134 132
      vertex -12 -59.3134 116.4
    endloop
  endfacet
  facet normal -1 0 0
    outer loop
      vertex -12 -59.3134 129.4
      vertex -12 -50.3134 132
      vertex -12 -59.3134 117.6
    endloop
  endfacet
  facet normal -1 0 0
    outer loop
      vertex -12 -59.3134 130.6
      vertex -12 -50.3134 132
      vertex -12 -59.3134 129.4
    endloop
  endfacet
  facet normal -1 -0 0
    outer loop
      vertex -12 -50.3134 132
      vertex -12 -59.3134 130.6
      vertex -12 -59.3134 132
    endloop
  endfacet
  facet normal 0 0 -1
    outer loop
      vertex 12 -59.3134 16
      vertex 11.3145 -50.3134 16
      vertex 12 -50.3134 16
    endloop
  endfacet
  facet normal 0 0 -1
    outer loop
      vertex 12 -59.3134 16
      vertex 0 -55 16
      vertex 11.3145 -50.3134 16
    endloop
  endfacet
  facet normal 0 0 -1
    outer loop
      vertex -12 -59.3134 16
      vertex 0 -55 16
      vertex 12 -59.3134 16
    endloop
  endfacet
  facet normal 0 0 -1
    outer loop
      vertex -12 -59.3134 16
      vertex -11.3145 -50.3134 16
      vertex 0 -55 16
    endloop
  endfacet
  facet normal -0 0 -1
    outer loop
      vertex -11.3145 -50.3134 16
      vertex -12 -59.3134 16
      vertex -12 -50.3134 16
    endloop
  endfacet
  facet normal 0 0 -1
    outer loop
      vertex 0 -51 16
      vertex -1.65766 -50.3134 16
      vertex 1.65766 -50.3134 16
    endloop
  endfacet
  facet normal 1 0 0
    outer loop
      vertex 12 -59.3134 130.6
      vertex 12 -50.3134 132
      vertex 12 -59.3134 132
    endloop
  endfacet
  facet normal 1 0 0
    outer loop
      vertex 12 -59.3134 129.4
      vertex 12 -50.3134 132
      vertex 12 -59.3134 130.6
    endloop
  endfacet
  facet normal 1 0 0
    outer loop
      vertex 12 -59.3134 117.6
      vertex 12 -50.3134 132
      vertex 12 -59.3134 129.4
    endloop
  endfacet
  facet normal 1 0 0
    outer loop
      vertex 12 -59.3134 116.4
      vertex 12 -50.3134 132
      vertex 12 -59.3134 117.6
    endloop
  endfacet
  facet normal 1 0 0
    outer loop
      vertex 12 -59.3134 104.6
      vertex 12 -50.3134 132
      vertex 12 -59.3134 116.4
    endloop
  endfacet
  facet normal 1 0 0
    outer loop
      vertex 12 -59.3134 103.4
      vertex 12 -50.3134 132
      vertex 12 -59.3134 104.6
    endloop
  endfacet
  facet normal 1 0 0
    outer loop
      vertex 12 -59.3134 91.6
      vertex 12 -50.3134 132
      vertex 12 -59.3134 103.4
    endloop
  endfacet
  facet normal 1 0 0
    outer loop
      vertex 12 -59.3134 90.4
      vertex 12 -50.3134 132
      vertex 12 -59.3134 91.6
    endloop
  endfacet
  facet normal 1 0 0
    outer loop
      vertex 12 -59.3134 78.6
      vertex 12 -50.3134 132
      vertex 12 -59.3134 90.4
    endloop
  endfacet
  facet normal 1 0 0
    outer loop
      vertex 12 -59.3134 77.4
      vertex 12 -50.3134 132
      vertex 12 -59.3134 78.6
    endloop
  endfacet
  facet normal 1 0 0
    outer loop
      vertex 12 -50.3134 132
      vertex 12 -59.3134 77.4
      vertex 12 -50.3134 16
    endloop
  endfacet
  facet normal 1 -0 0
    outer loop
      vertex 12 -59.3134 65.6
      vertex 12 -50.3134 16
      vertex 12 -59.3134 77.4
    endloop
  endfacet
  facet normal 1 -0 0
    outer loop
      vertex 12 -59.3134 64.4
      vertex 12 -50.3134 16
      vertex 12 -59.3134 65.6
    endloop
  endfacet
  facet normal 1 -0 0
    outer loop
      vertex 12 -59.3134 52.6
      vertex 12 -50.3134 16
      vertex 12 -59.3134 64.4
    endloop
  endfacet
  facet normal 1 -0 0
    outer loop
      vertex 12 -59.3134 51.4
      vertex 12 -50.3134 16
      vertex 12 -59.3134 52.6
    endloop
  endfacet
  facet normal 1 -0 0
    outer loop
      vertex 12 -59.3134 39.6
      vertex 12 -50.3134 16
      vertex 12 -59.3134 51.4
    endloop
  endfacet
  facet normal 1 -0 0
    outer loop
      vertex 12 -59.3134 38.4
      vertex 12 -50.3134 16
      vertex 12 -59.3134 39.6
    endloop
  endfacet
  facet normal 1 -0 0
    outer loop
      vertex 12 -59.3134 26.6
      vertex 12 -50.3134 16
      vertex 12 -59.3134 38.4
    endloop
  endfacet
  facet normal 1 -0 0
    outer loop
      vertex 12 -59.3134 25.4
      vertex 12 -50.3134 16
      vertex 12 -59.3134 26.6
    endloop
  endfacet
  facet normal 1 0 0
    outer loop
      vertex 12 -50.3134 16
      vertex 12 -59.3134 25.4
      vertex 12 -59.3134 16
    endloop
  endfacet
  facet normal 0 0 1
    outer loop
      vertex 38.8909 38.8909 198
      vertex 36.0261 40.0775 198
      vertex 40.0775 36.0261 198
    endloop
  endfacet
  facet normal 0 0 1
    outer loop
      vertex 53.8134 2.86477 198
      vertex 53.8134 -2.86477 198
      vertex 55 0 198
    endloop
  endfacet
  facet normal -0 0 1
    outer loop
      vertex -38.8909 38.8909 198
      vertex -40.0775 36.0261 198
      vertex -36.0261 40.0775 198
    endloop
  endfacet
  facet normal 0 0 1
    outer loop
      vertex 0 55 198
      vertex -2.86477 53.8134 198
      vertex 2.86477 53.8134 198
    endloop
  endfacet
  facet normal 0 0 1
    outer loop
      vertex 40.0775 -36.0261 198
      vertex 36.0261 -40.0775 198
      vertex 38.8909 -38.8909 198
    endloop
  endfacet
  facet normal 0 0 1
    outer loop
      vertex 2.86477 -53.8134 198
      vertex -2.86477 -53.8134 198
      vertex 0 -55 198
    endloop
  endfacet
  facet normal 0 0 1
    outer loop
      vertex -36.0261 -40.0775 198
      vertex -40.0775 -36.0261 198
      vertex -38.8909 -38.8909 198
    endloop
  endfacet
  facet normal 0 0 1
    outer loop
      vertex -53.8134 2.86477 198
      vertex -55 0 198
      vertex -53.8134 -2.86477 198
    endloop
  endfacet
  facet normal 0 0 -1
    outer loop
      vertex -51 0 198
      vertex -47.8134 -6 198
      vertex -48.5147 -6 198
    endloop
  endfacet
  facet normal 0 0 -1
    outer loop
      vertex -47.8134 -6 198
      vertex -51 0 198
      vertex -47.8134 6 198
    endloop
  endfacet
  facet normal -0 0 -1
    outer loop
      vertex -47.8134 6 198
      vertex -51 0 198
      vertex -48.5147 6 198
    endloop
  endfacet
  facet normal -0 0 -1
    outer loop
      vertex -29.5665 38.0518 198
      vertex -36.0624 36.0624 198
      vertex -30.0624 38.5477 198
    endloop
  endfacet
  facet normal 0 0 -1
    outer loop
      vertex -38.0518 29.5665 198
      vertex -36.0624 36.0624 198
      vertex -29.5665 38.0518 198
    endloop
  endfacet
  facet normal 0 0 -1
    outer loop
      vertex -36.0624 36.0624 198
      vertex -38.0518 29.5665 198
      vertex -38.5477 30.0624 198
    endloop
  endfacet
  facet normal 0 0 -1
    outer loop
      vertex -36.0624 -36.0624 198
      vertex -29.5665 -38.0518 198
      vertex -30.0624 -38.5477 198
    endloop
  endfacet
  facet normal 0 0 -1
    outer loop
      vertex -36.0624 -36.0624 198
      vertex -38.0518 -29.5665 198
      vertex -29.5665 -38.0518 198
    endloop
  endfacet
  facet normal 0 -0 -1
    outer loop
      vertex -38.0518 -29.5665 198
      vertex -36.0624 -36.0624 198
      vertex -38.5477 -30.0624 198
    endloop
  endfacet
  facet normal 0 0 -1
    outer loop
      vertex 6 47.8134 198
      vertex 0 51 198
      vertex 6 48.5147 198
    endloop
  endfacet
  facet normal 0 0 -1
    outer loop
      vertex -6 47.8134 198
      vertex 0 51 198
      vertex 6 47.8134 198
    endloop
  endfacet
  facet normal 0 0 -1
    outer loop
      vertex 0 51 198
      vertex -6 47.8134 198
      vertex -6 48.5147 198
    endloop
  endfacet
  facet normal 0 0 -1
    outer loop
      vertex 0 -51 198
      vertex 6 -47.8134 198
      vertex 6 -48.5147 198
    endloop
  endfacet
  facet normal 0 0 -1
    outer loop
      vertex -6 -47.8134 198
      vertex 0 -51 198
      vertex -6 -48.5147 198
    endloop
  endfacet
  facet normal 0 0 -1
    outer loop
      vertex 0 -51 198
      vertex -6 -47.8134 198
      vertex 6 -47.8134 198
    endloop
  endfacet
  facet normal 0 0 -1
    outer loop
      vertex 38.0518 29.5665 198
      vertex 36.0624 36.0624 198
      vertex 38.5477 30.0624 198
    endloop
  endfacet
  facet normal 0 0 -1
    outer loop
      vertex 29.5665 38.0518 198
      vertex 36.0624 36.0624 198
      vertex 38.0518 29.5665 198
    endloop
  endfacet
  facet normal 0 0 -1
    outer loop
      vertex 36.0624 36.0624 198
      vertex 29.5665 38.0518 198
      vertex 30.0624 38.5477 198
    endloop
  endfacet
  facet normal 0 0 -1
    outer loop
      vertex 36.0624 -36.0624 198
      vertex 38.0518 -29.5665 198
      vertex 38.5477 -30.0624 198
    endloop
  endfacet
  facet normal 0 0 -1
    outer loop
      vertex 29.5665 -38.0518 198
      vertex 36.0624 -36.0624 198
      vertex 30.0624 -38.5477 198
    endloop
  endfacet
  facet normal -0 0 -1
    outer loop
      vertex 36.0624 -36.0624 198
      vertex 29.5665 -38.0518 198
      vertex 38.0518 -29.5665 198
    endloop
  endfacet
  facet normal 0 0 -1
    outer loop
      vertex 47.8134 -6 198
      vertex 51 0 198
      vertex 48.5147 -6 198
    endloop
  endfacet
  facet normal 0 0 -1
    outer loop
      vertex 47.8134 6 198
      vertex 51 0 198
      vertex 47.8134 -6 198
    endloop
  endfacet
  facet normal 0 0 -1
    outer loop
      vertex 51 0 198
      vertex 47.8134 6 198
      vertex 48.5147 6 198
    endloop
  endfacet
  facet normal -0 0 1
    outer loop
      vertex 38.5477 30.0624 198
      vertex 45.5183 22.8909 198
      vertex 41.3762 32.8909 198
    endloop
  endfacet
  facet normal 0 0 1
    outer loop
      vertex 47.8134 17.3501 198
      vertex 46.0775 21.5408 198
      vertex 47.8134 16 198
    endloop
  endfacet
  facet normal 0 0 1
    outer loop
      vertex 48.3726 16 198
      vertex 48.5147 6 198
      vertex 52.5147 6 198
    endloop
  endfacet
  facet normal -0 0 1
    outer loop
      vertex 47.8134 16 198
      vertex 48.5147 6 198
      vertex 48.3726 16 198
    endloop
  endfacet
  facet normal 0 0 1
    outer loop
      vertex 45.1229 22.4955 198
      vertex 47.8134 16 198
      vertex 46.0775 21.5408 198
    endloop
  endfacet
  facet normal 0 0 1
    outer loop
      vertex 47.8134 16 198
      vertex 45.1229 22.4955 198
      vertex 48.5147 6 198
    endloop
  endfacet
  facet normal 0 0 1
    outer loop
      vertex 45.5183 22.8909 198
      vertex 38.5477 30.0624 198
      vertex 45.1229 22.4955 198
    endloop
  endfacet
  facet normal 0 0 1
    outer loop
      vertex 45.1229 22.4955 198
      vertex 38.5477 30.0624 198
      vertex 48.5147 6 198
    endloop
  endfacet
  facet normal 0 0 -1
    outer loop
      vertex 46.0775 21.5408 198
      vertex 47.8134 25.186 198
      vertex 47.8134 19.8049 198
    endloop
  endfacet
  facet normal 0 0 -1
    outer loop
      vertex 47.8134 25.186 198
      vertex 46.0775 21.5408 198
      vertex 45.5183 22.8909 198
    endloop
  endfacet
  facet normal 0 0 -1
    outer loop
      vertex 51.6183 16 198
      vertex 57.8508 18.2528 198
      vertex 53.6082 14.0102 198
    endloop
  endfacet
  facet normal -0 0 -1
    outer loop
      vertex 57.8508 18.2528 198
      vertex 51.6183 16 198
      vertex 53.8134 22.2902 198
    endloop
  endfacet
  facet normal 0 0 -1
    outer loop
      vertex 47.8134 19.8049 198
      vertex 53.8134 22.2902 198
      vertex 51.6183 16 198
    endloop
  endfacet
  facet normal 0 0 -1
    outer loop
      vertex 47.8134 17.3501 198
      vertex 51.6183 16 198
      vertex 48.3726 16 198
    endloop
  endfacet
  facet normal 0 0 -1
    outer loop
      vertex 51.6183 16 198
      vertex 47.8134 17.3501 198
      vertex 47.8134 19.8049 198
    endloop
  endfacet
  facet normal 0 0 -1
    outer loop
      vertex 47.8134 25.186 198
      vertex 53.8134 22.2902 198
      vertex 47.8134 19.8049 198
    endloop
  endfacet
  facet normal 0 0 -1
    outer loop
      vertex 53.8134 22.2902 198
      vertex 47.8134 25.186 198
      vertex 53.8134 28 198
    endloop
  endfacet
  facet normal -0 0 -1
    outer loop
      vertex 53.8134 28 198
      vertex 47.8134 25.186 198
      vertex 47.8134 28 198
    endloop
  endfacet
  facet normal 0 0 -1
    outer loop
      vertex 47.8134 -25.186 198
      vertex 46.0775 -21.5408 198
      vertex 47.8134 -19.8049 198
    endloop
  endfacet
  facet normal 0 -0 -1
    outer loop
      vertex 46.0775 -21.5408 198
      vertex 47.8134 -25.186 198
      vertex 45.5183 -22.8909 198
    endloop
  endfacet
  facet normal 0 0 -1
    outer loop
      vertex 47.8134 -25.186 198
      vertex 53.8134 -22.2902 198
      vertex 53.8134 -28 198
    endloop
  endfacet
  facet normal 0 0 -1
    outer loop
      vertex 53.8134 -22.2902 198
      vertex 51.6183 -16 198
      vertex 53.6082 -14.0102 198
    endloop
  endfacet
  facet normal 0 0 -1
    outer loop
      vertex 53.8134 -22.2902 198
      vertex 47.8134 -19.8049 198
      vertex 51.6183 -16 198
    endloop
  endfacet
  facet normal 0 0 -1
    outer loop
      vertex 47.8134 -25.186 198
      vertex 53.8134 -28 198
      vertex 47.8134 -28 198
    endloop
  endfacet
  facet normal -0 0 -1
    outer loop
      vertex 53.8134 -22.2902 198
      vertex 47.8134 -25.186 198
      vertex 47.8134 -19.8049 198
    endloop
  endfacet
  facet normal 0 0 -1
    outer loop
      vertex 47.8134 -17.3501 198
      vertex 51.6183 -16 198
      vertex 47.8134 -19.8049 198
    endloop
  endfacet
  facet normal -0 0 -1
    outer loop
      vertex 51.6183 -16 198
      vertex 47.8134 -17.3501 198
      vertex 48.3726 -16 198
    endloop
  endfacet
  facet normal -0 0 -1
    outer loop
      vertex 57.8508 -18.2528 198
      vertex 53.8134 -22.2902 198
      vertex 53.6082 -14.0102 198
    endloop
  endfacet
  facet normal -0 0 1
    outer loop
      vertex 48.5147 -6 198
      vertex 48.3726 -16 198
      vertex 52.5147 -6 198
    endloop
  endfacet
  facet normal 0 0 1
    outer loop
      vertex 48.5147 -6 198
      vertex 47.8134 -16 198
      vertex 48.3726 -16 198
    endloop
  endfacet
  facet normal 0 0 1
    outer loop
      vertex 47.8134 -16 198
      vertex 46.0775 -21.5408 198
      vertex 47.8134 -17.3501 198
    endloop
  endfacet
  facet normal 0 0 1
    outer loop
      vertex 45.1229 -22.4955 198
      vertex 47.8134 -16 198
      vertex 48.5147 -6 198
    endloop
  endfacet
  facet normal 0 0 1
    outer loop
      vertex 47.8134 -16 198
      vertex 45.1229 -22.4955 198
      vertex 46.0775 -21.5408 198
    endloop
  endfacet
  facet normal 0 0 1
    outer loop
      vertex 38.5477 -30.0624 198
      vertex 45.1229 -22.4955 198
      vertex 48.5147 -6 198
    endloop
  endfacet
  facet normal 0 0 1
    outer loop
      vertex 45.1229 -22.4955 198
      vertex 38.5477 -30.0624 198
      vertex 41.3762 -32.8909 198
    endloop
  endfacet
  facet normal 0 0 1
    outer loop
      vertex 45.5183 -22.8909 198
      vertex 45.1229 -22.4955 198
      vertex 41.3762 -32.8909 198
    endloop
  endfacet
  facet normal -0 -0 -1
    outer loop
      vertex 53.8134 6 198
      vertex 53.8134 2.86477 198
      vertex 52.5147 6 198
    endloop
  endfacet
  facet normal 0 -0 -1
    outer loop
      vertex 53.8134 -2.86477 198
      vertex 53.8134 -6 198
      vertex 52.5147 -6 198
    endloop
  endfacet
  facet normal 0 0 1
    outer loop
      vertex -16 48.3726 198
      vertex -6 48.5147 198
      vertex -6 52.5147 198
    endloop
  endfacet
  facet normal 0 0 1
    outer loop
      vertex -16 47.8134 198
      vertex -6 48.5147 198
      vertex -16 48.3726 198
    endloop
  endfacet
  facet normal 0 0 1
    outer loop
      vertex -21.5408 46.0775 198
      vertex -16 47.8134 198
      vertex -17.3501 47.8134 198
    endloop
  endfacet
  facet normal 0 0 1
    outer loop
      vertex -22.4955 45.1229 198
      vertex -16 47.8134 198
      vertex -21.5408 46.0775 198
    endloop
  endfacet
  facet normal -0 0 1
    outer loop
      vertex -16 47.8134 198
      vertex -22.4955 45.1229 198
      vertex -6 48.5147 198
    endloop
  endfacet
  facet normal -0 0 1
    outer loop
      vertex -22.4955 45.1229 198
      vertex -30.0624 38.5477 198
      vertex -6 48.5147 198
    endloop
  endfacet
  facet normal 0 0 1
    outer loop
      vertex -22.8909 45.5183 198
      vertex -30.0624 38.5477 198
      vertex -22.4955 45.1229 198
    endloop
  endfacet
  facet normal 0 -0 1
    outer loop
      vertex -30.0624 38.5477 198
      vertex -22.8909 45.5183 198
      vertex -32.8909 41.3762 198
    endloop
  endfacet
  facet normal -0 0 -1
    outer loop
      vertex -16 48.3726 198
      vertex -17.3501 47.8134 198
      vertex -16 51.6183 198
    endloop
  endfacet
  facet normal 0 0 -1
    outer loop
      vertex -16 51.6183 198
      vertex -18.2528 57.8508 198
      vertex -14.0102 53.6082 198
    endloop
  endfacet
  facet normal 0 0 -1
    outer loop
      vertex -19.8049 47.8134 198
      vertex -16 51.6183 198
      vertex -17.3501 47.8134 198
    endloop
  endfacet
  facet normal -0 0 -1
    outer loop
      vertex -16 51.6183 198
      vertex -19.8049 47.8134 198
      vertex -22.2902 53.8134 198
    endloop
  endfacet
  facet normal 0 0 -1
    outer loop
      vertex -25.186 47.8134 198
      vertex -19.8049 47.8134 198
      vertex -21.5408 46.0775 198
    endloop
  endfacet
  facet normal 0 0 -1
    outer loop
      vertex -16 51.6183 198
      vertex -22.2902 53.8134 198
      vertex -18.2528 57.8508 198
    endloop
  endfacet
  facet normal 0 0 -1
    outer loop
      vertex -25.186 47.8134 198
      vertex -21.5408 46.0775 198
      vertex -22.8909 45.5183 198
    endloop
  endfacet
  facet normal 0 0 -1
    outer loop
      vertex -19.8049 47.8134 198
      vertex -25.186 47.8134 198
      vertex -22.2902 53.8134 198
    endloop
  endfacet
  facet normal 0 0 -1
    outer loop
      vertex -28 53.8134 198
      vertex -25.186 47.8134 198
      vertex -28 47.8134 198
    endloop
  endfacet
  facet normal 0 0 -1
    outer loop
      vertex -25.186 47.8134 198
      vertex -28 53.8134 198
      vertex -22.2902 53.8134 198
    endloop
  endfacet
  facet normal 0 0 -1
    outer loop
      vertex 25.186 47.8134 198
      vertex 28 53.8134 198
      vertex 28 47.8134 198
    endloop
  endfacet
  facet normal 0 0 -1
    outer loop
      vertex 21.5408 46.0775 198
      vertex 25.186 47.8134 198
      vertex 22.8909 45.5183 198
    endloop
  endfacet
  facet normal 0 0 -1
    outer loop
      vertex 25.186 47.8134 198
      vertex 22.2902 53.8134 198
      vertex 28 53.8134 198
    endloop
  endfacet
  facet normal 0 0 -1
    outer loop
      vertex 19.8049 47.8134 198
      vertex 25.186 47.8134 198
      vertex 21.5408 46.0775 198
    endloop
  endfacet
  facet normal 0 0 -1
    outer loop
      vertex 25.186 47.8134 198
      vertex 19.8049 47.8134 198
      vertex 22.2902 53.8134 198
    endloop
  endfacet
  facet normal 0 0 -1
    outer loop
      vertex 16 51.6183 198
      vertex 22.2902 53.8134 198
      vertex 19.8049 47.8134 198
    endloop
  endfacet
  facet normal 0 0 -1
    outer loop
      vertex 16 51.6183 198
      vertex 19.8049 47.8134 198
      vertex 17.3501 47.8134 198
    endloop
  endfacet
  facet normal 0 0 -1
    outer loop
      vertex 16 51.6183 198
      vertex 17.3501 47.8134 198
      vertex 16 48.3726 198
    endloop
  endfacet
  facet normal -0 0 -1
    outer loop
      vertex 22.2902 53.8134 198
      vertex 16 51.6183 198
      vertex 18.2528 57.8508 198
    endloop
  endfacet
  facet normal 0 0 -1
    outer loop
      vertex 18.2528 57.8508 198
      vertex 16 51.6183 198
      vertex 14.0102 53.6082 198
    endloop
  endfacet
  facet normal -0 0 1
    outer loop
      vertex 6 48.5147 198
      vertex 16 48.3726 198
      vertex 6 52.5147 198
    endloop
  endfacet
  facet normal 0 0 1
    outer loop
      vertex 22.8909 45.5183 198
      vertex 30.0624 38.5477 198
      vertex 32.8909 41.3762 198
    endloop
  endfacet
  facet normal -0 0 1
    outer loop
      vertex 22.4955 45.1229 198
      vertex 30.0624 38.5477 198
      vertex 22.8909 45.5183 198
    endloop
  endfacet
  facet normal 0 0 1
    outer loop
      vertex 17.3501 47.8134 198
      vertex 22.4955 45.1229 198
      vertex 21.5408 46.0775 198
    endloop
  endfacet
  facet normal -0 0 1
    outer loop
      vertex 16 47.8134 198
      vertex 22.4955 45.1229 198
      vertex 17.3501 47.8134 198
    endloop
  endfacet
  facet normal 0 0 1
    outer loop
      vertex 22.4955 45.1229 198
      vertex 16 47.8134 198
      vertex 30.0624 38.5477 198
    endloop
  endfacet
  facet normal 0 0 1
    outer loop
      vertex 16 48.3726 198
      vertex 6 48.5147 198
      vertex 16 47.8134 198
    endloop
  endfacet
  facet normal 0 0 1
    outer loop
      vertex 16 47.8134 198
      vertex 6 48.5147 198
      vertex 30.0624 38.5477 198
    endloop
  endfacet
  facet normal 0 0 -1
    outer loop
      vertex -6 53.8134 198
      vertex -2.86477 53.8134 198
      vertex -6 52.5147 198
    endloop
  endfacet
  facet normal -0 -0 -1
    outer loop
      vertex 6 53.8134 198
      vertex 6 52.5147 198
      vertex 2.86477 53.8134 198
    endloop
  endfacet
  facet normal 0 0 -1
    outer loop
      vertex 28 -53.8134 198
      vertex 25.186 -47.8134 198
      vertex 28 -47.8134 198
    endloop
  endfacet
  facet normal 0 0 -1
    outer loop
      vertex 22.2902 -53.8134 198
      vertex 25.186 -47.8134 198
      vertex 28 -53.8134 198
    endloop
  endfacet
  facet normal 0 0 -1
    outer loop
      vertex 19.8049 -47.8134 198
      vertex 25.186 -47.8134 198
      vertex 22.2902 -53.8134 198
    endloop
  endfacet
  facet normal 0 0 -1
    outer loop
      vertex 25.186 -47.8134 198
      vertex 21.5408 -46.0775 198
      vertex 22.8909 -45.5183 198
    endloop
  endfacet
  facet normal 0 0 -1
    outer loop
      vertex 25.186 -47.8134 198
      vertex 19.8049 -47.8134 198
      vertex 21.5408 -46.0775 198
    endloop
  endfacet
  facet normal 0 0 -1
    outer loop
      vertex 16 -51.6183 198
      vertex 22.2902 -53.8134 198
      vertex 18.2528 -57.8508 198
    endloop
  endfacet
  facet normal 0 0 -1
    outer loop
      vertex 22.2902 -53.8134 198
      vertex 16 -51.6183 198
      vertex 19.8049 -47.8134 198
    endloop
  endfacet
  facet normal -0 0 -1
    outer loop
      vertex 19.8049 -47.8134 198
      vertex 16 -51.6183 198
      vertex 17.3501 -47.8134 198
    endloop
  endfacet
  facet normal 0 -0 -1
    outer loop
      vertex 16 -51.6183 198
      vertex 18.2528 -57.8508 198
      vertex 14.0102 -53.6082 198
    endloop
  endfacet
  facet normal 0 0 -1
    outer loop
      vertex 17.3501 -47.8134 198
      vertex 16 -51.6183 198
      vertex 16 -48.3726 198
    endloop
  endfacet
  facet normal 0 0 1
    outer loop
      vertex 30.0624 -38.5477 198
      vertex 22.8909 -45.5183 198
      vertex 32.8909 -41.3762 198
    endloop
  endfacet
  facet normal 0 0 1
    outer loop
      vertex 30.0624 -38.5477 198
      vertex 22.4955 -45.1229 198
      vertex 22.8909 -45.5183 198
    endloop
  endfacet
  facet normal 0 0 1
    outer loop
      vertex 22.4955 -45.1229 198
      vertex 17.3501 -47.8134 198
      vertex 21.5408 -46.0775 198
    endloop
  endfacet
  facet normal 0 0 1
    outer loop
      vertex 16 -47.8134 198
      vertex 22.4955 -45.1229 198
      vertex 30.0624 -38.5477 198
    endloop
  endfacet
  facet normal 0 0 1
    outer loop
      vertex 22.4955 -45.1229 198
      vertex 16 -47.8134 198
      vertex 17.3501 -47.8134 198
    endloop
  endfacet
  facet normal 0 0 1
    outer loop
      vertex 6 -48.5147 198
      vertex 16 -47.8134 198
      vertex 30.0624 -38.5477 198
    endloop
  endfacet
  facet normal 0 0 1
    outer loop
      vertex 6 -48.5147 198
      vertex 16 -48.3726 198
      vertex 16 -47.8134 198
    endloop
  endfacet
  facet normal 0 0 1
    outer loop
      vertex 16 -48.3726 198
      vertex 6 -48.5147 198
      vertex 6 -52.5147 198
    endloop
  endfacet
  facet normal 0 -0 -1
    outer loop
      vertex 41.3762 -32.8909 198
      vertex 42.2944 -33.8092 198
      vertex 40.0775 -36.0261 198
    endloop
  endfacet
  facet normal 0 0 -1
    outer loop
      vertex 36.0261 -40.0775 198
      vertex 33.8092 -42.2944 198
      vertex 32.8909 -41.3762 198
    endloop
  endfacet
  facet normal 0 -0 -1
    outer loop
      vertex 33.8092 42.2944 198
      vertex 36.0261 40.0775 198
      vertex 32.8909 41.3762 198
    endloop
  endfacet
  facet normal -0 0 -1
    outer loop
      vertex 42.2944 33.8092 198
      vertex 41.3762 32.8909 198
      vertex 40.0775 36.0261 198
    endloop
  endfacet
  facet normal 0 0 -1
    outer loop
      vertex -16 -51.6183 198
      vertex -17.3501 -47.8134 198
      vertex -16 -48.3726 198
    endloop
  endfacet
  facet normal 0 0 -1
    outer loop
      vertex -18.2528 -57.8508 198
      vertex -16 -51.6183 198
      vertex -14.0102 -53.6082 198
    endloop
  endfacet
  facet normal 0 0 -1
    outer loop
      vertex -22.2902 -53.8134 198
      vertex -16 -51.6183 198
      vertex -18.2528 -57.8508 198
    endloop
  endfacet
  facet normal 0 -0 -1
    outer loop
      vertex -19.8049 -47.8134 198
      vertex -16 -51.6183 198
      vertex -22.2902 -53.8134 198
    endloop
  endfacet
  facet normal 0 0 -1
    outer loop
      vertex -16 -51.6183 198
      vertex -19.8049 -47.8134 198
      vertex -17.3501 -47.8134 198
    endloop
  endfacet
  facet normal 0 0 -1
    outer loop
      vertex -25.186 -47.8134 198
      vertex -19.8049 -47.8134 198
      vertex -22.2902 -53.8134 198
    endloop
  endfacet
  facet normal 0 0 -1
    outer loop
      vertex -19.8049 -47.8134 198
      vertex -25.186 -47.8134 198
      vertex -21.5408 -46.0775 198
    endloop
  endfacet
  facet normal -0 0 -1
    outer loop
      vertex -21.5408 -46.0775 198
      vertex -25.186 -47.8134 198
      vertex -22.8909 -45.5183 198
    endloop
  endfacet
  facet normal 0 0 -1
    outer loop
      vertex -28 -53.8134 198
      vertex -25.186 -47.8134 198
      vertex -22.2902 -53.8134 198
    endloop
  endfacet
  facet normal -0 0 -1
    outer loop
      vertex -25.186 -47.8134 198
      vertex -28 -53.8134 198
      vertex -28 -47.8134 198
    endloop
  endfacet
  facet normal -0 0 1
    outer loop
      vertex -16 -48.3726 198
      vertex -6 -48.5147 198
      vertex -16 -47.8134 198
    endloop
  endfacet
  facet normal 0 0 1
    outer loop
      vertex -16 -47.8134 198
      vertex -21.5408 -46.0775 198
      vertex -17.3501 -47.8134 198
    endloop
  endfacet
  facet normal 0 0 1
    outer loop
      vertex -22.4955 -45.1229 198
      vertex -16 -47.8134 198
      vertex -6 -48.5147 198
    endloop
  endfacet
  facet normal 0 0 1
    outer loop
      vertex -16 -47.8134 198
      vertex -22.4955 -45.1229 198
      vertex -21.5408 -46.0775 198
    endloop
  endfacet
  facet normal 0 0 1
    outer loop
      vertex -30.0624 -38.5477 198
      vertex -22.4955 -45.1229 198
      vertex -6 -48.5147 198
    endloop
  endfacet
  facet normal 0 0 1
    outer loop
      vertex -30.0624 -38.5477 198
      vertex -22.8909 -45.5183 198
      vertex -22.4955 -45.1229 198
    endloop
  endfacet
  facet normal 0 0 1
    outer loop
      vertex -22.8909 -45.5183 198
      vertex -30.0624 -38.5477 198
      vertex -32.8909 -41.3762 198
    endloop
  endfacet
  facet normal 0 0 1
    outer loop
      vertex -6 -48.5147 198
      vertex -16 -48.3726 198
      vertex -6 -52.5147 198
    endloop
  endfacet
  facet normal 0 -0 -1
    outer loop
      vertex 6 -52.5147 198
      vertex 6 -53.8134 198
      vertex 2.86477 -53.8134 198
    endloop
  endfacet
  facet normal 0 0 -1
    outer loop
      vertex -6 -52.5147 198
      vertex -2.86477 -53.8134 198
      vertex -6 -53.8134 198
    endloop
  endfacet
  facet normal 0 0 -1
    outer loop
      vertex -53.8134 -28 198
      vertex -47.8134 -25.186 198
      vertex -47.8134 -28 198
    endloop
  endfacet
  facet normal 0 0 -1
    outer loop
      vertex -47.8134 -25.186 198
      vertex -53.8134 -22.2902 198
      vertex -47.8134 -19.8049 198
    endloop
  endfacet
  facet normal 0 -0 -1
    outer loop
      vertex -51.6183 -16 198
      vertex -47.8134 -19.8049 198
      vertex -53.8134 -22.2902 198
    endloop
  endfacet
  facet normal 0 0 -1
    outer loop
      vertex -47.8134 -19.8049 198
      vertex -51.6183 -16 198
      vertex -47.8134 -17.3501 198
    endloop
  endfacet
  facet normal 0 0 -1
    outer loop
      vertex -47.8134 -17.3501 198
      vertex -51.6183 -16 198
      vertex -48.3726 -16 198
    endloop
  endfacet
  facet normal -0 0 -1
    outer loop
      vertex -47.8134 -25.186 198
      vertex -53.8134 -28 198
      vertex -53.8134 -22.2902 198
    endloop
  endfacet
  facet normal 0 0 -1
    outer loop
      vertex -57.8508 -18.2528 198
      vertex -51.6183 -16 198
      vertex -53.8134 -22.2902 198
    endloop
  endfacet
  facet normal -0 0 -1
    outer loop
      vertex -51.6183 -16 198
      vertex -57.8508 -18.2528 198
      vertex -53.6082 -14.0102 198
    endloop
  endfacet
  facet normal 0 0 -1
    outer loop
      vertex -47.8134 -25.186 198
      vertex -46.0775 -21.5408 198
      vertex -45.5183 -22.8909 198
    endloop
  endfacet
  facet normal -0 0 -1
    outer loop
      vertex -46.0775 -21.5408 198
      vertex -47.8134 -25.186 198
      vertex -47.8134 -19.8049 198
    endloop
  endfacet
  facet normal -0 0 1
    outer loop
      vertex -45.5183 -22.8909 198
      vertex -38.5477 -30.0624 198
      vertex -45.1229 -22.4955 198
    endloop
  endfacet
  facet normal 0 0 1
    outer loop
      vertex -45.1229 -22.4955 198
      vertex -47.8134 -16 198
      vertex -46.0775 -21.5408 198
    endloop
  endfacet
  facet normal 0 0 1
    outer loop
      vertex -38.5477 -30.0624 198
      vertex -47.8134 -16 198
      vertex -45.1229 -22.4955 198
    endloop
  endfacet
  facet normal 0 0 1
    outer loop
      vertex -48.5147 -6 198
      vertex -47.8134 -16 198
      vertex -38.5477 -30.0624 198
    endloop
  endfacet
  facet normal 0 0 1
    outer loop
      vertex -48.5147 -6 198
      vertex -48.3726 -16 198
      vertex -47.8134 -16 198
    endloop
  endfacet
  facet normal 0 0 1
    outer loop
      vertex -48.3726 -16 198
      vertex -48.5147 -6 198
      vertex -52.5147 -6 198
    endloop
  endfacet
  facet normal 0 0 1
    outer loop
      vertex -38.5477 -30.0624 198
      vertex -45.5183 -22.8909 198
      vertex -41.3762 -32.8909 198
    endloop
  endfacet
  facet normal 0 0 1
    outer loop
      vertex -46.0775 -21.5408 198
      vertex -47.8134 -16 198
      vertex -47.8134 -17.3501 198
    endloop
  endfacet
  facet normal -0 0 -1
    outer loop
      vertex -32.8909 -41.3762 198
      vertex -33.8092 -42.2944 198
      vertex -36.0261 -40.0775 198
    endloop
  endfacet
  facet normal 0 -0 -1
    outer loop
      vertex -41.3762 -32.8909 198
      vertex -40.0775 -36.0261 198
      vertex -42.2944 -33.8092 198
    endloop
  endfacet
  facet normal 0 0 -1
    outer loop
      vertex -51.6183 16 198
      vertex -57.8508 18.2528 198
      vertex -53.8134 22.2902 198
    endloop
  endfacet
  facet normal 0 0 -1
    outer loop
      vertex -51.6183 16 198
      vertex -47.8134 19.8049 198
      vertex -47.8134 17.3501 198
    endloop
  endfacet
  facet normal 0 0 -1
    outer loop
      vertex -47.8134 19.8049 198
      vertex -53.8134 22.2902 198
      vertex -47.8134 25.186 198
    endloop
  endfacet
  facet normal 0 0 -1
    outer loop
      vertex -51.6183 16 198
      vertex -47.8134 17.3501 198
      vertex -48.3726 16 198
    endloop
  endfacet
  facet normal -0 0 -1
    outer loop
      vertex -47.8134 19.8049 198
      vertex -51.6183 16 198
      vertex -53.8134 22.2902 198
    endloop
  endfacet
  facet normal 0 0 -1
    outer loop
      vertex -57.8508 18.2528 198
      vertex -51.6183 16 198
      vertex -53.6082 14.0102 198
    endloop
  endfacet
  facet normal 0 0 -1
    outer loop
      vertex -53.8134 28 198
      vertex -47.8134 25.186 198
      vertex -53.8134 22.2902 198
    endloop
  endfacet
  facet normal 0 0 -1
    outer loop
      vertex -47.8134 25.186 198
      vertex -53.8134 28 198
      vertex -47.8134 28 198
    endloop
  endfacet
  facet normal 0 0 -1
    outer loop
      vertex -47.8134 25.186 198
      vertex -46.0775 21.5408 198
      vertex -47.8134 19.8049 198
    endloop
  endfacet
  facet normal 0 0 -1
    outer loop
      vertex -46.0775 21.5408 198
      vertex -47.8134 25.186 198
      vertex -45.5183 22.8909 198
    endloop
  endfacet
  facet normal 0 0 1
    outer loop
      vertex -38.5477 30.0624 198
      vertex -45.5183 22.8909 198
      vertex -45.1229 22.4955 198
    endloop
  endfacet
  facet normal 0 0 1
    outer loop
      vertex -45.5183 22.8909 198
      vertex -38.5477 30.0624 198
      vertex -41.3762 32.8909 198
    endloop
  endfacet
  facet normal 0 0 1
    outer loop
      vertex -47.8134 17.3501 198
      vertex -45.1229 22.4955 198
      vertex -46.0775 21.5408 198
    endloop
  endfacet
  facet normal 0 0 1
    outer loop
      vertex -47.8134 16 198
      vertex -45.1229 22.4955 198
      vertex -47.8134 17.3501 198
    endloop
  endfacet
  facet normal -0 0 1
    outer loop
      vertex -45.1229 22.4955 198
      vertex -47.8134 16 198
      vertex -38.5477 30.0624 198
    endloop
  endfacet
  facet normal -0 0 1
    outer loop
      vertex -47.8134 16 198
      vertex -48.5147 6 198
      vertex -38.5477 30.0624 198
    endloop
  endfacet
  facet normal -0 0 1
    outer loop
      vertex -48.3726 16 198
      vertex -48.5147 6 198
      vertex -47.8134 16 198
    endloop
  endfacet
  facet normal 0 -0 1
    outer loop
      vertex -48.5147 6 198
      vertex -48.3726 16 198
      vertex -52.5147 6 198
    endloop
  endfacet
  facet normal 0 0 -1
    outer loop
      vertex -53.8134 -2.86477 198
      vertex -52.5147 -6 198
      vertex -53.8134 -6 198
    endloop
  endfacet
  facet normal 0 0 -1
    outer loop
      vertex -53.8134 6 198
      vertex -52.5147 6 198
      vertex -53.8134 2.86477 198
    endloop
  endfacet
  facet normal 0 0 -1
    outer loop
      vertex -40.0775 36.0261 198
      vertex -41.3762 32.8909 198
      vertex -42.2944 33.8092 198
    endloop
  endfacet
  facet normal 0 -0 -1
    outer loop
      vertex -33.8092 42.2944 198
      vertex -32.8909 41.3762 198
      vertex -36.0261 40.0775 198
    endloop
  endfacet
  facet normal -0.923879 -0.382686 0
    outer loop
      vertex 36.0624 36.0624 190
      vertex 38.5477 30.0624 198
      vertex 36.0624 36.0624 198
    endloop
  endfacet
  facet normal -0.923879 -0.382684 1.35688e-06
    outer loop
      vertex 36.0624 36.0624 190
      vertex 48.5147 6 198
      vertex 38.5477 30.0624 198
    endloop
  endfacet
  facet normal -0.923879 -0.382685 -9.05372e-07
    outer loop
      vertex 51 0 190
      vertex 48.5147 6 198
      vertex 36.0624 36.0624 190
    endloop
  endfacet
  facet normal -0.923879 -0.382686 0
    outer loop
      vertex 48.5147 6 198
      vertex 51 0 190
      vertex 51 0 198
    endloop
  endfacet
  facet normal 0.923879 -0.382686 0
    outer loop
      vertex -38.5477 30.0624 198
      vertex -36.0624 36.0624 190
      vertex -36.0624 36.0624 198
    endloop
  endfacet
  facet normal 0.923879 -0.382684 1.35688e-06
    outer loop
      vertex -48.5147 6 198
      vertex -36.0624 36.0624 190
      vertex -38.5477 30.0624 198
    endloop
  endfacet
  facet normal 0.923879 -0.382686 0
    outer loop
      vertex -51 0 190
      vertex -48.5147 6 198
      vertex -51 0 198
    endloop
  endfacet
  facet normal 0.923879 -0.382685 -9.05372e-07
    outer loop
      vertex -48.5147 6 198
      vertex -51 0 190
      vertex -36.0624 36.0624 190
    endloop
  endfacet
  facet normal -0.382686 -0.923879 0
    outer loop
      vertex 0 51 190
      vertex 6 48.5147 198
      vertex 0 51 198
    endloop
  endfacet
  facet normal -0.382684 -0.923879 -1.35688e-06
    outer loop
      vertex 6 48.5147 198
      vertex 0 51 190
      vertex 30.0624 38.5477 198
    endloop
  endfacet
  facet normal -0.382685 -0.923879 9.05372e-07
    outer loop
      vertex 36.0624 36.0624 190
      vertex 30.0624 38.5477 198
      vertex 0 51 190
    endloop
  endfacet
  facet normal -0.382686 -0.923879 0
    outer loop
      vertex 30.0624 38.5477 198
      vertex 36.0624 36.0624 190
      vertex 36.0624 36.0624 198
    endloop
  endfacet
  facet normal 0.382686 -0.923879 0
    outer loop
      vertex -36.0624 36.0624 190
      vertex -30.0624 38.5477 198
      vertex -36.0624 36.0624 198
    endloop
  endfacet
  facet normal 0.382684 -0.923879 1.35688e-06
    outer loop
      vertex -30.0624 38.5477 198
      vertex -36.0624 36.0624 190
      vertex -6 48.5147 198
    endloop
  endfacet
  facet normal 0.382685 -0.923879 -9.05372e-07
    outer loop
      vertex 0 51 190
      vertex -6 48.5147 198
      vertex -36.0624 36.0624 190
    endloop
  endfacet
  facet normal 0.382686 -0.923879 0
    outer loop
      vertex -6 48.5147 198
      vertex 0 51 190
      vertex 0 51 198
    endloop
  endfacet
  facet normal -0.382686 0.923879 0
    outer loop
      vertex 36.0624 -36.0624 190
      vertex 30.0624 -38.5477 198
      vertex 36.0624 -36.0624 198
    endloop
  endfacet
  facet normal -0.382684 0.923879 1.35688e-06
    outer loop
      vertex 30.0624 -38.5477 198
      vertex 36.0624 -36.0624 190
      vertex 6 -48.5147 198
    endloop
  endfacet
  facet normal -0.382685 0.923879 -9.05372e-07
    outer loop
      vertex 0 -51 190
      vertex 6 -48.5147 198
      vertex 36.0624 -36.0624 190
    endloop
  endfacet
  facet normal -0.382686 0.923879 0
    outer loop
      vertex 6 -48.5147 198
      vertex 0 -51 190
      vertex 0 -51 198
    endloop
  endfacet
  facet normal 0.923879 0.382686 0
    outer loop
      vertex -48.5147 -6 198
      vertex -51 0 190
      vertex -51 0 198
    endloop
  endfacet
  facet normal 0.923879 0.382684 -1.35688e-06
    outer loop
      vertex -38.5477 -30.0624 198
      vertex -51 0 190
      vertex -48.5147 -6 198
    endloop
  endfacet
  facet normal 0.923879 0.382686 -0
    outer loop
      vertex -36.0624 -36.0624 190
      vertex -38.5477 -30.0624 198
      vertex -36.0624 -36.0624 198
    endloop
  endfacet
  facet normal 0.923879 0.382685 9.05372e-07
    outer loop
      vertex -38.5477 -30.0624 198
      vertex -36.0624 -36.0624 190
      vertex -51 0 190
    endloop
  endfacet
  facet normal 0.382686 0.923879 -0
    outer loop
      vertex 0 -51 190
      vertex -6 -48.5147 198
      vertex 0 -51 198
    endloop
  endfacet
  facet normal 0.382684 0.923879 -1.35688e-06
    outer loop
      vertex -6 -48.5147 198
      vertex 0 -51 190
      vertex -30.0624 -38.5477 198
    endloop
  endfacet
  facet normal 0.382685 0.923879 9.05372e-07
    outer loop
      vertex -36.0624 -36.0624 190
      vertex -30.0624 -38.5477 198
      vertex 0 -51 190
    endloop
  endfacet
  facet normal 0.382686 0.923879 0
    outer loop
      vertex -30.0624 -38.5477 198
      vertex -36.0624 -36.0624 190
      vertex -36.0624 -36.0624 198
    endloop
  endfacet
  facet normal -0.923879 0.382686 0
    outer loop
      vertex 51 0 190
      vertex 48.5147 -6 198
      vertex 51 0 198
    endloop
  endfacet
  facet normal -0.923879 0.382684 -1.35688e-06
    outer loop
      vertex 51 0 190
      vertex 38.5477 -30.0624 198
      vertex 48.5147 -6 198
    endloop
  endfacet
  facet normal -0.923879 0.382685 9.05372e-07
    outer loop
      vertex 36.0624 -36.0624 190
      vertex 38.5477 -30.0624 198
      vertex 51 0 190
    endloop
  endfacet
  facet normal -0.923879 0.382686 0
    outer loop
      vertex 38.5477 -30.0624 198
      vertex 36.0624 -36.0624 190
      vertex 36.0624 -36.0624 198
    endloop
  endfacet
  facet normal -1 0 0
    outer loop
      vertex 47.8134 -28 198
      vertex 47.8134 -25.186 210
      vertex 47.8134 -25.186 198
    endloop
  endfacet
  facet normal -1 -0 0
    outer loop
      vertex 47.8134 -25.186 210
      vertex 47.8134 -28 198
      vertex 47.8134 -28 210
    endloop
  endfacet
  facet normal -1 0 0
    outer loop
      vertex 47.8134 -17.3501 198
      vertex 47.8134 -16 210
      vertex 47.8134 -16 198
    endloop
  endfacet
  facet normal -1 0 0
    outer loop
      vertex 47.8134 -19.8049 210
      vertex 47.8134 -17.3501 198
      vertex 47.8134 -19.8049 198
    endloop
  endfacet
  facet normal -1 0 0
    outer loop
      vertex 47.8134 -17.3501 198
      vertex 47.8134 -19.8049 210
      vertex 47.8134 -16 210
    endloop
  endfacet
  facet normal 0 0 1
    outer loop
      vertex 47.8134 -19.8049 210
      vertex 45.1229 -22.4955 210
      vertex 47.8134 -25.186 210
    endloop
  endfacet
  facet normal -0 0 1
    outer loop
      vertex 51.6183 -16 210
      vertex 57.8508 -18.2528 210
      vertex 53.6082 -14.0102 210
    endloop
  endfacet
  facet normal 0 0 1
    outer loop
      vertex 57.8508 -18.2528 210
      vertex 51.6183 -16 210
      vertex 53.8134 -22.2902 210
    endloop
  endfacet
  facet normal -0 0 1
    outer loop
      vertex 47.8134 -19.8049 210
      vertex 53.8134 -22.2902 210
      vertex 51.6183 -16 210
    endloop
  endfacet
  facet normal 0 0 1
    outer loop
      vertex 47.8134 -19.8049 210
      vertex 51.6183 -16 210
      vertex 47.8134 -16 210
    endloop
  endfacet
  facet normal 0 0 1
    outer loop
      vertex 47.8134 -25.186 210
      vertex 53.8134 -22.2902 210
      vertex 47.8134 -19.8049 210
    endloop
  endfacet
  facet normal 0 0 1
    outer loop
      vertex 53.8134 -22.2902 210
      vertex 47.8134 -25.186 210
      vertex 53.8134 -28 210
    endloop
  endfacet
  facet normal 0 0 1
    outer loop
      vertex 53.8134 -28 210
      vertex 47.8134 -25.186 210
      vertex 47.8134 -28 210
    endloop
  endfacet
  facet normal 1 -0 0
    outer loop
      vertex 53.8134 -28 210
      vertex 53.8134 -22.2902 198
      vertex 53.8134 -22.2902 210
    endloop
  endfacet
  facet normal 1 0 0
    outer loop
      vertex 53.8134 -22.2902 198
      vertex 53.8134 -28 210
      vertex 53.8134 -28 198
    endloop
  endfacet
  facet normal 0 1 0
    outer loop
      vertex 48.3726 -16 198
      vertex 51.6183 -16 210
      vertex 51.6183 -16 198
    endloop
  endfacet
  facet normal 0 1 0
    outer loop
      vertex 51.6183 -16 210
      vertex 48.3726 -16 198
      vertex 47.8134 -16 210
    endloop
  endfacet
  facet normal 0 1 0
    outer loop
      vertex 47.8134 -16 210
      vertex 48.3726 -16 198
      vertex 47.8134 -16 198
    endloop
  endfacet
  facet normal 0 -1 0
    outer loop
      vertex 47.8134 -28 198
      vertex 53.8134 -28 210
      vertex 47.8134 -28 210
    endloop
  endfacet
  facet normal 0 -1 -0
    outer loop
      vertex 53.8134 -28 210
      vertex 47.8134 -28 198
      vertex 53.8134 -28 198
    endloop
  endfacet
  facet normal -1 0 0
    outer loop
      vertex 47.8134 -6 198
      vertex 47.8134 6 210
      vertex 47.8134 6 198
    endloop
  endfacet
  facet normal -1 -0 0
    outer loop
      vertex 47.8134 6 210
      vertex 47.8134 -6 198
      vertex 47.8134 -6 210
    endloop
  endfacet
  facet normal -0 0 1
    outer loop
      vertex 47.8134 6 210
      vertex 53.8134 -6 210
      vertex 53.8134 6 210
    endloop
  endfacet
  facet normal 0 0 1
    outer loop
      vertex 53.8134 -6 210
      vertex 47.8134 6 210
      vertex 47.8134 -6 210
    endloop
  endfacet
  facet normal 1 0 0
    outer loop
      vertex 53.8134 6 210
      vertex 53.8134 2.86477 198
      vertex 53.8134 6 198
    endloop
  endfacet
  facet normal 1 0 0
    outer loop
      vertex 53.8134 6 210
      vertex 53.8134 -2.86477 198
      vertex 53.8134 2.86477 198
    endloop
  endfacet
  facet normal 1 -0 0
    outer loop
      vertex 53.8134 -6 210
      vertex 53.8134 -2.86477 198
      vertex 53.8134 6 210
    endloop
  endfacet
  facet normal 1 0 0
    outer loop
      vertex 53.8134 -2.86477 198
      vertex 53.8134 -6 210
      vertex 53.8134 -6 198
    endloop
  endfacet
  facet normal 0 -1 0
    outer loop
      vertex 48.5147 -6 198
      vertex 47.8134 -6 210
      vertex 47.8134 -6 198
    endloop
  endfacet
  facet normal 0 -1 0
    outer loop
      vertex 52.5147 -6 198
      vertex 47.8134 -6 210
      vertex 48.5147 -6 198
    endloop
  endfacet
  facet normal 0 -1 0
    outer loop
      vertex 47.8134 -6 210
      vertex 52.5147 -6 198
      vertex 53.8134 -6 210
    endloop
  endfacet
  facet normal 0 -1 -0
    outer loop
      vertex 53.8134 -6 210
      vertex 52.5147 -6 198
      vertex 53.8134 -6 198
    endloop
  endfacet
  facet normal 0 1 0
    outer loop
      vertex 52.5147 6 198
      vertex 53.8134 6 210
      vertex 53.8134 6 198
    endloop
  endfacet
  facet normal 0 1 0
    outer loop
      vertex 53.8134 6 210
      vertex 52.5147 6 198
      vertex 47.8134 6 210
    endloop
  endfacet
  facet normal 0 1 -0
    outer loop
      vertex 48.5147 6 198
      vertex 47.8134 6 210
      vertex 52.5147 6 198
    endloop
  endfacet
  facet normal 0 1 0
    outer loop
      vertex 47.8134 6 210
      vertex 48.5147 6 198
      vertex 47.8134 6 198
    endloop
  endfacet
  facet normal -1 0 0
    outer loop
      vertex 47.8134 17.3501 198
      vertex 47.8134 19.8049 210
      vertex 47.8134 19.8049 198
    endloop
  endfacet
  facet normal -1 0 0
    outer loop
      vertex 47.8134 16 210
      vertex 47.8134 17.3501 198
      vertex 47.8134 16 198
    endloop
  endfacet
  facet normal -1 0 0
    outer loop
      vertex 47.8134 17.3501 198
      vertex 47.8134 16 210
      vertex 47.8134 19.8049 210
    endloop
  endfacet
  facet normal -1 0 0
    outer loop
      vertex 47.8134 25.186 198
      vertex 47.8134 28 210
      vertex 47.8134 28 198
    endloop
  endfacet
  facet normal -1 -0 0
    outer loop
      vertex 47.8134 28 210
      vertex 47.8134 25.186 198
      vertex 47.8134 25.186 210
    endloop
  endfacet
  facet normal 0 0 1
    outer loop
      vertex 47.8134 25.186 210
      vertex 45.1229 22.4955 210
      vertex 47.8134 19.8049 210
    endloop
  endfacet
  facet normal -0 0 1
    outer loop
      vertex 47.8134 25.186 210
      vertex 53.8134 22.2902 210
      vertex 53.8134 28 210
    endloop
  endfacet
  facet normal 0 0 1
    outer loop
      vertex 53.8134 22.2902 210
      vertex 51.6183 16 210
      vertex 53.6082 14.0102 210
    endloop
  endfacet
  facet normal 0 0 1
    outer loop
      vertex 47.8134 25.186 210
      vertex 53.8134 28 210
      vertex 47.8134 28 210
    endloop
  endfacet
  facet normal 0 0 1
    outer loop
      vertex 53.8134 22.2902 210
      vertex 47.8134 25.186 210
      vertex 47.8134 19.8049 210
    endloop
  endfacet
  facet normal 0 0 1
    outer loop
      vertex 53.8134 22.2902 210
      vertex 47.8134 19.8049 210
      vertex 51.6183 16 210
    endloop
  endfacet
  facet normal 0 0 1
    outer loop
      vertex 51.6183 16 210
      vertex 47.8134 19.8049 210
      vertex 47.8134 16 210
    endloop
  endfacet
  facet normal 0 0 1
    outer loop
      vertex 57.8508 18.2528 210
      vertex 53.8134 22.2902 210
      vertex 53.6082 14.0102 210
    endloop
  endfacet
  facet normal 1 -0 0
    outer loop
      vertex 53.8134 22.2902 210
      vertex 53.8134 28 198
      vertex 53.8134 28 210
    endloop
  endfacet
  facet normal 1 0 0
    outer loop
      vertex 53.8134 28 198
      vertex 53.8134 22.2902 210
      vertex 53.8134 22.2902 198
    endloop
  endfacet
  facet normal 0 1 -0
    outer loop
      vertex 53.8134 28 198
      vertex 47.8134 28 210
      vertex 53.8134 28 210
    endloop
  endfacet
  facet normal 0 1 0
    outer loop
      vertex 47.8134 28 210
      vertex 53.8134 28 198
      vertex 47.8134 28 198
    endloop
  endfacet
  facet normal 0 -1 0
    outer loop
      vertex 48.3726 16 198
      vertex 47.8134 16 210
      vertex 47.8134 16 198
    endloop
  endfacet
  facet normal 0 -1 0
    outer loop
      vertex 47.8134 16 210
      vertex 48.3726 16 198
      vertex 51.6183 16 210
    endloop
  endfacet
  facet normal 0 -1 -0
    outer loop
      vertex 51.6183 16 210
      vertex 48.3726 16 198
      vertex 51.6183 16 198
    endloop
  endfacet
  facet normal -0.707089 -0.707125 0
    outer loop
      vertex 51.6183 16 198
      vertex 53.6082 14.0102 210
      vertex 51.6183 16 210
    endloop
  endfacet
  facet normal -0.707089 -0.707125 -0
    outer loop
      vertex 53.6082 14.0102 210
      vertex 51.6183 16 198
      vertex 53.6082 14.0102 198
    endloop
  endfacet
  facet normal -0.707144 -0.70707 0
    outer loop
      vertex 46.0775 21.5408 198
      vertex 45.1229 22.4955 210
      vertex 45.1229 22.4955 198
    endloop
  endfacet
  facet normal -0.707107 -0.707107 -0
    outer loop
      vertex 47.8134 19.8049 210
      vertex 46.0775 21.5408 198
      vertex 47.8134 19.8049 198
    endloop
  endfacet
  facet normal -0.70712 -0.707094 3.80178e-06
    outer loop
      vertex 46.0775 21.5408 198
      vertex 47.8134 19.8049 210
      vertex 45.1229 22.4955 210
    endloop
  endfacet
  facet normal 0.707107 0.707107 0
    outer loop
      vertex 57.8508 18.2528 210
      vertex 53.8134 22.2902 198
      vertex 53.8134 22.2902 210
    endloop
  endfacet
  facet normal 0.707107 0.707107 0
    outer loop
      vertex 53.8134 22.2902 198
      vertex 57.8508 18.2528 210
      vertex 57.8508 18.2528 198
    endloop
  endfacet
  facet normal -0.707107 0.707107 0
    outer loop
      vertex 45.5183 22.8909 198
      vertex 47.8134 25.186 210
      vertex 47.8134 25.186 198
    endloop
  endfacet
  facet normal -0.707107 0.707107 -2.13975e-16
    outer loop
      vertex 47.8134 25.186 210
      vertex 45.5183 22.8909 198
      vertex 45.1229 22.4955 210
    endloop
  endfacet
  facet normal -0.707107 0.707107 0
    outer loop
      vertex 45.1229 22.4955 210
      vertex 45.5183 22.8909 198
      vertex 45.1229 22.4955 198
    endloop
  endfacet
  facet normal 0.707107 -0.707107 0
    outer loop
      vertex 53.6082 14.0102 198
      vertex 57.8508 18.2528 210
      vertex 53.6082 14.0102 210
    endloop
  endfacet
  facet normal 0.707107 -0.707107 0
    outer loop
      vertex 57.8508 18.2528 210
      vertex 53.6082 14.0102 198
      vertex 57.8508 18.2528 198
    endloop
  endfacet
  facet normal -0.707107 -0.707107 0
    outer loop
      vertex 38.0518 29.5665 198
      vertex 29.5665 38.0518 210
      vertex 29.5665 38.0518 198
    endloop
  endfacet
  facet normal -0.707107 -0.707107 0
    outer loop
      vertex 29.5665 38.0518 210
      vertex 38.0518 29.5665 198
      vertex 38.0518 29.5665 210
    endloop
  endfacet
  facet normal 0 0 1
    outer loop
      vertex 33.8092 42.2944 210
      vertex 38.0518 29.5665 210
      vertex 42.2944 33.8092 210
    endloop
  endfacet
  facet normal 0 0 1
    outer loop
      vertex 38.0518 29.5665 210
      vertex 33.8092 42.2944 210
      vertex 29.5665 38.0518 210
    endloop
  endfacet
  facet normal 0.707107 0.707107 0
    outer loop
      vertex 33.8092 42.2944 210
      vertex 36.0261 40.0775 198
      vertex 33.8092 42.2944 198
    endloop
  endfacet
  facet normal 0.707107 0.707107 0
    outer loop
      vertex 33.8092 42.2944 210
      vertex 40.0775 36.0261 198
      vertex 36.0261 40.0775 198
    endloop
  endfacet
  facet normal 0.707107 0.707107 0
    outer loop
      vertex 42.2944 33.8092 210
      vertex 40.0775 36.0261 198
      vertex 33.8092 42.2944 210
    endloop
  endfacet
  facet normal 0.707107 0.707107 0
    outer loop
      vertex 40.0775 36.0261 198
      vertex 42.2944 33.8092 210
      vertex 42.2944 33.8092 198
    endloop
  endfacet
  facet normal 0.707145 -0.707068 0
    outer loop
      vertex 42.2944 33.8092 210
      vertex 41.3762 32.8909 198
      vertex 42.2944 33.8092 198
    endloop
  endfacet
  facet normal 0.707115 -0.707098 4.61721e-06
    outer loop
      vertex 38.0518 29.5665 210
      vertex 41.3762 32.8909 198
      vertex 42.2944 33.8092 210
    endloop
  endfacet
  facet normal 0.707107 -0.707107 3.70065e-17
    outer loop
      vertex 41.3762 32.8909 198
      vertex 38.0518 29.5665 210
      vertex 38.5477 30.0624 198
    endloop
  endfacet
  facet normal 0.707107 -0.707107 0
    outer loop
      vertex 38.5477 30.0624 198
      vertex 38.0518 29.5665 210
      vertex 38.0518 29.5665 198
    endloop
  endfacet
  facet normal -0.707068 0.707145 0
    outer loop
      vertex 32.8909 41.3762 198
      vertex 33.8092 42.2944 210
      vertex 33.8092 42.2944 198
    endloop
  endfacet
  facet normal -0.707107 0.707107 3.70065e-17
    outer loop
      vertex 29.5665 38.0518 210
      vertex 32.8909 41.3762 198
      vertex 30.0624 38.5477 198
    endloop
  endfacet
  facet normal -0.707107 0.707107 0
    outer loop
      vertex 29.5665 38.0518 210
      vertex 30.0624 38.5477 198
      vertex 29.5665 38.0518 198
    endloop
  endfacet
  facet normal -0.707098 0.707115 4.61721e-06
    outer loop
      vertex 32.8909 41.3762 198
      vertex 29.5665 38.0518 210
      vertex 33.8092 42.2944 210
    endloop
  endfacet
  facet normal -0.707107 -0.707107 0
    outer loop
      vertex 21.5408 46.0775 198
      vertex 19.8049 47.8134 210
      vertex 19.8049 47.8134 198
    endloop
  endfacet
  facet normal -0.70707 -0.707144 -0
    outer loop
      vertex 22.4955 45.1229 210
      vertex 21.5408 46.0775 198
      vertex 22.4955 45.1229 198
    endloop
  endfacet
  facet normal -0.707094 -0.70712 3.80178e-06
    outer loop
      vertex 21.5408 46.0775 198
      vertex 22.4955 45.1229 210
      vertex 19.8049 47.8134 210
    endloop
  endfacet
  facet normal -0.707125 -0.707089 0
    outer loop
      vertex 16 51.6183 198
      vertex 14.0102 53.6082 210
      vertex 14.0102 53.6082 198
    endloop
  endfacet
  facet normal -0.707125 -0.707089 0
    outer loop
      vertex 14.0102 53.6082 210
      vertex 16 51.6183 198
      vertex 16 51.6183 210
    endloop
  endfacet
  facet normal 0 0 1
    outer loop
      vertex 18.2528 57.8508 210
      vertex 14.0102 53.6082 210
      vertex 16 51.6183 210
    endloop
  endfacet
  facet normal 0 0 1
    outer loop
      vertex 28 53.8134 210
      vertex 25.186 47.8134 210
      vertex 28 47.8134 210
    endloop
  endfacet
  facet normal -0 0 1
    outer loop
      vertex 22.2902 53.8134 210
      vertex 25.186 47.8134 210
      vertex 28 53.8134 210
    endloop
  endfacet
  facet normal 0 0 1
    outer loop
      vertex 19.8049 47.8134 210
      vertex 25.186 47.8134 210
      vertex 22.2902 53.8134 210
    endloop
  endfacet
  facet normal 0 0 1
    outer loop
      vertex 25.186 47.8134 210
      vertex 19.8049 47.8134 210
      vertex 22.4955 45.1229 210
    endloop
  endfacet
  facet normal 0 0 1
    outer loop
      vertex 16 51.6183 210
      vertex 22.2902 53.8134 210
      vertex 18.2528 57.8508 210
    endloop
  endfacet
  facet normal 0 0 1
    outer loop
      vertex 22.2902 53.8134 210
      vertex 16 51.6183 210
      vertex 19.8049 47.8134 210
    endloop
  endfacet
  facet normal 0 0 1
    outer loop
      vertex 19.8049 47.8134 210
      vertex 16 51.6183 210
      vertex 16 47.8134 210
    endloop
  endfacet
  facet normal 0.707107 0.707107 0
    outer loop
      vertex 22.2902 53.8134 210
      vertex 18.2528 57.8508 198
      vertex 18.2528 57.8508 210
    endloop
  endfacet
  facet normal 0.707107 0.707107 0
    outer loop
      vertex 18.2528 57.8508 198
      vertex 22.2902 53.8134 210
      vertex 22.2902 53.8134 198
    endloop
  endfacet
  facet normal -0.707107 0.707107 0
    outer loop
      vertex 14.0102 53.6082 198
      vertex 18.2528 57.8508 210
      vertex 18.2528 57.8508 198
    endloop
  endfacet
  facet normal -0.707107 0.707107 0
    outer loop
      vertex 18.2528 57.8508 210
      vertex 14.0102 53.6082 198
      vertex 14.0102 53.6082 210
    endloop
  endfacet
  facet normal 0.707107 -0.707107 0
    outer loop
      vertex 25.186 47.8134 210
      vertex 22.8909 45.5183 198
      vertex 25.186 47.8134 198
    endloop
  endfacet
  facet normal 0.707107 -0.707107 -2.09112e-16
    outer loop
      vertex 22.4955 45.1229 210
      vertex 22.8909 45.5183 198
      vertex 25.186 47.8134 210
    endloop
  endfacet
  facet normal 0.707107 -0.707107 0
    outer loop
      vertex 22.8909 45.5183 198
      vertex 22.4955 45.1229 210
      vertex 22.4955 45.1229 198
    endloop
  endfacet
  facet normal 0 -1 0
    outer loop
      vertex 25.186 47.8134 198
      vertex 28 47.8134 210
      vertex 25.186 47.8134 210
    endloop
  endfacet
  facet normal 0 -1 -0
    outer loop
      vertex 28 47.8134 210
      vertex 25.186 47.8134 198
      vertex 28 47.8134 198
    endloop
  endfacet
  facet normal 0 -1 0
    outer loop
      vertex 17.3501 47.8134 198
      vertex 16 47.8134 210
      vertex 16 47.8134 198
    endloop
  endfacet
  facet normal 0 -1 0
    outer loop
      vertex 16 47.8134 210
      vertex 17.3501 47.8134 198
      vertex 19.8049 47.8134 210
    endloop
  endfacet
  facet normal 0 -1 -0
    outer loop
      vertex 19.8049 47.8134 210
      vertex 17.3501 47.8134 198
      vertex 19.8049 47.8134 198
    endloop
  endfacet
  facet normal 0 1 -0
    outer loop
      vertex 28 53.8134 198
      vertex 22.2902 53.8134 210
      vertex 28 53.8134 210
    endloop
  endfacet
  facet normal 0 1 0
    outer loop
      vertex 22.2902 53.8134 210
      vertex 28 53.8134 198
      vertex 22.2902 53.8134 198
    endloop
  endfacet
  facet normal -1 0 0
    outer loop
      vertex 16 48.3726 198
      vertex 16 51.6183 210
      vertex 16 51.6183 198
    endloop
  endfacet
  facet normal -1 0 0
    outer loop
      vertex 16 47.8134 210
      vertex 16 48.3726 198
      vertex 16 47.8134 198
    endloop
  endfacet
  facet normal -1 0 0
    outer loop
      vertex 16 48.3726 198
      vertex 16 47.8134 210
      vertex 16 51.6183 210
    endloop
  endfacet
  facet normal 1 -0 0
    outer loop
      vertex 28 47.8134 210
      vertex 28 53.8134 198
      vertex 28 53.8134 210
    endloop
  endfacet
  facet normal 1 0 0
    outer loop
      vertex 28 53.8134 198
      vertex 28 47.8134 210
      vertex 28 47.8134 198
    endloop
  endfacet
  facet normal 0 -1 0
    outer loop
      vertex -6 47.8134 198
      vertex 6 47.8134 210
      vertex -6 47.8134 210
    endloop
  endfacet
  facet normal 0 -1 -0
    outer loop
      vertex 6 47.8134 210
      vertex -6 47.8134 198
      vertex 6 47.8134 198
    endloop
  endfacet
  facet normal -0 0 1
    outer loop
      vertex -6 53.8134 210
      vertex 6 47.8134 210
      vertex 6 53.8134 210
    endloop
  endfacet
  facet normal 0 0 1
    outer loop
      vertex 6 47.8134 210
      vertex -6 53.8134 210
      vertex -6 47.8134 210
    endloop
  endfacet
  facet normal 0 1 0
    outer loop
      vertex 2.86477 53.8134 198
      vertex 6 53.8134 210
      vertex 6 53.8134 198
    endloop
  endfacet
  facet normal 0 1 0
    outer loop
      vertex 6 53.8134 210
      vertex 2.86477 53.8134 198
      vertex -6 53.8134 210
    endloop
  endfacet
  facet normal 0 1 -0
    outer loop
      vertex -2.86477 53.8134 198
      vertex -6 53.8134 210
      vertex 2.86477 53.8134 198
    endloop
  endfacet
  facet normal 0 1 0
    outer loop
      vertex -6 53.8134 210
      vertex -2.86477 53.8134 198
      vertex -6 53.8134 198
    endloop
  endfacet
  facet normal 1 0 0
    outer loop
      vertex 6 53.8134 210
      vertex 6 52.5147 198
      vertex 6 53.8134 198
    endloop
  endfacet
  facet normal 1 -0 0
    outer loop
      vertex 6 47.8134 210
      vertex 6 52.5147 198
      vertex 6 53.8134 210
    endloop
  endfacet
  facet normal 1 0 0
    outer loop
      vertex 6 52.5147 198
      vertex 6 47.8134 210
      vertex 6 48.5147 198
    endloop
  endfacet
  facet normal 1 0 0
    outer loop
      vertex 6 48.5147 198
      vertex 6 47.8134 210
      vertex 6 47.8134 198
    endloop
  endfacet
  facet normal -1 0 0
    outer loop
      vertex -6 52.5147 198
      vertex -6 53.8134 210
      vertex -6 53.8134 198
    endloop
  endfacet
  facet normal -1 0 0
    outer loop
      vertex -6 47.8134 210
      vertex -6 52.5147 198
      vertex -6 48.5147 198
    endloop
  endfacet
  facet normal -1 0 0
    outer loop
      vertex -6 47.8134 210
      vertex -6 48.5147 198
      vertex -6 47.8134 198
    endloop
  endfacet
  facet normal -1 0 0
    outer loop
      vertex -6 52.5147 198
      vertex -6 47.8134 210
      vertex -6 53.8134 210
    endloop
  endfacet
  facet normal 0 -1 0
    outer loop
      vertex -17.3501 47.8134 198
      vertex -19.8049 47.8134 210
      vertex -19.8049 47.8134 198
    endloop
  endfacet
  facet normal 0 -1 0
    outer loop
      vertex -19.8049 47.8134 210
      vertex -17.3501 47.8134 198
      vertex -16 47.8134 210
    endloop
  endfacet
  facet normal 0 -1 -0
    outer loop
      vertex -16 47.8134 210
      vertex -17.3501 47.8134 198
      vertex -16 47.8134 198
    endloop
  endfacet
  facet normal 0 -1 0
    outer loop
      vertex -28 47.8134 198
      vertex -25.186 47.8134 210
      vertex -28 47.8134 210
    endloop
  endfacet
  facet normal 0 -1 -0
    outer loop
      vertex -25.186 47.8134 210
      vertex -28 47.8134 198
      vertex -25.186 47.8134 198
    endloop
  endfacet
  facet normal 0 0 1
    outer loop
      vertex -18.2528 57.8508 210
      vertex -16 51.6183 210
      vertex -14.0102 53.6082 210
    endloop
  endfacet
  facet normal -0 0 1
    outer loop
      vertex -22.2902 53.8134 210
      vertex -16 51.6183 210
      vertex -18.2528 57.8508 210
    endloop
  endfacet
  facet normal 0 -0 1
    outer loop
      vertex -19.8049 47.8134 210
      vertex -16 51.6183 210
      vertex -22.2902 53.8134 210
    endloop
  endfacet
  facet normal 0 0 1
    outer loop
      vertex -16 51.6183 210
      vertex -19.8049 47.8134 210
      vertex -16 47.8134 210
    endloop
  endfacet
  facet normal 0 0 1
    outer loop
      vertex -25.186 47.8134 210
      vertex -19.8049 47.8134 210
      vertex -22.2902 53.8134 210
    endloop
  endfacet
  facet normal 0 0 1
    outer loop
      vertex -19.8049 47.8134 210
      vertex -25.186 47.8134 210
      vertex -22.4955 45.1229 210
    endloop
  endfacet
  facet normal -0 0 1
    outer loop
      vertex -28 53.8134 210
      vertex -25.186 47.8134 210
      vertex -22.2902 53.8134 210
    endloop
  endfacet
  facet normal 0 0 1
    outer loop
      vertex -25.186 47.8134 210
      vertex -28 53.8134 210
      vertex -28 47.8134 210
    endloop
  endfacet
  facet normal 0 1 -0
    outer loop
      vertex -22.2902 53.8134 198
      vertex -28 53.8134 210
      vertex -22.2902 53.8134 210
    endloop
  endfacet
  facet normal 0 1 0
    outer loop
      vertex -28 53.8134 210
      vertex -22.2902 53.8134 198
      vertex -28 53.8134 198
    endloop
  endfacet
  facet normal -1 0 0
    outer loop
      vertex -28 47.8134 198
      vertex -28 53.8134 210
      vertex -28 53.8134 198
    endloop
  endfacet
  facet normal -1 -0 0
    outer loop
      vertex -28 53.8134 210
      vertex -28 47.8134 198
      vertex -28 47.8134 210
    endloop
  endfacet
  facet normal 1 0 0
    outer loop
      vertex -16 51.6183 210
      vertex -16 48.3726 198
      vertex -16 51.6183 198
    endloop
  endfacet
  facet normal 1 -0 0
    outer loop
      vertex -16 47.8134 210
      vertex -16 48.3726 198
      vertex -16 51.6183 210
    endloop
  endfacet
  facet normal 1 0 0
    outer loop
      vertex -16 48.3726 198
      vertex -16 47.8134 210
      vertex -16 47.8134 198
    endloop
  endfacet
  facet normal 0.707125 -0.707089 0
    outer loop
      vertex -16 51.6183 210
      vertex -14.0102 53.6082 198
      vertex -14.0102 53.6082 210
    endloop
  endfacet
  facet normal 0.707125 -0.707089 0
    outer loop
      vertex -14.0102 53.6082 198
      vertex -16 51.6183 210
      vertex -16 51.6183 198
    endloop
  endfacet
  facet normal 0.707107 -0.707107 0
    outer loop
      vertex -19.8049 47.8134 210
      vertex -21.5408 46.0775 198
      vertex -19.8049 47.8134 198
    endloop
  endfacet
  facet normal 0.707094 -0.70712 3.80178e-06
    outer loop
      vertex -22.4955 45.1229 210
      vertex -21.5408 46.0775 198
      vertex -19.8049 47.8134 210
    endloop
  endfacet
  facet normal 0.70707 -0.707144 0
    outer loop
      vertex -21.5408 46.0775 198
      vertex -22.4955 45.1229 210
      vertex -22.4955 45.1229 198
    endloop
  endfacet
  facet normal -0.707107 0.707107 0
    outer loop
      vertex -22.2902 53.8134 198
      vertex -18.2528 57.8508 210
      vertex -18.2528 57.8508 198
    endloop
  endfacet
  facet normal -0.707107 0.707107 0
    outer loop
      vertex -18.2528 57.8508 210
      vertex -22.2902 53.8134 198
      vertex -22.2902 53.8134 210
    endloop
  endfacet
  facet normal -0.707107 -0.707107 0
    outer loop
      vertex -22.8909 45.5183 198
      vertex -25.186 47.8134 210
      vertex -25.186 47.8134 198
    endloop
  endfacet
  facet normal -0.707107 -0.707107 -0
    outer loop
      vertex -22.4955 45.1229 210
      vertex -22.8909 45.5183 198
      vertex -22.4955 45.1229 198
    endloop
  endfacet
  facet normal -0.707107 -0.707107 -2.09112e-16
    outer loop
      vertex -22.8909 45.5183 198
      vertex -22.4955 45.1229 210
      vertex -25.186 47.8134 210
    endloop
  endfacet
  facet normal 0.707107 0.707107 0
    outer loop
      vertex -14.0102 53.6082 210
      vertex -18.2528 57.8508 198
      vertex -18.2528 57.8508 210
    endloop
  endfacet
  facet normal 0.707107 0.707107 0
    outer loop
      vertex -18.2528 57.8508 198
      vertex -14.0102 53.6082 210
      vertex -14.0102 53.6082 198
    endloop
  endfacet
  facet normal 0.707107 -0.707107 0
    outer loop
      vertex -38.0518 29.5665 210
      vertex -29.5665 38.0518 198
      vertex -29.5665 38.0518 210
    endloop
  endfacet
  facet normal 0.707107 -0.707107 0
    outer loop
      vertex -29.5665 38.0518 198
      vertex -38.0518 29.5665 210
      vertex -38.0518 29.5665 198
    endloop
  endfacet
  facet normal 0 0 1
    outer loop
      vertex -33.8092 42.2944 210
      vertex -38.0518 29.5665 210
      vertex -29.5665 38.0518 210
    endloop
  endfacet
  facet normal 0 -0 1
    outer loop
      vertex -38.0518 29.5665 210
      vertex -33.8092 42.2944 210
      vertex -42.2944 33.8092 210
    endloop
  endfacet
  facet normal -0.707107 0.707107 0
    outer loop
      vertex -36.0261 40.0775 198
      vertex -33.8092 42.2944 210
      vertex -33.8092 42.2944 198
    endloop
  endfacet
  facet normal -0.707107 0.707107 0
    outer loop
      vertex -40.0775 36.0261 198
      vertex -33.8092 42.2944 210
      vertex -36.0261 40.0775 198
    endloop
  endfacet
  facet normal -0.707107 0.707107 0
    outer loop
      vertex -42.2944 33.8092 210
      vertex -40.0775 36.0261 198
      vertex -42.2944 33.8092 198
    endloop
  endfacet
  facet normal -0.707107 0.707107 0
    outer loop
      vertex -40.0775 36.0261 198
      vertex -42.2944 33.8092 210
      vertex -33.8092 42.2944 210
    endloop
  endfacet
  facet normal 0.707068 0.707145 0
    outer loop
      vertex -33.8092 42.2944 210
      vertex -32.8909 41.3762 198
      vertex -33.8092 42.2944 198
    endloop
  endfacet
  facet normal 0.707098 0.707115 4.61721e-06
    outer loop
      vertex -29.5665 38.0518 210
      vertex -32.8909 41.3762 198
      vertex -33.8092 42.2944 210
    endloop
  endfacet
  facet normal 0.707107 0.707107 3.70065e-17
    outer loop
      vertex -32.8909 41.3762 198
      vertex -29.5665 38.0518 210
      vertex -30.0624 38.5477 198
    endloop
  endfacet
  facet normal 0.707107 0.707107 0
    outer loop
      vertex -30.0624 38.5477 198
      vertex -29.5665 38.0518 210
      vertex -29.5665 38.0518 198
    endloop
  endfacet
  facet normal -0.707145 -0.707068 0
    outer loop
      vertex -41.3762 32.8909 198
      vertex -42.2944 33.8092 210
      vertex -42.2944 33.8092 198
    endloop
  endfacet
  facet normal -0.707107 -0.707107 3.70065e-17
    outer loop
      vertex -38.0518 29.5665 210
      vertex -41.3762 32.8909 198
      vertex -38.5477 30.0624 198
    endloop
  endfacet
  facet normal -0.707107 -0.707107 -0
    outer loop
      vertex -38.0518 29.5665 210
      vertex -38.5477 30.0624 198
      vertex -38.0518 29.5665 198
    endloop
  endfacet
  facet normal -0.707115 -0.707098 4.61721e-06
    outer loop
      vertex -41.3762 32.8909 198
      vertex -38.0518 29.5665 210
      vertex -42.2944 33.8092 210
    endloop
  endfacet
  facet normal 0.707144 -0.70707 0
    outer loop
      vertex -45.1229 22.4955 210
      vertex -46.0775 21.5408 198
      vertex -45.1229 22.4955 198
    endloop
  endfacet
  facet normal 0.70712 -0.707094 3.80178e-06
    outer loop
      vertex -47.8134 19.8049 210
      vertex -46.0775 21.5408 198
      vertex -45.1229 22.4955 210
    endloop
  endfacet
  facet normal 0.707107 -0.707107 0
    outer loop
      vertex -46.0775 21.5408 198
      vertex -47.8134 19.8049 210
      vertex -47.8134 19.8049 198
    endloop
  endfacet
  facet normal 0.707089 -0.707125 0
    outer loop
      vertex -53.6082 14.0102 198
      vertex -51.6183 16 210
      vertex -53.6082 14.0102 210
    endloop
  endfacet
  facet normal 0.707089 -0.707125 0
    outer loop
      vertex -51.6183 16 210
      vertex -53.6082 14.0102 198
      vertex -51.6183 16 198
    endloop
  endfacet
  facet normal -0 0 1
    outer loop
      vertex -53.8134 28 210
      vertex -47.8134 25.186 210
      vertex -47.8134 28 210
    endloop
  endfacet
  facet normal 0 0 1
    outer loop
      vertex -47.8134 25.186 210
      vertex -53.8134 22.2902 210
      vertex -47.8134 19.8049 210
    endloop
  endfacet
  facet normal 0 -0 1
    outer loop
      vertex -51.6183 16 210
      vertex -47.8134 19.8049 210
      vertex -53.8134 22.2902 210
    endloop
  endfacet
  facet normal 0 0 1
    outer loop
      vertex -47.8134 19.8049 210
      vertex -51.6183 16 210
      vertex -47.8134 16 210
    endloop
  endfacet
  facet normal 0 0 1
    outer loop
      vertex -47.8134 25.186 210
      vertex -53.8134 28 210
      vertex -53.8134 22.2902 210
    endloop
  endfacet
  facet normal -0 0 1
    outer loop
      vertex -57.8508 18.2528 210
      vertex -51.6183 16 210
      vertex -53.8134 22.2902 210
    endloop
  endfacet
  facet normal 0 0 1
    outer loop
      vertex -51.6183 16 210
      vertex -57.8508 18.2528 210
      vertex -53.6082 14.0102 210
    endloop
  endfacet
  facet normal 0 0 1
    outer loop
      vertex -45.1229 22.4955 210
      vertex -47.8134 25.186 210
      vertex -47.8134 19.8049 210
    endloop
  endfacet
  facet normal -0.707107 0.707107 0
    outer loop
      vertex -57.8508 18.2528 198
      vertex -53.8134 22.2902 210
      vertex -53.8134 22.2902 198
    endloop
  endfacet
  facet normal -0.707107 0.707107 0
    outer loop
      vertex -53.8134 22.2902 210
      vertex -57.8508 18.2528 198
      vertex -57.8508 18.2528 210
    endloop
  endfacet
  facet normal -0.707107 -0.707107 0
    outer loop
      vertex -57.8508 18.2528 198
      vertex -53.6082 14.0102 210
      vertex -57.8508 18.2528 210
    endloop
  endfacet
  facet normal -0.707107 -0.707107 -0
    outer loop
      vertex -53.6082 14.0102 210
      vertex -57.8508 18.2528 198
      vertex -53.6082 14.0102 198
    endloop
  endfacet
  facet normal 0.707107 0.707107 0
    outer loop
      vertex -45.5183 22.8909 198
      vertex -45.1229 22.4955 210
      vertex -45.1229 22.4955 198
    endloop
  endfacet
  facet normal 0.707107 0.707107 -2.09112e-16
    outer loop
      vertex -45.1229 22.4955 210
      vertex -45.5183 22.8909 198
      vertex -47.8134 25.186 210
    endloop
  endfacet
  facet normal 0.707107 0.707107 0
    outer loop
      vertex -47.8134 25.186 210
      vertex -45.5183 22.8909 198
      vertex -47.8134 25.186 198
    endloop
  endfacet
  facet normal 1 -0 0
    outer loop
      vertex -47.8134 25.186 210
      vertex -47.8134 28 198
      vertex -47.8134 28 210
    endloop
  endfacet
  facet normal 1 0 0
    outer loop
      vertex -47.8134 28 198
      vertex -47.8134 25.186 210
      vertex -47.8134 25.186 198
    endloop
  endfacet
  facet normal 1 0 0
    outer loop
      vertex -47.8134 19.8049 210
      vertex -47.8134 17.3501 198
      vertex -47.8134 19.8049 198
    endloop
  endfacet
  facet normal 1 -0 0
    outer loop
      vertex -47.8134 16 210
      vertex -47.8134 17.3501 198
      vertex -47.8134 19.8049 210
    endloop
  endfacet
  facet normal 1 0 0
    outer loop
      vertex -47.8134 17.3501 198
      vertex -47.8134 16 210
      vertex -47.8134 16 198
    endloop
  endfacet
  facet normal -1 0 0
    outer loop
      vertex -53.8134 22.2902 198
      vertex -53.8134 28 210
      vertex -53.8134 28 198
    endloop
  endfacet
  facet normal -1 -0 0
    outer loop
      vertex -53.8134 28 210
      vertex -53.8134 22.2902 198
      vertex -53.8134 22.2902 210
    endloop
  endfacet
  facet normal 0 -1 0
    outer loop
      vertex -48.3726 16 198
      vertex -51.6183 16 210
      vertex -51.6183 16 198
    endloop
  endfacet
  facet normal 0 -1 0
    outer loop
      vertex -51.6183 16 210
      vertex -48.3726 16 198
      vertex -47.8134 16 210
    endloop
  endfacet
  facet normal 0 -1 -0
    outer loop
      vertex -47.8134 16 210
      vertex -48.3726 16 198
      vertex -47.8134 16 198
    endloop
  endfacet
  facet normal 0 1 -0
    outer loop
      vertex -47.8134 28 198
      vertex -53.8134 28 210
      vertex -47.8134 28 210
    endloop
  endfacet
  facet normal 0 1 0
    outer loop
      vertex -53.8134 28 210
      vertex -47.8134 28 198
      vertex -53.8134 28 198
    endloop
  endfacet
  facet normal 1 -0 0
    outer loop
      vertex -47.8134 -6 210
      vertex -47.8134 6 198
      vertex -47.8134 6 210
    endloop
  endfacet
  facet normal 1 0 0
    outer loop
      vertex -47.8134 6 198
      vertex -47.8134 -6 210
      vertex -47.8134 -6 198
    endloop
  endfacet
  facet normal -0 0 1
    outer loop
      vertex -53.8134 6 210
      vertex -47.8134 -6 210
      vertex -47.8134 6 210
    endloop
  endfacet
  facet normal 0 0 1
    outer loop
      vertex -47.8134 -6 210
      vertex -53.8134 6 210
      vertex -53.8134 -6 210
    endloop
  endfacet
  facet normal -1 0 0
    outer loop
      vertex -53.8134 2.86477 198
      vertex -53.8134 6 210
      vertex -53.8134 6 198
    endloop
  endfacet
  facet normal -1 0 0
    outer loop
      vertex -53.8134 -2.86477 198
      vertex -53.8134 6 210
      vertex -53.8134 2.86477 198
    endloop
  endfacet
  facet normal -1 0 0
    outer loop
      vertex -53.8134 -6 210
      vertex -53.8134 -2.86477 198
      vertex -53.8134 -6 198
    endloop
  endfacet
  facet normal -1 0 0
    outer loop
      vertex -53.8134 -2.86477 198
      vertex -53.8134 -6 210
      vertex -53.8134 6 210
    endloop
  endfacet
  facet normal 0 1 0
    outer loop
      vertex -48.5147 6 198
      vertex -47.8134 6 210
      vertex -47.8134 6 198
    endloop
  endfacet
  facet normal 0 1 0
    outer loop
      vertex -52.5147 6 198
      vertex -47.8134 6 210
      vertex -48.5147 6 198
    endloop
  endfacet
  facet normal 0 1 0
    outer loop
      vertex -47.8134 6 210
      vertex -52.5147 6 198
      vertex -53.8134 6 210
    endloop
  endfacet
  facet normal 0 1 0
    outer loop
      vertex -53.8134 6 210
      vertex -52.5147 6 198
      vertex -53.8134 6 198
    endloop
  endfacet
  facet normal 0 -1 0
    outer loop
      vertex -52.5147 -6 198
      vertex -53.8134 -6 210
      vertex -53.8134 -6 198
    endloop
  endfacet
  facet normal 0 -1 0
    outer loop
      vertex -53.8134 -6 210
      vertex -52.5147 -6 198
      vertex -47.8134 -6 210
    endloop
  endfacet
  facet normal 0 -1 0
    outer loop
      vertex -48.5147 -6 198
      vertex -47.8134 -6 210
      vertex -52.5147 -6 198
    endloop
  endfacet
  facet normal 0 -1 -0
    outer loop
      vertex -47.8134 -6 210
      vertex -48.5147 -6 198
      vertex -47.8134 -6 198
    endloop
  endfacet
  facet normal 1 0 0
    outer loop
      vertex -47.8134 -16 210
      vertex -47.8134 -17.3501 198
      vertex -47.8134 -16 198
    endloop
  endfacet
  facet normal 1 -0 0
    outer loop
      vertex -47.8134 -19.8049 210
      vertex -47.8134 -17.3501 198
      vertex -47.8134 -16 210
    endloop
  endfacet
  facet normal 1 0 0
    outer loop
      vertex -47.8134 -17.3501 198
      vertex -47.8134 -19.8049 210
      vertex -47.8134 -19.8049 198
    endloop
  endfacet
  facet normal 1 -0 0
    outer loop
      vertex -47.8134 -28 210
      vertex -47.8134 -25.186 198
      vertex -47.8134 -25.186 210
    endloop
  endfacet
  facet normal 1 0 0
    outer loop
      vertex -47.8134 -25.186 198
      vertex -47.8134 -28 210
      vertex -47.8134 -28 198
    endloop
  endfacet
  facet normal 0 0 1
    outer loop
      vertex -51.6183 -16 210
      vertex -57.8508 -18.2528 210
      vertex -53.8134 -22.2902 210
    endloop
  endfacet
  facet normal -0 0 1
    outer loop
      vertex -51.6183 -16 210
      vertex -47.8134 -19.8049 210
      vertex -47.8134 -16 210
    endloop
  endfacet
  facet normal 0 0 1
    outer loop
      vertex -47.8134 -19.8049 210
      vertex -53.8134 -22.2902 210
      vertex -47.8134 -25.186 210
    endloop
  endfacet
  facet normal 0 0 1
    outer loop
      vertex -47.8134 -19.8049 210
      vertex -51.6183 -16 210
      vertex -53.8134 -22.2902 210
    endloop
  endfacet
  facet normal 0 0 1
    outer loop
      vertex -57.8508 -18.2528 210
      vertex -51.6183 -16 210
      vertex -53.6082 -14.0102 210
    endloop
  endfacet
  facet normal 0 0 1
    outer loop
      vertex -53.8134 -28 210
      vertex -47.8134 -25.186 210
      vertex -53.8134 -22.2902 210
    endloop
  endfacet
  facet normal 0 0 1
    outer loop
      vertex -47.8134 -25.186 210
      vertex -53.8134 -28 210
      vertex -47.8134 -28 210
    endloop
  endfacet
  facet normal 0 0 1
    outer loop
      vertex -45.1229 -22.4955 210
      vertex -47.8134 -19.8049 210
      vertex -47.8134 -25.186 210
    endloop
  endfacet
  facet normal -1 0 0
    outer loop
      vertex -53.8134 -28 198
      vertex -53.8134 -22.2902 210
      vertex -53.8134 -22.2902 198
    endloop
  endfacet
  facet normal -1 -0 0
    outer loop
      vertex -53.8134 -22.2902 210
      vertex -53.8134 -28 198
      vertex -53.8134 -28 210
    endloop
  endfacet
  facet normal 0 -1 0
    outer loop
      vertex -53.8134 -28 198
      vertex -47.8134 -28 210
      vertex -53.8134 -28 210
    endloop
  endfacet
  facet normal 0 -1 -0
    outer loop
      vertex -47.8134 -28 210
      vertex -53.8134 -28 198
      vertex -47.8134 -28 198
    endloop
  endfacet
  facet normal 0 1 0
    outer loop
      vertex -48.3726 -16 198
      vertex -47.8134 -16 210
      vertex -47.8134 -16 198
    endloop
  endfacet
  facet normal 0 1 0
    outer loop
      vertex -47.8134 -16 210
      vertex -48.3726 -16 198
      vertex -51.6183 -16 210
    endloop
  endfacet
  facet normal 0 1 0
    outer loop
      vertex -51.6183 -16 210
      vertex -48.3726 -16 198
      vertex -51.6183 -16 198
    endloop
  endfacet
  facet normal 0.707089 0.707125 -0
    outer loop
      vertex -51.6183 -16 198
      vertex -53.6082 -14.0102 210
      vertex -51.6183 -16 210
    endloop
  endfacet
  facet normal 0.707089 0.707125 0
    outer loop
      vertex -53.6082 -14.0102 210
      vertex -51.6183 -16 198
      vertex -53.6082 -14.0102 198
    endloop
  endfacet
  facet normal 0.707107 0.707107 0
    outer loop
      vertex -47.8134 -19.8049 210
      vertex -46.0775 -21.5408 198
      vertex -47.8134 -19.8049 198
    endloop
  endfacet
  facet normal 0.70712 0.707094 3.80178e-06
    outer loop
      vertex -45.1229 -22.4955 210
      vertex -46.0775 -21.5408 198
      vertex -47.8134 -19.8049 210
    endloop
  endfacet
  facet normal 0.707144 0.70707 0
    outer loop
      vertex -46.0775 -21.5408 198
      vertex -45.1229 -22.4955 210
      vertex -45.1229 -22.4955 198
    endloop
  endfacet
  facet normal -0.707107 -0.707107 0
    outer loop
      vertex -53.8134 -22.2902 198
      vertex -57.8508 -18.2528 210
      vertex -57.8508 -18.2528 198
    endloop
  endfacet
  facet normal -0.707107 -0.707107 0
    outer loop
      vertex -57.8508 -18.2528 210
      vertex -53.8134 -22.2902 198
      vertex -53.8134 -22.2902 210
    endloop
  endfacet
  facet normal 0.707107 -0.707107 0
    outer loop
      vertex -45.5183 -22.8909 198
      vertex -47.8134 -25.186 210
      vertex -47.8134 -25.186 198
    endloop
  endfacet
  facet normal 0.707107 -0.707107 -2.13975e-16
    outer loop
      vertex -47.8134 -25.186 210
      vertex -45.5183 -22.8909 198
      vertex -45.1229 -22.4955 210
    endloop
  endfacet
  facet normal 0.707107 -0.707107 0
    outer loop
      vertex -45.1229 -22.4955 210
      vertex -45.5183 -22.8909 198
      vertex -45.1229 -22.4955 198
    endloop
  endfacet
  facet normal -0.707107 0.707107 0
    outer loop
      vertex -53.6082 -14.0102 198
      vertex -57.8508 -18.2528 210
      vertex -53.6082 -14.0102 210
    endloop
  endfacet
  facet normal -0.707107 0.707107 0
    outer loop
      vertex -57.8508 -18.2528 210
      vertex -53.6082 -14.0102 198
      vertex -57.8508 -18.2528 198
    endloop
  endfacet
  facet normal 0.707107 0.707107 0
    outer loop
      vertex -29.5665 -38.0518 210
      vertex -38.0518 -29.5665 198
      vertex -38.0518 -29.5665 210
    endloop
  endfacet
  facet normal 0.707107 0.707107 0
    outer loop
      vertex -38.0518 -29.5665 198
      vertex -29.5665 -38.0518 210
      vertex -29.5665 -38.0518 198
    endloop
  endfacet
  facet normal 0 0 1
    outer loop
      vertex -38.0518 -29.5665 210
      vertex -33.8092 -42.2944 210
      vertex -29.5665 -38.0518 210
    endloop
  endfacet
  facet normal 0 0 1
    outer loop
      vertex -33.8092 -42.2944 210
      vertex -38.0518 -29.5665 210
      vertex -42.2944 -33.8092 210
    endloop
  endfacet
  facet normal -0.707107 -0.707107 0
    outer loop
      vertex -40.0775 -36.0261 198
      vertex -42.2944 -33.8092 210
      vertex -42.2944 -33.8092 198
    endloop
  endfacet
  facet normal -0.707107 -0.707107 0
    outer loop
      vertex -36.0261 -40.0775 198
      vertex -42.2944 -33.8092 210
      vertex -40.0775 -36.0261 198
    endloop
  endfacet
  facet normal -0.707107 -0.707107 -0
    outer loop
      vertex -33.8092 -42.2944 210
      vertex -36.0261 -40.0775 198
      vertex -33.8092 -42.2944 198
    endloop
  endfacet
  facet normal -0.707107 -0.707107 0
    outer loop
      vertex -36.0261 -40.0775 198
      vertex -33.8092 -42.2944 210
      vertex -42.2944 -33.8092 210
    endloop
  endfacet
  facet normal -0.707107 0.707107 0
    outer loop
      vertex -38.5477 -30.0624 198
      vertex -38.0518 -29.5665 210
      vertex -38.0518 -29.5665 198
    endloop
  endfacet
  facet normal -0.707107 0.707107 3.70065e-17
    outer loop
      vertex -41.3762 -32.8909 198
      vertex -38.0518 -29.5665 210
      vertex -38.5477 -30.0624 198
    endloop
  endfacet
  facet normal -0.707145 0.707068 0
    outer loop
      vertex -42.2944 -33.8092 210
      vertex -41.3762 -32.8909 198
      vertex -42.2944 -33.8092 198
    endloop
  endfacet
  facet normal -0.707115 0.707098 4.61721e-06
    outer loop
      vertex -41.3762 -32.8909 198
      vertex -42.2944 -33.8092 210
      vertex -38.0518 -29.5665 210
    endloop
  endfacet
  facet normal 0.707107 -0.707107 0
    outer loop
      vertex -29.5665 -38.0518 210
      vertex -30.0624 -38.5477 198
      vertex -29.5665 -38.0518 198
    endloop
  endfacet
  facet normal 0.707107 -0.707107 3.70065e-17
    outer loop
      vertex -29.5665 -38.0518 210
      vertex -32.8909 -41.3762 198
      vertex -30.0624 -38.5477 198
    endloop
  endfacet
  facet normal 0.707098 -0.707115 4.61721e-06
    outer loop
      vertex -33.8092 -42.2944 210
      vertex -32.8909 -41.3762 198
      vertex -29.5665 -38.0518 210
    endloop
  endfacet
  facet normal 0.707068 -0.707145 0
    outer loop
      vertex -32.8909 -41.3762 198
      vertex -33.8092 -42.2944 210
      vertex -33.8092 -42.2944 198
    endloop
  endfacet
  facet normal 0.70707 0.707144 0
    outer loop
      vertex -22.4955 -45.1229 210
      vertex -21.5408 -46.0775 198
      vertex -22.4955 -45.1229 198
    endloop
  endfacet
  facet normal 0.707094 0.70712 3.80178e-06
    outer loop
      vertex -19.8049 -47.8134 210
      vertex -21.5408 -46.0775 198
      vertex -22.4955 -45.1229 210
    endloop
  endfacet
  facet normal 0.707107 0.707107 0
    outer loop
      vertex -21.5408 -46.0775 198
      vertex -19.8049 -47.8134 210
      vertex -19.8049 -47.8134 198
    endloop
  endfacet
  facet normal 0.707125 0.707089 0
    outer loop
      vertex -14.0102 -53.6082 210
      vertex -16 -51.6183 198
      vertex -16 -51.6183 210
    endloop
  endfacet
  facet normal 0.707125 0.707089 0
    outer loop
      vertex -16 -51.6183 198
      vertex -14.0102 -53.6082 210
      vertex -14.0102 -53.6082 198
    endloop
  endfacet
  facet normal -0 0 1
    outer loop
      vertex -19.8049 -47.8134 210
      vertex -16 -51.6183 210
      vertex -16 -47.8134 210
    endloop
  endfacet
  facet normal 0 0 1
    outer loop
      vertex -16 -51.6183 210
      vertex -19.8049 -47.8134 210
      vertex -22.2902 -53.8134 210
    endloop
  endfacet
  facet normal 0 0 1
    outer loop
      vertex -16 -51.6183 210
      vertex -22.2902 -53.8134 210
      vertex -18.2528 -57.8508 210
    endloop
  endfacet
  facet normal 0 0 1
    outer loop
      vertex -25.186 -47.8134 210
      vertex -19.8049 -47.8134 210
      vertex -22.4955 -45.1229 210
    endloop
  endfacet
  facet normal 0 0 1
    outer loop
      vertex -19.8049 -47.8134 210
      vertex -25.186 -47.8134 210
      vertex -22.2902 -53.8134 210
    endloop
  endfacet
  facet normal 0 0 1
    outer loop
      vertex -28 -53.8134 210
      vertex -25.186 -47.8134 210
      vertex -28 -47.8134 210
    endloop
  endfacet
  facet normal 0 0 1
    outer loop
      vertex -25.186 -47.8134 210
      vertex -28 -53.8134 210
      vertex -22.2902 -53.8134 210
    endloop
  endfacet
  facet normal 0 0 1
    outer loop
      vertex -14.0102 -53.6082 210
      vertex -16 -51.6183 210
      vertex -18.2528 -57.8508 210
    endloop
  endfacet
  facet normal -0.707107 -0.707107 0
    outer loop
      vertex -18.2528 -57.8508 198
      vertex -22.2902 -53.8134 210
      vertex -22.2902 -53.8134 198
    endloop
  endfacet
  facet normal -0.707107 -0.707107 0
    outer loop
      vertex -22.2902 -53.8134 210
      vertex -18.2528 -57.8508 198
      vertex -18.2528 -57.8508 210
    endloop
  endfacet
  facet normal 0.707107 -0.707107 0
    outer loop
      vertex -18.2528 -57.8508 210
      vertex -14.0102 -53.6082 198
      vertex -14.0102 -53.6082 210
    endloop
  endfacet
  facet normal 0.707107 -0.707107 0
    outer loop
      vertex -14.0102 -53.6082 198
      vertex -18.2528 -57.8508 210
      vertex -18.2528 -57.8508 198
    endloop
  endfacet
  facet normal -0.707107 0.707107 0
    outer loop
      vertex -22.8909 -45.5183 198
      vertex -22.4955 -45.1229 210
      vertex -22.4955 -45.1229 198
    endloop
  endfacet
  facet normal -0.707107 0.707107 0
    outer loop
      vertex -25.186 -47.8134 210
      vertex -22.8909 -45.5183 198
      vertex -25.186 -47.8134 198
    endloop
  endfacet
  facet normal -0.707107 0.707107 -2.09112e-16
    outer loop
      vertex -22.8909 -45.5183 198
      vertex -25.186 -47.8134 210
      vertex -22.4955 -45.1229 210
    endloop
  endfacet
  facet normal 0 1 -0
    outer loop
      vertex -25.186 -47.8134 198
      vertex -28 -47.8134 210
      vertex -25.186 -47.8134 210
    endloop
  endfacet
  facet normal 0 1 0
    outer loop
      vertex -28 -47.8134 210
      vertex -25.186 -47.8134 198
      vertex -28 -47.8134 198
    endloop
  endfacet
  facet normal 0 1 0
    outer loop
      vertex -17.3501 -47.8134 198
      vertex -16 -47.8134 210
      vertex -16 -47.8134 198
    endloop
  endfacet
  facet normal 0 1 0
    outer loop
      vertex -16 -47.8134 210
      vertex -17.3501 -47.8134 198
      vertex -19.8049 -47.8134 210
    endloop
  endfacet
  facet normal 0 1 0
    outer loop
      vertex -19.8049 -47.8134 210
      vertex -17.3501 -47.8134 198
      vertex -19.8049 -47.8134 198
    endloop
  endfacet
  facet normal 0 -1 0
    outer loop
      vertex -28 -53.8134 198
      vertex -22.2902 -53.8134 210
      vertex -28 -53.8134 210
    endloop
  endfacet
  facet normal 0 -1 -0
    outer loop
      vertex -22.2902 -53.8134 210
      vertex -28 -53.8134 198
      vertex -22.2902 -53.8134 198
    endloop
  endfacet
  facet normal 1 0 0
    outer loop
      vertex -16 -47.8134 210
      vertex -16 -48.3726 198
      vertex -16 -47.8134 198
    endloop
  endfacet
  facet normal 1 -0 0
    outer loop
      vertex -16 -51.6183 210
      vertex -16 -48.3726 198
      vertex -16 -47.8134 210
    endloop
  endfacet
  facet normal 1 0 0
    outer loop
      vertex -16 -48.3726 198
      vertex -16 -51.6183 210
      vertex -16 -51.6183 198
    endloop
  endfacet
  facet normal -1 0 0
    outer loop
      vertex -28 -53.8134 198
      vertex -28 -47.8134 210
      vertex -28 -47.8134 198
    endloop
  endfacet
  facet normal -1 -0 0
    outer loop
      vertex -28 -47.8134 210
      vertex -28 -53.8134 198
      vertex -28 -53.8134 210
    endloop
  endfacet
  facet normal 0 1 -0
    outer loop
      vertex 6 -47.8134 198
      vertex -6 -47.8134 210
      vertex 6 -47.8134 210
    endloop
  endfacet
  facet normal 0 1 0
    outer loop
      vertex -6 -47.8134 210
      vertex 6 -47.8134 198
      vertex -6 -47.8134 198
    endloop
  endfacet
  facet normal -0 0 1
    outer loop
      vertex -6 -47.8134 210
      vertex 6 -53.8134 210
      vertex 6 -47.8134 210
    endloop
  endfacet
  facet normal 0 0 1
    outer loop
      vertex 6 -53.8134 210
      vertex -6 -47.8134 210
      vertex -6 -53.8134 210
    endloop
  endfacet
  facet normal 0 -1 0
    outer loop
      vertex -2.86477 -53.8134 198
      vertex -6 -53.8134 210
      vertex -6 -53.8134 198
    endloop
  endfacet
  facet normal 0 -1 0
    outer loop
      vertex -6 -53.8134 210
      vertex -2.86477 -53.8134 198
      vertex 6 -53.8134 210
    endloop
  endfacet
  facet normal 0 -1 0
    outer loop
      vertex 2.86477 -53.8134 198
      vertex 6 -53.8134 210
      vertex -2.86477 -53.8134 198
    endloop
  endfacet
  facet normal 0 -1 -0
    outer loop
      vertex 6 -53.8134 210
      vertex 2.86477 -53.8134 198
      vertex 6 -53.8134 198
    endloop
  endfacet
  facet normal -1 0 0
    outer loop
      vertex -6 -48.5147 198
      vertex -6 -47.8134 210
      vertex -6 -47.8134 198
    endloop
  endfacet
  facet normal -1 0 0
    outer loop
      vertex -6 -52.5147 198
      vertex -6 -47.8134 210
      vertex -6 -48.5147 198
    endloop
  endfacet
  facet normal -1 0 0
    outer loop
      vertex -6 -53.8134 210
      vertex -6 -52.5147 198
      vertex -6 -53.8134 198
    endloop
  endfacet
  facet normal -1 0 0
    outer loop
      vertex -6 -52.5147 198
      vertex -6 -53.8134 210
      vertex -6 -47.8134 210
    endloop
  endfacet
  facet normal 1 0 0
    outer loop
      vertex 6 -47.8134 210
      vertex 6 -48.5147 198
      vertex 6 -47.8134 198
    endloop
  endfacet
  facet normal 1 0 0
    outer loop
      vertex 6 -47.8134 210
      vertex 6 -52.5147 198
      vertex 6 -48.5147 198
    endloop
  endfacet
  facet normal 1 -0 0
    outer loop
      vertex 6 -53.8134 210
      vertex 6 -52.5147 198
      vertex 6 -47.8134 210
    endloop
  endfacet
  facet normal 1 0 0
    outer loop
      vertex 6 -52.5147 198
      vertex 6 -53.8134 210
      vertex 6 -53.8134 198
    endloop
  endfacet
  facet normal 0 1 0
    outer loop
      vertex 17.3501 -47.8134 198
      vertex 19.8049 -47.8134 210
      vertex 19.8049 -47.8134 198
    endloop
  endfacet
  facet normal 0 1 0
    outer loop
      vertex 19.8049 -47.8134 210
      vertex 17.3501 -47.8134 198
      vertex 16 -47.8134 210
    endloop
  endfacet
  facet normal 0 1 0
    outer loop
      vertex 16 -47.8134 210
      vertex 17.3501 -47.8134 198
      vertex 16 -47.8134 198
    endloop
  endfacet
  facet normal 0 1 -0
    outer loop
      vertex 28 -47.8134 198
      vertex 25.186 -47.8134 210
      vertex 28 -47.8134 210
    endloop
  endfacet
  facet normal 0 1 0
    outer loop
      vertex 25.186 -47.8134 210
      vertex 28 -47.8134 198
      vertex 25.186 -47.8134 198
    endloop
  endfacet
  facet normal -0 0 1
    outer loop
      vertex 25.186 -47.8134 210
      vertex 28 -53.8134 210
      vertex 28 -47.8134 210
    endloop
  endfacet
  facet normal 0 0 1
    outer loop
      vertex 19.8049 -47.8134 210
      vertex 25.186 -47.8134 210
      vertex 22.4955 -45.1229 210
    endloop
  endfacet
  facet normal 0 0 1
    outer loop
      vertex 25.186 -47.8134 210
      vertex 22.2902 -53.8134 210
      vertex 28 -53.8134 210
    endloop
  endfacet
  facet normal 0 0 1
    outer loop
      vertex 25.186 -47.8134 210
      vertex 19.8049 -47.8134 210
      vertex 22.2902 -53.8134 210
    endloop
  endfacet
  facet normal -0 0 1
    outer loop
      vertex 16 -51.6183 210
      vertex 22.2902 -53.8134 210
      vertex 19.8049 -47.8134 210
    endloop
  endfacet
  facet normal 0 0 1
    outer loop
      vertex 16 -51.6183 210
      vertex 19.8049 -47.8134 210
      vertex 16 -47.8134 210
    endloop
  endfacet
  facet normal 0 0 1
    outer loop
      vertex 22.2902 -53.8134 210
      vertex 16 -51.6183 210
      vertex 18.2528 -57.8508 210
    endloop
  endfacet
  facet normal 0 0 1
    outer loop
      vertex 18.2528 -57.8508 210
      vertex 16 -51.6183 210
      vertex 14.0102 -53.6082 210
    endloop
  endfacet
  facet normal 0 -1 0
    outer loop
      vertex 22.2902 -53.8134 198
      vertex 28 -53.8134 210
      vertex 22.2902 -53.8134 210
    endloop
  endfacet
  facet normal 0 -1 -0
    outer loop
      vertex 28 -53.8134 210
      vertex 22.2902 -53.8134 198
      vertex 28 -53.8134 198
    endloop
  endfacet
  facet normal 1 -0 0
    outer loop
      vertex 28 -53.8134 210
      vertex 28 -47.8134 198
      vertex 28 -47.8134 210
    endloop
  endfacet
  facet normal 1 0 0
    outer loop
      vertex 28 -47.8134 198
      vertex 28 -53.8134 210
      vertex 28 -53.8134 198
    endloop
  endfacet
  facet normal -1 0 0
    outer loop
      vertex 16 -48.3726 198
      vertex 16 -47.8134 210
      vertex 16 -47.8134 198
    endloop
  endfacet
  facet normal -1 0 0
    outer loop
      vertex 16 -51.6183 210
      vertex 16 -48.3726 198
      vertex 16 -51.6183 198
    endloop
  endfacet
  facet normal -1 0 0
    outer loop
      vertex 16 -48.3726 198
      vertex 16 -51.6183 210
      vertex 16 -47.8134 210
    endloop
  endfacet
  facet normal -0.707125 0.707089 0
    outer loop
      vertex 14.0102 -53.6082 198
      vertex 16 -51.6183 210
      vertex 16 -51.6183 198
    endloop
  endfacet
  facet normal -0.707125 0.707089 0
    outer loop
      vertex 16 -51.6183 210
      vertex 14.0102 -53.6082 198
      vertex 14.0102 -53.6082 210
    endloop
  endfacet
  facet normal -0.70707 0.707144 0
    outer loop
      vertex 21.5408 -46.0775 198
      vertex 22.4955 -45.1229 210
      vertex 22.4955 -45.1229 198
    endloop
  endfacet
  facet normal -0.707107 0.707107 0
    outer loop
      vertex 19.8049 -47.8134 210
      vertex 21.5408 -46.0775 198
      vertex 19.8049 -47.8134 198
    endloop
  endfacet
  facet normal -0.707094 0.70712 3.80178e-06
    outer loop
      vertex 21.5408 -46.0775 198
      vertex 19.8049 -47.8134 210
      vertex 22.4955 -45.1229 210
    endloop
  endfacet
  facet normal 0.707107 -0.707107 0
    outer loop
      vertex 18.2528 -57.8508 210
      vertex 22.2902 -53.8134 198
      vertex 22.2902 -53.8134 210
    endloop
  endfacet
  facet normal 0.707107 -0.707107 0
    outer loop
      vertex 22.2902 -53.8134 198
      vertex 18.2528 -57.8508 210
      vertex 18.2528 -57.8508 198
    endloop
  endfacet
  facet normal 0.707107 0.707107 0
    outer loop
      vertex 22.4955 -45.1229 210
      vertex 22.8909 -45.5183 198
      vertex 22.4955 -45.1229 198
    endloop
  endfacet
  facet normal 0.707107 0.707107 -2.13975e-16
    outer loop
      vertex 25.186 -47.8134 210
      vertex 22.8909 -45.5183 198
      vertex 22.4955 -45.1229 210
    endloop
  endfacet
  facet normal 0.707107 0.707107 0
    outer loop
      vertex 22.8909 -45.5183 198
      vertex 25.186 -47.8134 210
      vertex 25.186 -47.8134 198
    endloop
  endfacet
  facet normal -0.707107 -0.707107 0
    outer loop
      vertex 18.2528 -57.8508 198
      vertex 14.0102 -53.6082 210
      vertex 14.0102 -53.6082 198
    endloop
  endfacet
  facet normal -0.707107 -0.707107 0
    outer loop
      vertex 14.0102 -53.6082 210
      vertex 18.2528 -57.8508 198
      vertex 18.2528 -57.8508 210
    endloop
  endfacet
  facet normal -0.707107 0.707107 0
    outer loop
      vertex 29.5665 -38.0518 198
      vertex 38.0518 -29.5665 210
      vertex 38.0518 -29.5665 198
    endloop
  endfacet
  facet normal -0.707107 0.707107 0
    outer loop
      vertex 38.0518 -29.5665 210
      vertex 29.5665 -38.0518 198
      vertex 29.5665 -38.0518 210
    endloop
  endfacet
  facet normal 0 0 1
    outer loop
      vertex 38.0518 -29.5665 210
      vertex 33.8092 -42.2944 210
      vertex 42.2944 -33.8092 210
    endloop
  endfacet
  facet normal 0 -0 1
    outer loop
      vertex 33.8092 -42.2944 210
      vertex 38.0518 -29.5665 210
      vertex 29.5665 -38.0518 210
    endloop
  endfacet
  facet normal 0.707107 -0.707107 0
    outer loop
      vertex 42.2944 -33.8092 210
      vertex 40.0775 -36.0261 198
      vertex 42.2944 -33.8092 198
    endloop
  endfacet
  facet normal 0.707107 -0.707107 0
    outer loop
      vertex 42.2944 -33.8092 210
      vertex 36.0261 -40.0775 198
      vertex 40.0775 -36.0261 198
    endloop
  endfacet
  facet normal 0.707107 -0.707107 0
    outer loop
      vertex 33.8092 -42.2944 210
      vertex 36.0261 -40.0775 198
      vertex 42.2944 -33.8092 210
    endloop
  endfacet
  facet normal 0.707107 -0.707107 0
    outer loop
      vertex 36.0261 -40.0775 198
      vertex 33.8092 -42.2944 210
      vertex 33.8092 -42.2944 198
    endloop
  endfacet
  facet normal -0.707107 -0.707107 0
    outer loop
      vertex 30.0624 -38.5477 198
      vertex 29.5665 -38.0518 210
      vertex 29.5665 -38.0518 198
    endloop
  endfacet
  facet normal -0.707107 -0.707107 3.70065e-17
    outer loop
      vertex 32.8909 -41.3762 198
      vertex 29.5665 -38.0518 210
      vertex 30.0624 -38.5477 198
    endloop
  endfacet
  facet normal -0.707068 -0.707145 -0
    outer loop
      vertex 33.8092 -42.2944 210
      vertex 32.8909 -41.3762 198
      vertex 33.8092 -42.2944 198
    endloop
  endfacet
  facet normal -0.707098 -0.707115 4.61721e-06
    outer loop
      vertex 32.8909 -41.3762 198
      vertex 33.8092 -42.2944 210
      vertex 29.5665 -38.0518 210
    endloop
  endfacet
  facet normal 0.707107 0.707107 0
    outer loop
      vertex 38.0518 -29.5665 210
      vertex 38.5477 -30.0624 198
      vertex 38.0518 -29.5665 198
    endloop
  endfacet
  facet normal 0.707107 0.707107 3.70065e-17
    outer loop
      vertex 38.0518 -29.5665 210
      vertex 41.3762 -32.8909 198
      vertex 38.5477 -30.0624 198
    endloop
  endfacet
  facet normal 0.707115 0.707098 4.61721e-06
    outer loop
      vertex 42.2944 -33.8092 210
      vertex 41.3762 -32.8909 198
      vertex 38.0518 -29.5665 210
    endloop
  endfacet
  facet normal 0.707145 0.707068 0
    outer loop
      vertex 41.3762 -32.8909 198
      vertex 42.2944 -33.8092 210
      vertex 42.2944 -33.8092 198
    endloop
  endfacet
  facet normal -0.707107 0.707107 0
    outer loop
      vertex 46.0775 -21.5408 198
      vertex 47.8134 -19.8049 210
      vertex 47.8134 -19.8049 198
    endloop
  endfacet
  facet normal -0.707144 0.70707 0
    outer loop
      vertex 45.1229 -22.4955 210
      vertex 46.0775 -21.5408 198
      vertex 45.1229 -22.4955 198
    endloop
  endfacet
  facet normal -0.70712 0.707094 3.80178e-06
    outer loop
      vertex 46.0775 -21.5408 198
      vertex 45.1229 -22.4955 210
      vertex 47.8134 -19.8049 210
    endloop
  endfacet
  facet normal -0.707089 0.707125 0
    outer loop
      vertex 53.6082 -14.0102 198
      vertex 51.6183 -16 210
      vertex 53.6082 -14.0102 210
    endloop
  endfacet
  facet normal -0.707089 0.707125 0
    outer loop
      vertex 51.6183 -16 210
      vertex 53.6082 -14.0102 198
      vertex 51.6183 -16 198
    endloop
  endfacet
  facet normal 0.707107 -0.707107 0
    outer loop
      vertex 53.8134 -22.2902 210
      vertex 57.8508 -18.2528 198
      vertex 57.8508 -18.2528 210
    endloop
  endfacet
  facet normal 0.707107 -0.707107 0
    outer loop
      vertex 57.8508 -18.2528 198
      vertex 53.8134 -22.2902 210
      vertex 53.8134 -22.2902 198
    endloop
  endfacet
  facet normal 0.707107 0.707107 -0
    outer loop
      vertex 57.8508 -18.2528 198
      vertex 53.6082 -14.0102 210
      vertex 57.8508 -18.2528 210
    endloop
  endfacet
  facet normal 0.707107 0.707107 0
    outer loop
      vertex 53.6082 -14.0102 210
      vertex 57.8508 -18.2528 198
      vertex 53.6082 -14.0102 198
    endloop
  endfacet
  facet normal -0.707107 -0.707107 0
    outer loop
      vertex 45.5183 -22.8909 198
      vertex 45.1229 -22.4955 210
      vertex 45.1229 -22.4955 198
    endloop
  endfacet
  facet normal -0.707107 -0.707107 -2.09112e-16
    outer loop
      vertex 45.1229 -22.4955 210
      vertex 45.5183 -22.8909 198
      vertex 47.8134 -25.186 210
    endloop
  endfacet
  facet normal -0.707107 -0.707107 -0
    outer loop
      vertex 47.8134 -25.186 210
      vertex 45.5183 -22.8909 198
      vertex 47.8134 -25.186 198
    endloop
  endfacet
  facet normal 1 -0 0
    outer loop
      vertex 51.8234 -6.25 41.75
      vertex 51.8234 6.25 34.25
      vertex 51.8234 6.25 41.75
    endloop
  endfacet
  facet normal 1 0 0
    outer loop
      vertex 51.8234 6.25 34.25
      vertex 51.8234 -6.25 41.75
      vertex 51.8234 -6.25 34.25
    endloop
  endfacet
  facet normal 0 0 -1
    outer loop
      vertex 51.8234 -6.25 41.75
      vertex 59.3134 6.25 41.75
      vertex 59.3134 -6.25 41.75
    endloop
  endfacet
  facet normal -0 0 -1
    outer loop
      vertex 59.3134 6.25 41.75
      vertex 51.8234 -6.25 41.75
      vertex 51.8234 6.25 41.75
    endloop
  endfacet
  facet normal 0 -1 0
    outer loop
      vertex 51.8234 6.25 41.75
      vertex 59.3134 6.25 39.6
      vertex 59.3134 6.25 41.75
    endloop
  endfacet
  facet normal 0 -1 0
    outer loop
      vertex 51.8234 6.25 41.75
      vertex 59.3134 6.25 38.4
      vertex 59.3134 6.25 39.6
    endloop
  endfacet
  facet normal 0 -1 0
    outer loop
      vertex 51.8234 6.25 34.25
      vertex 59.3134 6.25 38.4
      vertex 51.8234 6.25 41.75
    endloop
  endfacet
  facet normal 0 -1 -0
    outer loop
      vertex 59.3134 6.25 38.4
      vertex 51.8234 6.25 34.25
      vertex 59.3134 6.25 34.25
    endloop
  endfacet
  facet normal -0 0 1
    outer loop
      vertex 51.8234 6.25 34.25
      vertex 59.3134 -6.25 34.25
      vertex 59.3134 6.25 34.25
    endloop
  endfacet
  facet normal 0 0 1
    outer loop
      vertex 59.3134 -6.25 34.25
      vertex 51.8234 6.25 34.25
      vertex 51.8234 -6.25 34.25
    endloop
  endfacet
  facet normal 0 1 -0
    outer loop
      vertex 59.3134 -6.25 39.6
      vertex 51.8234 -6.25 41.75
      vertex 59.3134 -6.25 41.75
    endloop
  endfacet
  facet normal 0 1 -0
    outer loop
      vertex 59.3134 -6.25 38.4
      vertex 51.8234 -6.25 41.75
      vertex 59.3134 -6.25 39.6
    endloop
  endfacet
  facet normal 0 1 0
    outer loop
      vertex 51.8234 -6.25 34.25
      vertex 59.3134 -6.25 38.4
      vertex 59.3134 -6.25 34.25
    endloop
  endfacet
  facet normal 0 1 0
    outer loop
      vertex 59.3134 -6.25 38.4
      vertex 51.8234 -6.25 34.25
      vertex 51.8234 -6.25 41.75
    endloop
  endfacet
  facet normal 1 -0 0
    outer loop
      vertex 51.8234 -6.25 91.75
      vertex 51.8234 6.25 84.25
      vertex 51.8234 6.25 91.75
    endloop
  endfacet
  facet normal 1 0 0
    outer loop
      vertex 51.8234 6.25 84.25
      vertex 51.8234 -6.25 91.75
      vertex 51.8234 -6.25 84.25
    endloop
  endfacet
  facet normal 0 0 -1
    outer loop
      vertex 51.8234 -6.25 91.75
      vertex 59.3134 6.25 91.75
      vertex 59.3134 -6.25 91.75
    endloop
  endfacet
  facet normal -0 0 -1
    outer loop
      vertex 59.3134 6.25 91.75
      vertex 51.8234 -6.25 91.75
      vertex 51.8234 6.25 91.75
    endloop
  endfacet
  facet normal -0 0 1
    outer loop
      vertex 51.8234 6.25 84.25
      vertex 59.3134 -6.25 84.25
      vertex 59.3134 6.25 84.25
    endloop
  endfacet
  facet normal 0 0 1
    outer loop
      vertex 59.3134 -6.25 84.25
      vertex 51.8234 6.25 84.25
      vertex 51.8234 -6.25 84.25
    endloop
  endfacet
  facet normal 0 1 -0
    outer loop
      vertex 59.3134 -6.25 91.6
      vertex 51.8234 -6.25 91.75
      vertex 59.3134 -6.25 91.75
    endloop
  endfacet
  facet normal 0 1 -0
    outer loop
      vertex 59.3134 -6.25 90.4
      vertex 51.8234 -6.25 91.75
      vertex 59.3134 -6.25 91.6
    endloop
  endfacet
  facet normal 0 1 0
    outer loop
      vertex 51.8234 -6.25 84.25
      vertex 59.3134 -6.25 90.4
      vertex 59.3134 -6.25 84.25
    endloop
  endfacet
  facet normal 0 1 0
    outer loop
      vertex 59.3134 -6.25 90.4
      vertex 51.8234 -6.25 84.25
      vertex 51.8234 -6.25 91.75
    endloop
  endfacet
  facet normal 0 -1 0
    outer loop
      vertex 51.8234 6.25 91.75
      vertex 59.3134 6.25 91.6
      vertex 59.3134 6.25 91.75
    endloop
  endfacet
  facet normal 0 -1 0
    outer loop
      vertex 51.8234 6.25 91.75
      vertex 59.3134 6.25 90.4
      vertex 59.3134 6.25 91.6
    endloop
  endfacet
  facet normal 0 -1 0
    outer loop
      vertex 51.8234 6.25 84.25
      vertex 59.3134 6.25 90.4
      vertex 51.8234 6.25 91.75
    endloop
  endfacet
  facet normal 0 -1 -0
    outer loop
      vertex 59.3134 6.25 90.4
      vertex 51.8234 6.25 84.25
      vertex 59.3134 6.25 84.25
    endloop
  endfacet
  facet normal 0 1 -0
    outer loop
      vertex 6.25 51.8234 34.25
      vertex -6.25 51.8234 41.75
      vertex 6.25 51.8234 41.75
    endloop
  endfacet
  facet normal 0 1 0
    outer loop
      vertex -6.25 51.8234 41.75
      vertex 6.25 51.8234 34.25
      vertex -6.25 51.8234 34.25
    endloop
  endfacet
  facet normal 0 0 -1
    outer loop
      vertex -6.25 51.8234 41.75
      vertex 6.25 59.3134 41.75
      vertex 6.25 51.8234 41.75
    endloop
  endfacet
  facet normal -0 0 -1
    outer loop
      vertex 6.25 59.3134 41.75
      vertex -6.25 51.8234 41.75
      vertex -6.25 59.3134 41.75
    endloop
  endfacet
  facet normal 1 -0 0
    outer loop
      vertex -6.25 51.8234 41.75
      vertex -6.25 59.3134 39.6
      vertex -6.25 59.3134 41.75
    endloop
  endfacet
  facet normal 1 0 0
    outer loop
      vertex -6.25 59.3134 39.6
      vertex -6.25 51.8234 41.75
      vertex -6.25 59.3134 38.4
    endloop
  endfacet
  facet normal 1 0 0
    outer loop
      vertex -6.25 51.8234 34.25
      vertex -6.25 59.3134 38.4
      vertex -6.25 51.8234 41.75
    endloop
  endfacet
  facet normal 1 0 0
    outer loop
      vertex -6.25 59.3134 38.4
      vertex -6.25 51.8234 34.25
      vertex -6.25 59.3134 34.25
    endloop
  endfacet
  facet normal -0 0 1
    outer loop
      vertex -6.25 59.3134 34.25
      vertex 6.25 51.8234 34.25
      vertex 6.25 59.3134 34.25
    endloop
  endfacet
  facet normal 0 0 1
    outer loop
      vertex 6.25 51.8234 34.25
      vertex -6.25 59.3134 34.25
      vertex -6.25 51.8234 34.25
    endloop
  endfacet
  facet normal -1 0 0
    outer loop
      vertex 6.25 51.8234 34.25
      vertex 6.25 59.3134 38.4
      vertex 6.25 59.3134 34.25
    endloop
  endfacet
  facet normal -1 0 0
    outer loop
      vertex 6.25 51.8234 41.75
      vertex 6.25 59.3134 38.4
      vertex 6.25 51.8234 34.25
    endloop
  endfacet
  facet normal -1 0 0
    outer loop
      vertex 6.25 59.3134 38.4
      vertex 6.25 51.8234 41.75
      vertex 6.25 59.3134 39.6
    endloop
  endfacet
  facet normal -1 0 0
    outer loop
      vertex 6.25 59.3134 39.6
      vertex 6.25 51.8234 41.75
      vertex 6.25 59.3134 41.75
    endloop
  endfacet
  facet normal 0 1 -0
    outer loop
      vertex 6.25 51.8234 84.25
      vertex -6.25 51.8234 91.75
      vertex 6.25 51.8234 91.75
    endloop
  endfacet
  facet normal 0 1 0
    outer loop
      vertex -6.25 51.8234 91.75
      vertex 6.25 51.8234 84.25
      vertex -6.25 51.8234 84.25
    endloop
  endfacet
  facet normal 0 0 -1
    outer loop
      vertex -6.25 51.8234 91.75
      vertex 6.25 59.3134 91.75
      vertex 6.25 51.8234 91.75
    endloop
  endfacet
  facet normal -0 0 -1
    outer loop
      vertex 6.25 59.3134 91.75
      vertex -6.25 51.8234 91.75
      vertex -6.25 59.3134 91.75
    endloop
  endfacet
  facet normal -0 0 1
    outer loop
      vertex -6.25 59.3134 84.25
      vertex 6.25 51.8234 84.25
      vertex 6.25 59.3134 84.25
    endloop
  endfacet
  facet normal 0 0 1
    outer loop
      vertex 6.25 51.8234 84.25
      vertex -6.25 59.3134 84.25
      vertex -6.25 51.8234 84.25
    endloop
  endfacet
  facet normal -1 0 0
    outer loop
      vertex 6.25 51.8234 84.25
      vertex 6.25 59.3134 90.4
      vertex 6.25 59.3134 84.25
    endloop
  endfacet
  facet normal -1 0 0
    outer loop
      vertex 6.25 51.8234 91.75
      vertex 6.25 59.3134 90.4
      vertex 6.25 51.8234 84.25
    endloop
  endfacet
  facet normal -1 0 0
    outer loop
      vertex 6.25 59.3134 90.4
      vertex 6.25 51.8234 91.75
      vertex 6.25 59.3134 91.6
    endloop
  endfacet
  facet normal -1 0 0
    outer loop
      vertex 6.25 59.3134 91.6
      vertex 6.25 51.8234 91.75
      vertex 6.25 59.3134 91.75
    endloop
  endfacet
  facet normal 1 -0 0
    outer loop
      vertex -6.25 51.8234 91.75
      vertex -6.25 59.3134 91.6
      vertex -6.25 59.3134 91.75
    endloop
  endfacet
  facet normal 1 0 0
    outer loop
      vertex -6.25 59.3134 91.6
      vertex -6.25 51.8234 91.75
      vertex -6.25 59.3134 90.4
    endloop
  endfacet
  facet normal 1 0 0
    outer loop
      vertex -6.25 51.8234 84.25
      vertex -6.25 59.3134 90.4
      vertex -6.25 51.8234 91.75
    endloop
  endfacet
  facet normal 1 0 0
    outer loop
      vertex -6.25 59.3134 90.4
      vertex -6.25 51.8234 84.25
      vertex -6.25 59.3134 84.25
    endloop
  endfacet
  facet normal -1 0 0
    outer loop
      vertex -51.8234 -6.25 34.25
      vertex -51.8234 6.25 41.75
      vertex -51.8234 6.25 34.25
    endloop
  endfacet
  facet normal -1 -0 0
    outer loop
      vertex -51.8234 6.25 41.75
      vertex -51.8234 -6.25 34.25
      vertex -51.8234 -6.25 41.75
    endloop
  endfacet
  facet normal 0 0 -1
    outer loop
      vertex -59.3134 -6.25 41.75
      vertex -51.8234 6.25 41.75
      vertex -51.8234 -6.25 41.75
    endloop
  endfacet
  facet normal -0 0 -1
    outer loop
      vertex -51.8234 6.25 41.75
      vertex -59.3134 -6.25 41.75
      vertex -59.3134 6.25 41.75
    endloop
  endfacet
  facet normal 0 1 0
    outer loop
      vertex -51.8234 -6.25 41.75
      vertex -59.3134 -6.25 39.6
      vertex -59.3134 -6.25 41.75
    endloop
  endfacet
  facet normal 0 1 0
    outer loop
      vertex -51.8234 -6.25 41.75
      vertex -59.3134 -6.25 38.4
      vertex -59.3134 -6.25 39.6
    endloop
  endfacet
  facet normal 0 1 -0
    outer loop
      vertex -51.8234 -6.25 34.25
      vertex -59.3134 -6.25 38.4
      vertex -51.8234 -6.25 41.75
    endloop
  endfacet
  facet normal 0 1 0
    outer loop
      vertex -59.3134 -6.25 38.4
      vertex -51.8234 -6.25 34.25
      vertex -59.3134 -6.25 34.25
    endloop
  endfacet
  facet normal -0 0 1
    outer loop
      vertex -59.3134 6.25 34.25
      vertex -51.8234 -6.25 34.25
      vertex -51.8234 6.25 34.25
    endloop
  endfacet
  facet normal 0 0 1
    outer loop
      vertex -51.8234 -6.25 34.25
      vertex -59.3134 6.25 34.25
      vertex -59.3134 -6.25 34.25
    endloop
  endfacet
  facet normal 0 -1 0
    outer loop
      vertex -59.3134 6.25 39.6
      vertex -51.8234 6.25 41.75
      vertex -59.3134 6.25 41.75
    endloop
  endfacet
  facet normal 0 -1 0
    outer loop
      vertex -59.3134 6.25 38.4
      vertex -51.8234 6.25 41.75
      vertex -59.3134 6.25 39.6
    endloop
  endfacet
  facet normal 0 -1 0
    outer loop
      vertex -51.8234 6.25 34.25
      vertex -59.3134 6.25 38.4
      vertex -59.3134 6.25 34.25
    endloop
  endfacet
  facet normal 0 -1 0
    outer loop
      vertex -59.3134 6.25 38.4
      vertex -51.8234 6.25 34.25
      vertex -51.8234 6.25 41.75
    endloop
  endfacet
  facet normal -1 0 0
    outer loop
      vertex -51.8234 -6.25 84.25
      vertex -51.8234 6.25 91.75
      vertex -51.8234 6.25 84.25
    endloop
  endfacet
  facet normal -1 -0 0
    outer loop
      vertex -51.8234 6.25 91.75
      vertex -51.8234 -6.25 84.25
      vertex -51.8234 -6.25 91.75
    endloop
  endfacet
  facet normal 0 0 -1
    outer loop
      vertex -59.3134 -6.25 91.75
      vertex -51.8234 6.25 91.75
      vertex -51.8234 -6.25 91.75
    endloop
  endfacet
  facet normal -0 0 -1
    outer loop
      vertex -51.8234 6.25 91.75
      vertex -59.3134 -6.25 91.75
      vertex -59.3134 6.25 91.75
    endloop
  endfacet
  facet normal -0 0 1
    outer loop
      vertex -59.3134 6.25 84.25
      vertex -51.8234 -6.25 84.25
      vertex -51.8234 6.25 84.25
    endloop
  endfacet
  facet normal 0 0 1
    outer loop
      vertex -51.8234 -6.25 84.25
      vertex -59.3134 6.25 84.25
      vertex -59.3134 -6.25 84.25
    endloop
  endfacet
  facet normal 0 -1 0
    outer loop
      vertex -59.3134 6.25 91.6
      vertex -51.8234 6.25 91.75
      vertex -59.3134 6.25 91.75
    endloop
  endfacet
  facet normal 0 -1 0
    outer loop
      vertex -59.3134 6.25 90.4
      vertex -51.8234 6.25 91.75
      vertex -59.3134 6.25 91.6
    endloop
  endfacet
  facet normal 0 -1 0
    outer loop
      vertex -51.8234 6.25 84.25
      vertex -59.3134 6.25 90.4
      vertex -59.3134 6.25 84.25
    endloop
  endfacet
  facet normal 0 -1 0
    outer loop
      vertex -59.3134 6.25 90.4
      vertex -51.8234 6.25 84.25
      vertex -51.8234 6.25 91.75
    endloop
  endfacet
  facet normal 0 1 0
    outer loop
      vertex -51.8234 -6.25 91.75
      vertex -59.3134 -6.25 91.6
      vertex -59.3134 -6.25 91.75
    endloop
  endfacet
  facet normal 0 1 0
    outer loop
      vertex -51.8234 -6.25 91.75
      vertex -59.3134 -6.25 90.4
      vertex -59.3134 -6.25 91.6
    endloop
  endfacet
  facet normal 0 1 -0
    outer loop
      vertex -51.8234 -6.25 84.25
      vertex -59.3134 -6.25 90.4
      vertex -51.8234 -6.25 91.75
    endloop
  endfacet
  facet normal 0 1 0
    outer loop
      vertex -59.3134 -6.25 90.4
      vertex -51.8234 -6.25 84.25
      vertex -59.3134 -6.25 84.25
    endloop
  endfacet
  facet normal 0 -1 0
    outer loop
      vertex -6.25 -51.8234 34.25
      vertex 6.25 -51.8234 41.75
      vertex -6.25 -51.8234 41.75
    endloop
  endfacet
  facet normal 0 -1 -0
    outer loop
      vertex 6.25 -51.8234 41.75
      vertex -6.25 -51.8234 34.25
      vertex 6.25 -51.8234 34.25
    endloop
  endfacet
  facet normal 0 0 -1
    outer loop
      vertex -6.25 -59.3134 41.75
      vertex 6.25 -51.8234 41.75
      vertex 6.25 -59.3134 41.75
    endloop
  endfacet
  facet normal -0 0 -1
    outer loop
      vertex 6.25 -51.8234 41.75
      vertex -6.25 -59.3134 41.75
      vertex -6.25 -51.8234 41.75
    endloop
  endfacet
  facet normal -1 0 0
    outer loop
      vertex 6.25 -59.3134 38.4
      vertex 6.25 -51.8234 34.25
      vertex 6.25 -59.3134 34.25
    endloop
  endfacet
  facet normal -1 0 0
    outer loop
      vertex 6.25 -51.8234 34.25
      vertex 6.25 -59.3134 38.4
      vertex 6.25 -51.8234 41.75
    endloop
  endfacet
  facet normal -1 0 0
    outer loop
      vertex 6.25 -59.3134 39.6
      vertex 6.25 -51.8234 41.75
      vertex 6.25 -59.3134 38.4
    endloop
  endfacet
  facet normal -1 -0 0
    outer loop
      vertex 6.25 -51.8234 41.75
      vertex 6.25 -59.3134 39.6
      vertex 6.25 -59.3134 41.75
    endloop
  endfacet
  facet normal -0 0 1
    outer loop
      vertex -6.25 -51.8234 34.25
      vertex 6.25 -59.3134 34.25
      vertex 6.25 -51.8234 34.25
    endloop
  endfacet
  facet normal 0 0 1
    outer loop
      vertex 6.25 -59.3134 34.25
      vertex -6.25 -51.8234 34.25
      vertex -6.25 -59.3134 34.25
    endloop
  endfacet
  facet normal 1 0 0
    outer loop
      vertex -6.25 -59.3134 39.6
      vertex -6.25 -51.8234 41.75
      vertex -6.25 -59.3134 41.75
    endloop
  endfacet
  facet normal 1 0 0
    outer loop
      vertex -6.25 -59.3134 38.4
      vertex -6.25 -51.8234 41.75
      vertex -6.25 -59.3134 39.6
    endloop
  endfacet
  facet normal 1 0 0
    outer loop
      vertex -6.25 -51.8234 41.75
      vertex -6.25 -59.3134 38.4
      vertex -6.25 -51.8234 34.25
    endloop
  endfacet
  facet normal 1 0 0
    outer loop
      vertex -6.25 -51.8234 34.25
      vertex -6.25 -59.3134 38.4
      vertex -6.25 -59.3134 34.25
    endloop
  endfacet
  facet normal 0 -1 0
    outer loop
      vertex -6.25 -51.8234 84.25
      vertex 6.25 -51.8234 91.75
      vertex -6.25 -51.8234 91.75
    endloop
  endfacet
  facet normal 0 -1 -0
    outer loop
      vertex 6.25 -51.8234 91.75
      vertex -6.25 -51.8234 84.25
      vertex 6.25 -51.8234 84.25
    endloop
  endfacet
  facet normal 0 0 -1
    outer loop
      vertex -6.25 -59.3134 91.75
      vertex 6.25 -51.8234 91.75
      vertex 6.25 -59.3134 91.75
    endloop
  endfacet
  facet normal -0 0 -1
    outer loop
      vertex 6.25 -51.8234 91.75
      vertex -6.25 -59.3134 91.75
      vertex -6.25 -51.8234 91.75
    endloop
  endfacet
  facet normal -0 0 1
    outer loop
      vertex -6.25 -51.8234 84.25
      vertex 6.25 -59.3134 84.25
      vertex 6.25 -51.8234 84.25
    endloop
  endfacet
  facet normal 0 0 1
    outer loop
      vertex 6.25 -59.3134 84.25
      vertex -6.25 -51.8234 84.25
      vertex -6.25 -59.3134 84.25
    endloop
  endfacet
  facet normal 1 0 0
    outer loop
      vertex -6.25 -59.3134 91.6
      vertex -6.25 -51.8234 91.75
      vertex -6.25 -59.3134 91.75
    endloop
  endfacet
  facet normal 1 0 0
    outer loop
      vertex -6.25 -59.3134 90.4
      vertex -6.25 -51.8234 91.75
      vertex -6.25 -59.3134 91.6
    endloop
  endfacet
  facet normal 1 0 0
    outer loop
      vertex -6.25 -51.8234 91.75
      vertex -6.25 -59.3134 90.4
      vertex -6.25 -51.8234 84.25
    endloop
  endfacet
  facet normal 1 0 0
    outer loop
      vertex -6.25 -51.8234 84.25
      vertex -6.25 -59.3134 90.4
      vertex -6.25 -59.3134 84.25
    endloop
  endfacet
  facet normal -1 0 0
    outer loop
      vertex 6.25 -59.3134 90.4
      vertex 6.25 -51.8234 84.25
      vertex 6.25 -59.3134 84.25
    endloop
  endfacet
  facet normal -1 0 0
    outer loop
      vertex 6.25 -51.8234 84.25
      vertex 6.25 -59.3134 90.4
      vertex 6.25 -51.8234 91.75
    endloop
  endfacet
  facet normal -1 0 0
    outer loop
      vertex 6.25 -59.3134 91.6
      vertex 6.25 -51.8234 91.75
      vertex 6.25 -59.3134 90.4
    endloop
  endfacet
  facet normal -1 -0 0
    outer loop
      vertex 6.25 -51.8234 91.75
      vertex 6.25 -59.3134 91.6
      vertex 6.25 -59.3134 91.75
    endloop
  endfacet
  facet normal 0.707123 0.707091 0
    outer loop
      vertex 39.466 30.9807 114
      vertex 37.2491 33.1977 110
      vertex 37.2491 33.1977 114
    endloop
  endfacet
  facet normal 0.707123 0.707091 0
    outer loop
      vertex 37.2491 33.1977 110
      vertex 39.466 30.9807 114
      vertex 39.466 30.9807 110
    endloop
  endfacet
  facet normal 0.707091 0.707123 -0
    outer loop
      vertex 33.1977 37.2491 110
      vertex 30.9807 39.466 114
      vertex 33.1977 37.2491 114
    endloop
  endfacet
  facet normal 0.707091 0.707123 0
    outer loop
      vertex 30.9807 39.466 114
      vertex 33.1977 37.2491 110
      vertex 30.9807 39.466 110
    endloop
  endfacet
  facet normal 0 0 -1
    outer loop
      vertex 36.0624 36.0624 122
      vertex 39.7193 36.8909 122
      vertex 36.8909 34.0624 122
    endloop
  endfacet
  facet normal -0 0 -1
    outer loop
      vertex 39.7193 36.8909 122
      vertex 36.0624 36.0624 122
      vertex 38.8909 38.8909 122
    endloop
  endfacet
  facet normal -0 0 -1
    outer loop
      vertex 38.8909 38.8909 122
      vertex 36.0624 36.0624 122
      vertex 36.8909 39.7193 122
    endloop
  endfacet
  facet normal 0 0 -1
    outer loop
      vertex 36.8909 39.7193 122
      vertex 36.0624 36.0624 122
      vertex 34.0624 36.8909 122
    endloop
  endfacet
  facet normal 0 0 1
    outer loop
      vertex 36.0624 36.0624 102
      vertex 38.8909 38.8909 102
      vertex 36.8909 39.7193 102
    endloop
  endfacet
  facet normal 0 0 1
    outer loop
      vertex 38.8909 38.8909 102
      vertex 36.0624 36.0624 102
      vertex 39.7193 36.8909 102
    endloop
  endfacet
  facet normal 0 0 1
    outer loop
      vertex 39.7193 36.8909 102
      vertex 36.0624 36.0624 102
      vertex 36.8909 34.0624 102
    endloop
  endfacet
  facet normal 0 -0 1
    outer loop
      vertex 36.0624 36.0624 102
      vertex 36.8909 39.7193 102
      vertex 34.0624 36.8909 102
    endloop
  endfacet
  facet normal -0.707119 0.707094 0
    outer loop
      vertex 36.8909 34.0624 114
      vertex 39.7193 36.8909 122
      vertex 39.7193 36.8909 114
    endloop
  endfacet
  facet normal -0.707119 0.707094 0
    outer loop
      vertex 39.7193 36.8909 122
      vertex 36.8909 34.0624 114
      vertex 36.8909 34.0624 122
    endloop
  endfacet
  facet normal -0.707119 0.707094 0
    outer loop
      vertex 36.8909 34.0624 102
      vertex 39.7193 36.8909 110
      vertex 39.7193 36.8909 102
    endloop
  endfacet
  facet normal -0.707119 0.707094 0
    outer loop
      vertex 39.7193 36.8909 110
      vertex 36.8909 34.0624 102
      vertex 36.8909 34.0624 110
    endloop
  endfacet
  facet normal 0.707094 -0.707119 0
    outer loop
      vertex 34.0624 36.8909 110
      vertex 36.8909 39.7193 102
      vertex 36.8909 39.7193 110
    endloop
  endfacet
  facet normal 0.707094 -0.707119 0
    outer loop
      vertex 36.8909 39.7193 102
      vertex 34.0624 36.8909 110
      vertex 34.0624 36.8909 102
    endloop
  endfacet
  facet normal 0.707094 -0.707119 0
    outer loop
      vertex 34.0624 36.8909 122
      vertex 36.8909 39.7193 114
      vertex 36.8909 39.7193 122
    endloop
  endfacet
  facet normal 0.707094 -0.707119 0
    outer loop
      vertex 36.8909 39.7193 114
      vertex 34.0624 36.8909 122
      vertex 34.0624 36.8909 114
    endloop
  endfacet
  facet normal 0 0 -1
    outer loop
      vertex 37.2491 33.1977 114
      vertex 41.3762 32.8909 114
      vertex 39.466 30.9807 114
    endloop
  endfacet
  facet normal 0 0 -1
    outer loop
      vertex 41.3762 32.8909 114
      vertex 37.2491 33.1977 114
      vertex 39.7193 36.8909 114
    endloop
  endfacet
  facet normal 0 0 -1
    outer loop
      vertex 39.7193 36.8909 114
      vertex 37.2491 33.1977 114
      vertex 36.8909 34.0624 114
    endloop
  endfacet
  facet normal 0 0 -1
    outer loop
      vertex 33.1977 37.2491 114
      vertex 36.8909 39.7193 114
      vertex 34.0624 36.8909 114
    endloop
  endfacet
  facet normal 0 0 -1
    outer loop
      vertex 33.1977 37.2491 114
      vertex 32.8909 41.3762 114
      vertex 36.8909 39.7193 114
    endloop
  endfacet
  facet normal 0 -0 -1
    outer loop
      vertex 32.8909 41.3762 114
      vertex 33.1977 37.2491 114
      vertex 30.9807 39.466 114
    endloop
  endfacet
  facet normal 0.707107 -0.707107 0
    outer loop
      vertex 30.9807 39.466 114
      vertex 32.8909 41.3762 110
      vertex 32.8909 41.3762 114
    endloop
  endfacet
  facet normal 0.707107 -0.707107 0
    outer loop
      vertex 32.8909 41.3762 110
      vertex 30.9807 39.466 114
      vertex 30.9807 39.466 110
    endloop
  endfacet
  facet normal -0 0 1
    outer loop
      vertex 37.2491 33.1977 110
      vertex 41.3762 32.8909 110
      vertex 39.7193 36.8909 110
    endloop
  endfacet
  facet normal 0 0 1
    outer loop
      vertex 41.3762 32.8909 110
      vertex 37.2491 33.1977 110
      vertex 39.466 30.9807 110
    endloop
  endfacet
  facet normal 0 -0 1
    outer loop
      vertex 37.2491 33.1977 110
      vertex 39.7193 36.8909 110
      vertex 36.8909 34.0624 110
    endloop
  endfacet
  facet normal 0 0 1
    outer loop
      vertex 36.8909 39.7193 110
      vertex 33.1977 37.2491 110
      vertex 34.0624 36.8909 110
    endloop
  endfacet
  facet normal 0 0 1
    outer loop
      vertex 32.8909 41.3762 110
      vertex 33.1977 37.2491 110
      vertex 36.8909 39.7193 110
    endloop
  endfacet
  facet normal 0 0 1
    outer loop
      vertex 33.1977 37.2491 110
      vertex 32.8909 41.3762 110
      vertex 30.9807 39.466 110
    endloop
  endfacet
  facet normal -0.707107 0.707107 0
    outer loop
      vertex 41.3762 32.8909 110
      vertex 39.466 30.9807 114
      vertex 41.3762 32.8909 114
    endloop
  endfacet
  facet normal -0.707107 0.707107 0
    outer loop
      vertex 39.466 30.9807 114
      vertex 41.3762 32.8909 110
      vertex 39.466 30.9807 110
    endloop
  endfacet
  facet normal -0.707091 0.707123 0
    outer loop
      vertex -30.9807 39.466 110
      vertex -33.1977 37.2491 114
      vertex -30.9807 39.466 114
    endloop
  endfacet
  facet normal -0.707091 0.707123 0
    outer loop
      vertex -33.1977 37.2491 114
      vertex -30.9807 39.466 110
      vertex -33.1977 37.2491 110
    endloop
  endfacet
  facet normal -0.707123 0.707091 0
    outer loop
      vertex -39.466 30.9807 110
      vertex -37.2491 33.1977 114
      vertex -37.2491 33.1977 110
    endloop
  endfacet
  facet normal -0.707123 0.707091 0
    outer loop
      vertex -37.2491 33.1977 114
      vertex -39.466 30.9807 110
      vertex -39.466 30.9807 114
    endloop
  endfacet
  facet normal 0 0 -1
    outer loop
      vertex -36.0624 36.0624 122
      vertex -36.8909 39.7193 122
      vertex -34.0624 36.8909 122
    endloop
  endfacet
  facet normal 0 0 -1
    outer loop
      vertex -39.7193 36.8909 122
      vertex -36.0624 36.0624 122
      vertex -36.8909 34.0624 122
    endloop
  endfacet
  facet normal 0 0 -1
    outer loop
      vertex -36.0624 36.0624 122
      vertex -38.8909 38.8909 122
      vertex -36.8909 39.7193 122
    endloop
  endfacet
  facet normal 0 0 -1
    outer loop
      vertex -36.0624 36.0624 122
      vertex -39.7193 36.8909 122
      vertex -38.8909 38.8909 122
    endloop
  endfacet
  facet normal 0 0 1
    outer loop
      vertex -36.8909 39.7193 102
      vertex -36.0624 36.0624 102
      vertex -34.0624 36.8909 102
    endloop
  endfacet
  facet normal -0 0 1
    outer loop
      vertex -38.8909 38.8909 102
      vertex -36.0624 36.0624 102
      vertex -36.8909 39.7193 102
    endloop
  endfacet
  facet normal -0 0 1
    outer loop
      vertex -39.7193 36.8909 102
      vertex -36.0624 36.0624 102
      vertex -38.8909 38.8909 102
    endloop
  endfacet
  facet normal 0 0 1
    outer loop
      vertex -36.0624 36.0624 102
      vertex -39.7193 36.8909 102
      vertex -36.8909 34.0624 102
    endloop
  endfacet
  facet normal -0.707094 -0.707119 0
    outer loop
      vertex -34.0624 36.8909 114
      vertex -36.8909 39.7193 122
      vertex -36.8909 39.7193 114
    endloop
  endfacet
  facet normal -0.707094 -0.707119 0
    outer loop
      vertex -36.8909 39.7193 122
      vertex -34.0624 36.8909 114
      vertex -34.0624 36.8909 122
    endloop
  endfacet
  facet normal -0.707094 -0.707119 0
    outer loop
      vertex -34.0624 36.8909 102
      vertex -36.8909 39.7193 110
      vertex -36.8909 39.7193 102
    endloop
  endfacet
  facet normal -0.707094 -0.707119 0
    outer loop
      vertex -36.8909 39.7193 110
      vertex -34.0624 36.8909 102
      vertex -34.0624 36.8909 110
    endloop
  endfacet
  facet normal 0.707119 0.707094 0
    outer loop
      vertex -36.8909 34.0624 110
      vertex -39.7193 36.8909 102
      vertex -39.7193 36.8909 110
    endloop
  endfacet
  facet normal 0.707119 0.707094 0
    outer loop
      vertex -39.7193 36.8909 102
      vertex -36.8909 34.0624 110
      vertex -36.8909 34.0624 102
    endloop
  endfacet
  facet normal 0.707119 0.707094 0
    outer loop
      vertex -36.8909 34.0624 122
      vertex -39.7193 36.8909 114
      vertex -39.7193 36.8909 122
    endloop
  endfacet
  facet normal 0.707119 0.707094 0
    outer loop
      vertex -39.7193 36.8909 114
      vertex -36.8909 34.0624 122
      vertex -36.8909 34.0624 114
    endloop
  endfacet
  facet normal 0 0 -1
    outer loop
      vertex -33.1977 37.2491 114
      vertex -32.8909 41.3762 114
      vertex -30.9807 39.466 114
    endloop
  endfacet
  facet normal 0 0 -1
    outer loop
      vertex -36.8909 39.7193 114
      vertex -33.1977 37.2491 114
      vertex -34.0624 36.8909 114
    endloop
  endfacet
  facet normal 0 0 -1
    outer loop
      vertex -33.1977 37.2491 114
      vertex -36.8909 39.7193 114
      vertex -32.8909 41.3762 114
    endloop
  endfacet
  facet normal 0 0 -1
    outer loop
      vertex -41.3762 32.8909 114
      vertex -37.2491 33.1977 114
      vertex -39.466 30.9807 114
    endloop
  endfacet
  facet normal 0 -0 -1
    outer loop
      vertex -39.7193 36.8909 114
      vertex -37.2491 33.1977 114
      vertex -41.3762 32.8909 114
    endloop
  endfacet
  facet normal 0 0 -1
    outer loop
      vertex -37.2491 33.1977 114
      vertex -39.7193 36.8909 114
      vertex -36.8909 34.0624 114
    endloop
  endfacet
  facet normal 0.707107 0.707107 -0
    outer loop
      vertex -39.466 30.9807 110
      vertex -41.3762 32.8909 114
      vertex -39.466 30.9807 114
    endloop
  endfacet
  facet normal 0.707107 0.707107 0
    outer loop
      vertex -41.3762 32.8909 114
      vertex -39.466 30.9807 110
      vertex -41.3762 32.8909 110
    endloop
  endfacet
  facet normal 0 0 1
    outer loop
      vertex -32.8909 41.3762 110
      vertex -33.1977 37.2491 110
      vertex -30.9807 39.466 110
    endloop
  endfacet
  facet normal -0 0 1
    outer loop
      vertex -36.8909 39.7193 110
      vertex -33.1977 37.2491 110
      vertex -32.8909 41.3762 110
    endloop
  endfacet
  facet normal 0 0 1
    outer loop
      vertex -33.1977 37.2491 110
      vertex -36.8909 39.7193 110
      vertex -34.0624 36.8909 110
    endloop
  endfacet
  facet normal 0 0 1
    outer loop
      vertex -39.7193 36.8909 110
      vertex -37.2491 33.1977 110
      vertex -36.8909 34.0624 110
    endloop
  endfacet
  facet normal 0 0 1
    outer loop
      vertex -37.2491 33.1977 110
      vertex -39.7193 36.8909 110
      vertex -41.3762 32.8909 110
    endloop
  endfacet
  facet normal 0 0 1
    outer loop
      vertex -37.2491 33.1977 110
      vertex -41.3762 32.8909 110
      vertex -39.466 30.9807 110
    endloop
  endfacet
  facet normal -0.707107 -0.707107 0
    outer loop
      vertex -30.9807 39.466 110
      vertex -32.8909 41.3762 114
      vertex -32.8909 41.3762 110
    endloop
  endfacet
  facet normal -0.707107 -0.707107 0
    outer loop
      vertex -32.8909 41.3762 114
      vertex -30.9807 39.466 110
      vertex -30.9807 39.466 114
    endloop
  endfacet
  facet normal -0.707123 -0.707091 0
    outer loop
      vertex -37.2491 -33.1977 110
      vertex -39.466 -30.9807 114
      vertex -39.466 -30.9807 110
    endloop
  endfacet
  facet normal -0.707123 -0.707091 0
    outer loop
      vertex -39.466 -30.9807 114
      vertex -37.2491 -33.1977 110
      vertex -37.2491 -33.1977 114
    endloop
  endfacet
  facet normal -0.707091 -0.707123 0
    outer loop
      vertex -33.1977 -37.2491 110
      vertex -30.9807 -39.466 114
      vertex -33.1977 -37.2491 114
    endloop
  endfacet
  facet normal -0.707091 -0.707123 -0
    outer loop
      vertex -30.9807 -39.466 114
      vertex -33.1977 -37.2491 110
      vertex -30.9807 -39.466 110
    endloop
  endfacet
  facet normal 0 0 -1
    outer loop
      vertex -36.8909 -39.7193 122
      vertex -36.0624 -36.0624 122
      vertex -34.0624 -36.8909 122
    endloop
  endfacet
  facet normal 0 0 -1
    outer loop
      vertex -38.8909 -38.8909 122
      vertex -36.0624 -36.0624 122
      vertex -36.8909 -39.7193 122
    endloop
  endfacet
  facet normal 0 0 -1
    outer loop
      vertex -39.7193 -36.8909 122
      vertex -36.0624 -36.0624 122
      vertex -38.8909 -38.8909 122
    endloop
  endfacet
  facet normal -0 0 -1
    outer loop
      vertex -36.0624 -36.0624 122
      vertex -39.7193 -36.8909 122
      vertex -36.8909 -34.0624 122
    endloop
  endfacet
  facet normal 0 0 1
    outer loop
      vertex -36.0624 -36.0624 102
      vertex -36.8909 -39.7193 102
      vertex -34.0624 -36.8909 102
    endloop
  endfacet
  facet normal 0 0 1
    outer loop
      vertex -39.7193 -36.8909 102
      vertex -36.0624 -36.0624 102
      vertex -36.8909 -34.0624 102
    endloop
  endfacet
  facet normal 0 0 1
    outer loop
      vertex -36.0624 -36.0624 102
      vertex -38.8909 -38.8909 102
      vertex -36.8909 -39.7193 102
    endloop
  endfacet
  facet normal 0 0 1
    outer loop
      vertex -36.0624 -36.0624 102
      vertex -39.7193 -36.8909 102
      vertex -38.8909 -38.8909 102
    endloop
  endfacet
  facet normal 0.707119 -0.707094 0
    outer loop
      vertex -39.7193 -36.8909 122
      vertex -36.8909 -34.0624 114
      vertex -36.8909 -34.0624 122
    endloop
  endfacet
  facet normal 0.707119 -0.707094 0
    outer loop
      vertex -36.8909 -34.0624 114
      vertex -39.7193 -36.8909 122
      vertex -39.7193 -36.8909 114
    endloop
  endfacet
  facet normal 0.707119 -0.707094 0
    outer loop
      vertex -39.7193 -36.8909 110
      vertex -36.8909 -34.0624 102
      vertex -36.8909 -34.0624 110
    endloop
  endfacet
  facet normal 0.707119 -0.707094 0
    outer loop
      vertex -36.8909 -34.0624 102
      vertex -39.7193 -36.8909 110
      vertex -39.7193 -36.8909 102
    endloop
  endfacet
  facet normal -0.707094 0.707119 0
    outer loop
      vertex -36.8909 -39.7193 102
      vertex -34.0624 -36.8909 110
      vertex -34.0624 -36.8909 102
    endloop
  endfacet
  facet normal -0.707094 0.707119 0
    outer loop
      vertex -34.0624 -36.8909 110
      vertex -36.8909 -39.7193 102
      vertex -36.8909 -39.7193 110
    endloop
  endfacet
  facet normal -0.707094 0.707119 0
    outer loop
      vertex -36.8909 -39.7193 114
      vertex -34.0624 -36.8909 122
      vertex -34.0624 -36.8909 114
    endloop
  endfacet
  facet normal -0.707094 0.707119 0
    outer loop
      vertex -34.0624 -36.8909 122
      vertex -36.8909 -39.7193 114
      vertex -36.8909 -39.7193 122
    endloop
  endfacet
  facet normal 0 0 -1
    outer loop
      vertex -39.7193 -36.8909 114
      vertex -37.2491 -33.1977 114
      vertex -36.8909 -34.0624 114
    endloop
  endfacet
  facet normal -0 0 -1
    outer loop
      vertex -37.2491 -33.1977 114
      vertex -39.7193 -36.8909 114
      vertex -41.3762 -32.8909 114
    endloop
  endfacet
  facet normal 0 0 -1
    outer loop
      vertex -37.2491 -33.1977 114
      vertex -41.3762 -32.8909 114
      vertex -39.466 -30.9807 114
    endloop
  endfacet
  facet normal 0 0 -1
    outer loop
      vertex -32.8909 -41.3762 114
      vertex -33.1977 -37.2491 114
      vertex -30.9807 -39.466 114
    endloop
  endfacet
  facet normal 0 0 -1
    outer loop
      vertex -36.8909 -39.7193 114
      vertex -33.1977 -37.2491 114
      vertex -32.8909 -41.3762 114
    endloop
  endfacet
  facet normal -0 0 -1
    outer loop
      vertex -33.1977 -37.2491 114
      vertex -36.8909 -39.7193 114
      vertex -34.0624 -36.8909 114
    endloop
  endfacet
  facet normal -0.707107 0.707107 0
    outer loop
      vertex -32.8909 -41.3762 110
      vertex -30.9807 -39.466 114
      vertex -30.9807 -39.466 110
    endloop
  endfacet
  facet normal -0.707107 0.707107 0
    outer loop
      vertex -30.9807 -39.466 114
      vertex -32.8909 -41.3762 110
      vertex -32.8909 -41.3762 114
    endloop
  endfacet
  facet normal -0 0 1
    outer loop
      vertex -41.3762 -32.8909 110
      vertex -37.2491 -33.1977 110
      vertex -39.466 -30.9807 110
    endloop
  endfacet
  facet normal 0 -0 1
    outer loop
      vertex -39.7193 -36.8909 110
      vertex -37.2491 -33.1977 110
      vertex -41.3762 -32.8909 110
    endloop
  endfacet
  facet normal 0 0 1
    outer loop
      vertex -37.2491 -33.1977 110
      vertex -39.7193 -36.8909 110
      vertex -36.8909 -34.0624 110
    endloop
  endfacet
  facet normal 0 0 1
    outer loop
      vertex -33.1977 -37.2491 110
      vertex -32.8909 -41.3762 110
      vertex -30.9807 -39.466 110
    endloop
  endfacet
  facet normal 0 0 1
    outer loop
      vertex -36.8909 -39.7193 110
      vertex -33.1977 -37.2491 110
      vertex -34.0624 -36.8909 110
    endloop
  endfacet
  facet normal 0 0 1
    outer loop
      vertex -33.1977 -37.2491 110
      vertex -36.8909 -39.7193 110
      vertex -32.8909 -41.3762 110
    endloop
  endfacet
  facet normal 0.707107 -0.707107 0
    outer loop
      vertex -41.3762 -32.8909 110
      vertex -39.466 -30.9807 114
      vertex -41.3762 -32.8909 114
    endloop
  endfacet
  facet normal 0.707107 -0.707107 0
    outer loop
      vertex -39.466 -30.9807 114
      vertex -41.3762 -32.8909 110
      vertex -39.466 -30.9807 110
    endloop
  endfacet
  facet normal 0.707091 -0.707123 0
    outer loop
      vertex 30.9807 -39.466 110
      vertex 33.1977 -37.2491 114
      vertex 30.9807 -39.466 114
    endloop
  endfacet
  facet normal 0.707091 -0.707123 0
    outer loop
      vertex 33.1977 -37.2491 114
      vertex 30.9807 -39.466 110
      vertex 33.1977 -37.2491 110
    endloop
  endfacet
  facet normal 0.707123 -0.707091 0
    outer loop
      vertex 37.2491 -33.1977 114
      vertex 39.466 -30.9807 110
      vertex 39.466 -30.9807 114
    endloop
  endfacet
  facet normal 0.707123 -0.707091 0
    outer loop
      vertex 39.466 -30.9807 110
      vertex 37.2491 -33.1977 114
      vertex 37.2491 -33.1977 110
    endloop
  endfacet
  facet normal 0 0 -1
    outer loop
      vertex 36.0624 -36.0624 122
      vertex 38.8909 -38.8909 122
      vertex 36.8909 -39.7193 122
    endloop
  endfacet
  facet normal 0 0 -1
    outer loop
      vertex 38.8909 -38.8909 122
      vertex 36.0624 -36.0624 122
      vertex 39.7193 -36.8909 122
    endloop
  endfacet
  facet normal 0 0 -1
    outer loop
      vertex 39.7193 -36.8909 122
      vertex 36.0624 -36.0624 122
      vertex 36.8909 -34.0624 122
    endloop
  endfacet
  facet normal 0 -0 -1
    outer loop
      vertex 36.0624 -36.0624 122
      vertex 36.8909 -39.7193 122
      vertex 34.0624 -36.8909 122
    endloop
  endfacet
  facet normal -0 0 1
    outer loop
      vertex 36.0624 -36.0624 102
      vertex 39.7193 -36.8909 102
      vertex 36.8909 -34.0624 102
    endloop
  endfacet
  facet normal 0 0 1
    outer loop
      vertex 39.7193 -36.8909 102
      vertex 36.0624 -36.0624 102
      vertex 38.8909 -38.8909 102
    endloop
  endfacet
  facet normal 0 0 1
    outer loop
      vertex 38.8909 -38.8909 102
      vertex 36.0624 -36.0624 102
      vertex 36.8909 -39.7193 102
    endloop
  endfacet
  facet normal 0 0 1
    outer loop
      vertex 36.8909 -39.7193 102
      vertex 36.0624 -36.0624 102
      vertex 34.0624 -36.8909 102
    endloop
  endfacet
  facet normal 0.707094 0.707119 0
    outer loop
      vertex 36.8909 -39.7193 122
      vertex 34.0624 -36.8909 114
      vertex 34.0624 -36.8909 122
    endloop
  endfacet
  facet normal 0.707094 0.707119 0
    outer loop
      vertex 34.0624 -36.8909 114
      vertex 36.8909 -39.7193 122
      vertex 36.8909 -39.7193 114
    endloop
  endfacet
  facet normal 0.707094 0.707119 0
    outer loop
      vertex 36.8909 -39.7193 110
      vertex 34.0624 -36.8909 102
      vertex 34.0624 -36.8909 110
    endloop
  endfacet
  facet normal 0.707094 0.707119 0
    outer loop
      vertex 34.0624 -36.8909 102
      vertex 36.8909 -39.7193 110
      vertex 36.8909 -39.7193 102
    endloop
  endfacet
  facet normal -0.707119 -0.707094 0
    outer loop
      vertex 39.7193 -36.8909 102
      vertex 36.8909 -34.0624 110
      vertex 36.8909 -34.0624 102
    endloop
  endfacet
  facet normal -0.707119 -0.707094 0
    outer loop
      vertex 36.8909 -34.0624 110
      vertex 39.7193 -36.8909 102
      vertex 39.7193 -36.8909 110
    endloop
  endfacet
  facet normal -0.707119 -0.707094 0
    outer loop
      vertex 39.7193 -36.8909 114
      vertex 36.8909 -34.0624 122
      vertex 36.8909 -34.0624 114
    endloop
  endfacet
  facet normal -0.707119 -0.707094 0
    outer loop
      vertex 36.8909 -34.0624 122
      vertex 39.7193 -36.8909 114
      vertex 39.7193 -36.8909 122
    endloop
  endfacet
  facet normal 0 0 -1
    outer loop
      vertex 36.8909 -39.7193 114
      vertex 33.1977 -37.2491 114
      vertex 34.0624 -36.8909 114
    endloop
  endfacet
  facet normal 0 0 -1
    outer loop
      vertex 32.8909 -41.3762 114
      vertex 33.1977 -37.2491 114
      vertex 36.8909 -39.7193 114
    endloop
  endfacet
  facet normal 0 0 -1
    outer loop
      vertex 33.1977 -37.2491 114
      vertex 32.8909 -41.3762 114
      vertex 30.9807 -39.466 114
    endloop
  endfacet
  facet normal 0 0 -1
    outer loop
      vertex 37.2491 -33.1977 114
      vertex 41.3762 -32.8909 114
      vertex 39.7193 -36.8909 114
    endloop
  endfacet
  facet normal -0 0 -1
    outer loop
      vertex 41.3762 -32.8909 114
      vertex 37.2491 -33.1977 114
      vertex 39.466 -30.9807 114
    endloop
  endfacet
  facet normal 0 -0 -1
    outer loop
      vertex 37.2491 -33.1977 114
      vertex 39.7193 -36.8909 114
      vertex 36.8909 -34.0624 114
    endloop
  endfacet
  facet normal -0.707107 -0.707107 0
    outer loop
      vertex 39.466 -30.9807 110
      vertex 41.3762 -32.8909 114
      vertex 39.466 -30.9807 114
    endloop
  endfacet
  facet normal -0.707107 -0.707107 -0
    outer loop
      vertex 41.3762 -32.8909 114
      vertex 39.466 -30.9807 110
      vertex 41.3762 -32.8909 110
    endloop
  endfacet
  facet normal -0 0 1
    outer loop
      vertex 33.1977 -37.2491 110
      vertex 36.8909 -39.7193 110
      vertex 34.0624 -36.8909 110
    endloop
  endfacet
  facet normal 0 0 1
    outer loop
      vertex 33.1977 -37.2491 110
      vertex 32.8909 -41.3762 110
      vertex 36.8909 -39.7193 110
    endloop
  endfacet
  facet normal 0 -0 1
    outer loop
      vertex 32.8909 -41.3762 110
      vertex 33.1977 -37.2491 110
      vertex 30.9807 -39.466 110
    endloop
  endfacet
  facet normal 0 0 1
    outer loop
      vertex 37.2491 -33.1977 110
      vertex 41.3762 -32.8909 110
      vertex 39.466 -30.9807 110
    endloop
  endfacet
  facet normal 0 0 1
    outer loop
      vertex 41.3762 -32.8909 110
      vertex 37.2491 -33.1977 110
      vertex 39.7193 -36.8909 110
    endloop
  endfacet
  facet normal 0 0 1
    outer loop
      vertex 39.7193 -36.8909 110
      vertex 37.2491 -33.1977 110
      vertex 36.8909 -34.0624 110
    endloop
  endfacet
  facet normal 0.707107 0.707107 0
    outer loop
      vertex 32.8909 -41.3762 114
      vertex 30.9807 -39.466 110
      vertex 30.9807 -39.466 114
    endloop
  endfacet
  facet normal 0.707107 0.707107 0
    outer loop
      vertex 30.9807 -39.466 110
      vertex 32.8909 -41.3762 114
      vertex 32.8909 -41.3762 110
    endloop
  endfacet
endsolid OpenSCAD_Model
